--
-- PostgreSQL database dump
--

-- Dumped from database version 17.4 (Debian 17.4-1.pgdg110+2)
-- Dumped by pg_dump version 17.4 (Debian 17.4-1.pgdg110+2)

SET statement_timeout = 0;
SET lock_timeout = 0;
SET idle_in_transaction_session_timeout = 0;
SET transaction_timeout = 0;
SET client_encoding = 'UTF8';
SET standard_conforming_strings = on;
SELECT pg_catalog.set_config('search_path', '', false);
SET check_function_bodies = false;
SET xmloption = content;
SET client_min_messages = warning;
SET row_security = off;

--
-- Name: accelerator; Type: SCHEMA; Schema: -; Owner: -
--

CREATE SCHEMA accelerator;


--
-- Name: docprod; Type: SCHEMA; Schema: -; Owner: -
--

CREATE SCHEMA docprod;


--
-- Name: funder; Type: SCHEMA; Schema: -; Owner: -
--

CREATE SCHEMA funder;


--
-- Name: nursery; Type: SCHEMA; Schema: -; Owner: -
--

CREATE SCHEMA nursery;


--
-- Name: seedbank; Type: SCHEMA; Schema: -; Owner: -
--

CREATE SCHEMA seedbank;


--
-- Name: tiger; Type: SCHEMA; Schema: -; Owner: -
--

CREATE SCHEMA tiger;


--
-- Name: tiger_data; Type: SCHEMA; Schema: -; Owner: -
--

CREATE SCHEMA tiger_data;


--
-- Name: topology; Type: SCHEMA; Schema: -; Owner: -
--

CREATE SCHEMA topology;


--
-- Name: SCHEMA topology; Type: COMMENT; Schema: -; Owner: -
--

COMMENT ON SCHEMA topology IS 'PostGIS Topology schema';


--
-- Name: tracking; Type: SCHEMA; Schema: -; Owner: -
--

CREATE SCHEMA tracking;


--
-- Name: natural_numeric; Type: COLLATION; Schema: public; Owner: -
--

CREATE COLLATION public.natural_numeric (provider = icu, locale = 'en-u-kn');


--
-- Name: COLLATION natural_numeric; Type: COMMENT; Schema: public; Owner: -
--

COMMENT ON COLLATION public.natural_numeric IS 'Collation that sorts strings that contain numbers in numeric order, e.g., `a2` comes before `a10`.';


--
-- Name: btree_gist; Type: EXTENSION; Schema: -; Owner: -
--

CREATE EXTENSION IF NOT EXISTS btree_gist WITH SCHEMA public;


--
-- Name: EXTENSION btree_gist; Type: COMMENT; Schema: -; Owner: -
--

COMMENT ON EXTENSION btree_gist IS 'support for indexing common datatypes in GiST';


--
-- Name: fuzzystrmatch; Type: EXTENSION; Schema: -; Owner: -
--

CREATE EXTENSION IF NOT EXISTS fuzzystrmatch WITH SCHEMA public;


--
-- Name: EXTENSION fuzzystrmatch; Type: COMMENT; Schema: -; Owner: -
--

COMMENT ON EXTENSION fuzzystrmatch IS 'determine similarities and distance between strings';


--
-- Name: hstore; Type: EXTENSION; Schema: -; Owner: -
--

CREATE EXTENSION IF NOT EXISTS hstore WITH SCHEMA public;


--
-- Name: EXTENSION hstore; Type: COMMENT; Schema: -; Owner: -
--

COMMENT ON EXTENSION hstore IS 'data type for storing sets of (key, value) pairs';


--
-- Name: pg_trgm; Type: EXTENSION; Schema: -; Owner: -
--

CREATE EXTENSION IF NOT EXISTS pg_trgm WITH SCHEMA public;


--
-- Name: EXTENSION pg_trgm; Type: COMMENT; Schema: -; Owner: -
--

COMMENT ON EXTENSION pg_trgm IS 'text similarity measurement and index searching based on trigrams';


--
-- Name: postgis; Type: EXTENSION; Schema: -; Owner: -
--

CREATE EXTENSION IF NOT EXISTS postgis WITH SCHEMA public;


--
-- Name: EXTENSION postgis; Type: COMMENT; Schema: -; Owner: -
--

COMMENT ON EXTENSION postgis IS 'PostGIS geometry and geography spatial types and functions';


--
-- Name: postgis_tiger_geocoder; Type: EXTENSION; Schema: -; Owner: -
--

CREATE EXTENSION IF NOT EXISTS postgis_tiger_geocoder WITH SCHEMA tiger;


--
-- Name: EXTENSION postgis_tiger_geocoder; Type: COMMENT; Schema: -; Owner: -
--

COMMENT ON EXTENSION postgis_tiger_geocoder IS 'PostGIS tiger geocoder and reverse geocoder';


--
-- Name: postgis_topology; Type: EXTENSION; Schema: -; Owner: -
--

CREATE EXTENSION IF NOT EXISTS postgis_topology WITH SCHEMA topology;


--
-- Name: EXTENSION postgis_topology; Type: COMMENT; Schema: -; Owner: -
--

COMMENT ON EXTENSION postgis_topology IS 'PostGIS topology spatial types and functions';


--
-- Name: unaccent; Type: EXTENSION; Schema: -; Owner: -
--

CREATE EXTENSION IF NOT EXISTS unaccent WITH SCHEMA public;


--
-- Name: EXTENSION unaccent; Type: COMMENT; Schema: -; Owner: -
--

COMMENT ON EXTENSION unaccent IS 'text search dictionary that removes accents';


--
-- Name: uuid-ossp; Type: EXTENSION; Schema: -; Owner: -
--

CREATE EXTENSION IF NOT EXISTS "uuid-ossp" WITH SCHEMA public;


--
-- Name: EXTENSION "uuid-ossp"; Type: COMMENT; Schema: -; Owner: -
--

COMMENT ON EXTENSION "uuid-ossp" IS 'generate universally unique identifiers (UUIDs)';


--
-- Name: vector; Type: EXTENSION; Schema: -; Owner: -
--

CREATE EXTENSION IF NOT EXISTS vector WITH SCHEMA public;


--
-- Name: EXTENSION vector; Type: COMMENT; Schema: -; Owner: -
--

COMMENT ON EXTENSION vector IS 'vector data type and ivfflat and hnsw access methods';


--
-- Name: reject_delete(); Type: FUNCTION; Schema: docprod; Owner: -
--

CREATE FUNCTION docprod.reject_delete() RETURNS trigger
    LANGUAGE plpgsql
    AS $$

BEGIN

    RAISE 'This table does not allow deletes.';

END;

$$;


--
-- Name: reject_delete_value(); Type: FUNCTION; Schema: docprod; Owner: -
--

CREATE FUNCTION docprod.reject_delete_value() RETURNS trigger
    LANGUAGE plpgsql
    AS $$

BEGIN

    IF EXISTS (SELECT 1 FROM documents WHERE id = OLD.document_id) THEN

        RAISE 'This table does not allow deletes.';

    ELSE

        -- The entire document is being deleted.

        RETURN OLD;

    END IF;

END;

$$;


--
-- Name: FUNCTION reject_delete_value(); Type: COMMENT; Schema: docprod; Owner: -
--

COMMENT ON FUNCTION docprod.reject_delete_value() IS 'Trigger function that rejects deletion of `variable_values` rows unless the entire document is being deleted.';


--
-- Name: reject_delete_value_child(); Type: FUNCTION; Schema: docprod; Owner: -
--

CREATE FUNCTION docprod.reject_delete_value_child() RETURNS trigger
    LANGUAGE plpgsql
    AS $$

BEGIN

    IF EXISTS (SELECT 1 FROM variable_values WHERE id = OLD.variable_value_id) THEN

        RAISE 'This table does not allow deletes.';

    ELSE

        RETURN OLD;

    END IF;

END;

$$;


--
-- Name: reject_update(); Type: FUNCTION; Schema: docprod; Owner: -
--

CREATE FUNCTION docprod.reject_update() RETURNS trigger
    LANGUAGE plpgsql
    AS $$

BEGIN

    RAISE 'This table does not allow updates.';

END;

$$;


--
-- Name: reject_update_value(); Type: FUNCTION; Schema: docprod; Owner: -
--

CREATE FUNCTION docprod.reject_update_value() RETURNS trigger
    LANGUAGE plpgsql
    AS $$

BEGIN

    IF (OLD.created_by != -1 AND NEW.created_by = -1

        AND NOT EXISTS (SELECT 1 FROM users WHERE id = OLD.created_by))

        OR (OLD.verified_by != -1 AND NEW.verified_by = -1

            AND NOT EXISTS (SELECT 1 FROM users WHERE id = OLD.verified_by))

    THEN

        RAISE 'This table does not allow updates.';

    ELSE

        -- This is an update triggered by a user being deleted.

        RETURN NEW;

    END IF;

END;

$$;


--
-- Name: column_exists(text, text); Type: FUNCTION; Schema: public; Owner: -
--

CREATE FUNCTION public.column_exists(ptable text, pcolumn text) RETURNS boolean
    LANGUAGE sql STABLE STRICT
    AS $$



    -- does the requested table.column exist in schema?



SELECT EXISTS



           (SELECT NULL



            FROM information_schema.columns



            WHERE table_name = ptable



              AND column_name = pcolumn



           );



$$;


--
-- Name: event_log_create_id_index(text); Type: PROCEDURE; Schema: public; Owner: -
--

CREATE PROCEDURE public.event_log_create_id_index(IN field_name text)
    LANGUAGE plpgsql
    AS $$
    DECLARE
        -- Field name surrounded by single quotes, e.g., 'fooId'
        quoted_field_name TEXT := '''' || field_name || '''';
    BEGIN
        EXECUTE 'CREATE INDEX event_log_' || LOWER(field_name) || '_idx' ||
                ' ON event_log (CAST(payload->>' || quoted_field_name || ' AS BIGINT), event_class)' ||
                ' WHERE payload->>' || quoted_field_name || ' IS NOT NULL;';
    END;
$$;


--
-- Name: PROCEDURE event_log_create_id_index(IN field_name text); Type: COMMENT; Schema: public; Owner: -
--

COMMENT ON PROCEDURE public.event_log_create_id_index(IN field_name text) IS 'Creates an index on the event_log table for a top-level field in the event payload. The field is treated as a BIGINT. Only rows that have a non-null value for the field are indexed. The event class is included as a secondary key to support "all events of type X for entity Y" queries.';


--
-- Name: rename_column_if_exists(text, text, text); Type: FUNCTION; Schema: public; Owner: -
--

CREATE FUNCTION public.rename_column_if_exists(ptable text, pcolumn text, new_name text) RETURNS void
    LANGUAGE plpgsql
    AS $$



BEGIN



    -- Rename the column if it exists.



    IF column_exists(ptable, pcolumn) THEN



        EXECUTE FORMAT('ALTER TABLE %I RENAME COLUMN %I TO %I;',



                       ptable, pcolumn, new_name);



    END IF;



END



$$;


SET default_tablespace = '';

SET default_table_access_method = heap;

--
-- Name: applications; Type: TABLE; Schema: accelerator; Owner: -
--

CREATE TABLE accelerator.applications (
    id bigint NOT NULL,
    project_id bigint NOT NULL,
    internal_name text NOT NULL,
    created_by bigint NOT NULL,
    created_time timestamp with time zone NOT NULL,
    modified_by bigint NOT NULL,
    modified_time timestamp with time zone NOT NULL,
    application_status_id integer NOT NULL,
    boundary public.geometry,
    internal_comment text,
    feedback text,
    country_code text
);


--
-- Name: TABLE applications; Type: COMMENT; Schema: accelerator; Owner: -
--

COMMENT ON TABLE accelerator.applications IS 'Information about projects that are applying for the accelerator program.';


--
-- Name: project_accelerator_details; Type: TABLE; Schema: accelerator; Owner: -
--

CREATE TABLE accelerator.project_accelerator_details (
    project_id bigint NOT NULL,
    pipeline_id integer,
    deal_stage_id integer,
    application_reforestable_land numeric,
    confirmed_reforestable_land numeric,
    total_expansion_potential numeric,
    num_native_species integer,
    min_carbon_accumulation numeric,
    max_carbon_accumulation numeric,
    per_hectare_budget numeric,
    num_communities integer,
    investment_thesis text,
    failure_risk text,
    what_needs_to_be_true text,
    deal_description text,
    file_naming text,
    dropbox_folder_path text,
    google_folder_url text,
    carbon_capacity numeric,
    annual_carbon numeric,
    total_carbon numeric,
    hubspot_url text,
    deal_name text,
    logframe_url text,
    planting_sites_cql text,
    project_boundaries_cql text
);


--
-- Name: TABLE project_accelerator_details; Type: COMMENT; Schema: accelerator; Owner: -
--

COMMENT ON TABLE accelerator.project_accelerator_details IS 'Details about projects that are only relevant for accelerator applicants. The values here are for internal use, not exposed to end users.';


--
-- Name: COLUMN project_accelerator_details.file_naming; Type: COMMENT; Schema: accelerator; Owner: -
--

COMMENT ON COLUMN accelerator.project_accelerator_details.file_naming IS 'Identifier that is included in generated filenames. This is often, but not necessarily, the same as the project name.';


--
-- Name: COLUMN project_accelerator_details.logframe_url; Type: COMMENT; Schema: accelerator; Owner: -
--

COMMENT ON COLUMN accelerator.project_accelerator_details.logframe_url IS 'Link to the project logical framework, monitoring and evaluation plan, and operational work plan.';


--
-- Name: organization_internal_tags; Type: TABLE; Schema: public; Owner: -
--

CREATE TABLE public.organization_internal_tags (
    organization_id bigint NOT NULL,
    internal_tag_id bigint NOT NULL,
    created_by bigint NOT NULL,
    created_time timestamp with time zone NOT NULL
);


--
-- Name: TABLE organization_internal_tags; Type: COMMENT; Schema: public; Owner: -
--

COMMENT ON TABLE public.organization_internal_tags IS 'Which internal (non-user-facing) tags apply to which organizations.';


--
-- Name: projects; Type: TABLE; Schema: public; Owner: -
--

CREATE TABLE public.projects (
    id bigint NOT NULL,
    created_by bigint DEFAULT '-1'::integer NOT NULL,
    created_time timestamp with time zone NOT NULL,
    modified_by bigint DEFAULT '-1'::integer NOT NULL,
    modified_time timestamp with time zone NOT NULL,
    organization_id bigint NOT NULL,
    name text NOT NULL,
    description text,
    country_code text,
    cohort_id bigint,
    phase_id integer
);


--
-- Name: TABLE projects; Type: COMMENT; Schema: public; Owner: -
--

COMMENT ON TABLE public.projects IS 'Distinguishes among an organization''s projects.';


--
-- Name: accelerator_projects; Type: VIEW; Schema: accelerator; Owner: -
--

CREATE VIEW accelerator.accelerator_projects AS
 SELECT project_id,
    application_id,
    has_org_accelerator_tag
   FROM ( SELECT p.id AS project_id,
            a.id AS application_id,
            p.phase_id,
            (EXISTS ( SELECT 1
                   FROM public.organization_internal_tags oit
                  WHERE ((oit.organization_id = p.organization_id) AND (oit.internal_tag_id = 4)))) AS has_org_accelerator_tag
           FROM ((public.projects p
             LEFT JOIN accelerator.applications a ON ((p.id = a.project_id)))
             LEFT JOIN accelerator.project_accelerator_details pad ON ((p.id = pad.project_id)))) accelerator_projects
  WHERE ((application_id IS NOT NULL) OR (phase_id IS NOT NULL) OR (has_org_accelerator_tag IS TRUE));


--
-- Name: VIEW accelerator_projects; Type: COMMENT; Schema: accelerator; Owner: -
--

COMMENT ON VIEW accelerator.accelerator_projects IS 'All projects that are in the accelerator, by any of the definitions. The 3 definitions at the time of creation were: having an application, having a cohort, or the project''s org having an internal tag of "Accelerator".';


--
-- Name: activities; Type: TABLE; Schema: accelerator; Owner: -
--

CREATE TABLE accelerator.activities (
    id bigint NOT NULL,
    project_id bigint NOT NULL,
    activity_type_id integer NOT NULL,
    activity_date date NOT NULL,
    description text NOT NULL,
    is_highlight boolean NOT NULL,
    created_by bigint NOT NULL,
    created_time timestamp with time zone NOT NULL,
    modified_by bigint NOT NULL,
    modified_time timestamp with time zone NOT NULL,
    verified_by bigint,
    verified_time timestamp with time zone,
    activity_status_id integer NOT NULL,
    CONSTRAINT activity_status_verified CHECK (((activity_status_id <> 2) OR (verified_by IS NOT NULL))),
    CONSTRAINT verified_by_requires_time CHECK (((verified_by IS NULL) = (verified_time IS NULL)))
);


--
-- Name: TABLE activities; Type: COMMENT; Schema: accelerator; Owner: -
--

COMMENT ON TABLE accelerator.activities IS 'User-supplied descriptions of project activities.';


--
-- Name: activities_id_seq; Type: SEQUENCE; Schema: accelerator; Owner: -
--

ALTER TABLE accelerator.activities ALTER COLUMN id ADD GENERATED BY DEFAULT AS IDENTITY (
    SEQUENCE NAME accelerator.activities_id_seq
    START WITH 1
    INCREMENT BY 1
    NO MINVALUE
    NO MAXVALUE
    CACHE 1
);


--
-- Name: activity_media_files; Type: TABLE; Schema: accelerator; Owner: -
--

CREATE TABLE accelerator.activity_media_files (
    file_id bigint NOT NULL,
    activity_id bigint NOT NULL,
    activity_media_type_id integer NOT NULL,
    is_cover_photo boolean NOT NULL,
    caption text,
    is_hidden_on_map boolean DEFAULT false NOT NULL,
    list_position integer NOT NULL,
    CONSTRAINT cover_photo_only CHECK (((is_cover_photo = false) OR (activity_media_type_id = 1)))
);


--
-- Name: TABLE activity_media_files; Type: COMMENT; Schema: accelerator; Owner: -
--

COMMENT ON TABLE accelerator.activity_media_files IS 'Information about activity-related media such as photos and videos.';


--
-- Name: activity_media_types; Type: TABLE; Schema: accelerator; Owner: -
--

CREATE TABLE accelerator.activity_media_types (
    id integer NOT NULL,
    name text NOT NULL
);


--
-- Name: TABLE activity_media_types; Type: COMMENT; Schema: accelerator; Owner: -
--

COMMENT ON TABLE accelerator.activity_media_types IS '(Enum) Types of media that can be associated with entries in the activity log.';


--
-- Name: activity_statuses; Type: TABLE; Schema: accelerator; Owner: -
--

CREATE TABLE accelerator.activity_statuses (
    id integer NOT NULL,
    name text NOT NULL
);


--
-- Name: TABLE activity_statuses; Type: COMMENT; Schema: accelerator; Owner: -
--

COMMENT ON TABLE accelerator.activity_statuses IS '(Enum) Statuses of entries in the activity log.';


--
-- Name: activity_types; Type: TABLE; Schema: accelerator; Owner: -
--

CREATE TABLE accelerator.activity_types (
    id integer NOT NULL,
    name text NOT NULL
);


--
-- Name: TABLE activity_types; Type: COMMENT; Schema: accelerator; Owner: -
--

COMMENT ON TABLE accelerator.activity_types IS '(Enum) Types of entries in the activity log.';


--
-- Name: application_histories; Type: TABLE; Schema: accelerator; Owner: -
--

CREATE TABLE accelerator.application_histories (
    id bigint NOT NULL,
    application_id bigint NOT NULL,
    modified_by bigint NOT NULL,
    modified_time timestamp with time zone NOT NULL,
    application_status_id integer NOT NULL,
    boundary public.geometry,
    internal_comment text,
    feedback text
);


--
-- Name: TABLE application_histories; Type: COMMENT; Schema: accelerator; Owner: -
--

COMMENT ON TABLE accelerator.application_histories IS 'Change histories for accelerator applications. Only includes changes to top-level metadata, not things like changes to variable values.';


--
-- Name: application_histories_id_seq; Type: SEQUENCE; Schema: accelerator; Owner: -
--

ALTER TABLE accelerator.application_histories ALTER COLUMN id ADD GENERATED BY DEFAULT AS IDENTITY (
    SEQUENCE NAME accelerator.application_histories_id_seq
    START WITH 1
    INCREMENT BY 1
    NO MINVALUE
    NO MAXVALUE
    CACHE 1
);


--
-- Name: application_module_statuses; Type: TABLE; Schema: accelerator; Owner: -
--

CREATE TABLE accelerator.application_module_statuses (
    id integer NOT NULL,
    name text NOT NULL
);


--
-- Name: TABLE application_module_statuses; Type: COMMENT; Schema: accelerator; Owner: -
--

COMMENT ON TABLE accelerator.application_module_statuses IS '(Enum) Possible statuses of individual modules in an application.';


--
-- Name: application_modules; Type: TABLE; Schema: accelerator; Owner: -
--

CREATE TABLE accelerator.application_modules (
    application_id bigint NOT NULL,
    module_id bigint NOT NULL,
    application_module_status_id integer NOT NULL
);


--
-- Name: TABLE application_modules; Type: COMMENT; Schema: accelerator; Owner: -
--

COMMENT ON TABLE accelerator.application_modules IS 'Current states of the modules for individual applications.';


--
-- Name: application_statuses; Type: TABLE; Schema: accelerator; Owner: -
--

CREATE TABLE accelerator.application_statuses (
    id integer NOT NULL,
    name text NOT NULL
);


--
-- Name: TABLE application_statuses; Type: COMMENT; Schema: accelerator; Owner: -
--

COMMENT ON TABLE accelerator.application_statuses IS '(Enum) Possible statuses for an application to the accelerator program.';


--
-- Name: applications_id_seq; Type: SEQUENCE; Schema: accelerator; Owner: -
--

ALTER TABLE accelerator.applications ALTER COLUMN id ADD GENERATED BY DEFAULT AS IDENTITY (
    SEQUENCE NAME accelerator.applications_id_seq
    START WITH 1
    INCREMENT BY 1
    NO MINVALUE
    NO MAXVALUE
    CACHE 1
);


--
-- Name: cohort_modules; Type: TABLE; Schema: accelerator; Owner: -
--

CREATE TABLE accelerator.cohort_modules (
    cohort_id bigint NOT NULL,
    module_id bigint NOT NULL,
    start_date date NOT NULL,
    end_date date NOT NULL,
    title text NOT NULL,
    CONSTRAINT dates_start_before_end CHECK ((start_date < end_date))
);


--
-- Name: TABLE cohort_modules; Type: COMMENT; Schema: accelerator; Owner: -
--

COMMENT ON TABLE accelerator.cohort_modules IS 'Which modules are assigned to which cohorts.';


--
-- Name: COLUMN cohort_modules.title; Type: COMMENT; Schema: accelerator; Owner: -
--

COMMENT ON COLUMN accelerator.cohort_modules.title IS 'The title for the module for the cohort. For example "Module 3A" for Module 3A: Title';


--
-- Name: cohort_phases; Type: TABLE; Schema: accelerator; Owner: -
--

CREATE TABLE accelerator.cohort_phases (
    id integer NOT NULL,
    name text NOT NULL
);


--
-- Name: TABLE cohort_phases; Type: COMMENT; Schema: accelerator; Owner: -
--

COMMENT ON TABLE accelerator.cohort_phases IS '(Enum) Available cohort phases';


--
-- Name: cohorts; Type: TABLE; Schema: accelerator; Owner: -
--

CREATE TABLE accelerator.cohorts (
    id bigint NOT NULL,
    name text NOT NULL,
    created_by bigint NOT NULL,
    created_time timestamp with time zone NOT NULL,
    modified_by bigint NOT NULL,
    modified_time timestamp with time zone NOT NULL,
    phase_id integer NOT NULL
);


--
-- Name: TABLE cohorts; Type: COMMENT; Schema: accelerator; Owner: -
--

COMMENT ON TABLE accelerator.cohorts IS 'Accelerator cohort details.';


--
-- Name: cohorts_id_seq; Type: SEQUENCE; Schema: accelerator; Owner: -
--

ALTER TABLE accelerator.cohorts ALTER COLUMN id ADD GENERATED BY DEFAULT AS IDENTITY (
    SEQUENCE NAME accelerator.cohorts_id_seq
    START WITH 1
    INCREMENT BY 1
    NO MINVALUE
    NO MAXVALUE
    CACHE 1
);


--
-- Name: deal_stages; Type: TABLE; Schema: accelerator; Owner: -
--

CREATE TABLE accelerator.deal_stages (
    id integer NOT NULL,
    name text NOT NULL,
    pipeline_id integer NOT NULL
);


--
-- Name: TABLE deal_stages; Type: COMMENT; Schema: accelerator; Owner: -
--

COMMENT ON TABLE accelerator.deal_stages IS '(Enum) Stages in the deal workflow that a project progresses through.';


--
-- Name: default_voters; Type: TABLE; Schema: accelerator; Owner: -
--

CREATE TABLE accelerator.default_voters (
    user_id bigint NOT NULL
);


--
-- Name: TABLE default_voters; Type: COMMENT; Schema: accelerator; Owner: -
--

COMMENT ON TABLE accelerator.default_voters IS 'Users to automatically be assigned as voters on accelerator projects.';


--
-- Name: deliverable_categories; Type: TABLE; Schema: accelerator; Owner: -
--

CREATE TABLE accelerator.deliverable_categories (
    id integer NOT NULL,
    name text NOT NULL,
    internal_interest_id integer NOT NULL
);


--
-- Name: TABLE deliverable_categories; Type: COMMENT; Schema: accelerator; Owner: -
--

COMMENT ON TABLE accelerator.deliverable_categories IS '(Enum) High-level groups for organizing deliverables.';


--
-- Name: COLUMN deliverable_categories.internal_interest_id; Type: COMMENT; Schema: accelerator; Owner: -
--

COMMENT ON COLUMN accelerator.deliverable_categories.internal_interest_id IS 'Internal interest enum that the deliverable category corresponds to.';


--
-- Name: deliverable_cohort_due_dates; Type: TABLE; Schema: accelerator; Owner: -
--

CREATE TABLE accelerator.deliverable_cohort_due_dates (
    deliverable_id bigint NOT NULL,
    cohort_id bigint NOT NULL,
    due_date date NOT NULL
);


--
-- Name: TABLE deliverable_cohort_due_dates; Type: COMMENT; Schema: accelerator; Owner: -
--

COMMENT ON TABLE accelerator.deliverable_cohort_due_dates IS 'Deliverable due dates overrides for cohorts. Can be overridden at the project level.';


--
-- Name: deliverable_documents; Type: TABLE; Schema: accelerator; Owner: -
--

CREATE TABLE accelerator.deliverable_documents (
    deliverable_id bigint NOT NULL,
    deliverable_type_id integer NOT NULL,
    template_url text,
    CONSTRAINT deliverable_is_document CHECK ((deliverable_type_id = 1))
);


--
-- Name: TABLE deliverable_documents; Type: COMMENT; Schema: accelerator; Owner: -
--

COMMENT ON TABLE accelerator.deliverable_documents IS 'Information about expected deliverables of type Document that isn''t relevant for other deliverable types.';


--
-- Name: deliverable_project_due_dates; Type: TABLE; Schema: accelerator; Owner: -
--

CREATE TABLE accelerator.deliverable_project_due_dates (
    deliverable_id bigint NOT NULL,
    project_id bigint NOT NULL,
    due_date date NOT NULL
);


--
-- Name: TABLE deliverable_project_due_dates; Type: COMMENT; Schema: accelerator; Owner: -
--

COMMENT ON TABLE accelerator.deliverable_project_due_dates IS 'Deliverable due dates overrides for projects.';


--
-- Name: deliverable_types; Type: TABLE; Schema: accelerator; Owner: -
--

CREATE TABLE accelerator.deliverable_types (
    id integer NOT NULL,
    name text NOT NULL
);


--
-- Name: TABLE deliverable_types; Type: COMMENT; Schema: accelerator; Owner: -
--

COMMENT ON TABLE accelerator.deliverable_types IS '(Enum) Types of deliverables for an accelerator module.';


--
-- Name: deliverable_variables; Type: TABLE; Schema: accelerator; Owner: -
--

CREATE TABLE accelerator.deliverable_variables (
    deliverable_id bigint NOT NULL,
    variable_id bigint NOT NULL,
    "position" integer NOT NULL
);


--
-- Name: TABLE deliverable_variables; Type: COMMENT; Schema: accelerator; Owner: -
--

COMMENT ON TABLE accelerator.deliverable_variables IS 'Which variables are associated with which deliverables. Note that this includes variables that have been replaced by newer versions, and the newer versions might be associated with different deliverables.';


--
-- Name: deliverables; Type: TABLE; Schema: accelerator; Owner: -
--

CREATE TABLE accelerator.deliverables (
    id bigint NOT NULL,
    deliverable_category_id integer NOT NULL,
    deliverable_type_id integer NOT NULL,
    module_id bigint NOT NULL,
    "position" integer NOT NULL,
    created_by bigint NOT NULL,
    created_time timestamp with time zone NOT NULL,
    modified_by bigint NOT NULL,
    modified_time timestamp with time zone NOT NULL,
    name text NOT NULL,
    description_html text,
    is_sensitive boolean NOT NULL,
    is_required boolean NOT NULL
);


--
-- Name: TABLE deliverables; Type: COMMENT; Schema: accelerator; Owner: -
--

COMMENT ON TABLE accelerator.deliverables IS 'Information about expected deliverables. This describes what we request from users; the data we get back from users in response is recorded in `project_deliverables` and its child tables.';


--
-- Name: COLUMN deliverables."position"; Type: COMMENT; Schema: accelerator; Owner: -
--

COMMENT ON COLUMN accelerator.deliverables."position" IS 'Which position this deliverable appears in the module''s list of deliverables, starting with 1.';


--
-- Name: COLUMN deliverables.is_sensitive; Type: COMMENT; Schema: accelerator; Owner: -
--

COMMENT ON COLUMN accelerator.deliverables.is_sensitive IS 'If true, the data users provide in response to this deliverable will be visible to a smaller subset of accelerator admins. Secure documents are saved to a different document store than non-secure ones.';


--
-- Name: deliverables_id_seq; Type: SEQUENCE; Schema: accelerator; Owner: -
--

ALTER TABLE accelerator.deliverables ALTER COLUMN id ADD GENERATED BY DEFAULT AS IDENTITY (
    SEQUENCE NAME accelerator.deliverables_id_seq
    START WITH 1
    INCREMENT BY 1
    NO MINVALUE
    NO MAXVALUE
    CACHE 1
);


--
-- Name: document_stores; Type: TABLE; Schema: accelerator; Owner: -
--

CREATE TABLE accelerator.document_stores (
    id integer NOT NULL,
    name text NOT NULL
);


--
-- Name: TABLE document_stores; Type: COMMENT; Schema: accelerator; Owner: -
--

COMMENT ON TABLE accelerator.document_stores IS '(Enum) Locations where uploaded documents are stored.';


--
-- Name: event_projects; Type: TABLE; Schema: accelerator; Owner: -
--

CREATE TABLE accelerator.event_projects (
    event_id bigint NOT NULL,
    project_id bigint NOT NULL
);


--
-- Name: TABLE event_projects; Type: COMMENT; Schema: accelerator; Owner: -
--

COMMENT ON TABLE accelerator.event_projects IS 'Projects that are participants of an event.';


--
-- Name: event_statuses; Type: TABLE; Schema: accelerator; Owner: -
--

CREATE TABLE accelerator.event_statuses (
    id integer NOT NULL,
    name text NOT NULL
);


--
-- Name: TABLE event_statuses; Type: COMMENT; Schema: accelerator; Owner: -
--

COMMENT ON TABLE accelerator.event_statuses IS '(Enum) Statuses of events for an accelerator module';


--
-- Name: event_types; Type: TABLE; Schema: accelerator; Owner: -
--

CREATE TABLE accelerator.event_types (
    id integer NOT NULL,
    name text NOT NULL
);


--
-- Name: TABLE event_types; Type: COMMENT; Schema: accelerator; Owner: -
--

COMMENT ON TABLE accelerator.event_types IS '(Enum) Types of events for an accelerator module';


--
-- Name: events; Type: TABLE; Schema: accelerator; Owner: -
--

CREATE TABLE accelerator.events (
    id bigint NOT NULL,
    module_id bigint NOT NULL,
    event_type_id integer NOT NULL,
    meeting_url text,
    slides_url text,
    recording_url text,
    start_time timestamp with time zone NOT NULL,
    end_time timestamp with time zone NOT NULL,
    created_by bigint NOT NULL,
    created_time timestamp with time zone NOT NULL,
    modified_by bigint NOT NULL,
    modified_time timestamp with time zone NOT NULL,
    revision integer DEFAULT 1 NOT NULL,
    event_status_id integer NOT NULL,
    CONSTRAINT times_start_before_end CHECK ((start_time <= end_time))
);


--
-- Name: TABLE events; Type: COMMENT; Schema: accelerator; Owner: -
--

COMMENT ON TABLE accelerator.events IS 'Events with meeting links and time within an acclerator module.';


--
-- Name: events_id_seq; Type: SEQUENCE; Schema: accelerator; Owner: -
--

ALTER TABLE accelerator.events ALTER COLUMN id ADD GENERATED BY DEFAULT AS IDENTITY (
    SEQUENCE NAME accelerator.events_id_seq
    START WITH 1
    INCREMENT BY 1
    NO MINVALUE
    NO MAXVALUE
    CACHE 1
);


--
-- Name: hubspot_token; Type: TABLE; Schema: accelerator; Owner: -
--

CREATE TABLE accelerator.hubspot_token (
    refresh_token text NOT NULL
);


--
-- Name: TABLE hubspot_token; Type: COMMENT; Schema: accelerator; Owner: -
--

COMMENT ON TABLE accelerator.hubspot_token IS 'If the server has been authorized to make HubSpot API requests, the refresh token to use to generate new access tokens.';


--
-- Name: internal_interests; Type: TABLE; Schema: accelerator; Owner: -
--

CREATE TABLE accelerator.internal_interests (
    id integer NOT NULL,
    name text NOT NULL
);


--
-- Name: TABLE internal_interests; Type: COMMENT; Schema: accelerator; Owner: -
--

COMMENT ON TABLE accelerator.internal_interests IS '(Enum) Types of notification categories for internal users.';


--
-- Name: metric_components; Type: TABLE; Schema: accelerator; Owner: -
--

CREATE TABLE accelerator.metric_components (
    id integer NOT NULL,
    name text NOT NULL
);


--
-- Name: TABLE metric_components; Type: COMMENT; Schema: accelerator; Owner: -
--

COMMENT ON TABLE accelerator.metric_components IS '(Enum) Components of metrics for reports.';


--
-- Name: metric_types; Type: TABLE; Schema: accelerator; Owner: -
--

CREATE TABLE accelerator.metric_types (
    id integer NOT NULL,
    name text NOT NULL
);


--
-- Name: TABLE metric_types; Type: COMMENT; Schema: accelerator; Owner: -
--

COMMENT ON TABLE accelerator.metric_types IS '(Enum) Types of metrics for reports.';


--
-- Name: modules; Type: TABLE; Schema: accelerator; Owner: -
--

CREATE TABLE accelerator.modules (
    id bigint NOT NULL,
    name text NOT NULL,
    created_by bigint NOT NULL,
    created_time timestamp with time zone NOT NULL,
    modified_by bigint NOT NULL,
    modified_time timestamp with time zone NOT NULL,
    overview text,
    preparation_materials text,
    live_session_description text,
    workshop_description text,
    one_on_one_session_description text,
    additional_resources text,
    phase_id integer NOT NULL,
    "position" integer NOT NULL,
    recorded_session_description text
);


--
-- Name: TABLE modules; Type: COMMENT; Schema: accelerator; Owner: -
--

COMMENT ON TABLE accelerator.modules IS 'Possible steps in the workflow of a cohort phase.';


--
-- Name: COLUMN modules."position"; Type: COMMENT; Schema: accelerator; Owner: -
--

COMMENT ON COLUMN accelerator.modules."position" IS 'This model''s ordinal position in the modules spreadsheet. This can be used to present modules in the same order they appear in the spreadsheet.';


--
-- Name: modules_id_seq; Type: SEQUENCE; Schema: accelerator; Owner: -
--

ALTER TABLE accelerator.modules ALTER COLUMN id ADD GENERATED BY DEFAULT AS IDENTITY (
    SEQUENCE NAME accelerator.modules_id_seq
    START WITH 1
    INCREMENT BY 1
    NO MINVALUE
    NO MAXVALUE
    CACHE 1
);


--
-- Name: participant_project_species; Type: TABLE; Schema: accelerator; Owner: -
--

CREATE TABLE accelerator.participant_project_species (
    id bigint NOT NULL,
    project_id bigint,
    species_id bigint,
    submission_status_id integer NOT NULL,
    feedback text,
    rationale text,
    created_by bigint,
    modified_by bigint,
    created_time timestamp with time zone NOT NULL,
    modified_time timestamp with time zone NOT NULL,
    internal_comment text,
    species_native_category_id integer
);


--
-- Name: TABLE participant_project_species; Type: COMMENT; Schema: accelerator; Owner: -
--

COMMENT ON TABLE accelerator.participant_project_species IS 'Species that are associated to a participant project';


--
-- Name: participant_project_species_id_seq; Type: SEQUENCE; Schema: accelerator; Owner: -
--

ALTER TABLE accelerator.participant_project_species ALTER COLUMN id ADD GENERATED BY DEFAULT AS IDENTITY (
    SEQUENCE NAME accelerator.participant_project_species_id_seq
    START WITH 1
    INCREMENT BY 1
    NO MINVALUE
    NO MAXVALUE
    CACHE 1
);


--
-- Name: pipelines; Type: TABLE; Schema: accelerator; Owner: -
--

CREATE TABLE accelerator.pipelines (
    id integer NOT NULL,
    name text NOT NULL
);


--
-- Name: TABLE pipelines; Type: COMMENT; Schema: accelerator; Owner: -
--

COMMENT ON TABLE accelerator.pipelines IS '(Enum) Deal pipelines for accelerator projects.';


--
-- Name: submissions; Type: TABLE; Schema: accelerator; Owner: -
--

CREATE TABLE accelerator.submissions (
    id bigint NOT NULL,
    project_id bigint NOT NULL,
    deliverable_id bigint NOT NULL,
    submission_status_id integer NOT NULL,
    created_by bigint NOT NULL,
    created_time timestamp with time zone NOT NULL,
    modified_by bigint NOT NULL,
    modified_time timestamp with time zone NOT NULL,
    internal_comment text,
    feedback text
);


--
-- Name: TABLE submissions; Type: COMMENT; Schema: accelerator; Owner: -
--

COMMENT ON TABLE accelerator.submissions IS 'Information about the current states of the information supplied by specific projects in response to deliverables.';


--
-- Name: project_deliverables; Type: VIEW; Schema: accelerator; Owner: -
--

CREATE VIEW accelerator.project_deliverables AS
 SELECT deliverables.id AS deliverable_id,
    deliverables.deliverable_category_id,
    deliverables.deliverable_type_id,
    deliverables."position",
    deliverables.name,
    deliverables.description_html,
    deliverables.is_required,
    deliverables.is_sensitive,
    deliverables.module_id,
    COALESCE(project_due_dates.due_date, cohort_due_dates.due_date, cohort_modules.end_date) AS due_date,
    projects.id AS project_id,
    submissions.id AS submission_id,
    submissions.submission_status_id,
    submissions.feedback AS submission_feedback
   FROM (((((((accelerator.deliverables deliverables
     JOIN accelerator.modules modules ON ((deliverables.module_id = modules.id)))
     JOIN accelerator.cohort_modules cohort_modules ON ((modules.id = cohort_modules.module_id)))
     JOIN accelerator.cohorts cohorts ON ((cohorts.id = cohort_modules.cohort_id)))
     JOIN public.projects ON ((projects.cohort_id = cohorts.id)))
     LEFT JOIN accelerator.submissions submissions ON (((submissions.project_id = projects.id) AND (submissions.deliverable_id = deliverables.id))))
     LEFT JOIN accelerator.deliverable_project_due_dates project_due_dates ON (((project_due_dates.project_id = projects.id) AND (project_due_dates.deliverable_id = deliverables.id))))
     LEFT JOIN accelerator.deliverable_cohort_due_dates cohort_due_dates ON (((cohort_due_dates.cohort_id = cohorts.id) AND (cohort_due_dates.deliverable_id = deliverables.id))));


--
-- Name: VIEW project_deliverables; Type: COMMENT; Schema: accelerator; Owner: -
--

COMMENT ON VIEW accelerator.project_deliverables IS 'Deliverable information for projects including submission status and due dates.';


--
-- Name: project_metrics; Type: TABLE; Schema: accelerator; Owner: -
--

CREATE TABLE accelerator.project_metrics (
    id bigint NOT NULL,
    project_id bigint NOT NULL,
    type_id integer NOT NULL,
    component_id integer NOT NULL,
    name text NOT NULL,
    description text,
    reference text NOT NULL COLLATE public.natural_numeric,
    is_publishable boolean NOT NULL,
    unit text
);


--
-- Name: TABLE project_metrics; Type: COMMENT; Schema: accelerator; Owner: -
--

COMMENT ON TABLE accelerator.project_metrics IS 'Metrics specific to one project to report on.';


--
-- Name: project_metrics_id_seq; Type: SEQUENCE; Schema: accelerator; Owner: -
--

ALTER TABLE accelerator.project_metrics ALTER COLUMN id ADD GENERATED BY DEFAULT AS IDENTITY (
    SEQUENCE NAME accelerator.project_metrics_id_seq
    START WITH 1
    INCREMENT BY 1
    NO MINVALUE
    NO MAXVALUE
    CACHE 1
);


--
-- Name: project_overall_scores; Type: TABLE; Schema: accelerator; Owner: -
--

CREATE TABLE accelerator.project_overall_scores (
    project_id bigint NOT NULL,
    overall_score double precision,
    summary text,
    details_url text,
    created_by bigint NOT NULL,
    created_time timestamp with time zone NOT NULL,
    modified_by bigint NOT NULL,
    modified_time timestamp with time zone NOT NULL
);


--
-- Name: TABLE project_overall_scores; Type: COMMENT; Schema: accelerator; Owner: -
--

COMMENT ON TABLE accelerator.project_overall_scores IS 'Overall scores assigned to project by scorers.';


--
-- Name: project_report_configs; Type: TABLE; Schema: accelerator; Owner: -
--

CREATE TABLE accelerator.project_report_configs (
    id bigint NOT NULL,
    project_id bigint NOT NULL,
    report_frequency_id integer NOT NULL,
    reporting_start_date date NOT NULL,
    reporting_end_date date NOT NULL,
    CONSTRAINT project_report_configs_check CHECK ((reporting_end_date > reporting_start_date))
);


--
-- Name: TABLE project_report_configs; Type: COMMENT; Schema: accelerator; Owner: -
--

COMMENT ON TABLE accelerator.project_report_configs IS 'Configurations for accelerator project reports, including reporting dates and reporting frequencies.';


--
-- Name: project_report_configs_id_seq; Type: SEQUENCE; Schema: accelerator; Owner: -
--

ALTER TABLE accelerator.project_report_configs ALTER COLUMN id ADD GENERATED BY DEFAULT AS IDENTITY (
    SEQUENCE NAME accelerator.project_report_configs_id_seq
    START WITH 1
    INCREMENT BY 1
    NO MINVALUE
    NO MAXVALUE
    CACHE 1
);


--
-- Name: project_scores; Type: TABLE; Schema: accelerator; Owner: -
--

CREATE TABLE accelerator.project_scores (
    project_id bigint NOT NULL,
    phase_id integer NOT NULL,
    score_category_id integer NOT NULL,
    score integer,
    qualitative text,
    created_by bigint NOT NULL,
    created_time timestamp with time zone NOT NULL,
    modified_by bigint NOT NULL,
    modified_time timestamp with time zone NOT NULL,
    CONSTRAINT project_scores_score_check CHECK (((score >= '-2'::integer) AND (score <= 2)))
);


--
-- Name: TABLE project_scores; Type: COMMENT; Schema: accelerator; Owner: -
--

COMMENT ON TABLE accelerator.project_scores IS 'Scores assigned to project by scorers.';


--
-- Name: COLUMN project_scores.score; Type: COMMENT; Schema: accelerator; Owner: -
--

COMMENT ON COLUMN accelerator.project_scores.score IS 'Integer score between -2 to 2. The score can be null to represent not yet scored. ';


--
-- Name: variable_link_values; Type: TABLE; Schema: docprod; Owner: -
--

CREATE TABLE docprod.variable_link_values (
    variable_value_id bigint NOT NULL,
    variable_id bigint NOT NULL,
    variable_type_id integer NOT NULL,
    url text NOT NULL,
    title text,
    CONSTRAINT variable_link_values_variable_type_id_check CHECK ((variable_type_id = 7))
);


--
-- Name: TABLE variable_link_values; Type: COMMENT; Schema: docprod; Owner: -
--

COMMENT ON TABLE docprod.variable_link_values IS 'Type-specific details of the values of link variables.';


--
-- Name: variable_values; Type: TABLE; Schema: docprod; Owner: -
--

CREATE TABLE docprod.variable_values (
    id bigint NOT NULL,
    project_id bigint NOT NULL,
    variable_id bigint NOT NULL,
    variable_type_id integer NOT NULL,
    list_position integer DEFAULT 0 NOT NULL,
    created_by bigint DEFAULT '-1'::integer NOT NULL,
    created_time timestamp with time zone NOT NULL,
    is_deleted boolean DEFAULT false NOT NULL,
    number_value numeric,
    text_value text,
    date_value date,
    citation text,
    CONSTRAINT text_value_is_text_or_email CHECK (((text_value IS NULL) OR (variable_type_id = ANY (ARRAY[2, 9])))),
    CONSTRAINT variable_values_check CHECK (((number_value IS NULL) OR (variable_type_id = 1)))
);


--
-- Name: TABLE variable_values; Type: COMMENT; Schema: docprod; Owner: -
--

COMMENT ON TABLE docprod.variable_values IS 'Insert-only table with all historical and current values of all inputs.';


--
-- Name: COLUMN variable_values.text_value; Type: COMMENT; Schema: docprod; Owner: -
--

COMMENT ON COLUMN docprod.variable_values.text_value IS 'For text or email variables, the variable''s value. May contain newlines if the text variable is multi-line.';


--
-- Name: project_variable_values; Type: VIEW; Schema: accelerator; Owner: -
--

CREATE VIEW accelerator.project_variable_values AS
 WITH latest_values AS (
         SELECT variable_values.project_id,
            variable_values.variable_id,
            variable_values.list_position,
            max(variable_values.id) AS variable_value_id
           FROM docprod.variable_values
          GROUP BY variable_values.project_id, variable_values.variable_id, variable_values.list_position
        )
 SELECT vv.project_id,
    vv.variable_id,
    vv.id AS variable_value_id,
    vv.list_position,
    vv.text_value,
    vv.number_value,
    vv.date_value,
    vlv.url AS link_url,
    vlv.title AS link_title
   FROM ((docprod.variable_values vv
     JOIN latest_values lv ON (((lv.project_id = vv.project_id) AND (lv.variable_id = vv.variable_id) AND (lv.list_position = vv.list_position) AND (lv.variable_value_id = vv.id))))
     LEFT JOIN docprod.variable_link_values vlv ON ((vlv.variable_value_id = vv.id)))
  WHERE (NOT vv.is_deleted);


--
-- Name: VIEW project_variable_values; Type: COMMENT; Schema: accelerator; Owner: -
--

COMMENT ON VIEW accelerator.project_variable_values IS 'Latest Variable Values for projects, excluding deleted. Only includes accelerator projects, and includes all accelerator projects, whether or not they have values for any variables.';


--
-- Name: variable_selects; Type: TABLE; Schema: docprod; Owner: -
--

CREATE TABLE docprod.variable_selects (
    variable_id bigint NOT NULL,
    variable_type_id integer NOT NULL,
    is_multiple boolean NOT NULL,
    CONSTRAINT variable_selects_variable_type_id_check CHECK ((variable_type_id = 5))
);


--
-- Name: TABLE variable_selects; Type: COMMENT; Schema: docprod; Owner: -
--

COMMENT ON TABLE docprod.variable_selects IS 'Information about select variables that is not relevant for other variable types. This table only has information about the variable as a whole; the options are in `variable_select_options`.';


--
-- Name: COLUMN variable_selects.is_multiple; Type: COMMENT; Schema: docprod; Owner: -
--

COMMENT ON COLUMN docprod.variable_selects.is_multiple IS 'If true, allow multiple options to be selected. The list of selected options is considered a single value; do not set `variables.is_list` to true unless you want a list of multiple-select variables.';


--
-- Name: variables; Type: TABLE; Schema: docprod; Owner: -
--

CREATE TABLE docprod.variables (
    id bigint NOT NULL,
    variable_type_id integer NOT NULL,
    replaces_variable_id bigint,
    is_list boolean DEFAULT false NOT NULL,
    stable_id text NOT NULL,
    name text NOT NULL,
    description text,
    deliverable_question text,
    dependency_variable_stable_id text,
    dependency_condition_id integer,
    dependency_value text,
    internal_only boolean DEFAULT false NOT NULL,
    is_required boolean NOT NULL
);


--
-- Name: TABLE variables; Type: COMMENT; Schema: docprod; Owner: -
--

COMMENT ON TABLE docprod.variables IS 'variables that can be supplied by the user. This table stores the variables themselves, not the values of the variables in a particular document. Type-specific information is in child tables such as `variable_numbers`.';


--
-- Name: COLUMN variables.replaces_variable_id; Type: COMMENT; Schema: docprod; Owner: -
--

COMMENT ON COLUMN docprod.variables.replaces_variable_id IS 'If this is a new version of a variable that existed in a previous manifest version, the ID of the previous version of the variable. This allows the system to automatically migrate values from older variable versions when a document is updated to a new manifest version.';


--
-- Name: COLUMN variables.is_list; Type: COMMENT; Schema: docprod; Owner: -
--

COMMENT ON COLUMN docprod.variables.is_list IS 'True if this variable is a list of values rather than a single value. If the variable is a table, true if the table can contain multiple rows.';


--
-- Name: project_variables; Type: VIEW; Schema: accelerator; Owner: -
--

CREATE VIEW accelerator.project_variables AS
 WITH latest_variables AS (
         SELECT variables.stable_id,
            max(variables.id) AS variable_id
           FROM docprod.variables
          GROUP BY variables.stable_id
        ), project_variables AS (
         SELECT DISTINCT vv.project_id,
            lv_1.variable_id
           FROM (docprod.variable_values vv
             JOIN latest_variables lv_1 ON ((lv_1.variable_id = vv.variable_id)))
        )
 SELECT ap.project_id,
    lv.stable_id,
    lv.variable_id,
    v.name,
    v.is_list,
    v.variable_type_id,
    vs.is_multiple AS is_multi_select
   FROM ((((accelerator.accelerator_projects ap
     LEFT JOIN project_variables pv ON ((pv.project_id = ap.project_id)))
     LEFT JOIN latest_variables lv ON ((lv.variable_id = pv.variable_id)))
     LEFT JOIN docprod.variables v ON ((v.id = lv.variable_id)))
     LEFT JOIN docprod.variable_selects vs ON ((vs.variable_id = lv.variable_id)));


--
-- Name: VIEW project_variables; Type: COMMENT; Schema: accelerator; Owner: -
--

COMMENT ON VIEW accelerator.project_variables IS 'Latest Variables for projects. Only includes accelerator projects, and includes all accelerator projects, whether or not they have values for any variables.';


--
-- Name: project_vote_decisions; Type: TABLE; Schema: accelerator; Owner: -
--

CREATE TABLE accelerator.project_vote_decisions (
    project_id bigint NOT NULL,
    phase_id integer NOT NULL,
    vote_option_id integer,
    modified_time timestamp with time zone NOT NULL
);


--
-- Name: TABLE project_vote_decisions; Type: COMMENT; Schema: accelerator; Owner: -
--

COMMENT ON TABLE accelerator.project_vote_decisions IS 'Calculated vote decisions for project.';


--
-- Name: project_votes; Type: TABLE; Schema: accelerator; Owner: -
--

CREATE TABLE accelerator.project_votes (
    user_id bigint NOT NULL,
    project_id bigint NOT NULL,
    phase_id integer NOT NULL,
    vote_option_id integer,
    conditional_info text,
    created_by bigint NOT NULL,
    created_time timestamp with time zone NOT NULL,
    modified_by bigint NOT NULL,
    modified_time timestamp with time zone NOT NULL
);


--
-- Name: TABLE project_votes; Type: COMMENT; Schema: accelerator; Owner: -
--

COMMENT ON TABLE accelerator.project_votes IS 'Vote selected by voters.';


--
-- Name: COLUMN project_votes.vote_option_id; Type: COMMENT; Schema: accelerator; Owner: -
--

COMMENT ON COLUMN accelerator.project_votes.vote_option_id IS 'Vote option can be Yes/No/Conditional. The vote can be null to represent not yet voted. ';


--
-- Name: report_achievements; Type: TABLE; Schema: accelerator; Owner: -
--

CREATE TABLE accelerator.report_achievements (
    report_id bigint NOT NULL,
    "position" integer NOT NULL,
    achievement text NOT NULL,
    CONSTRAINT report_achievements_position_check CHECK (("position" >= 0))
);


--
-- Name: TABLE report_achievements; Type: COMMENT; Schema: accelerator; Owner: -
--

COMMENT ON TABLE accelerator.report_achievements IS 'List of achievements for accelerator project reports.';


--
-- Name: report_challenges; Type: TABLE; Schema: accelerator; Owner: -
--

CREATE TABLE accelerator.report_challenges (
    report_id bigint NOT NULL,
    "position" integer NOT NULL,
    challenge text NOT NULL,
    mitigation_plan text NOT NULL,
    CONSTRAINT report_challenges_position_check CHECK (("position" >= 0))
);


--
-- Name: TABLE report_challenges; Type: COMMENT; Schema: accelerator; Owner: -
--

COMMENT ON TABLE accelerator.report_challenges IS 'List of challenges and mitigation plans for accelerator project reports.';


--
-- Name: report_frequencies; Type: TABLE; Schema: accelerator; Owner: -
--

CREATE TABLE accelerator.report_frequencies (
    id integer NOT NULL,
    name text NOT NULL
);


--
-- Name: TABLE report_frequencies; Type: COMMENT; Schema: accelerator; Owner: -
--

COMMENT ON TABLE accelerator.report_frequencies IS '(Enum) Frequencies of accelerator project reports. Acts as the report type as well.';


--
-- Name: report_metric_statuses; Type: TABLE; Schema: accelerator; Owner: -
--

CREATE TABLE accelerator.report_metric_statuses (
    id integer NOT NULL,
    name text NOT NULL
);


--
-- Name: TABLE report_metric_statuses; Type: COMMENT; Schema: accelerator; Owner: -
--

COMMENT ON TABLE accelerator.report_metric_statuses IS '(Enum) Statuses of accelerator project report metrics.';


--
-- Name: report_photos; Type: TABLE; Schema: accelerator; Owner: -
--

CREATE TABLE accelerator.report_photos (
    file_id bigint NOT NULL,
    report_id bigint NOT NULL,
    deleted boolean NOT NULL,
    caption text
);


--
-- Name: TABLE report_photos; Type: COMMENT; Schema: accelerator; Owner: -
--

COMMENT ON TABLE accelerator.report_photos IS 'Photos for the accelerator project report.';


--
-- Name: COLUMN report_photos.deleted; Type: COMMENT; Schema: accelerator; Owner: -
--

COMMENT ON COLUMN accelerator.report_photos.deleted IS 'Flag for photos to be deleted in the next publishing.';


--
-- Name: report_project_metrics; Type: TABLE; Schema: accelerator; Owner: -
--

CREATE TABLE accelerator.report_project_metrics (
    report_id bigint NOT NULL,
    project_metric_id bigint NOT NULL,
    target integer,
    value integer,
    projects_comments text,
    progress_notes text,
    modified_by bigint NOT NULL,
    modified_time timestamp with time zone NOT NULL,
    status_id integer
);


--
-- Name: TABLE report_project_metrics; Type: COMMENT; Schema: accelerator; Owner: -
--

COMMENT ON TABLE accelerator.report_project_metrics IS 'Report entries of targets and values for project metrics.';


--
-- Name: report_quarters; Type: TABLE; Schema: accelerator; Owner: -
--

CREATE TABLE accelerator.report_quarters (
    id integer NOT NULL,
    name text NOT NULL
);


--
-- Name: TABLE report_quarters; Type: COMMENT; Schema: accelerator; Owner: -
--

COMMENT ON TABLE accelerator.report_quarters IS '(Enum) Quarters of accelerator project reports.';


--
-- Name: report_standard_metrics; Type: TABLE; Schema: accelerator; Owner: -
--

CREATE TABLE accelerator.report_standard_metrics (
    report_id bigint NOT NULL,
    standard_metric_id bigint NOT NULL,
    target integer,
    value integer,
    projects_comments text,
    progress_notes text,
    modified_by bigint NOT NULL,
    modified_time timestamp with time zone NOT NULL,
    status_id integer
);


--
-- Name: TABLE report_standard_metrics; Type: COMMENT; Schema: accelerator; Owner: -
--

COMMENT ON TABLE accelerator.report_standard_metrics IS 'Report entries of targets and values for standard metrics.';


--
-- Name: report_statuses; Type: TABLE; Schema: accelerator; Owner: -
--

CREATE TABLE accelerator.report_statuses (
    id integer NOT NULL,
    name text NOT NULL
);


--
-- Name: TABLE report_statuses; Type: COMMENT; Schema: accelerator; Owner: -
--

COMMENT ON TABLE accelerator.report_statuses IS '(Enum) Statuses of accelerator project reports.';


--
-- Name: report_system_metrics; Type: TABLE; Schema: accelerator; Owner: -
--

CREATE TABLE accelerator.report_system_metrics (
    report_id bigint NOT NULL,
    system_metric_id integer NOT NULL,
    target integer,
    system_value integer,
    system_time timestamp with time zone,
    override_value integer,
    projects_comments text,
    progress_notes text,
    modified_by bigint NOT NULL,
    modified_time timestamp with time zone NOT NULL,
    status_id integer
);


--
-- Name: TABLE report_system_metrics; Type: COMMENT; Schema: accelerator; Owner: -
--

COMMENT ON TABLE accelerator.report_system_metrics IS 'Report entries of targets and values for system metrics.';


--
-- Name: COLUMN report_system_metrics.system_value; Type: COMMENT; Schema: accelerator; Owner: -
--

COMMENT ON COLUMN accelerator.report_system_metrics.system_value IS 'Value collected via Terraware data. Null before value is submitted.';


--
-- Name: COLUMN report_system_metrics.system_time; Type: COMMENT; Schema: accelerator; Owner: -
--

COMMENT ON COLUMN accelerator.report_system_metrics.system_time IS 'System value recorded time. If null, the value is not recorded yet and a live query of Terraware data should be used instead.';


--
-- Name: COLUMN report_system_metrics.override_value; Type: COMMENT; Schema: accelerator; Owner: -
--

COMMENT ON COLUMN accelerator.report_system_metrics.override_value IS 'Value inputted by accelerator admin to override system value. Null for no overrides.';


--
-- Name: reports; Type: TABLE; Schema: accelerator; Owner: -
--

CREATE TABLE accelerator.reports (
    id bigint NOT NULL,
    config_id bigint NOT NULL,
    project_id bigint NOT NULL,
    status_id integer,
    start_date date NOT NULL,
    end_date date NOT NULL,
    internal_comment text,
    feedback text,
    created_by bigint NOT NULL,
    created_time timestamp with time zone NOT NULL,
    modified_by bigint NOT NULL,
    modified_time timestamp with time zone NOT NULL,
    submitted_by bigint,
    submitted_time timestamp with time zone,
    highlights text,
    report_frequency_id integer NOT NULL,
    report_quarter_id integer,
    upcoming_notification_sent_time timestamp with time zone,
    financial_summaries text,
    additional_comments text,
    CONSTRAINT quarterly_report_has_quarter CHECK ((((report_frequency_id = 1) AND (report_quarter_id IS NOT NULL) AND ((report_quarter_id)::numeric = EXTRACT(quarter FROM start_date)) AND ((report_quarter_id)::numeric = EXTRACT(quarter FROM end_date))) OR ((report_frequency_id <> 1) AND (report_quarter_id IS NULL)))),
    CONSTRAINT reports_check CHECK ((end_date > start_date)),
    CONSTRAINT submitted_status CHECK ((((status_id = 1) AND (submitted_by IS NULL) AND (submitted_time IS NULL)) OR (((status_id = 2) OR (status_id = 3) OR (status_id = 4)) AND (submitted_by IS NOT NULL) AND (submitted_time IS NOT NULL)) OR (status_id = 5)))
);


--
-- Name: TABLE reports; Type: COMMENT; Schema: accelerator; Owner: -
--

COMMENT ON TABLE accelerator.reports IS 'Accelerator project reports.';


--
-- Name: COLUMN reports.report_frequency_id; Type: COMMENT; Schema: accelerator; Owner: -
--

COMMENT ON COLUMN accelerator.reports.report_frequency_id IS 'Frequency of the report, that can determine report data. Must match with frequency of the configuration.';


--
-- Name: COLUMN reports.report_quarter_id; Type: COMMENT; Schema: accelerator; Owner: -
--

COMMENT ON COLUMN accelerator.reports.report_quarter_id IS 'Quarter of the report. Must be non-null for quarterly reports and null otherwise.';


--
-- Name: reports_id_seq; Type: SEQUENCE; Schema: accelerator; Owner: -
--

ALTER TABLE accelerator.reports ALTER COLUMN id ADD GENERATED BY DEFAULT AS IDENTITY (
    SEQUENCE NAME accelerator.reports_id_seq
    START WITH 1
    INCREMENT BY 1
    NO MINVALUE
    NO MAXVALUE
    CACHE 1
);


--
-- Name: score_categories; Type: TABLE; Schema: accelerator; Owner: -
--

CREATE TABLE accelerator.score_categories (
    id integer NOT NULL,
    name text NOT NULL
);


--
-- Name: TABLE score_categories; Type: COMMENT; Schema: accelerator; Owner: -
--

COMMENT ON TABLE accelerator.score_categories IS '(Enum) Project score categories.';


--
-- Name: standard_metrics; Type: TABLE; Schema: accelerator; Owner: -
--

CREATE TABLE accelerator.standard_metrics (
    id bigint NOT NULL,
    type_id integer NOT NULL,
    component_id integer NOT NULL,
    name text NOT NULL,
    description text,
    reference text NOT NULL COLLATE public.natural_numeric,
    is_publishable boolean NOT NULL,
    unit text
);


--
-- Name: TABLE standard_metrics; Type: COMMENT; Schema: accelerator; Owner: -
--

COMMENT ON TABLE accelerator.standard_metrics IS 'Standard non-system metrics for every project to measure in accelerator reports.';


--
-- Name: standard_metrics_id_seq; Type: SEQUENCE; Schema: accelerator; Owner: -
--

ALTER TABLE accelerator.standard_metrics ALTER COLUMN id ADD GENERATED BY DEFAULT AS IDENTITY (
    SEQUENCE NAME accelerator.standard_metrics_id_seq
    START WITH 1
    INCREMENT BY 1
    NO MINVALUE
    NO MAXVALUE
    CACHE 1
);


--
-- Name: submission_documents; Type: TABLE; Schema: accelerator; Owner: -
--

CREATE TABLE accelerator.submission_documents (
    id bigint NOT NULL,
    submission_id bigint NOT NULL,
    document_store_id integer NOT NULL,
    created_by bigint NOT NULL,
    created_time timestamp with time zone NOT NULL,
    name text NOT NULL,
    description text,
    location text NOT NULL,
    original_name text,
    project_id bigint NOT NULL
);


--
-- Name: TABLE submission_documents; Type: COMMENT; Schema: accelerator; Owner: -
--

COMMENT ON TABLE accelerator.submission_documents IS 'Information about documents uploaded by users to satisfy deliverables. A deliverable can have multiple documents.';


--
-- Name: COLUMN submission_documents.name; Type: COMMENT; Schema: accelerator; Owner: -
--

COMMENT ON COLUMN accelerator.submission_documents.name IS 'System-generated filename. The file is stored using this name in the document store. This includes several elements such as the date and description.';


--
-- Name: COLUMN submission_documents.location; Type: COMMENT; Schema: accelerator; Owner: -
--

COMMENT ON COLUMN accelerator.submission_documents.location IS 'Location of file in the document store identified by `document_store_id`. This is used by the system to generate download links and includes whatever information is needed to generate a link for a given document store; if the document store supports permalinks then this may be a simple URL.';


--
-- Name: COLUMN submission_documents.original_name; Type: COMMENT; Schema: accelerator; Owner: -
--

COMMENT ON COLUMN accelerator.submission_documents.original_name IS 'Original filename as supplied by the client when the document was uploaded. Not required to be unique since the user can upload revised versions of documents.';


--
-- Name: submission_documents_id_seq; Type: SEQUENCE; Schema: accelerator; Owner: -
--

ALTER TABLE accelerator.submission_documents ALTER COLUMN id ADD GENERATED BY DEFAULT AS IDENTITY (
    SEQUENCE NAME accelerator.submission_documents_id_seq
    START WITH 1
    INCREMENT BY 1
    NO MINVALUE
    NO MAXVALUE
    CACHE 1
);


--
-- Name: submission_snapshots; Type: TABLE; Schema: accelerator; Owner: -
--

CREATE TABLE accelerator.submission_snapshots (
    id bigint NOT NULL,
    file_id bigint,
    submission_id bigint NOT NULL
);


--
-- Name: TABLE submission_snapshots; Type: COMMENT; Schema: accelerator; Owner: -
--

COMMENT ON TABLE accelerator.submission_snapshots IS 'Snapshot files associated to submissions';


--
-- Name: submission_snapshots_id_seq; Type: SEQUENCE; Schema: accelerator; Owner: -
--

ALTER TABLE accelerator.submission_snapshots ALTER COLUMN id ADD GENERATED BY DEFAULT AS IDENTITY (
    SEQUENCE NAME accelerator.submission_snapshots_id_seq
    START WITH 1
    INCREMENT BY 1
    NO MINVALUE
    NO MAXVALUE
    CACHE 1
);


--
-- Name: submission_statuses; Type: TABLE; Schema: accelerator; Owner: -
--

CREATE TABLE accelerator.submission_statuses (
    id integer NOT NULL,
    name text NOT NULL
);


--
-- Name: TABLE submission_statuses; Type: COMMENT; Schema: accelerator; Owner: -
--

COMMENT ON TABLE accelerator.submission_statuses IS '(Enum) Statuses of submissions of deliverables by specific projects.';


--
-- Name: submissions_id_seq; Type: SEQUENCE; Schema: accelerator; Owner: -
--

ALTER TABLE accelerator.submissions ALTER COLUMN id ADD GENERATED BY DEFAULT AS IDENTITY (
    SEQUENCE NAME accelerator.submissions_id_seq
    START WITH 1
    INCREMENT BY 1
    NO MINVALUE
    NO MAXVALUE
    CACHE 1
);


--
-- Name: system_metrics; Type: TABLE; Schema: accelerator; Owner: -
--

CREATE TABLE accelerator.system_metrics (
    id integer NOT NULL,
    name text NOT NULL,
    type_id integer NOT NULL,
    component_id integer NOT NULL,
    description text,
    reference text NOT NULL COLLATE public.natural_numeric,
    is_publishable boolean NOT NULL
);


--
-- Name: TABLE system_metrics; Type: COMMENT; Schema: accelerator; Owner: -
--

COMMENT ON TABLE accelerator.system_metrics IS '(Enum) Accelerator report metrics, for which data are collected from Terraware.';


--
-- Name: system_metrics_id_seq; Type: SEQUENCE; Schema: accelerator; Owner: -
--

ALTER TABLE accelerator.system_metrics ALTER COLUMN id ADD GENERATED BY DEFAULT AS IDENTITY (
    SEQUENCE NAME accelerator.system_metrics_id_seq
    START WITH 1
    INCREMENT BY 1
    NO MINVALUE
    NO MAXVALUE
    CACHE 1
);


--
-- Name: user_internal_interests; Type: TABLE; Schema: accelerator; Owner: -
--

CREATE TABLE accelerator.user_internal_interests (
    user_id bigint NOT NULL,
    internal_interest_id integer NOT NULL,
    created_by bigint NOT NULL,
    created_time timestamp with time zone NOT NULL
);


--
-- Name: TABLE user_internal_interests; Type: COMMENT; Schema: accelerator; Owner: -
--

COMMENT ON TABLE accelerator.user_internal_interests IS 'Which internal interest categories are assigned to which internal users. This affects things like which accelerator admins are notified.';


--
-- Name: vote_options; Type: TABLE; Schema: accelerator; Owner: -
--

CREATE TABLE accelerator.vote_options (
    id integer NOT NULL,
    name text NOT NULL
);


--
-- Name: TABLE vote_options; Type: COMMENT; Schema: accelerator; Owner: -
--

COMMENT ON TABLE accelerator.vote_options IS '(Enum) Available vote options.';


--
-- Name: dependency_conditions; Type: TABLE; Schema: docprod; Owner: -
--

CREATE TABLE docprod.dependency_conditions (
    id integer NOT NULL,
    name text NOT NULL
);


--
-- Name: TABLE dependency_conditions; Type: COMMENT; Schema: docprod; Owner: -
--

COMMENT ON TABLE docprod.dependency_conditions IS '(Enum) Types of conditions that can control whether or not a variable is presented to the user.';


--
-- Name: document_saved_versions; Type: TABLE; Schema: docprod; Owner: -
--

CREATE TABLE docprod.document_saved_versions (
    id bigint NOT NULL,
    document_id bigint NOT NULL,
    variable_manifest_id bigint NOT NULL,
    max_variable_value_id bigint NOT NULL,
    created_by bigint DEFAULT '-1'::integer NOT NULL,
    created_time timestamp with time zone NOT NULL,
    name text,
    is_submitted boolean DEFAULT false NOT NULL,
    is_accepted boolean DEFAULT false NOT NULL
);


--
-- Name: TABLE document_saved_versions; Type: COMMENT; Schema: docprod; Owner: -
--

COMMENT ON TABLE docprod.document_saved_versions IS 'Saved versions of document variable values. A saved version is conceptually just a reference to a particular point in the edit history of the document; to restore that version, we ignore any later edits.';


--
-- Name: document_saved_versions_id_seq; Type: SEQUENCE; Schema: docprod; Owner: -
--

ALTER TABLE docprod.document_saved_versions ALTER COLUMN id ADD GENERATED BY DEFAULT AS IDENTITY (
    SEQUENCE NAME docprod.document_saved_versions_id_seq
    START WITH 1
    INCREMENT BY 1
    NO MINVALUE
    NO MAXVALUE
    CACHE 1
);


--
-- Name: document_statuses; Type: TABLE; Schema: docprod; Owner: -
--

CREATE TABLE docprod.document_statuses (
    id integer NOT NULL,
    name text NOT NULL
);


--
-- Name: TABLE document_statuses; Type: COMMENT; Schema: docprod; Owner: -
--

COMMENT ON TABLE docprod.document_statuses IS '(Enum) Current stage of a document''s lifecycle.';


--
-- Name: document_templates; Type: TABLE; Schema: docprod; Owner: -
--

CREATE TABLE docprod.document_templates (
    id bigint NOT NULL,
    name text NOT NULL
);


--
-- Name: TABLE document_templates; Type: COMMENT; Schema: docprod; Owner: -
--

COMMENT ON TABLE docprod.document_templates IS 'Templates for the different types of documents this system can produce.';


--
-- Name: document_templates_id_seq; Type: SEQUENCE; Schema: docprod; Owner: -
--

ALTER TABLE docprod.document_templates ALTER COLUMN id ADD GENERATED BY DEFAULT AS IDENTITY (
    SEQUENCE NAME docprod.document_templates_id_seq
    START WITH 1
    INCREMENT BY 1
    NO MINVALUE
    NO MAXVALUE
    CACHE 1
);


--
-- Name: documents; Type: TABLE; Schema: docprod; Owner: -
--

CREATE TABLE docprod.documents (
    id bigint NOT NULL,
    document_template_id bigint NOT NULL,
    variable_manifest_id bigint NOT NULL,
    project_id bigint NOT NULL,
    name text NOT NULL,
    status_id integer NOT NULL,
    owned_by bigint DEFAULT '-1'::integer NOT NULL,
    created_by bigint DEFAULT '-1'::integer NOT NULL,
    created_time timestamp with time zone NOT NULL,
    modified_by bigint DEFAULT '-1'::integer NOT NULL,
    modified_time timestamp with time zone NOT NULL,
    internal_comment text
);


--
-- Name: TABLE documents; Type: COMMENT; Schema: docprod; Owner: -
--

COMMENT ON TABLE docprod.documents IS 'Top-level information about documents.';


--
-- Name: documents_id_seq; Type: SEQUENCE; Schema: docprod; Owner: -
--

ALTER TABLE docprod.documents ALTER COLUMN id ADD GENERATED BY DEFAULT AS IDENTITY (
    SEQUENCE NAME docprod.documents_id_seq
    START WITH 1
    INCREMENT BY 1
    NO MINVALUE
    NO MAXVALUE
    CACHE 1
);


--
-- Name: variable_image_values; Type: TABLE; Schema: docprod; Owner: -
--

CREATE TABLE docprod.variable_image_values (
    variable_value_id bigint NOT NULL,
    variable_id bigint NOT NULL,
    variable_type_id integer NOT NULL,
    file_id bigint NOT NULL,
    caption text,
    CONSTRAINT variable_image_values_variable_type_id_check CHECK ((variable_type_id = 4))
);


--
-- Name: TABLE variable_image_values; Type: COMMENT; Schema: docprod; Owner: -
--

COMMENT ON TABLE docprod.variable_image_values IS 'Linking table that defines which image files are values of which variables.';


--
-- Name: variable_injection_display_styles; Type: TABLE; Schema: docprod; Owner: -
--

CREATE TABLE docprod.variable_injection_display_styles (
    id integer NOT NULL,
    name text NOT NULL
);


--
-- Name: TABLE variable_injection_display_styles; Type: COMMENT; Schema: docprod; Owner: -
--

COMMENT ON TABLE docprod.variable_injection_display_styles IS '(Enum) For injected variables, whether to render them as text fragments that are suitable for including in paragraphs or as separate items on the page. Analogous to the inline/block display styles in CSS. Not applicable to all variable types.';


--
-- Name: variable_manifest_entries; Type: TABLE; Schema: docprod; Owner: -
--

CREATE TABLE docprod.variable_manifest_entries (
    variable_manifest_id bigint NOT NULL,
    variable_id bigint NOT NULL,
    "position" integer NOT NULL
);


--
-- Name: TABLE variable_manifest_entries; Type: COMMENT; Schema: docprod; Owner: -
--

COMMENT ON TABLE docprod.variable_manifest_entries IS 'Linking table that defines which variables appear in which manifests and in what order.';


--
-- Name: variable_manifests; Type: TABLE; Schema: docprod; Owner: -
--

CREATE TABLE docprod.variable_manifests (
    id bigint NOT NULL,
    document_template_id bigint NOT NULL,
    created_by bigint DEFAULT '-1'::integer NOT NULL,
    created_time timestamp with time zone NOT NULL
);


--
-- Name: TABLE variable_manifests; Type: COMMENT; Schema: docprod; Owner: -
--

COMMENT ON TABLE docprod.variable_manifests IS 'A collection of the definitions of the variables for a document template. This is how we do versioning of variable definitions. Each revision of the variable definitions is represented as a new manifest.';


--
-- Name: variable_manifests_id_seq; Type: SEQUENCE; Schema: docprod; Owner: -
--

ALTER TABLE docprod.variable_manifests ALTER COLUMN id ADD GENERATED BY DEFAULT AS IDENTITY (
    SEQUENCE NAME docprod.variable_manifests_id_seq
    START WITH 1
    INCREMENT BY 1
    NO MINVALUE
    NO MAXVALUE
    CACHE 1
);


--
-- Name: variable_numbers; Type: TABLE; Schema: docprod; Owner: -
--

CREATE TABLE docprod.variable_numbers (
    variable_id bigint NOT NULL,
    variable_type_id integer NOT NULL,
    min_value numeric,
    max_value numeric,
    decimal_places integer,
    CONSTRAINT variable_numbers_variable_type_id_check CHECK ((variable_type_id = 1))
);


--
-- Name: TABLE variable_numbers; Type: COMMENT; Schema: docprod; Owner: -
--

COMMENT ON TABLE docprod.variable_numbers IS 'Information about number variables that is not relevant for other variable types.';


--
-- Name: variable_owners; Type: TABLE; Schema: docprod; Owner: -
--

CREATE TABLE docprod.variable_owners (
    project_id bigint NOT NULL,
    variable_id bigint NOT NULL,
    owned_by bigint NOT NULL
);


--
-- Name: TABLE variable_owners; Type: COMMENT; Schema: docprod; Owner: -
--

COMMENT ON TABLE docprod.variable_owners IS 'Which internal users are responsible for reviewing the values of which variables for which projects.';


--
-- Name: variable_section_default_values; Type: TABLE; Schema: docprod; Owner: -
--

CREATE TABLE docprod.variable_section_default_values (
    id bigint NOT NULL,
    variable_id bigint NOT NULL,
    variable_type_id integer NOT NULL,
    variable_manifest_id bigint NOT NULL,
    list_position integer NOT NULL,
    text_value text,
    used_variable_id bigint,
    used_variable_type_id integer,
    usage_type_id integer,
    display_style_id integer,
    CONSTRAINT cannot_have_both_text_and_reference CHECK (((text_value IS NULL) OR (used_variable_id IS NULL))),
    CONSTRAINT cannot_reference_other_sections CHECK (((used_variable_type_id IS NULL) OR (used_variable_type_id <> 8))),
    CONSTRAINT must_have_text_or_reference CHECK (((text_value IS NOT NULL) OR (used_variable_id IS NOT NULL))),
    CONSTRAINT variable_section_default_values_variable_type_id_check CHECK ((variable_type_id = 8))
);


--
-- Name: TABLE variable_section_default_values; Type: COMMENT; Schema: docprod; Owner: -
--

COMMENT ON TABLE docprod.variable_section_default_values IS 'Section values that are set by default on newly-created documents.';


--
-- Name: variable_section_default_values_id_seq; Type: SEQUENCE; Schema: docprod; Owner: -
--

ALTER TABLE docprod.variable_section_default_values ALTER COLUMN id ADD GENERATED BY DEFAULT AS IDENTITY (
    SEQUENCE NAME docprod.variable_section_default_values_id_seq
    START WITH 1
    INCREMENT BY 1
    NO MINVALUE
    NO MAXVALUE
    CACHE 1
);


--
-- Name: variable_section_recommendations; Type: TABLE; Schema: docprod; Owner: -
--

CREATE TABLE docprod.variable_section_recommendations (
    section_variable_id bigint NOT NULL,
    section_variable_type_id integer NOT NULL,
    recommended_variable_id bigint NOT NULL,
    variable_manifest_id bigint NOT NULL,
    CONSTRAINT variable_section_recommendations_section_variable_type_id_check CHECK ((section_variable_type_id = 8))
);


--
-- Name: TABLE variable_section_recommendations; Type: COMMENT; Schema: docprod; Owner: -
--

COMMENT ON TABLE docprod.variable_section_recommendations IS 'Which sections recommend using which other variables. Can vary between manifests.';


--
-- Name: variable_section_values; Type: TABLE; Schema: docprod; Owner: -
--

CREATE TABLE docprod.variable_section_values (
    variable_value_id bigint NOT NULL,
    variable_id bigint NOT NULL,
    variable_type_id integer NOT NULL,
    usage_type_id integer,
    text_value text,
    used_variable_id bigint,
    used_variable_type_id integer,
    display_style_id integer,
    CONSTRAINT cannot_have_both_text_and_reference CHECK (((text_value IS NULL) OR (used_variable_id IS NULL))),
    CONSTRAINT cannot_inject_sections CHECK ((NOT ((usage_type_id = 1) AND (used_variable_type_id = 8)))),
    CONSTRAINT cannot_reference_other_sections CHECK (((used_variable_type_id IS NULL) OR (used_variable_type_id <> 8))),
    CONSTRAINT injection_has_display_style CHECK (((usage_type_id = 1) = (display_style_id IS NOT NULL))),
    CONSTRAINT must_have_text_or_reference CHECK (((text_value IS NOT NULL) OR (used_variable_id IS NOT NULL))),
    CONSTRAINT reference_only_for_figures_and_sections CHECK (((usage_type_id <> 2) OR (used_variable_type_id = ANY (ARRAY[4, 6, 8])))),
    CONSTRAINT usages_must_have_types CHECK (((used_variable_id IS NULL) = (usage_type_id IS NULL)))
);


--
-- Name: TABLE variable_section_values; Type: COMMENT; Schema: docprod; Owner: -
--

COMMENT ON TABLE docprod.variable_section_values IS 'Fragments of the contents of document sections. Each fragment is either a block of text or a usage of a variable; they are assembled in order to render the contents of the section.';


--
-- Name: variable_sections; Type: TABLE; Schema: docprod; Owner: -
--

CREATE TABLE docprod.variable_sections (
    variable_id bigint NOT NULL,
    variable_type_id integer NOT NULL,
    parent_variable_id bigint,
    parent_variable_type_id integer,
    render_heading boolean DEFAULT true NOT NULL,
    CONSTRAINT variable_sections_parent_variable_type_id_check CHECK (((parent_variable_type_id IS NULL) OR (parent_variable_type_id = 8))),
    CONSTRAINT variable_sections_variable_type_id_check CHECK ((variable_type_id = 8))
);


--
-- Name: TABLE variable_sections; Type: COMMENT; Schema: docprod; Owner: -
--

COMMENT ON TABLE docprod.variable_sections IS 'Hierarchy of sections that define the structure of the rendered document.';


--
-- Name: COLUMN variable_sections.render_heading; Type: COMMENT; Schema: docprod; Owner: -
--

COMMENT ON COLUMN docprod.variable_sections.render_heading IS 'If false, the title is not included in the rendered document. False in cases where we want a single section to have multiple content blocks; in that case, we add them as child sections with this flag set to false.';


--
-- Name: variable_select_option_values; Type: TABLE; Schema: docprod; Owner: -
--

CREATE TABLE docprod.variable_select_option_values (
    variable_value_id bigint NOT NULL,
    variable_id bigint NOT NULL,
    variable_type_id integer NOT NULL,
    option_id bigint NOT NULL,
    CONSTRAINT variable_select_option_values_variable_type_id_check CHECK ((variable_type_id = 5))
);


--
-- Name: TABLE variable_select_option_values; Type: COMMENT; Schema: docprod; Owner: -
--

COMMENT ON TABLE docprod.variable_select_option_values IS 'The options of a select variable that are selected in a document. Options that are not selected do not appear in this table.';


--
-- Name: variable_select_options; Type: TABLE; Schema: docprod; Owner: -
--

CREATE TABLE docprod.variable_select_options (
    id bigint NOT NULL,
    variable_id bigint NOT NULL,
    variable_type_id integer NOT NULL,
    "position" integer NOT NULL,
    name text NOT NULL,
    description text,
    rendered_text text
);


--
-- Name: TABLE variable_select_options; Type: COMMENT; Schema: docprod; Owner: -
--

COMMENT ON TABLE docprod.variable_select_options IS 'Available options for select variables.';


--
-- Name: COLUMN variable_select_options.rendered_text; Type: COMMENT; Schema: docprod; Owner: -
--

COMMENT ON COLUMN docprod.variable_select_options.rendered_text IS 'What text should be rendered in the document when this option is selected. Null if the option''s name should be rendered.';


--
-- Name: variable_select_options_id_seq; Type: SEQUENCE; Schema: docprod; Owner: -
--

ALTER TABLE docprod.variable_select_options ALTER COLUMN id ADD GENERATED BY DEFAULT AS IDENTITY (
    SEQUENCE NAME docprod.variable_select_options_id_seq
    START WITH 1
    INCREMENT BY 1
    NO MINVALUE
    NO MAXVALUE
    CACHE 1
);


--
-- Name: variable_table_columns; Type: TABLE; Schema: docprod; Owner: -
--

CREATE TABLE docprod.variable_table_columns (
    variable_id bigint NOT NULL,
    table_variable_id bigint NOT NULL,
    table_variable_type_id integer NOT NULL,
    "position" integer NOT NULL,
    is_header boolean NOT NULL,
    CONSTRAINT variable_table_columns_table_variable_type_id_check CHECK ((table_variable_type_id = 6))
);


--
-- Name: TABLE variable_table_columns; Type: COMMENT; Schema: docprod; Owner: -
--

COMMENT ON TABLE docprod.variable_table_columns IS 'The order of the columns in a table. Each column must be a variable whose parent is the table.';


--
-- Name: variable_table_styles; Type: TABLE; Schema: docprod; Owner: -
--

CREATE TABLE docprod.variable_table_styles (
    id integer NOT NULL,
    name text NOT NULL
);


--
-- Name: TABLE variable_table_styles; Type: COMMENT; Schema: docprod; Owner: -
--

COMMENT ON TABLE docprod.variable_table_styles IS '(Enum) How a table should be rendered visually in the document.';


--
-- Name: variable_tables; Type: TABLE; Schema: docprod; Owner: -
--

CREATE TABLE docprod.variable_tables (
    variable_id bigint NOT NULL,
    variable_type_id integer NOT NULL,
    table_style_id integer NOT NULL,
    CONSTRAINT variable_tables_variable_type_id_check CHECK ((variable_type_id = 6))
);


--
-- Name: TABLE variable_tables; Type: COMMENT; Schema: docprod; Owner: -
--

COMMENT ON TABLE docprod.variable_tables IS 'Information about tables that is not relevant for other variable types.';


--
-- Name: variable_text_types; Type: TABLE; Schema: docprod; Owner: -
--

CREATE TABLE docprod.variable_text_types (
    id integer NOT NULL,
    name text NOT NULL
);


--
-- Name: TABLE variable_text_types; Type: COMMENT; Schema: docprod; Owner: -
--

COMMENT ON TABLE docprod.variable_text_types IS '(Enum) Types of text stored in a text variable field.';


--
-- Name: variable_texts; Type: TABLE; Schema: docprod; Owner: -
--

CREATE TABLE docprod.variable_texts (
    variable_id bigint NOT NULL,
    variable_type_id integer NOT NULL,
    variable_text_type_id integer NOT NULL,
    CONSTRAINT variable_texts_variable_type_id_check CHECK ((variable_type_id = 2))
);


--
-- Name: TABLE variable_texts; Type: COMMENT; Schema: docprod; Owner: -
--

COMMENT ON TABLE docprod.variable_texts IS 'Information about text variables that is not relevant for other variable types.';


--
-- Name: variable_types; Type: TABLE; Schema: docprod; Owner: -
--

CREATE TABLE docprod.variable_types (
    id integer NOT NULL,
    name text NOT NULL
);


--
-- Name: TABLE variable_types; Type: COMMENT; Schema: docprod; Owner: -
--

COMMENT ON TABLE docprod.variable_types IS '(Enum) Data types that can be assigned to variables.';


--
-- Name: variable_usage_types; Type: TABLE; Schema: docprod; Owner: -
--

CREATE TABLE docprod.variable_usage_types (
    id integer NOT NULL,
    name text NOT NULL
);


--
-- Name: TABLE variable_usage_types; Type: COMMENT; Schema: docprod; Owner: -
--

COMMENT ON TABLE docprod.variable_usage_types IS '(Enum) When a variable is used in a section, whether to inject the value of the variable or the location where the value is injected elsewhere in the doc.';


--
-- Name: variable_value_table_rows; Type: TABLE; Schema: docprod; Owner: -
--

CREATE TABLE docprod.variable_value_table_rows (
    id bigint NOT NULL,
    variable_value_id bigint NOT NULL,
    table_row_value_id bigint NOT NULL
);


--
-- Name: TABLE variable_value_table_rows; Type: COMMENT; Schema: docprod; Owner: -
--

COMMENT ON TABLE docprod.variable_value_table_rows IS 'Linking table that defines which variable values are in which rows of a table.';


--
-- Name: variable_value_table_rows_id_seq; Type: SEQUENCE; Schema: docprod; Owner: -
--

ALTER TABLE docprod.variable_value_table_rows ALTER COLUMN id ADD GENERATED BY DEFAULT AS IDENTITY (
    SEQUENCE NAME docprod.variable_value_table_rows_id_seq
    START WITH 1
    INCREMENT BY 1
    NO MINVALUE
    NO MAXVALUE
    CACHE 1
);


--
-- Name: variable_values_id_seq; Type: SEQUENCE; Schema: docprod; Owner: -
--

ALTER TABLE docprod.variable_values ALTER COLUMN id ADD GENERATED BY DEFAULT AS IDENTITY (
    SEQUENCE NAME docprod.variable_values_id_seq
    START WITH 1
    INCREMENT BY 1
    NO MINVALUE
    NO MAXVALUE
    CACHE 1
);


--
-- Name: variable_workflow_history; Type: TABLE; Schema: docprod; Owner: -
--

CREATE TABLE docprod.variable_workflow_history (
    id bigint NOT NULL,
    project_id bigint NOT NULL,
    variable_id bigint NOT NULL,
    max_variable_value_id bigint NOT NULL,
    created_by bigint NOT NULL,
    created_time timestamp with time zone NOT NULL,
    variable_workflow_status_id integer NOT NULL,
    feedback text,
    internal_comment text
);


--
-- Name: TABLE variable_workflow_history; Type: COMMENT; Schema: docprod; Owner: -
--

COMMENT ON TABLE docprod.variable_workflow_history IS 'History of changes to the workflow details for a variable in a project. This table is append-only; edits to the values are represented as new rows, and the row with the highest ID for a given project and variable ID holds the current workflow details for that variable.';


--
-- Name: COLUMN variable_workflow_history.max_variable_value_id; Type: COMMENT; Schema: docprod; Owner: -
--

COMMENT ON COLUMN docprod.variable_workflow_history.max_variable_value_id IS 'The highest variable value ID at the time the workflow operation happened. This is to support fetching the variable value as it existed at the time of the workflow operation. This ID is not required to be a value of the variable referenced by `variable_id` (it can be the maximum value ID for the project as a whole).';


--
-- Name: variable_workflow_history_id_seq; Type: SEQUENCE; Schema: docprod; Owner: -
--

ALTER TABLE docprod.variable_workflow_history ALTER COLUMN id ADD GENERATED BY DEFAULT AS IDENTITY (
    SEQUENCE NAME docprod.variable_workflow_history_id_seq
    START WITH 1
    INCREMENT BY 1
    NO MINVALUE
    NO MAXVALUE
    CACHE 1
);


--
-- Name: variable_workflow_statuses; Type: TABLE; Schema: docprod; Owner: -
--

CREATE TABLE docprod.variable_workflow_statuses (
    id integer NOT NULL,
    name text NOT NULL
);


--
-- Name: TABLE variable_workflow_statuses; Type: COMMENT; Schema: docprod; Owner: -
--

COMMENT ON TABLE docprod.variable_workflow_statuses IS '(Enum) Workflow statuses of variables in projects. The list of valid statuses depends on the variable type.';


--
-- Name: variables_id_seq; Type: SEQUENCE; Schema: docprod; Owner: -
--

ALTER TABLE docprod.variables ALTER COLUMN id ADD GENERATED BY DEFAULT AS IDENTITY (
    SEQUENCE NAME docprod.variables_id_seq
    START WITH 1
    INCREMENT BY 1
    NO MINVALUE
    NO MAXVALUE
    CACHE 1
);


--
-- Name: funding_entities; Type: TABLE; Schema: funder; Owner: -
--

CREATE TABLE funder.funding_entities (
    id bigint NOT NULL,
    name text NOT NULL,
    created_by bigint NOT NULL,
    created_time timestamp with time zone NOT NULL,
    modified_by bigint NOT NULL,
    modified_time timestamp with time zone NOT NULL
);


--
-- Name: TABLE funding_entities; Type: COMMENT; Schema: funder; Owner: -
--

COMMENT ON TABLE funder.funding_entities IS 'Top-level information about Funding Entities for Funders.';


--
-- Name: funding_entities_id_seq; Type: SEQUENCE; Schema: funder; Owner: -
--

ALTER TABLE funder.funding_entities ALTER COLUMN id ADD GENERATED BY DEFAULT AS IDENTITY (
    SEQUENCE NAME funder.funding_entities_id_seq
    START WITH 1
    INCREMENT BY 1
    NO MINVALUE
    NO MAXVALUE
    CACHE 1
);


--
-- Name: funding_entity_projects; Type: TABLE; Schema: funder; Owner: -
--

CREATE TABLE funder.funding_entity_projects (
    funding_entity_id bigint NOT NULL,
    project_id bigint NOT NULL
);


--
-- Name: TABLE funding_entity_projects; Type: COMMENT; Schema: funder; Owner: -
--

COMMENT ON TABLE funder.funding_entity_projects IS 'Which funding entities are associated with which projects.';


--
-- Name: funding_entity_users; Type: TABLE; Schema: funder; Owner: -
--

CREATE TABLE funder.funding_entity_users (
    user_id bigint NOT NULL,
    funding_entity_id bigint NOT NULL
);


--
-- Name: TABLE funding_entity_users; Type: COMMENT; Schema: funder; Owner: -
--

COMMENT ON TABLE funder.funding_entity_users IS 'Funding Entity membership.';


--
-- Name: published_activities; Type: TABLE; Schema: funder; Owner: -
--

CREATE TABLE funder.published_activities (
    activity_id bigint NOT NULL,
    project_id bigint NOT NULL,
    activity_type_id integer NOT NULL,
    activity_date date NOT NULL,
    description text NOT NULL,
    is_highlight boolean NOT NULL,
    published_by bigint NOT NULL,
    published_time timestamp with time zone NOT NULL
);


--
-- Name: TABLE published_activities; Type: COMMENT; Schema: funder; Owner: -
--

COMMENT ON TABLE funder.published_activities IS 'Published project activities visible to funders.';


--
-- Name: published_activity_media_files; Type: TABLE; Schema: funder; Owner: -
--

CREATE TABLE funder.published_activity_media_files (
    file_id bigint NOT NULL,
    activity_id bigint NOT NULL,
    activity_media_type_id integer NOT NULL,
    is_cover_photo boolean NOT NULL,
    is_hidden_on_map boolean NOT NULL,
    list_position integer NOT NULL,
    caption text
);


--
-- Name: TABLE published_activity_media_files; Type: COMMENT; Schema: funder; Owner: -
--

COMMENT ON TABLE funder.published_activity_media_files IS 'Media files for published project activities visible to funders. It is possible for a file to continue to appear here after it has been removed from the activity if the removal has not been published yet.';


--
-- Name: published_project_carbon_certs; Type: TABLE; Schema: funder; Owner: -
--

CREATE TABLE funder.published_project_carbon_certs (
    project_id bigint NOT NULL,
    carbon_certification text NOT NULL
);


--
-- Name: TABLE published_project_carbon_certs; Type: COMMENT; Schema: funder; Owner: -
--

COMMENT ON TABLE funder.published_project_carbon_certs IS 'Carbon Certifications for published projects.';


--
-- Name: published_project_details; Type: TABLE; Schema: funder; Owner: -
--

CREATE TABLE funder.published_project_details (
    project_id bigint NOT NULL,
    accumulation_rate numeric,
    annual_carbon numeric,
    country_code text,
    deal_description text,
    deal_name text,
    methodology_number text,
    min_project_area numeric,
    num_native_species integer,
    per_hectare_estimated_budget numeric,
    project_area numeric,
    project_highlight_photo_value_id bigint,
    project_zone_figure_value_id bigint,
    standard text,
    tf_reforestable_land numeric,
    total_expansion_potential numeric,
    total_vcu numeric,
    verra_link text,
    published_by bigint NOT NULL,
    published_time timestamp with time zone NOT NULL
);


--
-- Name: TABLE published_project_details; Type: COMMENT; Schema: funder; Owner: -
--

COMMENT ON TABLE funder.published_project_details IS 'Published Project Data visible to funders.';


--
-- Name: published_project_land_use; Type: TABLE; Schema: funder; Owner: -
--

CREATE TABLE funder.published_project_land_use (
    project_id bigint NOT NULL,
    land_use_model_type_id integer NOT NULL,
    land_use_model_hectares numeric
);


--
-- Name: TABLE published_project_land_use; Type: COMMENT; Schema: funder; Owner: -
--

COMMENT ON TABLE funder.published_project_land_use IS 'Land Use Model Types and hectares of each for published projects.';


--
-- Name: published_project_sdg; Type: TABLE; Schema: funder; Owner: -
--

CREATE TABLE funder.published_project_sdg (
    project_id bigint NOT NULL,
    sdg_number integer NOT NULL
);


--
-- Name: TABLE published_project_sdg; Type: COMMENT; Schema: funder; Owner: -
--

COMMENT ON TABLE funder.published_project_sdg IS 'Sustainable Development Goals for published projects.';


--
-- Name: published_report_achievements; Type: TABLE; Schema: funder; Owner: -
--

CREATE TABLE funder.published_report_achievements (
    report_id bigint NOT NULL,
    "position" integer NOT NULL,
    achievement text NOT NULL,
    CONSTRAINT published_report_achievements_position_check CHECK (("position" >= 0))
);


--
-- Name: TABLE published_report_achievements; Type: COMMENT; Schema: funder; Owner: -
--

COMMENT ON TABLE funder.published_report_achievements IS 'Achievements of published reports.';


--
-- Name: published_report_challenges; Type: TABLE; Schema: funder; Owner: -
--

CREATE TABLE funder.published_report_challenges (
    report_id bigint NOT NULL,
    "position" integer NOT NULL,
    challenge text NOT NULL,
    mitigation_plan text NOT NULL,
    CONSTRAINT published_report_challenges_position_check CHECK (("position" >= 0))
);


--
-- Name: TABLE published_report_challenges; Type: COMMENT; Schema: funder; Owner: -
--

COMMENT ON TABLE funder.published_report_challenges IS 'Challenges and mitigation plans of published reports.';


--
-- Name: published_report_photos; Type: TABLE; Schema: funder; Owner: -
--

CREATE TABLE funder.published_report_photos (
    file_id bigint NOT NULL,
    report_id bigint NOT NULL,
    caption text
);


--
-- Name: TABLE published_report_photos; Type: COMMENT; Schema: funder; Owner: -
--

COMMENT ON TABLE funder.published_report_photos IS 'Photos for the published accelerator project report.';


--
-- Name: published_report_project_metrics; Type: TABLE; Schema: funder; Owner: -
--

CREATE TABLE funder.published_report_project_metrics (
    report_id bigint NOT NULL,
    project_metric_id bigint NOT NULL,
    target integer,
    value integer,
    projects_comments text,
    status_id integer,
    progress_notes text
);


--
-- Name: TABLE published_report_project_metrics; Type: COMMENT; Schema: funder; Owner: -
--

COMMENT ON TABLE funder.published_report_project_metrics IS 'Project-specific metrics of published reports.';


--
-- Name: published_report_standard_metrics; Type: TABLE; Schema: funder; Owner: -
--

CREATE TABLE funder.published_report_standard_metrics (
    report_id bigint NOT NULL,
    standard_metric_id bigint NOT NULL,
    target integer,
    value integer,
    projects_comments text,
    status_id integer,
    progress_notes text
);


--
-- Name: TABLE published_report_standard_metrics; Type: COMMENT; Schema: funder; Owner: -
--

COMMENT ON TABLE funder.published_report_standard_metrics IS 'Standard metrics of published reports.';


--
-- Name: published_report_system_metrics; Type: TABLE; Schema: funder; Owner: -
--

CREATE TABLE funder.published_report_system_metrics (
    report_id bigint NOT NULL,
    system_metric_id integer NOT NULL,
    target integer,
    value integer,
    projects_comments text,
    status_id integer,
    progress_notes text
);


--
-- Name: TABLE published_report_system_metrics; Type: COMMENT; Schema: funder; Owner: -
--

COMMENT ON TABLE funder.published_report_system_metrics IS 'System metrics of published reports.';


--
-- Name: published_reports; Type: TABLE; Schema: funder; Owner: -
--

CREATE TABLE funder.published_reports (
    report_id bigint NOT NULL,
    project_id bigint NOT NULL,
    report_frequency_id integer NOT NULL,
    report_quarter_id integer,
    start_date date NOT NULL,
    end_date date NOT NULL,
    highlights text,
    published_by bigint NOT NULL,
    published_time timestamp with time zone NOT NULL,
    financial_summaries text,
    additional_comments text,
    CONSTRAINT published_reports_check CHECK ((end_date > start_date))
);


--
-- Name: TABLE published_reports; Type: COMMENT; Schema: funder; Owner: -
--

COMMENT ON TABLE funder.published_reports IS 'Published reports visible to funders.';


--
-- Name: batch_details_history; Type: TABLE; Schema: nursery; Owner: -
--

CREATE TABLE nursery.batch_details_history (
    id bigint NOT NULL,
    batch_id bigint NOT NULL,
    version integer NOT NULL,
    created_by bigint NOT NULL,
    created_time timestamp with time zone NOT NULL,
    notes text,
    ready_by_date date,
    project_id bigint,
    project_name text,
    substrate_id integer,
    substrate_notes text,
    treatment_id integer,
    treatment_notes text,
    germination_started_date date,
    seeds_sown_date date
);


--
-- Name: TABLE batch_details_history; Type: COMMENT; Schema: nursery; Owner: -
--

COMMENT ON TABLE nursery.batch_details_history IS 'Record of changes of user-editable attributes of each nursery batch.';


--
-- Name: COLUMN batch_details_history.project_name; Type: COMMENT; Schema: nursery; Owner: -
--

COMMENT ON COLUMN nursery.batch_details_history.project_name IS 'Name of project as of the time the batch was edited. Not updated if project is later renamed.';


--
-- Name: batch_details_history_id_seq; Type: SEQUENCE; Schema: nursery; Owner: -
--

ALTER TABLE nursery.batch_details_history ALTER COLUMN id ADD GENERATED BY DEFAULT AS IDENTITY (
    SEQUENCE NAME nursery.batch_details_history_id_seq
    START WITH 1
    INCREMENT BY 1
    NO MINVALUE
    NO MAXVALUE
    CACHE 1
);


--
-- Name: batch_details_history_sub_locations; Type: TABLE; Schema: nursery; Owner: -
--

CREATE TABLE nursery.batch_details_history_sub_locations (
    batch_details_history_id bigint NOT NULL,
    sub_location_id bigint NOT NULL,
    sub_location_name text NOT NULL
);


--
-- Name: TABLE batch_details_history_sub_locations; Type: COMMENT; Schema: nursery; Owner: -
--

COMMENT ON TABLE nursery.batch_details_history_sub_locations IS 'Record of changes to sub-locations of each nursery batch.';


--
-- Name: COLUMN batch_details_history_sub_locations.sub_location_name; Type: COMMENT; Schema: nursery; Owner: -
--

COMMENT ON COLUMN nursery.batch_details_history_sub_locations.sub_location_name IS 'Name of sub-location as of the time the batch was edited. Not updated if sub-location is later renamed.';


--
-- Name: batch_photos; Type: TABLE; Schema: nursery; Owner: -
--

CREATE TABLE nursery.batch_photos (
    id bigint NOT NULL,
    batch_id bigint NOT NULL,
    file_id bigint,
    created_by bigint NOT NULL,
    created_time timestamp with time zone NOT NULL,
    deleted_by bigint,
    deleted_time timestamp with time zone
);


--
-- Name: TABLE batch_photos; Type: COMMENT; Schema: nursery; Owner: -
--

COMMENT ON TABLE nursery.batch_photos IS 'Information about photos of batches.';


--
-- Name: COLUMN batch_photos.file_id; Type: COMMENT; Schema: nursery; Owner: -
--

COMMENT ON COLUMN nursery.batch_photos.file_id IS 'File ID if the photo exists. Null if the photo has been deleted.';


--
-- Name: batch_photos_id_seq; Type: SEQUENCE; Schema: nursery; Owner: -
--

ALTER TABLE nursery.batch_photos ALTER COLUMN id ADD GENERATED BY DEFAULT AS IDENTITY (
    SEQUENCE NAME nursery.batch_photos_id_seq
    START WITH 1
    INCREMENT BY 1
    NO MINVALUE
    NO MAXVALUE
    CACHE 1
);


--
-- Name: batch_quantity_history; Type: TABLE; Schema: nursery; Owner: -
--

CREATE TABLE nursery.batch_quantity_history (
    id bigint NOT NULL,
    batch_id bigint NOT NULL,
    history_type_id integer NOT NULL,
    created_by bigint NOT NULL,
    created_time timestamp with time zone NOT NULL,
    germinating_quantity integer NOT NULL,
    active_growth_quantity integer NOT NULL,
    ready_quantity integer NOT NULL,
    withdrawal_id bigint,
    version integer NOT NULL,
    hardening_off_quantity integer DEFAULT 0 NOT NULL,
    CONSTRAINT batch_quantity_history_germinating_quantity_check CHECK ((germinating_quantity >= 0)),
    CONSTRAINT batch_quantity_history_not_ready_quantity_check CHECK ((active_growth_quantity >= 0)),
    CONSTRAINT batch_quantity_history_ready_quantity_check CHECK ((ready_quantity >= 0))
);


--
-- Name: TABLE batch_quantity_history; Type: COMMENT; Schema: nursery; Owner: -
--

COMMENT ON TABLE nursery.batch_quantity_history IS 'Record of changes of seedling quantities in each nursery batch.';


--
-- Name: COLUMN batch_quantity_history.batch_id; Type: COMMENT; Schema: nursery; Owner: -
--

COMMENT ON COLUMN nursery.batch_quantity_history.batch_id IS 'Which batch''s quantities were changed.';


--
-- Name: COLUMN batch_quantity_history.history_type_id; Type: COMMENT; Schema: nursery; Owner: -
--

COMMENT ON COLUMN nursery.batch_quantity_history.history_type_id IS 'Type of operation that resulted in the change in quantities.';


--
-- Name: COLUMN batch_quantity_history.created_by; Type: COMMENT; Schema: nursery; Owner: -
--

COMMENT ON COLUMN nursery.batch_quantity_history.created_by IS 'Which user triggered the change in quantities. "Created" here refers to the history row, not the batch.';


--
-- Name: COLUMN batch_quantity_history.created_time; Type: COMMENT; Schema: nursery; Owner: -
--

COMMENT ON COLUMN nursery.batch_quantity_history.created_time IS 'When the change in quantities happened. "Created" here refers to the history row, not the batch.';


--
-- Name: COLUMN batch_quantity_history.germinating_quantity; Type: COMMENT; Schema: nursery; Owner: -
--

COMMENT ON COLUMN nursery.batch_quantity_history.germinating_quantity IS 'New number of germinating seedlings in the batch.';


--
-- Name: COLUMN batch_quantity_history.active_growth_quantity; Type: COMMENT; Schema: nursery; Owner: -
--

COMMENT ON COLUMN nursery.batch_quantity_history.active_growth_quantity IS 'New number of active-growth-for-planting seedlings in the batch.';


--
-- Name: COLUMN batch_quantity_history.ready_quantity; Type: COMMENT; Schema: nursery; Owner: -
--

COMMENT ON COLUMN nursery.batch_quantity_history.ready_quantity IS 'New number of ready-for-planting seedlings in the batch.';


--
-- Name: COLUMN batch_quantity_history.withdrawal_id; Type: COMMENT; Schema: nursery; Owner: -
--

COMMENT ON COLUMN nursery.batch_quantity_history.withdrawal_id IS 'If this change in quantity was due to a withdrawal from the batch, the withdrawal''s ID.';


--
-- Name: COLUMN batch_quantity_history.hardening_off_quantity; Type: COMMENT; Schema: nursery; Owner: -
--

COMMENT ON COLUMN nursery.batch_quantity_history.hardening_off_quantity IS 'New number of hardening-off seedlings in the batch.';


--
-- Name: batch_quantity_history_id_seq; Type: SEQUENCE; Schema: nursery; Owner: -
--

ALTER TABLE nursery.batch_quantity_history ALTER COLUMN id ADD GENERATED BY DEFAULT AS IDENTITY (
    SEQUENCE NAME nursery.batch_quantity_history_id_seq
    START WITH 1
    INCREMENT BY 1
    NO MINVALUE
    NO MAXVALUE
    CACHE 1
);


--
-- Name: batch_quantity_history_types; Type: TABLE; Schema: nursery; Owner: -
--

CREATE TABLE nursery.batch_quantity_history_types (
    id integer NOT NULL,
    name text NOT NULL
);


--
-- Name: TABLE batch_quantity_history_types; Type: COMMENT; Schema: nursery; Owner: -
--

COMMENT ON TABLE nursery.batch_quantity_history_types IS '(Enum) Types of operations that can result in changes to remaining quantities of seedling batches.';


--
-- Name: batch_sub_locations; Type: TABLE; Schema: nursery; Owner: -
--

CREATE TABLE nursery.batch_sub_locations (
    batch_id bigint NOT NULL,
    sub_location_id bigint NOT NULL,
    facility_id bigint NOT NULL
);


--
-- Name: TABLE batch_sub_locations; Type: COMMENT; Schema: nursery; Owner: -
--

COMMENT ON TABLE nursery.batch_sub_locations IS 'Which batches are stored in which sub-locations.';


--
-- Name: batch_substrates; Type: TABLE; Schema: nursery; Owner: -
--

CREATE TABLE nursery.batch_substrates (
    id integer NOT NULL,
    name text NOT NULL
);


--
-- Name: TABLE batch_substrates; Type: COMMENT; Schema: nursery; Owner: -
--

COMMENT ON TABLE nursery.batch_substrates IS '(Enum) Substrates in which seedlings can be planted in a nursery.';


--
-- Name: batch_withdrawals; Type: TABLE; Schema: nursery; Owner: -
--

CREATE TABLE nursery.batch_withdrawals (
    batch_id bigint NOT NULL,
    withdrawal_id bigint NOT NULL,
    germinating_quantity_withdrawn integer NOT NULL,
    active_growth_quantity_withdrawn integer NOT NULL,
    ready_quantity_withdrawn integer NOT NULL,
    destination_batch_id bigint,
    hardening_off_quantity_withdrawn integer DEFAULT 0 NOT NULL,
    CONSTRAINT quantity_signs_consistent CHECK ((((germinating_quantity_withdrawn <= 0) AND (active_growth_quantity_withdrawn <= 0) AND (ready_quantity_withdrawn <= 0)) OR ((germinating_quantity_withdrawn >= 0) AND (active_growth_quantity_withdrawn >= 0) AND (ready_quantity_withdrawn >= 0))))
);


--
-- Name: TABLE batch_withdrawals; Type: COMMENT; Schema: nursery; Owner: -
--

COMMENT ON TABLE nursery.batch_withdrawals IS 'Number of seedlings withdrawn from each originating batch as part of a withdrawal.';


--
-- Name: COLUMN batch_withdrawals.batch_id; Type: COMMENT; Schema: nursery; Owner: -
--

COMMENT ON COLUMN nursery.batch_withdrawals.batch_id IS 'The batch from which the seedlings were withdrawn, also referred to as the originating batch.';


--
-- Name: COLUMN batch_withdrawals.withdrawal_id; Type: COMMENT; Schema: nursery; Owner: -
--

COMMENT ON COLUMN nursery.batch_withdrawals.withdrawal_id IS 'The withdrawal that removed seedlings from this batch. A withdrawal can come from multiple batches, in which case there will be more than one `batch_withdrawals` row with the same withdrawal ID.';


--
-- Name: COLUMN batch_withdrawals.germinating_quantity_withdrawn; Type: COMMENT; Schema: nursery; Owner: -
--

COMMENT ON COLUMN nursery.batch_withdrawals.germinating_quantity_withdrawn IS 'Number of germinating seedlings that were withdrawn from this batch. This is not necessarily the total number of seedlings in the withdrawal as a whole since a withdrawal can come from multiple batches.';


--
-- Name: COLUMN batch_withdrawals.active_growth_quantity_withdrawn; Type: COMMENT; Schema: nursery; Owner: -
--

COMMENT ON COLUMN nursery.batch_withdrawals.active_growth_quantity_withdrawn IS 'Number of active-growth-for-planting seedlings that were withdrawn from this batch. This is not necessarily the total number of seedlings in the withdrawal as a whole since a withdrawal can come from multiple batches.';


--
-- Name: COLUMN batch_withdrawals.ready_quantity_withdrawn; Type: COMMENT; Schema: nursery; Owner: -
--

COMMENT ON COLUMN nursery.batch_withdrawals.ready_quantity_withdrawn IS 'Number of ready-for-planting seedlings that were withdrawn from this batch. This is not necessarily the total number of seedlings in the withdrawal as a whole since a withdrawal can come from multiple batches.';


--
-- Name: COLUMN batch_withdrawals.destination_batch_id; Type: COMMENT; Schema: nursery; Owner: -
--

COMMENT ON COLUMN nursery.batch_withdrawals.destination_batch_id IS 'If the withdrawal was a nursery transfer, the batch that was created as a result. A withdrawal can have more than one originating batch; if they are of the same species, only one destination batch will be created and there will be multiple rows with the same `destination_batch_id`. May be null if the batch was subsequently deleted.';


--
-- Name: COLUMN batch_withdrawals.hardening_off_quantity_withdrawn; Type: COMMENT; Schema: nursery; Owner: -
--

COMMENT ON COLUMN nursery.batch_withdrawals.hardening_off_quantity_withdrawn IS 'Number of hardening-off seedlings that were withdrawn from this batch. This is not necessarily the total number of seedlings in the withdrawal as a whole since a withdrawal can come from multiple batches.';


--
-- Name: batches; Type: TABLE; Schema: nursery; Owner: -
--

CREATE TABLE nursery.batches (
    id bigint NOT NULL,
    version integer NOT NULL,
    organization_id bigint NOT NULL,
    facility_id bigint NOT NULL,
    species_id bigint NOT NULL,
    batch_number text NOT NULL,
    added_date date NOT NULL,
    germinating_quantity integer NOT NULL,
    active_growth_quantity integer NOT NULL,
    ready_quantity integer NOT NULL,
    latest_observed_germinating_quantity integer NOT NULL,
    latest_observed_active_growth_quantity integer NOT NULL,
    latest_observed_ready_quantity integer NOT NULL,
    latest_observed_time timestamp with time zone NOT NULL,
    created_by bigint NOT NULL,
    created_time timestamp with time zone NOT NULL,
    modified_by bigint NOT NULL,
    modified_time timestamp with time zone NOT NULL,
    notes text,
    ready_by_date date,
    accession_id bigint,
    project_id bigint,
    substrate_id integer,
    substrate_notes text,
    treatment_id integer,
    treatment_notes text,
    germination_rate integer,
    loss_rate integer,
    initial_batch_id bigint,
    total_germinated integer,
    total_germination_candidates integer,
    total_lost integer,
    total_loss_candidates integer,
    germination_started_date date,
    seeds_sown_date date,
    hardening_off_quantity integer DEFAULT 0 NOT NULL,
    latest_observed_hardening_off_quantity integer DEFAULT 0 NOT NULL,
    CONSTRAINT batches_germinating_quantity_check CHECK ((germinating_quantity >= 0)),
    CONSTRAINT batches_latest_observed_germinating_quantity_check CHECK ((latest_observed_germinating_quantity >= 0)),
    CONSTRAINT batches_latest_observed_not_ready_quantity_check CHECK ((latest_observed_active_growth_quantity >= 0)),
    CONSTRAINT batches_latest_observed_ready_quantity_check CHECK ((latest_observed_ready_quantity >= 0)),
    CONSTRAINT batches_not_ready_quantity_check CHECK ((active_growth_quantity >= 0)),
    CONSTRAINT batches_notes_check CHECK ((notes !~ similar_to_escape(' *'::text))),
    CONSTRAINT batches_ready_quantity_check CHECK ((ready_quantity >= 0)),
    CONSTRAINT batches_version_check CHECK ((version > 0))
);


--
-- Name: TABLE batches; Type: COMMENT; Schema: nursery; Owner: -
--

COMMENT ON TABLE nursery.batches IS 'Information about batches of seedlings at nurseries.';


--
-- Name: COLUMN batches.id; Type: COMMENT; Schema: nursery; Owner: -
--

COMMENT ON COLUMN nursery.batches.id IS 'Globally-unique internal identifier for the batch. Not typically presented to end users; "batch_number" is the user-facing identifier.';


--
-- Name: COLUMN batches.version; Type: COMMENT; Schema: nursery; Owner: -
--

COMMENT ON COLUMN nursery.batches.version IS 'Increases by 1 each time the batch is modified. Used to detect when clients have stale data about batches.';


--
-- Name: COLUMN batches.organization_id; Type: COMMENT; Schema: nursery; Owner: -
--

COMMENT ON COLUMN nursery.batches.organization_id IS 'Which organization owns the nursery where this batch is located.';


--
-- Name: COLUMN batches.facility_id; Type: COMMENT; Schema: nursery; Owner: -
--

COMMENT ON COLUMN nursery.batches.facility_id IS 'Which nursery contains the batch. Facility must be of type "Nursery" and under the same organization as the species ID (enforced in application code).';


--
-- Name: COLUMN batches.species_id; Type: COMMENT; Schema: nursery; Owner: -
--

COMMENT ON COLUMN nursery.batches.species_id IS 'Species of the batch''s plants. Must be under the same organization as the facility ID (enforced in application code).';


--
-- Name: COLUMN batches.batch_number; Type: COMMENT; Schema: nursery; Owner: -
--

COMMENT ON COLUMN nursery.batches.batch_number IS 'User-friendly unique (per organization) identifier for the batch. Not used internally or in API; "id" is the internal identifier.';


--
-- Name: COLUMN batches.added_date; Type: COMMENT; Schema: nursery; Owner: -
--

COMMENT ON COLUMN nursery.batches.added_date IS 'User-supplied date the batch was added to the nursery''s inventory.';


--
-- Name: COLUMN batches.germinating_quantity; Type: COMMENT; Schema: nursery; Owner: -
--

COMMENT ON COLUMN nursery.batches.germinating_quantity IS 'Number of germinating seedlings currently available in inventory. Withdrawals cause this to decrease.';


--
-- Name: COLUMN batches.active_growth_quantity; Type: COMMENT; Schema: nursery; Owner: -
--

COMMENT ON COLUMN nursery.batches.active_growth_quantity IS 'Number of active-growth-for-planting seedlings currently available in inventory. Withdrawals cause this to decrease.';


--
-- Name: COLUMN batches.ready_quantity; Type: COMMENT; Schema: nursery; Owner: -
--

COMMENT ON COLUMN nursery.batches.ready_quantity IS 'Number of ready-for-planting seedlings currently available in inventory. Withdrawals cause this to decrease.';


--
-- Name: COLUMN batches.latest_observed_germinating_quantity; Type: COMMENT; Schema: nursery; Owner: -
--

COMMENT ON COLUMN nursery.batches.latest_observed_germinating_quantity IS 'Latest user-observed number of germinating seedlings currently available in inventory. Withdrawals do not cause this to decrease.';


--
-- Name: COLUMN batches.latest_observed_active_growth_quantity; Type: COMMENT; Schema: nursery; Owner: -
--

COMMENT ON COLUMN nursery.batches.latest_observed_active_growth_quantity IS 'Latest user-observed number of active-growth-for-planting seedlings currently available in inventory. Withdrawals do not cause this to decrease.';


--
-- Name: COLUMN batches.latest_observed_ready_quantity; Type: COMMENT; Schema: nursery; Owner: -
--

COMMENT ON COLUMN nursery.batches.latest_observed_ready_quantity IS 'Latest user-observed number of ready-for-planting seedlings currently available in inventory. Withdrawals do not cause this to decrease.';


--
-- Name: COLUMN batches.latest_observed_time; Type: COMMENT; Schema: nursery; Owner: -
--

COMMENT ON COLUMN nursery.batches.latest_observed_time IS 'When the latest user observation of seedling quantities took place.';


--
-- Name: COLUMN batches.created_by; Type: COMMENT; Schema: nursery; Owner: -
--

COMMENT ON COLUMN nursery.batches.created_by IS 'Which user initially created the batch.';


--
-- Name: COLUMN batches.created_time; Type: COMMENT; Schema: nursery; Owner: -
--

COMMENT ON COLUMN nursery.batches.created_time IS 'When the batch was initially created.';


--
-- Name: COLUMN batches.modified_by; Type: COMMENT; Schema: nursery; Owner: -
--

COMMENT ON COLUMN nursery.batches.modified_by IS 'Which user most recently modified the batch, either directly or by creating a withdrawal.';


--
-- Name: COLUMN batches.modified_time; Type: COMMENT; Schema: nursery; Owner: -
--

COMMENT ON COLUMN nursery.batches.modified_time IS 'When the batch was most recently modified, either directly or by creating a withdrawal.';


--
-- Name: COLUMN batches.notes; Type: COMMENT; Schema: nursery; Owner: -
--

COMMENT ON COLUMN nursery.batches.notes IS 'User-supplied freeform notes about batch.';


--
-- Name: COLUMN batches.ready_by_date; Type: COMMENT; Schema: nursery; Owner: -
--

COMMENT ON COLUMN nursery.batches.ready_by_date IS 'User-supplied estimate of when the batch will be ready for planting.';


--
-- Name: COLUMN batches.accession_id; Type: COMMENT; Schema: nursery; Owner: -
--

COMMENT ON COLUMN nursery.batches.accession_id IS 'If the batch was created by a nursery transfer from a seed bank, the originating accession ID.';


--
-- Name: COLUMN batches.total_germinated; Type: COMMENT; Schema: nursery; Owner: -
--

COMMENT ON COLUMN nursery.batches.total_germinated IS 'Total number of seedlings that have moved from Germinating to Active Growth status over the lifetime of the batch. This is the numerator for the germination rate calculation.';


--
-- Name: COLUMN batches.total_germination_candidates; Type: COMMENT; Schema: nursery; Owner: -
--

COMMENT ON COLUMN nursery.batches.total_germination_candidates IS 'Total number of seedlings that have been candidates for moving from Germinating to Active Growth status. This includes seedlings that are already germinated and germinating seedlings that were withdrawn as Dead, but does not include germinating seedlings that were withdrawn for other reasons. This is the denominator for the germination rate calculation.';


--
-- Name: COLUMN batches.total_lost; Type: COMMENT; Schema: nursery; Owner: -
--

COMMENT ON COLUMN nursery.batches.total_lost IS 'Total number of non-germinating (Active Growth and Ready) seedlings that have been withdrawn as Dead. This is the numerator for the loss rate calculation.';


--
-- Name: COLUMN batches.total_loss_candidates; Type: COMMENT; Schema: nursery; Owner: -
--

COMMENT ON COLUMN nursery.batches.total_loss_candidates IS 'Total number of non-germinating (Active Growth and Ready) seedlings that have been candidates for being withdrawn as dead. This includes seedlings that are still in the batch, seedlings that were withdrawn for outplanting, and seedlings that were already withdrawn as dead, but does not include germinating seedlings or seedlings that were withdrawn for other reasons. This is the denominator for the loss rate calculation.';


--
-- Name: COLUMN batches.germination_started_date; Type: COMMENT; Schema: nursery; Owner: -
--

COMMENT ON COLUMN nursery.batches.germination_started_date IS 'Date when sown seeds first started germinating.';


--
-- Name: COLUMN batches.seeds_sown_date; Type: COMMENT; Schema: nursery; Owner: -
--

COMMENT ON COLUMN nursery.batches.seeds_sown_date IS 'Date when newly-arrived seeds were first sown.';


--
-- Name: COLUMN batches.hardening_off_quantity; Type: COMMENT; Schema: nursery; Owner: -
--

COMMENT ON COLUMN nursery.batches.hardening_off_quantity IS 'Number of hardening-off seedlings currently available in inventory. Withdrawals cause this to decrease.';


--
-- Name: COLUMN batches.latest_observed_hardening_off_quantity; Type: COMMENT; Schema: nursery; Owner: -
--

COMMENT ON COLUMN nursery.batches.latest_observed_hardening_off_quantity IS 'Latest user-observed number of hardening-off seedlings currently available in inventory. Withdrawals do not cause this to decrease.';


--
-- Name: batches_id_seq; Type: SEQUENCE; Schema: nursery; Owner: -
--

ALTER TABLE nursery.batches ALTER COLUMN id ADD GENERATED BY DEFAULT AS IDENTITY (
    SEQUENCE NAME nursery.batches_id_seq
    START WITH 1
    INCREMENT BY 1
    NO MINVALUE
    NO MAXVALUE
    CACHE 1
);


--
-- Name: facility_inventories; Type: VIEW; Schema: nursery; Owner: -
--

CREATE VIEW nursery.facility_inventories AS
 SELECT organization_id,
    species_id,
    facility_id,
    sum(ready_quantity) AS ready_quantity,
    sum(active_growth_quantity) AS active_growth_quantity,
    sum(germinating_quantity) AS germinating_quantity,
    sum(hardening_off_quantity) AS hardening_off_quantity,
    sum(((ready_quantity + active_growth_quantity) + hardening_off_quantity)) AS total_quantity
   FROM nursery.batches
  GROUP BY organization_id, species_id, facility_id
 HAVING (sum((((ready_quantity + active_growth_quantity) + germinating_quantity) + hardening_off_quantity)) > 0);


--
-- Name: facility_inventory_totals; Type: VIEW; Schema: nursery; Owner: -
--

CREATE VIEW nursery.facility_inventory_totals AS
 SELECT organization_id,
    facility_id,
    sum(ready_quantity) AS ready_quantity,
    sum(active_growth_quantity) AS active_growth_quantity,
    sum(germinating_quantity) AS germinating_quantity,
    sum(hardening_off_quantity) AS hardening_off_quantity,
    sum(((ready_quantity + active_growth_quantity) + hardening_off_quantity)) AS total_quantity,
    count(DISTINCT species_id) AS total_species
   FROM nursery.batches
  WHERE ((ready_quantity > 0) OR (active_growth_quantity > 0) OR (germinating_quantity > 0) OR (hardening_off_quantity > 0))
  GROUP BY organization_id, facility_id;


--
-- Name: inventories; Type: VIEW; Schema: nursery; Owner: -
--

CREATE VIEW nursery.inventories AS
 SELECT organization_id,
    species_id,
    sum(ready_quantity) AS ready_quantity,
    sum(active_growth_quantity) AS active_growth_quantity,
    sum(germinating_quantity) AS germinating_quantity,
    sum(hardening_off_quantity) AS hardening_off_quantity,
    sum(((ready_quantity + active_growth_quantity) + hardening_off_quantity)) AS total_quantity
   FROM nursery.batches
  GROUP BY organization_id, species_id
 HAVING (sum((((ready_quantity + active_growth_quantity) + germinating_quantity) + hardening_off_quantity)) > 0);


--
-- Name: species_projects; Type: VIEW; Schema: nursery; Owner: -
--

CREATE VIEW nursery.species_projects AS
 SELECT DISTINCT organization_id,
    species_id,
    project_id
   FROM nursery.batches
  WHERE ((project_id IS NOT NULL) AND ((germinating_quantity > 0) OR (active_growth_quantity > 0) OR (ready_quantity > 0) OR (hardening_off_quantity > 0)));


--
-- Name: VIEW species_projects; Type: COMMENT; Schema: nursery; Owner: -
--

COMMENT ON VIEW nursery.species_projects IS 'Which species have active batches associated with which projects.';


--
-- Name: withdrawal_photos; Type: TABLE; Schema: nursery; Owner: -
--

CREATE TABLE nursery.withdrawal_photos (
    file_id bigint NOT NULL,
    withdrawal_id bigint NOT NULL
);


--
-- Name: TABLE withdrawal_photos; Type: COMMENT; Schema: nursery; Owner: -
--

COMMENT ON TABLE nursery.withdrawal_photos IS 'Linking table between `withdrawals` and `files`.';


--
-- Name: withdrawal_purposes; Type: TABLE; Schema: nursery; Owner: -
--

CREATE TABLE nursery.withdrawal_purposes (
    id integer NOT NULL,
    name text NOT NULL
);


--
-- Name: TABLE withdrawal_purposes; Type: COMMENT; Schema: nursery; Owner: -
--

COMMENT ON TABLE nursery.withdrawal_purposes IS '(Enum) Reasons that someone can withdraw seedlings from a nursery.';


--
-- Name: withdrawals; Type: TABLE; Schema: nursery; Owner: -
--

CREATE TABLE nursery.withdrawals (
    id bigint NOT NULL,
    facility_id bigint NOT NULL,
    purpose_id integer NOT NULL,
    withdrawn_date date NOT NULL,
    created_by bigint NOT NULL,
    created_time timestamp with time zone NOT NULL,
    modified_by bigint NOT NULL,
    modified_time timestamp with time zone NOT NULL,
    destination_facility_id bigint,
    notes text,
    undoes_withdrawal_id bigint,
    CONSTRAINT undo_requires_withdrawal_id CHECK ((((purpose_id = 5) AND (undoes_withdrawal_id IS NOT NULL)) OR ((purpose_id <> 5) AND (undoes_withdrawal_id IS NULL)))),
    CONSTRAINT withdrawals_destination_only_for_transfers CHECK (((destination_facility_id IS NULL) OR (purpose_id = 1))),
    CONSTRAINT withdrawals_notes_check CHECK ((notes !~ similar_to_escape(' *'::text)))
);


--
-- Name: TABLE withdrawals; Type: COMMENT; Schema: nursery; Owner: -
--

COMMENT ON TABLE nursery.withdrawals IS 'Top-level information about a withdrawal from a nursery. Does not contain withdrawal quantities; those are in the `batch_withdrawals` table.';


--
-- Name: COLUMN withdrawals.facility_id; Type: COMMENT; Schema: nursery; Owner: -
--

COMMENT ON COLUMN nursery.withdrawals.facility_id IS 'Nursery from which the seedlings were withdrawn.';


--
-- Name: COLUMN withdrawals.purpose_id; Type: COMMENT; Schema: nursery; Owner: -
--

COMMENT ON COLUMN nursery.withdrawals.purpose_id IS 'Purpose of the withdrawal (nursery transfer, dead seedlings, etc.)';


--
-- Name: COLUMN withdrawals.withdrawn_date; Type: COMMENT; Schema: nursery; Owner: -
--

COMMENT ON COLUMN nursery.withdrawals.withdrawn_date IS 'User-supplied date when the seedlings were withdrawn.';


--
-- Name: COLUMN withdrawals.created_by; Type: COMMENT; Schema: nursery; Owner: -
--

COMMENT ON COLUMN nursery.withdrawals.created_by IS 'Which user created the withdrawal.';


--
-- Name: COLUMN withdrawals.created_time; Type: COMMENT; Schema: nursery; Owner: -
--

COMMENT ON COLUMN nursery.withdrawals.created_time IS 'When the withdrawal was created.';


--
-- Name: COLUMN withdrawals.modified_by; Type: COMMENT; Schema: nursery; Owner: -
--

COMMENT ON COLUMN nursery.withdrawals.modified_by IS 'Which user most recently modified the withdrawal.';


--
-- Name: COLUMN withdrawals.modified_time; Type: COMMENT; Schema: nursery; Owner: -
--

COMMENT ON COLUMN nursery.withdrawals.modified_time IS 'When the withdrawal was most recently modified.';


--
-- Name: COLUMN withdrawals.destination_facility_id; Type: COMMENT; Schema: nursery; Owner: -
--

COMMENT ON COLUMN nursery.withdrawals.destination_facility_id IS 'If the withdrawal was a nursery transfer, the facility where the seedlings were sent. May be null if the facility was subsequently deleted.';


--
-- Name: COLUMN withdrawals.notes; Type: COMMENT; Schema: nursery; Owner: -
--

COMMENT ON COLUMN nursery.withdrawals.notes IS 'User-supplied freeform text describing the withdrawal.';


--
-- Name: facilities; Type: TABLE; Schema: public; Owner: -
--

CREATE TABLE public.facilities (
    id bigint NOT NULL,
    type_id integer NOT NULL,
    name text NOT NULL,
    created_time timestamp with time zone NOT NULL,
    modified_time timestamp with time zone NOT NULL,
    created_by bigint NOT NULL,
    modified_by bigint NOT NULL,
    max_idle_minutes integer DEFAULT 30 NOT NULL,
    last_timeseries_time timestamp with time zone,
    idle_after_time timestamp with time zone,
    idle_since_time timestamp with time zone,
    description text,
    connection_state_id integer DEFAULT 1 NOT NULL,
    organization_id bigint NOT NULL,
    time_zone text,
    last_notification_date date,
    next_notification_time timestamp with time zone DEFAULT '1970-01-01 00:00:00+00'::timestamp with time zone NOT NULL,
    build_started_date date,
    build_completed_date date,
    operation_started_date date,
    capacity integer,
    facility_number integer NOT NULL,
    CONSTRAINT facilities_description_check CHECK ((description !~ similar_to_escape(' *'::text)))
);


--
-- Name: TABLE facilities; Type: COMMENT; Schema: public; Owner: -
--

COMMENT ON TABLE public.facilities IS 'Physical locations at a site. For example, each seed bank and each nursery is a facility.';


--
-- Name: COLUMN facilities.max_idle_minutes; Type: COMMENT; Schema: public; Owner: -
--

COMMENT ON COLUMN public.facilities.max_idle_minutes IS 'Send an alert if this many minutes pass without new timeseries data from a facility''s device manager.';


--
-- Name: COLUMN facilities.last_timeseries_time; Type: COMMENT; Schema: public; Owner: -
--

COMMENT ON COLUMN public.facilities.last_timeseries_time IS 'When the most recent timeseries data was received from the facility.';


--
-- Name: COLUMN facilities.idle_after_time; Type: COMMENT; Schema: public; Owner: -
--

COMMENT ON COLUMN public.facilities.idle_after_time IS 'Time at which the facility will be considered idle if no timeseries data is received. Null if the timeseries has already been marked as idle or if no timeseries data has ever been received from the facility.';


--
-- Name: COLUMN facilities.idle_since_time; Type: COMMENT; Schema: public; Owner: -
--

COMMENT ON COLUMN public.facilities.idle_since_time IS 'Time at which the facility became idle. Null if the facility is not currently considered idle.';


--
-- Name: COLUMN facilities.last_notification_date; Type: COMMENT; Schema: public; Owner: -
--

COMMENT ON COLUMN public.facilities.last_notification_date IS 'Local date on which facility-related notifications were last generated.';


--
-- Name: COLUMN facilities.next_notification_time; Type: COMMENT; Schema: public; Owner: -
--

COMMENT ON COLUMN public.facilities.next_notification_time IS 'Time at which the server should next generate notifications for the facility if any are needed.';


--
-- Name: deliveries; Type: TABLE; Schema: tracking; Owner: -
--

CREATE TABLE tracking.deliveries (
    id bigint NOT NULL,
    withdrawal_id bigint NOT NULL,
    planting_site_id bigint NOT NULL,
    created_by bigint NOT NULL,
    created_time timestamp with time zone NOT NULL,
    modified_by bigint NOT NULL,
    modified_time timestamp with time zone NOT NULL,
    reassigned_by bigint,
    reassigned_time timestamp with time zone
);


--
-- Name: TABLE deliveries; Type: COMMENT; Schema: tracking; Owner: -
--

COMMENT ON TABLE tracking.deliveries IS 'Incoming deliveries of new seedlings to a planting site. Mostly exists to link plantings and nursery withdrawals.';


--
-- Name: COLUMN deliveries.withdrawal_id; Type: COMMENT; Schema: tracking; Owner: -
--

COMMENT ON COLUMN tracking.deliveries.withdrawal_id IS 'Which nursery withdrawal the plants came from.';


--
-- Name: COLUMN deliveries.planting_site_id; Type: COMMENT; Schema: tracking; Owner: -
--

COMMENT ON COLUMN tracking.deliveries.planting_site_id IS 'Which planting site received the delivery.';


--
-- Name: COLUMN deliveries.created_by; Type: COMMENT; Schema: tracking; Owner: -
--

COMMENT ON COLUMN tracking.deliveries.created_by IS 'Which user created the delivery.';


--
-- Name: COLUMN deliveries.created_time; Type: COMMENT; Schema: tracking; Owner: -
--

COMMENT ON COLUMN tracking.deliveries.created_time IS 'When the delivery was created.';


--
-- Name: COLUMN deliveries.modified_by; Type: COMMENT; Schema: tracking; Owner: -
--

COMMENT ON COLUMN tracking.deliveries.modified_by IS 'Which user most recently modified the delivery.';


--
-- Name: COLUMN deliveries.modified_time; Type: COMMENT; Schema: tracking; Owner: -
--

COMMENT ON COLUMN tracking.deliveries.modified_time IS 'When the delivery was most recently modified.';


--
-- Name: COLUMN deliveries.reassigned_by; Type: COMMENT; Schema: tracking; Owner: -
--

COMMENT ON COLUMN tracking.deliveries.reassigned_by IS 'Which user recorded the reassignment of plants in this delivery. Null if this delivery has no reassignment.';


--
-- Name: COLUMN deliveries.reassigned_time; Type: COMMENT; Schema: tracking; Owner: -
--

COMMENT ON COLUMN tracking.deliveries.reassigned_time IS 'When the reassignment was recorded. Null if this delivery has no reassignment.';


--
-- Name: planting_sites; Type: TABLE; Schema: tracking; Owner: -
--

CREATE TABLE tracking.planting_sites (
    id bigint NOT NULL,
    organization_id bigint NOT NULL,
    name text NOT NULL,
    description text,
    boundary public.geometry(MultiPolygon),
    created_by bigint NOT NULL,
    created_time timestamp with time zone NOT NULL,
    modified_by bigint NOT NULL,
    modified_time timestamp with time zone NOT NULL,
    time_zone text,
    area_ha numeric,
    project_id bigint,
    exclusion public.geometry(MultiPolygon),
    grid_origin public.geometry(Point),
    country_code text,
    survival_rate_includes_temp_plots boolean DEFAULT false NOT NULL,
    CONSTRAINT area_positive CHECK ((area_ha > (0)::numeric)),
    CONSTRAINT planting_sites_description_check CHECK ((description !~ similar_to_escape(' *'::text)))
);


--
-- Name: TABLE planting_sites; Type: COMMENT; Schema: tracking; Owner: -
--

COMMENT ON TABLE tracking.planting_sites IS 'Top-level information about entire planting sites. Every planting site has at least one stratum.';


--
-- Name: COLUMN planting_sites.organization_id; Type: COMMENT; Schema: tracking; Owner: -
--

COMMENT ON COLUMN tracking.planting_sites.organization_id IS 'Which organization owns this planting site.';


--
-- Name: COLUMN planting_sites.name; Type: COMMENT; Schema: tracking; Owner: -
--

COMMENT ON COLUMN tracking.planting_sites.name IS 'Short name of this planting site. Must be unique within the organization.';


--
-- Name: COLUMN planting_sites.description; Type: COMMENT; Schema: tracking; Owner: -
--

COMMENT ON COLUMN tracking.planting_sites.description IS 'Optional user-supplied description of the planting site.';


--
-- Name: COLUMN planting_sites.boundary; Type: COMMENT; Schema: tracking; Owner: -
--

COMMENT ON COLUMN tracking.planting_sites.boundary IS 'Boundary of the entire planting site. strata will generally fall inside this boundary. This will typically be a single polygon but may be multiple polygons if a planting site has several disjoint areas. Coordinates always use SRID 4326 (WGS 84 latitude/longitude).';


--
-- Name: COLUMN planting_sites.created_by; Type: COMMENT; Schema: tracking; Owner: -
--

COMMENT ON COLUMN tracking.planting_sites.created_by IS 'Which user created the planting site.';


--
-- Name: COLUMN planting_sites.created_time; Type: COMMENT; Schema: tracking; Owner: -
--

COMMENT ON COLUMN tracking.planting_sites.created_time IS 'When the planting site was originally created.';


--
-- Name: COLUMN planting_sites.modified_by; Type: COMMENT; Schema: tracking; Owner: -
--

COMMENT ON COLUMN tracking.planting_sites.modified_by IS 'Which user most recently modified the planting site.';


--
-- Name: COLUMN planting_sites.modified_time; Type: COMMENT; Schema: tracking; Owner: -
--

COMMENT ON COLUMN tracking.planting_sites.modified_time IS 'When the planting site was most recently modified.';


--
-- Name: COLUMN planting_sites.exclusion; Type: COMMENT; Schema: tracking; Owner: -
--

COMMENT ON COLUMN tracking.planting_sites.exclusion IS 'Optional area to exclude from a site. No monitoring plots will be located in this area.';


--
-- Name: COLUMN planting_sites.grid_origin; Type: COMMENT; Schema: tracking; Owner: -
--

COMMENT ON COLUMN tracking.planting_sites.grid_origin IS 'Coordinates of the origin point of the grid of monitoring plots. Monitoring plot corners have X and Y coordinates that are multiples of 25 meters from the origin point.';


--
-- Name: plantings; Type: TABLE; Schema: tracking; Owner: -
--

CREATE TABLE tracking.plantings (
    id bigint NOT NULL,
    delivery_id bigint NOT NULL,
    planting_type_id integer NOT NULL,
    planting_site_id bigint NOT NULL,
    substratum_id bigint,
    species_id bigint NOT NULL,
    created_by bigint NOT NULL,
    created_time timestamp with time zone NOT NULL,
    num_plants integer NOT NULL,
    notes text,
    CONSTRAINT num_plants_sign_consistent_with_type CHECK ((((planting_type_id = ANY (ARRAY[2, 4])) AND (num_plants < 0)) OR ((planting_type_id <> ALL (ARRAY[2, 4])) AND (num_plants > 0)))),
    CONSTRAINT plantings_notes_check CHECK ((notes !~ similar_to_escape(' *'::text)))
);


--
-- Name: TABLE plantings; Type: COMMENT; Schema: tracking; Owner: -
--

COMMENT ON TABLE tracking.plantings IS 'Details about plants that were planted or reassigned as part of a delivery. There is one plantings row per species in a delivery.';


--
-- Name: COLUMN plantings.delivery_id; Type: COMMENT; Schema: tracking; Owner: -
--

COMMENT ON COLUMN tracking.plantings.delivery_id IS 'Which delivery this planting is part of.';


--
-- Name: COLUMN plantings.planting_type_id; Type: COMMENT; Schema: tracking; Owner: -
--

COMMENT ON COLUMN tracking.plantings.planting_type_id IS 'Whether this is the plant assignment from the initial delivery or an adjustment from a reassignment.';


--
-- Name: COLUMN plantings.planting_site_id; Type: COMMENT; Schema: tracking; Owner: -
--

COMMENT ON COLUMN tracking.plantings.planting_site_id IS 'Which planting site has the planting. Must be the same as the planting site ID of the delivery. This identifies the site as a whole; in addition, there may be a plot ID.';


--
-- Name: COLUMN plantings.substratum_id; Type: COMMENT; Schema: tracking; Owner: -
--

COMMENT ON COLUMN tracking.plantings.substratum_id IS 'Which plot this planting affected, if any. Must be a plot at the planting site referenced by `planting_site_id`. Null if the planting site does not have plot information. For reassignments, this is the original plot if `num_plants` is negative, or the new plot if `num_plants` is positive.';


--
-- Name: COLUMN plantings.species_id; Type: COMMENT; Schema: tracking; Owner: -
--

COMMENT ON COLUMN tracking.plantings.species_id IS 'Which species was planted.';


--
-- Name: COLUMN plantings.created_by; Type: COMMENT; Schema: tracking; Owner: -
--

COMMENT ON COLUMN tracking.plantings.created_by IS 'Which user created the planting.';


--
-- Name: COLUMN plantings.created_time; Type: COMMENT; Schema: tracking; Owner: -
--

COMMENT ON COLUMN tracking.plantings.created_time IS 'When the planting was created. Note that plantings are never updated, so there is no modified time.';


--
-- Name: COLUMN plantings.num_plants; Type: COMMENT; Schema: tracking; Owner: -
--

COMMENT ON COLUMN tracking.plantings.num_plants IS 'Number of plants that were planted (if the number is positive) or reassigned (if the number is negative).';


--
-- Name: COLUMN plantings.notes; Type: COMMENT; Schema: tracking; Owner: -
--

COMMENT ON COLUMN tracking.plantings.notes IS 'Notes about this specific planting. In the initial version of the web app, the user can only enter per-planting notes for reassignments, not for initial deliveries.';


--
-- Name: CONSTRAINT num_plants_sign_consistent_with_type ON plantings; Type: COMMENT; Schema: tracking; Owner: -
--

COMMENT ON CONSTRAINT num_plants_sign_consistent_with_type ON tracking.plantings IS 'If the planting represents the "from" side of a reassignment or an undo of a withdrawal, the number of plants must be negative. Otherwise it must be positive.';


--
-- Name: substrata; Type: TABLE; Schema: tracking; Owner: -
--

CREATE TABLE tracking.substrata (
    id bigint NOT NULL,
    stratum_id bigint NOT NULL,
    name text NOT NULL COLLATE public.natural_numeric,
    full_name text NOT NULL COLLATE public.natural_numeric,
    boundary public.geometry(MultiPolygon) NOT NULL,
    created_by bigint NOT NULL,
    created_time timestamp with time zone NOT NULL,
    modified_by bigint NOT NULL,
    modified_time timestamp with time zone NOT NULL,
    planting_site_id bigint NOT NULL,
    area_ha numeric NOT NULL,
    planting_completed_time timestamp with time zone,
    observed_time timestamp with time zone,
    stable_id text NOT NULL,
    CONSTRAINT area_positive CHECK ((area_ha > (0)::numeric))
);


--
-- Name: TABLE substrata; Type: COMMENT; Schema: tracking; Owner: -
--

COMMENT ON TABLE tracking.substrata IS 'Regions within strata that are a convenient size for a planting operation. Typically <10Ha.';


--
-- Name: COLUMN substrata.stratum_id; Type: COMMENT; Schema: tracking; Owner: -
--

COMMENT ON COLUMN tracking.substrata.stratum_id IS 'Which stratum this substratum is part of.';


--
-- Name: COLUMN substrata.name; Type: COMMENT; Schema: tracking; Owner: -
--

COMMENT ON COLUMN tracking.substrata.name IS 'Short name of this substratum. This is often just a single letter and number. Must be unique within a stratum.';


--
-- Name: COLUMN substrata.boundary; Type: COMMENT; Schema: tracking; Owner: -
--

COMMENT ON COLUMN tracking.substrata.boundary IS 'Boundary of the substratum. Coordinates always use SRID 4326 (WGS 84 latitude/longitude).';


--
-- Name: COLUMN substrata.created_by; Type: COMMENT; Schema: tracking; Owner: -
--

COMMENT ON COLUMN tracking.substrata.created_by IS 'Which user created the substratum.';


--
-- Name: COLUMN substrata.created_time; Type: COMMENT; Schema: tracking; Owner: -
--

COMMENT ON COLUMN tracking.substrata.created_time IS 'When the substratum was originally created.';


--
-- Name: COLUMN substrata.modified_by; Type: COMMENT; Schema: tracking; Owner: -
--

COMMENT ON COLUMN tracking.substrata.modified_by IS 'Which user most recently modified the substratum.';


--
-- Name: COLUMN substrata.modified_time; Type: COMMENT; Schema: tracking; Owner: -
--

COMMENT ON COLUMN tracking.substrata.modified_time IS 'When the substratum was most recently modified.';


--
-- Name: COLUMN substrata.planting_site_id; Type: COMMENT; Schema: tracking; Owner: -
--

COMMENT ON COLUMN tracking.substrata.planting_site_id IS 'Which planting site this substratum is part of. This is the same as the planting site ID of this substratum''s stratum, but is duplicated here so it can be used as the target of a foreign key constraint.';


--
-- Name: COLUMN substrata.observed_time; Type: COMMENT; Schema: tracking; Owner: -
--

COMMENT ON COLUMN tracking.substrata.observed_time IS 'When an observation of a monitoring plot in the substratum was most recently completed.';


--
-- Name: COLUMN substrata.stable_id; Type: COMMENT; Schema: tracking; Owner: -
--

COMMENT ON COLUMN tracking.substrata.stable_id IS 'Substratum identifier that doesn''t change even if the substratum is renamed or edited. Defaults to the full name.';


--
-- Name: withdrawal_summaries; Type: VIEW; Schema: nursery; Owner: -
--

CREATE VIEW nursery.withdrawal_summaries AS
 SELECT withdrawals.id,
    withdrawals.facility_id,
    withdrawals.purpose_id,
    withdrawals.withdrawn_date,
    withdrawals.created_by,
    withdrawals.created_time,
    withdrawals.modified_by,
    withdrawals.modified_time,
    withdrawals.destination_facility_id,
    withdrawals.notes,
    withdrawals.undoes_withdrawal_id,
    undoes_withdrawals.withdrawn_date AS undoes_withdrawal_date,
    undone_by_withdrawals.id AS undone_by_withdrawal_id,
    undone_by_withdrawals.withdrawn_date AS undone_by_withdrawal_date,
    facilities.organization_id,
    deliveries.id AS delivery_id,
    totals.total_withdrawn,
    COALESCE(dest_nurseries.name, dest_sites.name) AS destination_name,
    COALESCE(reassignment_substrata.plot_names, delivery_substrata.plot_names) AS substratum_names,
    (EXISTS ( SELECT 1
           FROM tracking.plantings p
          WHERE ((p.delivery_id = deliveries.id) AND (p.planting_type_id = 2)))) AS has_reassignments
   FROM (((((((((nursery.withdrawals withdrawals
     JOIN public.facilities ON ((withdrawals.facility_id = facilities.id)))
     LEFT JOIN tracking.deliveries deliveries ON (((withdrawals.id = deliveries.withdrawal_id) AND (withdrawals.purpose_id = 3))))
     LEFT JOIN nursery.withdrawals undone_by_withdrawals ON ((withdrawals.id = undone_by_withdrawals.undoes_withdrawal_id)))
     LEFT JOIN nursery.withdrawals undoes_withdrawals ON ((withdrawals.undoes_withdrawal_id = undoes_withdrawals.id)))
     LEFT JOIN LATERAL ( SELECT COALESCE(sum((((bw.germinating_quantity_withdrawn + bw.hardening_off_quantity_withdrawn) + bw.active_growth_quantity_withdrawn) + bw.ready_quantity_withdrawn)), (0)::bigint) AS total_withdrawn
           FROM nursery.batch_withdrawals bw
          WHERE (withdrawals.id = bw.withdrawal_id)) totals ON (true))
     LEFT JOIN LATERAL ( SELECT string_agg(DISTINCT ss.full_name, ', '::text ORDER BY ss.full_name) AS plot_names
           FROM (tracking.substrata ss
             JOIN tracking.plantings pl ON ((ss.id = pl.substratum_id)))
          WHERE ((pl.planting_type_id = 1) AND (pl.delivery_id = deliveries.id))) delivery_substrata ON (true))
     LEFT JOIN LATERAL ( SELECT (((delivery_substrata.plot_names || ' ('::text) || string_agg(ss.full_name, ', '::text ORDER BY ss.full_name)) || ')'::text) AS plot_names
           FROM (tracking.substrata ss
             JOIN tracking.plantings pl ON ((ss.id = pl.substratum_id)))
          WHERE ((pl.planting_type_id = 3) AND (pl.delivery_id = deliveries.id))) reassignment_substrata ON (true))
     LEFT JOIN LATERAL ( SELECT f.name
           FROM public.facilities f
          WHERE ((f.id = withdrawals.destination_facility_id) AND (withdrawals.purpose_id = 1))) dest_nurseries ON (true))
     LEFT JOIN LATERAL ( SELECT ps.name
           FROM tracking.planting_sites ps
          WHERE ((ps.id = deliveries.planting_site_id) AND (withdrawals.purpose_id = 3))) dest_sites ON (true));


--
-- Name: VIEW withdrawal_summaries; Type: COMMENT; Schema: nursery; Owner: -
--

COMMENT ON VIEW nursery.withdrawal_summaries IS 'Withdrawal information including aggregated and calculated values that need to be made available as filter and sort keys.';


--
-- Name: withdrawals_id_seq; Type: SEQUENCE; Schema: nursery; Owner: -
--

ALTER TABLE nursery.withdrawals ALTER COLUMN id ADD GENERATED BY DEFAULT AS IDENTITY (
    SEQUENCE NAME nursery.withdrawals_id_seq
    START WITH 1
    INCREMENT BY 1
    NO MINVALUE
    NO MAXVALUE
    CACHE 1
);


--
-- Name: app_versions; Type: TABLE; Schema: public; Owner: -
--

CREATE TABLE public.app_versions (
    app_name text NOT NULL,
    platform text NOT NULL,
    minimum_version text NOT NULL,
    recommended_version text NOT NULL
);


--
-- Name: TABLE app_versions; Type: COMMENT; Schema: public; Owner: -
--

COMMENT ON TABLE public.app_versions IS 'Minimum and recommended versions for Terraware mobile apps.';


--
-- Name: asset_statuses; Type: TABLE; Schema: public; Owner: -
--

CREATE TABLE public.asset_statuses (
    id integer NOT NULL,
    name text NOT NULL
);


--
-- Name: TABLE asset_statuses; Type: COMMENT; Schema: public; Owner: -
--

COMMENT ON TABLE public.asset_statuses IS '(Enum) Possible statuses of externally-generated assets as they''re processed.';


--
-- Name: automations; Type: TABLE; Schema: public; Owner: -
--

CREATE TABLE public.automations (
    id bigint NOT NULL,
    facility_id bigint NOT NULL,
    name text NOT NULL,
    description text,
    created_time timestamp with time zone NOT NULL,
    modified_time timestamp with time zone NOT NULL,
    settings jsonb,
    created_by bigint NOT NULL,
    modified_by bigint NOT NULL,
    type text NOT NULL,
    device_id bigint,
    timeseries_name text,
    verbosity integer DEFAULT 0 NOT NULL,
    lower_threshold double precision,
    upper_threshold double precision,
    CONSTRAINT automations_description_check CHECK ((description !~ similar_to_escape(' *'::text))),
    CONSTRAINT automations_timeseries_name_check CHECK ((timeseries_name !~ similar_to_escape(' *'::text)))
);


--
-- Name: TABLE automations; Type: COMMENT; Schema: public; Owner: -
--

COMMENT ON TABLE public.automations IS 'Configuration of automatic processes run by the device manager.';


--
-- Name: automations_id_seq; Type: SEQUENCE; Schema: public; Owner: -
--

ALTER TABLE public.automations ALTER COLUMN id ADD GENERATED BY DEFAULT AS IDENTITY (
    SEQUENCE NAME public.automations_id_seq
    START WITH 1
    INCREMENT BY 1
    NO MINVALUE
    NO MAXVALUE
    CACHE 1
);


--
-- Name: chat_memory_conversations; Type: TABLE; Schema: public; Owner: -
--

CREATE TABLE public.chat_memory_conversations (
    id uuid NOT NULL,
    created_by bigint NOT NULL,
    created_time timestamp with time zone NOT NULL,
    modified_time timestamp with time zone NOT NULL
);


--
-- Name: TABLE chat_memory_conversations; Type: COMMENT; Schema: public; Owner: -
--

COMMENT ON TABLE public.chat_memory_conversations IS 'Information about Ask Terraware conversations.';


--
-- Name: chat_memory_message_types; Type: TABLE; Schema: public; Owner: -
--

CREATE TABLE public.chat_memory_message_types (
    id integer NOT NULL,
    name text NOT NULL
);


--
-- Name: TABLE chat_memory_message_types; Type: COMMENT; Schema: public; Owner: -
--

COMMENT ON TABLE public.chat_memory_message_types IS '(Enum) Message types that can be stored as part of the memory of an LLM chat conversation.';


--
-- Name: chat_memory_messages; Type: TABLE; Schema: public; Owner: -
--

CREATE TABLE public.chat_memory_messages (
    id bigint NOT NULL,
    conversation_id uuid NOT NULL,
    message_type_id integer NOT NULL,
    created_time timestamp with time zone NOT NULL,
    content text NOT NULL
);


--
-- Name: TABLE chat_memory_messages; Type: COMMENT; Schema: public; Owner: -
--

COMMENT ON TABLE public.chat_memory_messages IS 'Messages from Ask Terraware conversations. Both questions (prompts to the LLM) and answers (responses from the LLM) are recorded.';


--
-- Name: chat_memory_messages_id_seq; Type: SEQUENCE; Schema: public; Owner: -
--

ALTER TABLE public.chat_memory_messages ALTER COLUMN id ADD GENERATED BY DEFAULT AS IDENTITY (
    SEQUENCE NAME public.chat_memory_messages_id_seq
    START WITH 1
    INCREMENT BY 1
    NO MINVALUE
    NO MAXVALUE
    CACHE 1
);


--
-- Name: conservation_categories; Type: TABLE; Schema: public; Owner: -
--

CREATE TABLE public.conservation_categories (
    id text NOT NULL,
    name text NOT NULL
);


--
-- Name: TABLE conservation_categories; Type: COMMENT; Schema: public; Owner: -
--

COMMENT ON TABLE public.conservation_categories IS '(Enum) IUCN conservation category codes.';


--
-- Name: countries; Type: TABLE; Schema: public; Owner: -
--

CREATE TABLE public.countries (
    code text NOT NULL,
    name text NOT NULL,
    region_id integer NOT NULL,
    code_alpha3 text NOT NULL,
    eligible boolean NOT NULL,
    CONSTRAINT countries_code_caps CHECK ((code = upper(code))),
    CONSTRAINT countries_code_length CHECK ((length(code) = 2))
);


--
-- Name: TABLE countries; Type: COMMENT; Schema: public; Owner: -
--

COMMENT ON TABLE public.countries IS 'Country information per ISO-3166.';


--
-- Name: COLUMN countries.code; Type: COMMENT; Schema: public; Owner: -
--

COMMENT ON COLUMN public.countries.code IS 'ISO-3166 alpha-2 country code. We use this code to refer to countries elsewhere in the data model.';


--
-- Name: COLUMN countries.name; Type: COMMENT; Schema: public; Owner: -
--

COMMENT ON COLUMN public.countries.name IS 'Name of country in US English.';


--
-- Name: COLUMN countries.code_alpha3; Type: COMMENT; Schema: public; Owner: -
--

COMMENT ON COLUMN public.countries.code_alpha3 IS 'ISO-3166 alpha-3 country code. This is used in cases where an external system or user needs an alpha-3 code instad of an alpha-2 code, but is treated purely as descriptive data in the data model.';


--
-- Name: COLUMN countries.eligible; Type: COMMENT; Schema: public; Owner: -
--

COMMENT ON COLUMN public.countries.eligible IS 'If false, projects in this country are ineligible for the accelerator program.';


--
-- Name: country_subdivisions; Type: TABLE; Schema: public; Owner: -
--

CREATE TABLE public.country_subdivisions (
    code text NOT NULL,
    country_code text NOT NULL,
    name text NOT NULL,
    CONSTRAINT country_subdivisions_code_length CHECK (((length(code) >= 4) AND (length(code) <= 6))),
    CONSTRAINT country_subdivisions_code_matches_country CHECK ((substr(code, 1, 2) = country_code))
);


--
-- Name: TABLE country_subdivisions; Type: COMMENT; Schema: public; Owner: -
--

COMMENT ON TABLE public.country_subdivisions IS 'Country subdivision (state, province, region, etc.) information per ISO-3166-2.';


--
-- Name: COLUMN country_subdivisions.code; Type: COMMENT; Schema: public; Owner: -
--

COMMENT ON COLUMN public.country_subdivisions.code IS 'Full ISO-3166-2 subdivision code including country code prefix.';


--
-- Name: COLUMN country_subdivisions.country_code; Type: COMMENT; Schema: public; Owner: -
--

COMMENT ON COLUMN public.country_subdivisions.country_code IS 'ISO-3166 alpha-2 country code.';


--
-- Name: COLUMN country_subdivisions.name; Type: COMMENT; Schema: public; Owner: -
--

COMMENT ON COLUMN public.country_subdivisions.name IS 'Name of subdivision in US English.';


--
-- Name: devices; Type: TABLE; Schema: public; Owner: -
--

CREATE TABLE public.devices (
    id bigint NOT NULL,
    facility_id bigint NOT NULL,
    name text NOT NULL,
    device_type text NOT NULL,
    make text NOT NULL,
    model text NOT NULL,
    protocol text,
    address text,
    port integer,
    enabled boolean DEFAULT true NOT NULL,
    settings jsonb,
    parent_id bigint,
    created_by bigint NOT NULL,
    modified_by bigint NOT NULL,
    verbosity integer,
    CONSTRAINT devices_address_check CHECK ((address !~ similar_to_escape(' *'::text))),
    CONSTRAINT devices_protocol_check CHECK ((protocol !~ similar_to_escape(' *'::text)))
);


--
-- Name: TABLE devices; Type: COMMENT; Schema: public; Owner: -
--

COMMENT ON TABLE public.devices IS 'Hardware devices managed by the device manager at a facility.';


--
-- Name: device_id_seq; Type: SEQUENCE; Schema: public; Owner: -
--

ALTER TABLE public.devices ALTER COLUMN id ADD GENERATED BY DEFAULT AS IDENTITY (
    SEQUENCE NAME public.device_id_seq
    START WITH 1
    INCREMENT BY 1
    NO MINVALUE
    NO MAXVALUE
    CACHE 1
);


--
-- Name: device_managers; Type: TABLE; Schema: public; Owner: -
--

CREATE TABLE public.device_managers (
    id bigint NOT NULL,
    balena_id bigint NOT NULL,
    balena_modified_time timestamp with time zone NOT NULL,
    device_name text NOT NULL,
    is_online boolean NOT NULL,
    last_connectivity_event timestamp with time zone,
    update_progress integer,
    sensor_kit_id text NOT NULL,
    user_id bigint,
    facility_id bigint,
    created_time timestamp with time zone NOT NULL,
    refreshed_time timestamp with time zone NOT NULL,
    balena_uuid text NOT NULL,
    CONSTRAINT device_managers_user_iff_facility CHECK ((((user_id IS NOT NULL) AND (facility_id IS NOT NULL)) OR ((user_id IS NULL) AND (facility_id IS NULL))))
);


--
-- Name: TABLE device_managers; Type: COMMENT; Schema: public; Owner: -
--

COMMENT ON TABLE public.device_managers IS 'Information about device managers. This is a combination of information from the Balena API and locally-generated values.';


--
-- Name: COLUMN device_managers.balena_id; Type: COMMENT; Schema: public; Owner: -
--

COMMENT ON COLUMN public.device_managers.balena_id IS 'Balena-assigned device identifier.';


--
-- Name: COLUMN device_managers.balena_modified_time; Type: COMMENT; Schema: public; Owner: -
--

COMMENT ON COLUMN public.device_managers.balena_modified_time IS 'Last modification timestamp from Balena. This is distinct from `refreshed_time`, which is updated locally.';


--
-- Name: COLUMN device_managers.update_progress; Type: COMMENT; Schema: public; Owner: -
--

COMMENT ON COLUMN public.device_managers.update_progress IS 'Percent complete of software download and installation (0-100). Null if no software update is in progress.';


--
-- Name: COLUMN device_managers.sensor_kit_id; Type: COMMENT; Schema: public; Owner: -
--

COMMENT ON COLUMN public.device_managers.sensor_kit_id IS 'ID code that is physically printed on the sensor kit and set as a tag value in the Balena device configuration.';


--
-- Name: COLUMN device_managers.created_time; Type: COMMENT; Schema: public; Owner: -
--

COMMENT ON COLUMN public.device_managers.created_time IS 'When this device manager was added to the local database. The Balena device may have been created earlier.';


--
-- Name: device_managers_id_seq; Type: SEQUENCE; Schema: public; Owner: -
--

ALTER TABLE public.device_managers ALTER COLUMN id ADD GENERATED BY DEFAULT AS IDENTITY (
    SEQUENCE NAME public.device_managers_id_seq
    START WITH 1
    INCREMENT BY 1
    NO MINVALUE
    NO MAXVALUE
    CACHE 1
);


--
-- Name: device_template_categories; Type: TABLE; Schema: public; Owner: -
--

CREATE TABLE public.device_template_categories (
    id integer NOT NULL,
    name text NOT NULL
);


--
-- Name: TABLE device_template_categories; Type: COMMENT; Schema: public; Owner: -
--

COMMENT ON TABLE public.device_template_categories IS '(Enum) User-facing categories of device templates; used to show templates for a particular class of devices where the physical device type may differ from one entry to the next.';


--
-- Name: device_templates; Type: TABLE; Schema: public; Owner: -
--

CREATE TABLE public.device_templates (
    id bigint NOT NULL,
    category_id integer NOT NULL,
    device_type text NOT NULL,
    name text NOT NULL,
    description text,
    make text NOT NULL,
    model text NOT NULL,
    protocol text,
    address text,
    port integer,
    settings jsonb,
    verbosity integer,
    CONSTRAINT device_templates_address_check CHECK ((address !~ similar_to_escape(' *'::text))),
    CONSTRAINT device_templates_description_check CHECK ((description !~ similar_to_escape(' *'::text))),
    CONSTRAINT device_templates_protocol_check CHECK ((protocol !~ similar_to_escape(' *'::text)))
);


--
-- Name: TABLE device_templates; Type: COMMENT; Schema: public; Owner: -
--

COMMENT ON TABLE public.device_templates IS 'Canned device configurations for use in cases where we want to show a list of possible devices to the user and create the selected device with the correct settings so that the device manager can talk to it.';


--
-- Name: device_templates_id_seq; Type: SEQUENCE; Schema: public; Owner: -
--

ALTER TABLE public.device_templates ALTER COLUMN id ADD GENERATED BY DEFAULT AS IDENTITY (
    SEQUENCE NAME public.device_templates_id_seq
    START WITH 1
    INCREMENT BY 1
    NO MINVALUE
    NO MAXVALUE
    CACHE 1
);


--
-- Name: disclaimers; Type: TABLE; Schema: public; Owner: -
--

CREATE TABLE public.disclaimers (
    id bigint NOT NULL,
    content text NOT NULL,
    effective_on timestamp with time zone NOT NULL
);


--
-- Name: TABLE disclaimers; Type: COMMENT; Schema: public; Owner: -
--

COMMENT ON TABLE public.disclaimers IS 'Disclaimers content and effective dates.';


--
-- Name: disclaimers_id_seq; Type: SEQUENCE; Schema: public; Owner: -
--

ALTER TABLE public.disclaimers ALTER COLUMN id ADD GENERATED BY DEFAULT AS IDENTITY (
    SEQUENCE NAME public.disclaimers_id_seq
    START WITH 1
    INCREMENT BY 1
    NO MINVALUE
    NO MAXVALUE
    CACHE 1
);


--
-- Name: ecosystem_types; Type: TABLE; Schema: public; Owner: -
--

CREATE TABLE public.ecosystem_types (
    id integer NOT NULL,
    name text NOT NULL
);


--
-- Name: TABLE ecosystem_types; Type: COMMENT; Schema: public; Owner: -
--

COMMENT ON TABLE public.ecosystem_types IS '(Enum) Types of ecosystems in which plants can be found. Based on the World Wildlife Federation''s "Terrestrial Ecoregions of the World" report.';


--
-- Name: event_log; Type: TABLE; Schema: public; Owner: -
--

CREATE TABLE public.event_log (
    id bigint NOT NULL,
    created_by bigint NOT NULL,
    created_time timestamp with time zone NOT NULL,
    event_class text NOT NULL,
    payload jsonb NOT NULL,
    original_event_class text,
    original_payload jsonb
);


--
-- Name: TABLE event_log; Type: COMMENT; Schema: public; Owner: -
--

COMMENT ON TABLE public.event_log IS 'Holds historical information about what operations were performed at what times. Events are JSON-serialized objects that may contain identifiers such as organization IDs; identifiers are not treated as foreign keys, so events may contain references to objects that were subsequently deleted.';


--
-- Name: COLUMN event_log.event_class; Type: COMMENT; Schema: public; Owner: -
--

COMMENT ON COLUMN public.event_log.event_class IS 'Fully-qualified class name of the event whose payload is stored in the payload column. May be a newer version of the event class than was originally written at the time of the operation.';


--
-- Name: COLUMN event_log.payload; Type: COMMENT; Schema: public; Owner: -
--

COMMENT ON COLUMN public.event_log.payload IS 'JSON-serialized contents of the event object of the class specified by event_class.';


--
-- Name: COLUMN event_log.original_event_class; Type: COMMENT; Schema: public; Owner: -
--

COMMENT ON COLUMN public.event_log.original_event_class IS 'If the event has been migrated to a newer version, the fully-qualified class name of the event as it was originally stored.';


--
-- Name: COLUMN event_log.original_payload; Type: COMMENT; Schema: public; Owner: -
--

COMMENT ON COLUMN public.event_log.original_payload IS 'If the event has been migrated to a newer version, the JSON-serialized contents of the event as it was originally stored.';


--
-- Name: event_log_id_seq; Type: SEQUENCE; Schema: public; Owner: -
--

ALTER TABLE public.event_log ALTER COLUMN id ADD GENERATED BY DEFAULT AS IDENTITY (
    SEQUENCE NAME public.event_log_id_seq
    START WITH 1
    INCREMENT BY 1
    NO MINVALUE
    NO MAXVALUE
    CACHE 1
);


--
-- Name: facility_connection_states; Type: TABLE; Schema: public; Owner: -
--

CREATE TABLE public.facility_connection_states (
    id integer NOT NULL,
    name text NOT NULL
);


--
-- Name: TABLE facility_connection_states; Type: COMMENT; Schema: public; Owner: -
--

COMMENT ON TABLE public.facility_connection_states IS '(Enum) Progress of the configuration of a device manager for a facility.';


--
-- Name: facility_types; Type: TABLE; Schema: public; Owner: -
--

CREATE TABLE public.facility_types (
    id integer NOT NULL,
    name text NOT NULL
);


--
-- Name: TABLE facility_types; Type: COMMENT; Schema: public; Owner: -
--

COMMENT ON TABLE public.facility_types IS '(Enum) Types of facilities that can be represented in the data model.';


--
-- Name: file_access_tokens; Type: TABLE; Schema: public; Owner: -
--

CREATE TABLE public.file_access_tokens (
    token text NOT NULL,
    file_id bigint NOT NULL,
    created_by bigint NOT NULL,
    created_time timestamp with time zone NOT NULL,
    expires_time timestamp with time zone NOT NULL
);


--
-- Name: TABLE file_access_tokens; Type: COMMENT; Schema: public; Owner: -
--

COMMENT ON TABLE public.file_access_tokens IS 'Temporary tokens for unauthenticated access to files from the file store.';


--
-- Name: files; Type: TABLE; Schema: public; Owner: -
--

CREATE TABLE public.files (
    id bigint NOT NULL,
    file_name text NOT NULL,
    content_type text NOT NULL,
    size bigint NOT NULL,
    created_time timestamp with time zone NOT NULL,
    modified_time timestamp with time zone NOT NULL,
    created_by bigint,
    storage_url text NOT NULL,
    modified_by bigint NOT NULL,
    captured_local_time timestamp without time zone,
    geolocation public.geometry(Point),
    CONSTRAINT content_type_cannot_be_empty_string CHECK ((length(content_type) > 0)),
    CONSTRAINT file_name_cannot_be_empty_string CHECK ((length(file_name) > 0))
);


--
-- Name: TABLE files; Type: COMMENT; Schema: public; Owner: -
--

COMMENT ON TABLE public.files IS 'Generic information about individual files. Files are associated with application entities using linking tables such as `accession_photos`.';


--
-- Name: COLUMN files.captured_local_time; Type: COMMENT; Schema: public; Owner: -
--

COMMENT ON COLUMN public.files.captured_local_time IS 'If applicable, the date and time in the local time zone of wherever the file''s data was captured. For example, the time a photo was taken. This may differ from `created_time`, which represents when the file was stored in Terraware. This is typically extracted from the file itself, e.g., EXIF metadata.';


--
-- Name: COLUMN files.geolocation; Type: COMMENT; Schema: public; Owner: -
--

COMMENT ON COLUMN public.files.geolocation IS 'If applicable, the location where the file was created. For photos, typically extracted from EXIF metadata.';


--
-- Name: flyway_schema_history; Type: TABLE; Schema: public; Owner: -
--

CREATE TABLE public.flyway_schema_history (
    installed_rank integer NOT NULL,
    version character varying(50),
    description character varying(200) NOT NULL,
    type character varying(20) NOT NULL,
    script character varying(1000) NOT NULL,
    checksum integer,
    installed_by character varying(100) NOT NULL,
    installed_on timestamp without time zone DEFAULT now() NOT NULL,
    execution_time integer NOT NULL,
    success boolean NOT NULL
);


--
-- Name: TABLE flyway_schema_history; Type: COMMENT; Schema: public; Owner: -
--

COMMENT ON TABLE public.flyway_schema_history IS 'Tracks which database migrations have already been applied. Used by the Flyway library, not by application.';


--
-- Name: gbif_distributions; Type: TABLE; Schema: public; Owner: -
--

CREATE TABLE public.gbif_distributions (
    taxon_id bigint NOT NULL,
    country_code text,
    establishment_means text,
    occurrence_status text,
    threat_status text,
    CONSTRAINT gbif_distributions_country_code_check CHECK ((country_code !~ similar_to_escape(' *'::text))),
    CONSTRAINT gbif_distributions_establishment_means_check CHECK ((establishment_means !~ similar_to_escape(' *'::text))),
    CONSTRAINT gbif_distributions_occurrence_status_check CHECK ((occurrence_status !~ similar_to_escape(' *'::text))),
    CONSTRAINT gbif_distributions_threat_status_check CHECK ((threat_status !~ similar_to_escape(' *'::text)))
);


--
-- Name: TABLE gbif_distributions; Type: COMMENT; Schema: public; Owner: -
--

COMMENT ON TABLE public.gbif_distributions IS 'Information about geographic distribution of species and their conservation statuses.';


--
-- Name: gbif_name_words; Type: TABLE; Schema: public; Owner: -
--

CREATE TABLE public.gbif_name_words (
    gbif_name_id bigint NOT NULL,
    word text NOT NULL COLLATE pg_catalog."C"
);


--
-- Name: TABLE gbif_name_words; Type: COMMENT; Schema: public; Owner: -
--

COMMENT ON TABLE public.gbif_name_words IS 'Inverted index of lower-cased words from species and family names in the GBIF backbone dataset. Used to support fast per-word prefix searches.';


--
-- Name: gbif_names; Type: TABLE; Schema: public; Owner: -
--

CREATE TABLE public.gbif_names (
    id bigint NOT NULL,
    taxon_id bigint NOT NULL,
    name text NOT NULL,
    language text,
    is_scientific boolean NOT NULL,
    CONSTRAINT gbif_names_language_check CHECK ((language !~ similar_to_escape(' *'::text)))
);


--
-- Name: TABLE gbif_names; Type: COMMENT; Schema: public; Owner: -
--

COMMENT ON TABLE public.gbif_names IS 'Scientific and vernacular names from the GBIF backbone dataset. Names are not required to be unique.';


--
-- Name: gbif_names_id_seq; Type: SEQUENCE; Schema: public; Owner: -
--

ALTER TABLE public.gbif_names ALTER COLUMN id ADD GENERATED BY DEFAULT AS IDENTITY (
    SEQUENCE NAME public.gbif_names_id_seq
    START WITH 1
    INCREMENT BY 1
    NO MINVALUE
    NO MAXVALUE
    CACHE 1
);


--
-- Name: gbif_taxa; Type: TABLE; Schema: public; Owner: -
--

CREATE TABLE public.gbif_taxa (
    taxon_id bigint NOT NULL,
    dataset_id text,
    parent_name_usage_id bigint,
    accepted_name_usage_id bigint,
    original_name_usage_id bigint,
    scientific_name text NOT NULL,
    canonical_name text,
    generic_name text,
    specific_epithet text,
    infraspecific_epithet text,
    taxon_rank text NOT NULL,
    taxonomic_status text NOT NULL,
    nomenclatural_status text,
    phylum text,
    class text,
    "order" text,
    family text,
    genus text,
    CONSTRAINT gbif_taxa_canonical_name_check CHECK ((canonical_name !~ similar_to_escape(' *'::text))),
    CONSTRAINT gbif_taxa_class_check CHECK ((class !~ similar_to_escape(' *'::text))),
    CONSTRAINT gbif_taxa_dataset_id_check CHECK ((dataset_id !~ similar_to_escape(' *'::text))),
    CONSTRAINT gbif_taxa_family_check CHECK ((family !~ similar_to_escape(' *'::text))),
    CONSTRAINT gbif_taxa_generic_name_check CHECK ((generic_name !~ similar_to_escape(' *'::text))),
    CONSTRAINT gbif_taxa_genus_check CHECK ((genus !~ similar_to_escape(' *'::text))),
    CONSTRAINT gbif_taxa_infraspecific_epithet_check CHECK ((infraspecific_epithet !~ similar_to_escape(' *'::text))),
    CONSTRAINT gbif_taxa_nomenclatural_status_check CHECK ((nomenclatural_status !~ similar_to_escape(' *'::text))),
    CONSTRAINT gbif_taxa_order_check CHECK (("order" !~ similar_to_escape(' *'::text))),
    CONSTRAINT gbif_taxa_phylum_check CHECK ((phylum !~ similar_to_escape(' *'::text))),
    CONSTRAINT gbif_taxa_specific_epithet_check CHECK ((specific_epithet !~ similar_to_escape(' *'::text)))
);


--
-- Name: TABLE gbif_taxa; Type: COMMENT; Schema: public; Owner: -
--

COMMENT ON TABLE public.gbif_taxa IS 'Taxonomic data about species and families. A subset of the GBIF backbone dataset.';


--
-- Name: gbif_vernacular_names; Type: TABLE; Schema: public; Owner: -
--

CREATE TABLE public.gbif_vernacular_names (
    taxon_id bigint NOT NULL,
    vernacular_name text NOT NULL,
    language text,
    country_code text,
    CONSTRAINT gbif_vernacular_names_country_code_check CHECK ((country_code !~ similar_to_escape(' *'::text))),
    CONSTRAINT gbif_vernacular_names_language_check CHECK ((language !~ similar_to_escape(' *'::text)))
);


--
-- Name: TABLE gbif_vernacular_names; Type: COMMENT; Schema: public; Owner: -
--

COMMENT ON TABLE public.gbif_vernacular_names IS 'Vernacular names for species and families. Part of the GBIF backbone dataset.';


--
-- Name: seed_treatments; Type: TABLE; Schema: public; Owner: -
--

CREATE TABLE public.seed_treatments (
    id integer NOT NULL,
    name text NOT NULL
);


--
-- Name: TABLE seed_treatments; Type: COMMENT; Schema: public; Owner: -
--

COMMENT ON TABLE public.seed_treatments IS '(Enum) Techniques that can be used to treat seeds before testing them for viability.';


--
-- Name: germination_treatment_id_seq; Type: SEQUENCE; Schema: public; Owner: -
--

ALTER TABLE public.seed_treatments ALTER COLUMN id ADD GENERATED BY DEFAULT AS IDENTITY (
    SEQUENCE NAME public.germination_treatment_id_seq
    START WITH 1
    INCREMENT BY 1
    NO MINVALUE
    NO MAXVALUE
    CACHE 1
);


--
-- Name: global_roles; Type: TABLE; Schema: public; Owner: -
--

CREATE TABLE public.global_roles (
    id integer NOT NULL,
    name text NOT NULL
);


--
-- Name: TABLE global_roles; Type: COMMENT; Schema: public; Owner: -
--

COMMENT ON TABLE public.global_roles IS '(Enum) System-wide roles that can be assigned to users. Global roles are not tied to organizations. These are generally for system or business administration; most users have no global roles.';


--
-- Name: growth_forms; Type: TABLE; Schema: public; Owner: -
--

CREATE TABLE public.growth_forms (
    id integer NOT NULL,
    name text NOT NULL
);


--
-- Name: TABLE growth_forms; Type: COMMENT; Schema: public; Owner: -
--

COMMENT ON TABLE public.growth_forms IS '(Enum) What physical form a particular species takes. For example, "Tree" or "Shrub."';


--
-- Name: identifier_sequences; Type: TABLE; Schema: public; Owner: -
--

CREATE TABLE public.identifier_sequences (
    organization_id bigint NOT NULL,
    prefix text NOT NULL,
    next_value bigint NOT NULL
);


--
-- Name: TABLE identifier_sequences; Type: COMMENT; Schema: public; Owner: -
--

COMMENT ON TABLE public.identifier_sequences IS 'Current state for generating user-facing identifiers (accession number, etc.) for each organization.';


--
-- Name: internal_tags; Type: TABLE; Schema: public; Owner: -
--

CREATE TABLE public.internal_tags (
    id bigint NOT NULL,
    name text NOT NULL,
    description text,
    is_system boolean NOT NULL,
    created_by bigint NOT NULL,
    created_time timestamp with time zone NOT NULL,
    modified_by bigint NOT NULL,
    modified_time timestamp with time zone NOT NULL
);


--
-- Name: TABLE internal_tags; Type: COMMENT; Schema: public; Owner: -
--

COMMENT ON TABLE public.internal_tags IS 'Internal (non-user-facing) tags. Low-numbered tags are defined by the system; the rest may be edited by super admins.';


--
-- Name: internal_tags_id_seq; Type: SEQUENCE; Schema: public; Owner: -
--

ALTER TABLE public.internal_tags ALTER COLUMN id ADD GENERATED BY DEFAULT AS IDENTITY (
    SEQUENCE NAME public.internal_tags_id_seq
    START WITH 1
    INCREMENT BY 1
    NO MINVALUE
    NO MAXVALUE
    CACHE 1
);


--
-- Name: jobrunr_backgroundjobservers; Type: TABLE; Schema: public; Owner: -
--

CREATE TABLE public.jobrunr_backgroundjobservers (
    id character(36) NOT NULL,
    workerpoolsize integer NOT NULL,
    pollintervalinseconds integer NOT NULL,
    firstheartbeat timestamp(6) without time zone NOT NULL,
    lastheartbeat timestamp(6) without time zone NOT NULL,
    running integer NOT NULL,
    systemtotalmemory bigint NOT NULL,
    systemfreememory bigint NOT NULL,
    systemcpuload numeric(3,2) NOT NULL,
    processmaxmemory bigint NOT NULL,
    processfreememory bigint NOT NULL,
    processallocatedmemory bigint NOT NULL,
    processcpuload numeric(3,2) NOT NULL,
    deletesucceededjobsafter character varying(32),
    permanentlydeletejobsafter character varying(32),
    name character varying(128)
);


--
-- Name: jobrunr_jobs; Type: TABLE; Schema: public; Owner: -
--

CREATE TABLE public.jobrunr_jobs (
    id character(36) NOT NULL,
    version integer NOT NULL,
    jobasjson text NOT NULL,
    jobsignature character varying(512) NOT NULL,
    state character varying(36) NOT NULL,
    createdat timestamp without time zone NOT NULL,
    updatedat timestamp without time zone NOT NULL,
    scheduledat timestamp without time zone,
    recurringjobid character varying(128)
);


--
-- Name: jobrunr_metadata; Type: TABLE; Schema: public; Owner: -
--

CREATE TABLE public.jobrunr_metadata (
    id character varying(156) NOT NULL,
    name character varying(92) NOT NULL,
    owner character varying(64) NOT NULL,
    value text NOT NULL,
    createdat timestamp without time zone NOT NULL,
    updatedat timestamp without time zone NOT NULL
);


--
-- Name: jobrunr_recurring_jobs; Type: TABLE; Schema: public; Owner: -
--

CREATE TABLE public.jobrunr_recurring_jobs (
    id character(128) NOT NULL,
    version integer NOT NULL,
    jobasjson text NOT NULL,
    createdat bigint DEFAULT '0'::bigint NOT NULL
);


--
-- Name: jobrunr_jobs_stats; Type: VIEW; Schema: public; Owner: -
--

CREATE VIEW public.jobrunr_jobs_stats AS
 WITH job_stat_results AS (
         SELECT jobrunr_jobs.state,
            count(*) AS count
           FROM public.jobrunr_jobs
          GROUP BY jobrunr_jobs.state
        )
 SELECT COALESCE(( SELECT sum(job_stat_results.count) AS sum
           FROM job_stat_results), (0)::numeric) AS total,
    COALESCE(( SELECT sum(job_stat_results.count) AS sum
           FROM job_stat_results
          WHERE ((job_stat_results.state)::text = 'AWAITING'::text)), (0)::numeric) AS awaiting,
    COALESCE(( SELECT sum(job_stat_results.count) AS sum
           FROM job_stat_results
          WHERE ((job_stat_results.state)::text = 'SCHEDULED'::text)), (0)::numeric) AS scheduled,
    COALESCE(( SELECT sum(job_stat_results.count) AS sum
           FROM job_stat_results
          WHERE ((job_stat_results.state)::text = 'ENQUEUED'::text)), (0)::numeric) AS enqueued,
    COALESCE(( SELECT sum(job_stat_results.count) AS sum
           FROM job_stat_results
          WHERE ((job_stat_results.state)::text = 'PROCESSING'::text)), (0)::numeric) AS processing,
    COALESCE(( SELECT sum(job_stat_results.count) AS sum
           FROM job_stat_results
          WHERE ((job_stat_results.state)::text = 'PROCESSED'::text)), (0)::numeric) AS processed,
    COALESCE(( SELECT sum(job_stat_results.count) AS sum
           FROM job_stat_results
          WHERE ((job_stat_results.state)::text = 'FAILED'::text)), (0)::numeric) AS failed,
    COALESCE(( SELECT sum(job_stat_results.count) AS sum
           FROM job_stat_results
          WHERE ((job_stat_results.state)::text = 'SUCCEEDED'::text)), (0)::numeric) AS succeeded,
    COALESCE(( SELECT ((jm.value)::character(10))::numeric(10,0) AS value
           FROM public.jobrunr_metadata jm
          WHERE ((jm.id)::text = 'succeeded-jobs-counter-cluster'::text)), (0)::numeric) AS alltimesucceeded,
    COALESCE(( SELECT sum(job_stat_results.count) AS sum
           FROM job_stat_results
          WHERE ((job_stat_results.state)::text = 'DELETED'::text)), (0)::numeric) AS deleted,
    ( SELECT count(*) AS count
           FROM public.jobrunr_backgroundjobservers) AS nbrofbackgroundjobservers,
    ( SELECT count(*) AS count
           FROM public.jobrunr_recurring_jobs) AS nbrofrecurringjobs;


--
-- Name: jobrunr_migrations; Type: TABLE; Schema: public; Owner: -
--

CREATE TABLE public.jobrunr_migrations (
    id character(36) NOT NULL,
    script character varying(64) NOT NULL,
    installedon character varying(29) NOT NULL
);


--
-- Name: land_use_model_types; Type: TABLE; Schema: public; Owner: -
--

CREATE TABLE public.land_use_model_types (
    id integer NOT NULL,
    name text NOT NULL
);


--
-- Name: TABLE land_use_model_types; Type: COMMENT; Schema: public; Owner: -
--

COMMENT ON TABLE public.land_use_model_types IS '(Enum) Types of ways a project''s land can be used.';


--
-- Name: timeseries_values; Type: TABLE; Schema: public; Owner: -
--

CREATE TABLE public.timeseries_values (
    timeseries_id bigint NOT NULL,
    created_time timestamp with time zone NOT NULL,
    value text NOT NULL
);


--
-- Name: TABLE timeseries_values; Type: COMMENT; Schema: public; Owner: -
--

COMMENT ON TABLE public.timeseries_values IS 'Individual data points on a timeseries. For example, each time the temperature is read from a thermometer, the reading is inserted here.';


--
-- Name: latest_timeseries_values; Type: VIEW; Schema: public; Owner: -
--

CREATE VIEW public.latest_timeseries_values AS
 SELECT timeseries_id,
    created_time,
    value
   FROM ( SELECT timeseries_values.timeseries_id,
            timeseries_values.created_time,
            timeseries_values.value,
            row_number() OVER (PARTITION BY timeseries_values.timeseries_id ORDER BY timeseries_values.created_time DESC) AS row_num
           FROM public.timeseries_values) ordered
  WHERE (row_num = 1);


--
-- Name: managed_location_types; Type: TABLE; Schema: public; Owner: -
--

CREATE TABLE public.managed_location_types (
    id integer NOT NULL,
    name text NOT NULL
);


--
-- Name: TABLE managed_location_types; Type: COMMENT; Schema: public; Owner: -
--

COMMENT ON TABLE public.managed_location_types IS '(Enum) Type of managed location for business analytics purposes.';


--
-- Name: mux_assets; Type: TABLE; Schema: public; Owner: -
--

CREATE TABLE public.mux_assets (
    file_id bigint NOT NULL,
    asset_id text NOT NULL,
    asset_status_id integer NOT NULL,
    playback_id text NOT NULL,
    created_time timestamp with time zone NOT NULL,
    ready_time timestamp with time zone,
    error_message text
);


--
-- Name: TABLE mux_assets; Type: COMMENT; Schema: public; Owner: -
--

COMMENT ON TABLE public.mux_assets IS 'Information about Mux (video streaming) assets associated with files.';


--
-- Name: COLUMN mux_assets.asset_id; Type: COMMENT; Schema: public; Owner: -
--

COMMENT ON COLUMN public.mux_assets.asset_id IS 'ID of the Mux asset as a whole. Used when updating or deleting assets.';


--
-- Name: COLUMN mux_assets.playback_id; Type: COMMENT; Schema: public; Owner: -
--

COMMENT ON COLUMN public.mux_assets.playback_id IS 'ID of the Mux playback configuration for the asset. This is passed to the video player to stream a video.';


--
-- Name: COLUMN mux_assets.created_time; Type: COMMENT; Schema: public; Owner: -
--

COMMENT ON COLUMN public.mux_assets.created_time IS 'When the file was sent to Mux to create the asset. This can be later than the created time of the original file.';


--
-- Name: COLUMN mux_assets.ready_time; Type: COMMENT; Schema: public; Owner: -
--

COMMENT ON COLUMN public.mux_assets.ready_time IS 'If the asset is ready to play, what time it became ready.';


--
-- Name: COLUMN mux_assets.error_message; Type: COMMENT; Schema: public; Owner: -
--

COMMENT ON COLUMN public.mux_assets.error_message IS 'If Mux failed to process the asset, the error it encountered.';


--
-- Name: notification_criticalities; Type: TABLE; Schema: public; Owner: -
--

CREATE TABLE public.notification_criticalities (
    id integer NOT NULL,
    name text NOT NULL
);


--
-- Name: TABLE notification_criticalities; Type: COMMENT; Schema: public; Owner: -
--

COMMENT ON TABLE public.notification_criticalities IS '(Enum) Criticality information of notifications in the application.';


--
-- Name: notification_types; Type: TABLE; Schema: public; Owner: -
--

CREATE TABLE public.notification_types (
    id integer NOT NULL,
    name text NOT NULL,
    notification_criticality_id integer NOT NULL
);


--
-- Name: TABLE notification_types; Type: COMMENT; Schema: public; Owner: -
--

COMMENT ON TABLE public.notification_types IS '(Enum) Types of notifications in the application.';


--
-- Name: notifications; Type: TABLE; Schema: public; Owner: -
--

CREATE TABLE public.notifications (
    id bigint NOT NULL,
    notification_type_id integer NOT NULL,
    user_id bigint NOT NULL,
    organization_id bigint,
    title text NOT NULL,
    body text NOT NULL,
    local_url text NOT NULL,
    created_time timestamp with time zone NOT NULL,
    is_read boolean DEFAULT false NOT NULL
);


--
-- Name: TABLE notifications; Type: COMMENT; Schema: public; Owner: -
--

COMMENT ON TABLE public.notifications IS 'Notifications for application users.';


--
-- Name: notifications_id_seq; Type: SEQUENCE; Schema: public; Owner: -
--

ALTER TABLE public.notifications ALTER COLUMN id ADD GENERATED BY DEFAULT AS IDENTITY (
    SEQUENCE NAME public.notifications_id_seq
    START WITH 1
    INCREMENT BY 1
    NO MINVALUE
    NO MAXVALUE
    CACHE 1
);


--
-- Name: organization_managed_location_types; Type: TABLE; Schema: public; Owner: -
--

CREATE TABLE public.organization_managed_location_types (
    organization_id bigint NOT NULL,
    managed_location_type_id integer NOT NULL
);


--
-- Name: TABLE organization_managed_location_types; Type: COMMENT; Schema: public; Owner: -
--

COMMENT ON TABLE public.organization_managed_location_types IS 'Per-organization information about managed location types for business analytics purposes.';


--
-- Name: organization_report_settings; Type: TABLE; Schema: public; Owner: -
--

CREATE TABLE public.organization_report_settings (
    organization_id bigint NOT NULL,
    is_enabled boolean NOT NULL
);


--
-- Name: TABLE organization_report_settings; Type: COMMENT; Schema: public; Owner: -
--

COMMENT ON TABLE public.organization_report_settings IS 'Organization-level settings for quarterly reports. Project-level settings are in `project_report_settings`.';


--
-- Name: organization_types; Type: TABLE; Schema: public; Owner: -
--

CREATE TABLE public.organization_types (
    id integer NOT NULL,
    name text NOT NULL
);


--
-- Name: TABLE organization_types; Type: COMMENT; Schema: public; Owner: -
--

COMMENT ON TABLE public.organization_types IS '(Enum) Type of forestry organization for business analytics purposes.';


--
-- Name: organization_users; Type: TABLE; Schema: public; Owner: -
--

CREATE TABLE public.organization_users (
    user_id bigint NOT NULL,
    organization_id bigint NOT NULL,
    role_id integer NOT NULL,
    created_time timestamp with time zone NOT NULL,
    modified_time timestamp with time zone NOT NULL,
    created_by bigint NOT NULL,
    modified_by bigint NOT NULL
);


--
-- Name: TABLE organization_users; Type: COMMENT; Schema: public; Owner: -
--

COMMENT ON TABLE public.organization_users IS 'Organization membership and role information.';


--
-- Name: organizations; Type: TABLE; Schema: public; Owner: -
--

CREATE TABLE public.organizations (
    id bigint NOT NULL,
    name text NOT NULL,
    created_time timestamp with time zone NOT NULL,
    modified_time timestamp with time zone NOT NULL,
    disabled_time timestamp with time zone,
    country_code text,
    country_subdivision_code text,
    description text,
    created_by bigint NOT NULL,
    modified_by bigint NOT NULL,
    time_zone text,
    organization_type_id integer,
    organization_type_details character varying(100),
    website text,
    CONSTRAINT country_code_matches_subdivision CHECK (((country_subdivision_code IS NULL) OR (substr(country_subdivision_code, 1, 2) = country_code))),
    CONSTRAINT organizations_country_code_check CHECK ((country_code !~ similar_to_escape(' *'::text))),
    CONSTRAINT organizations_country_subdivision_code_check CHECK ((country_subdivision_code !~ similar_to_escape(' *'::text))),
    CONSTRAINT organizations_description_check CHECK ((description !~ similar_to_escape(' *'::text))),
    CONSTRAINT other_type_details_null_or_not_empty CHECK (((organization_type_details IS NULL) OR ((organization_type_details)::text <> ''::text))),
    CONSTRAINT other_type_details_only_for_other CHECK ((((organization_type_details IS NULL) AND (organization_type_id <> 6)) OR ((organization_type_details IS NOT NULL) AND (organization_type_id = 6))))
);


--
-- Name: TABLE organizations; Type: COMMENT; Schema: public; Owner: -
--

COMMENT ON TABLE public.organizations IS 'Top-level information about organizations.';


--
-- Name: COLUMN organizations.id; Type: COMMENT; Schema: public; Owner: -
--

COMMENT ON COLUMN public.organizations.id IS 'Unique numeric identifier of the organization.';


--
-- Name: COLUMN organizations.organization_type_details; Type: COMMENT; Schema: public; Owner: -
--

COMMENT ON COLUMN public.organizations.organization_type_details IS 'User provided information on the organization when type is Other, limited to 100 characters.';


--
-- Name: COLUMN organizations.website; Type: COMMENT; Schema: public; Owner: -
--

COMMENT ON COLUMN public.organizations.website IS 'Website information for the organization with no formatting restrictions.';


--
-- Name: organizations_id_seq; Type: SEQUENCE; Schema: public; Owner: -
--

ALTER TABLE public.organizations ALTER COLUMN id ADD GENERATED BY DEFAULT AS IDENTITY (
    SEQUENCE NAME public.organizations_id_seq
    START WITH 1
    INCREMENT BY 1
    NO MINVALUE
    NO MAXVALUE
    CACHE 1
);


--
-- Name: photos_id_seq; Type: SEQUENCE; Schema: public; Owner: -
--

ALTER TABLE public.files ALTER COLUMN id ADD GENERATED BY DEFAULT AS IDENTITY (
    SEQUENCE NAME public.photos_id_seq
    START WITH 1
    INCREMENT BY 1
    NO MINVALUE
    NO MAXVALUE
    CACHE 1
);


--
-- Name: plant_material_sourcing_methods; Type: TABLE; Schema: public; Owner: -
--

CREATE TABLE public.plant_material_sourcing_methods (
    id integer NOT NULL,
    name text NOT NULL
);


--
-- Name: TABLE plant_material_sourcing_methods; Type: COMMENT; Schema: public; Owner: -
--

COMMENT ON TABLE public.plant_material_sourcing_methods IS '(Enum) Sourcing methods for acquiring plant material.';


--
-- Name: project_internal_roles; Type: TABLE; Schema: public; Owner: -
--

CREATE TABLE public.project_internal_roles (
    id integer NOT NULL,
    name text NOT NULL
);


--
-- Name: TABLE project_internal_roles; Type: COMMENT; Schema: public; Owner: -
--

COMMENT ON TABLE public.project_internal_roles IS '(Enum) Roles a user is allowed to have on a project.';


--
-- Name: project_internal_users; Type: TABLE; Schema: public; Owner: -
--

CREATE TABLE public.project_internal_users (
    project_id bigint NOT NULL,
    user_id bigint NOT NULL,
    project_internal_role_id integer,
    role_name text,
    created_time timestamp with time zone DEFAULT now() NOT NULL,
    modified_time timestamp with time zone DEFAULT now() NOT NULL,
    created_by bigint NOT NULL,
    modified_by bigint NOT NULL,
    CONSTRAINT project_internal_users_role_exclusive CHECK (((project_internal_role_id IS NULL) <> (role_name IS NULL)))
);


--
-- Name: TABLE project_internal_users; Type: COMMENT; Schema: public; Owner: -
--

COMMENT ON TABLE public.project_internal_users IS 'Which users have which internal roles on a project.';


--
-- Name: CONSTRAINT project_internal_users_role_exclusive ON project_internal_users; Type: COMMENT; Schema: public; Owner: -
--

COMMENT ON CONSTRAINT project_internal_users_role_exclusive ON public.project_internal_users IS 'Either role_id or role_name is necessary, but cannot include both.';


--
-- Name: project_land_use_model_types; Type: TABLE; Schema: public; Owner: -
--

CREATE TABLE public.project_land_use_model_types (
    project_id bigint NOT NULL,
    land_use_model_type_id integer NOT NULL
);


--
-- Name: TABLE project_land_use_model_types; Type: COMMENT; Schema: public; Owner: -
--

COMMENT ON TABLE public.project_land_use_model_types IS 'Which projects have which types of land use models.';


--
-- Name: project_report_settings; Type: TABLE; Schema: public; Owner: -
--

CREATE TABLE public.project_report_settings (
    project_id bigint NOT NULL,
    is_enabled boolean NOT NULL
);


--
-- Name: TABLE project_report_settings; Type: COMMENT; Schema: public; Owner: -
--

COMMENT ON TABLE public.project_report_settings IS 'Which projects require reports to be submitted each quarter. Organization-level settings are in `organization_report_settings`.';


--
-- Name: projects_id_seq; Type: SEQUENCE; Schema: public; Owner: -
--

ALTER TABLE public.projects ALTER COLUMN id ADD GENERATED BY DEFAULT AS IDENTITY (
    SEQUENCE NAME public.projects_id_seq
    START WITH 1
    INCREMENT BY 1
    NO MINVALUE
    NO MAXVALUE
    CACHE 1
);


--
-- Name: rate_limited_events; Type: TABLE; Schema: public; Owner: -
--

CREATE TABLE public.rate_limited_events (
    event_class text NOT NULL,
    rate_limit_key jsonb NOT NULL,
    next_time timestamp with time zone NOT NULL,
    pending_event jsonb
);


--
-- Name: TABLE rate_limited_events; Type: COMMENT; Schema: public; Owner: -
--

COMMENT ON TABLE public.rate_limited_events IS 'Tracks events such as notifications that should have a minimum interval between instances.';


--
-- Name: COLUMN rate_limited_events.event_class; Type: COMMENT; Schema: public; Owner: -
--

COMMENT ON COLUMN public.rate_limited_events.event_class IS 'Fully-qualified class name of the event whose rate limit is being tracked.';


--
-- Name: regions; Type: TABLE; Schema: public; Owner: -
--

CREATE TABLE public.regions (
    id integer NOT NULL,
    name text NOT NULL
);


--
-- Name: TABLE regions; Type: COMMENT; Schema: public; Owner: -
--

COMMENT ON TABLE public.regions IS '(Enum) Parts of the world where countries are located.';


--
-- Name: seed_fund_reports; Type: TABLE; Schema: public; Owner: -
--

CREATE TABLE public.seed_fund_reports (
    id bigint NOT NULL,
    organization_id bigint NOT NULL,
    year integer NOT NULL,
    quarter integer NOT NULL,
    locked_by bigint,
    locked_time timestamp with time zone,
    modified_by bigint,
    modified_time timestamp with time zone,
    submitted_by bigint,
    submitted_time timestamp with time zone,
    status_id integer NOT NULL,
    body jsonb NOT NULL,
    project_id bigint,
    project_name text,
    CONSTRAINT cannot_submit_while_locked CHECK (((locked_time IS NULL) OR (submitted_time IS NULL))),
    CONSTRAINT locked_by_and_time_both_set CHECK ((((locked_by IS NULL) AND (locked_time IS NULL)) OR ((locked_by IS NOT NULL) AND (locked_time IS NOT NULL)))),
    CONSTRAINT quarter_in_range CHECK (((quarter >= 1) AND (quarter <= 4))),
    CONSTRAINT status_reflects_locked CHECK ((((locked_by IS NULL) AND (status_id <> 3)) OR ((locked_by IS NOT NULL) AND (status_id = 3)))),
    CONSTRAINT status_reflects_submitted CHECK ((((submitted_by IS NULL) AND (status_id <> 4)) OR ((submitted_by IS NOT NULL) AND (status_id = 4)))),
    CONSTRAINT submitted_by_and_time_both_set CHECK ((((submitted_by IS NULL) AND (submitted_time IS NULL)) OR ((submitted_by IS NOT NULL) AND (submitted_time IS NOT NULL))))
);


--
-- Name: TABLE seed_fund_reports; Type: COMMENT; Schema: public; Owner: -
--

COMMENT ON TABLE public.seed_fund_reports IS 'Partner-submitted reports about their organizations and projects.';


--
-- Name: COLUMN seed_fund_reports.project_id; Type: COMMENT; Schema: public; Owner: -
--

COMMENT ON COLUMN public.seed_fund_reports.project_id IS 'If this report is for a specific project and the project still exists, the project ID. If the project has been deleted, this will be null but `project_name` will still be populated.';


--
-- Name: COLUMN seed_fund_reports.project_name; Type: COMMENT; Schema: public; Owner: -
--

COMMENT ON COLUMN public.seed_fund_reports.project_name IS 'If this report is for a specific project, the name of the project as of the time the report was submitted.';


--
-- Name: reports_id_seq; Type: SEQUENCE; Schema: public; Owner: -
--

ALTER TABLE public.seed_fund_reports ALTER COLUMN id ADD GENERATED BY DEFAULT AS IDENTITY (
    SEQUENCE NAME public.reports_id_seq
    START WITH 1
    INCREMENT BY 1
    NO MINVALUE
    NO MAXVALUE
    CACHE 1
);


--
-- Name: roles; Type: TABLE; Schema: public; Owner: -
--

CREATE TABLE public.roles (
    id integer NOT NULL,
    name text NOT NULL
);


--
-- Name: TABLE roles; Type: COMMENT; Schema: public; Owner: -
--

COMMENT ON TABLE public.roles IS '(Enum) Roles a user is allowed to have in an organization.';


--
-- Name: seed_fund_report_files; Type: TABLE; Schema: public; Owner: -
--

CREATE TABLE public.seed_fund_report_files (
    file_id bigint NOT NULL,
    report_id bigint NOT NULL
);


--
-- Name: TABLE seed_fund_report_files; Type: COMMENT; Schema: public; Owner: -
--

COMMENT ON TABLE public.seed_fund_report_files IS 'Linking table between `reports` and `files` for non-photo files.';


--
-- Name: seed_fund_report_photos; Type: TABLE; Schema: public; Owner: -
--

CREATE TABLE public.seed_fund_report_photos (
    report_id bigint NOT NULL,
    file_id bigint NOT NULL,
    caption text
);


--
-- Name: TABLE seed_fund_report_photos; Type: COMMENT; Schema: public; Owner: -
--

COMMENT ON TABLE public.seed_fund_report_photos IS 'Linking table between `reports` and `files` for photos.';


--
-- Name: seed_fund_report_statuses; Type: TABLE; Schema: public; Owner: -
--

CREATE TABLE public.seed_fund_report_statuses (
    id integer NOT NULL,
    name text NOT NULL
);


--
-- Name: TABLE seed_fund_report_statuses; Type: COMMENT; Schema: public; Owner: -
--

COMMENT ON TABLE public.seed_fund_report_statuses IS '(Enum) Describes where in the workflow each partner report is.';


--
-- Name: seed_storage_behaviors; Type: TABLE; Schema: public; Owner: -
--

CREATE TABLE public.seed_storage_behaviors (
    id integer NOT NULL,
    name text NOT NULL
);


--
-- Name: TABLE seed_storage_behaviors; Type: COMMENT; Schema: public; Owner: -
--

COMMENT ON TABLE public.seed_storage_behaviors IS '(Enum) How seeds of a particular species behave in storage.';


--
-- Name: site_module_id_seq; Type: SEQUENCE; Schema: public; Owner: -
--

ALTER TABLE public.facilities ALTER COLUMN id ADD GENERATED BY DEFAULT AS IDENTITY (
    SEQUENCE NAME public.site_module_id_seq
    START WITH 1
    INCREMENT BY 1
    NO MINVALUE
    NO MAXVALUE
    CACHE 1
);


--
-- Name: species; Type: TABLE; Schema: public; Owner: -
--

CREATE TABLE public.species (
    id bigint NOT NULL,
    organization_id bigint NOT NULL,
    scientific_name text NOT NULL,
    common_name text,
    family_name text,
    rare boolean,
    seed_storage_behavior_id integer,
    created_by bigint NOT NULL,
    created_time timestamp with time zone NOT NULL,
    modified_by bigint NOT NULL,
    modified_time timestamp with time zone NOT NULL,
    deleted_by bigint,
    deleted_time timestamp with time zone,
    checked_time timestamp with time zone,
    initial_scientific_name text NOT NULL,
    conservation_category_id text,
    ecological_role_known text,
    dbh_source text,
    height_at_maturity_source text,
    local_uses_known text,
    native_ecosystem text,
    other_facts text,
    average_wood_density numeric,
    height_at_maturity_value numeric,
    dbh_value numeric,
    wood_density_level_id integer,
    CONSTRAINT species_common_name_check CHECK ((common_name !~ similar_to_escape(' *'::text))),
    CONSTRAINT species_family_name_check CHECK ((family_name !~ similar_to_escape(' *'::text)))
);


--
-- Name: TABLE species; Type: COMMENT; Schema: public; Owner: -
--

COMMENT ON TABLE public.species IS 'Per-organization information about species.';


--
-- Name: COLUMN species.checked_time; Type: COMMENT; Schema: public; Owner: -
--

COMMENT ON COLUMN public.species.checked_time IS 'If non-null, when the species was checked for possible suggested edits. If null, the species has not been checked yet.';


--
-- Name: species_ecosystem_types; Type: TABLE; Schema: public; Owner: -
--

CREATE TABLE public.species_ecosystem_types (
    species_id bigint NOT NULL,
    ecosystem_type_id integer NOT NULL
);


--
-- Name: TABLE species_ecosystem_types; Type: COMMENT; Schema: public; Owner: -
--

COMMENT ON TABLE public.species_ecosystem_types IS 'Ecosystems where each species can be found.';


--
-- Name: species_growth_forms; Type: TABLE; Schema: public; Owner: -
--

CREATE TABLE public.species_growth_forms (
    species_id bigint NOT NULL,
    growth_form_id integer NOT NULL
);


--
-- Name: TABLE species_growth_forms; Type: COMMENT; Schema: public; Owner: -
--

COMMENT ON TABLE public.species_growth_forms IS 'Growth forms of each species';


--
-- Name: species_id_seq1; Type: SEQUENCE; Schema: public; Owner: -
--

ALTER TABLE public.species ALTER COLUMN id ADD GENERATED BY DEFAULT AS IDENTITY (
    SEQUENCE NAME public.species_id_seq1
    START WITH 1
    INCREMENT BY 1
    NO MINVALUE
    NO MAXVALUE
    CACHE 1
);


--
-- Name: species_native_categories; Type: TABLE; Schema: public; Owner: -
--

CREATE TABLE public.species_native_categories (
    id integer NOT NULL,
    name text NOT NULL
);


--
-- Name: TABLE species_native_categories; Type: COMMENT; Schema: public; Owner: -
--

COMMENT ON TABLE public.species_native_categories IS '(Enum) Categories related to native-ness of a species.';


--
-- Name: species_plant_material_sourcing_methods; Type: TABLE; Schema: public; Owner: -
--

CREATE TABLE public.species_plant_material_sourcing_methods (
    species_id bigint NOT NULL,
    plant_material_sourcing_method_id integer NOT NULL
);


--
-- Name: TABLE species_plant_material_sourcing_methods; Type: COMMENT; Schema: public; Owner: -
--

COMMENT ON TABLE public.species_plant_material_sourcing_methods IS 'Sourcing methods for the plant material used to grow a particular species.';


--
-- Name: species_problem_fields; Type: TABLE; Schema: public; Owner: -
--

CREATE TABLE public.species_problem_fields (
    id integer NOT NULL,
    name text NOT NULL
);


--
-- Name: TABLE species_problem_fields; Type: COMMENT; Schema: public; Owner: -
--

COMMENT ON TABLE public.species_problem_fields IS '(Enum) Species fields that can be scanned for problems.';


--
-- Name: species_problem_types; Type: TABLE; Schema: public; Owner: -
--

CREATE TABLE public.species_problem_types (
    id integer NOT NULL,
    name text NOT NULL
);


--
-- Name: TABLE species_problem_types; Type: COMMENT; Schema: public; Owner: -
--

COMMENT ON TABLE public.species_problem_types IS '(Enum) Specific types of problems that can be detected in species data.';


--
-- Name: species_problems; Type: TABLE; Schema: public; Owner: -
--

CREATE TABLE public.species_problems (
    id bigint NOT NULL,
    species_id bigint NOT NULL,
    field_id integer NOT NULL,
    type_id integer NOT NULL,
    created_time timestamp with time zone NOT NULL,
    suggested_value text,
    CONSTRAINT species_problems_suggested_value_check CHECK ((suggested_value !~ similar_to_escape(' *'::text)))
);


--
-- Name: TABLE species_problems; Type: COMMENT; Schema: public; Owner: -
--

COMMENT ON TABLE public.species_problems IS 'Problems found in species data. Rows are deleted from this table when the problem is marked as ignored by the user or the user accepts the suggested fix.';


--
-- Name: species_problems_id_seq; Type: SEQUENCE; Schema: public; Owner: -
--

ALTER TABLE public.species_problems ALTER COLUMN id ADD GENERATED BY DEFAULT AS IDENTITY (
    SEQUENCE NAME public.species_problems_id_seq
    START WITH 1
    INCREMENT BY 1
    NO MINVALUE
    NO MAXVALUE
    CACHE 1
);


--
-- Name: species_successional_groups; Type: TABLE; Schema: public; Owner: -
--

CREATE TABLE public.species_successional_groups (
    species_id bigint NOT NULL,
    successional_group_id integer NOT NULL
);


--
-- Name: TABLE species_successional_groups; Type: COMMENT; Schema: public; Owner: -
--

COMMENT ON TABLE public.species_successional_groups IS 'The successional groupings that the species is planted in.';


--
-- Name: splat_annotations; Type: TABLE; Schema: public; Owner: -
--

CREATE TABLE public.splat_annotations (
    id bigint NOT NULL,
    file_id bigint NOT NULL,
    created_by bigint NOT NULL,
    created_time timestamp with time zone NOT NULL,
    modified_by bigint NOT NULL,
    modified_time timestamp with time zone NOT NULL,
    title text NOT NULL,
    body_text text,
    label text,
    position_x numeric NOT NULL,
    position_y numeric NOT NULL,
    position_z numeric NOT NULL,
    camera_position_x numeric,
    camera_position_y numeric,
    camera_position_z numeric,
    CONSTRAINT camera_position_all_or_none CHECK ((((camera_position_x IS NULL) AND (camera_position_y IS NULL) AND (camera_position_z IS NULL)) OR ((camera_position_x IS NOT NULL) AND (camera_position_y IS NOT NULL) AND (camera_position_z IS NOT NULL))))
);


--
-- Name: TABLE splat_annotations; Type: COMMENT; Schema: public; Owner: -
--

COMMENT ON TABLE public.splat_annotations IS 'Annotations that should be displayed inside splat models.';


--
-- Name: COLUMN splat_annotations.title; Type: COMMENT; Schema: public; Owner: -
--

COMMENT ON COLUMN public.splat_annotations.title IS 'The text that displays at the top of the annotation box after it is clicked.';


--
-- Name: COLUMN splat_annotations.body_text; Type: COMMENT; Schema: public; Owner: -
--

COMMENT ON COLUMN public.splat_annotations.body_text IS 'The text that displays in the annotation box after it is clicked.';


--
-- Name: COLUMN splat_annotations.label; Type: COMMENT; Schema: public; Owner: -
--

COMMENT ON COLUMN public.splat_annotations.label IS 'The text that displays over the annotations while it''s floating in space.';


--
-- Name: splat_annotations_id_seq; Type: SEQUENCE; Schema: public; Owner: -
--

ALTER TABLE public.splat_annotations ALTER COLUMN id ADD GENERATED BY DEFAULT AS IDENTITY (
    SEQUENCE NAME public.splat_annotations_id_seq
    START WITH 1
    INCREMENT BY 1
    NO MINVALUE
    NO MAXVALUE
    CACHE 1
);


--
-- Name: splats; Type: TABLE; Schema: public; Owner: -
--

CREATE TABLE public.splats (
    file_id bigint NOT NULL,
    created_by bigint NOT NULL,
    created_time timestamp with time zone NOT NULL,
    asset_status_id integer NOT NULL,
    completed_time timestamp with time zone,
    splat_storage_url text,
    error_message text
);


--
-- Name: TABLE splats; Type: COMMENT; Schema: public; Owner: -
--

COMMENT ON TABLE public.splats IS 'Information about 3D Gaussian splatting models generated from video files.';


--
-- Name: spring_session; Type: TABLE; Schema: public; Owner: -
--

CREATE TABLE public.spring_session (
    primary_id character(36) NOT NULL,
    session_id character(36) NOT NULL,
    creation_time bigint NOT NULL,
    last_access_time bigint NOT NULL,
    max_inactive_interval integer NOT NULL,
    expiry_time bigint NOT NULL,
    principal_name character varying(100)
);


--
-- Name: TABLE spring_session; Type: COMMENT; Schema: public; Owner: -
--

COMMENT ON TABLE public.spring_session IS 'Active login sessions. Used by Spring Session, not the application.';


--
-- Name: spring_session_attributes; Type: TABLE; Schema: public; Owner: -
--

CREATE TABLE public.spring_session_attributes (
    session_primary_id character(36) NOT NULL,
    attribute_name character varying(200) NOT NULL,
    attribute_bytes bytea NOT NULL
);


--
-- Name: TABLE spring_session_attributes; Type: COMMENT; Schema: public; Owner: -
--

COMMENT ON TABLE public.spring_session_attributes IS 'Data associated with a login session. Used by Spring Session, not the application.';


--
-- Name: sub_locations; Type: TABLE; Schema: public; Owner: -
--

CREATE TABLE public.sub_locations (
    id bigint NOT NULL,
    facility_id bigint NOT NULL,
    name text NOT NULL,
    created_time timestamp with time zone DEFAULT now() NOT NULL,
    modified_time timestamp with time zone DEFAULT now() NOT NULL,
    created_by bigint NOT NULL,
    modified_by bigint NOT NULL
);


--
-- Name: TABLE sub_locations; Type: COMMENT; Schema: public; Owner: -
--

COMMENT ON TABLE public.sub_locations IS 'The available locations where seeds can be stored at a seed bank facility or seedlings can be stored at a nursery facility.';


--
-- Name: COLUMN sub_locations.name; Type: COMMENT; Schema: public; Owner: -
--

COMMENT ON COLUMN public.sub_locations.name IS 'E.g., Freezer 1, Freezer 2';


--
-- Name: storage_location_id_seq; Type: SEQUENCE; Schema: public; Owner: -
--

ALTER TABLE public.sub_locations ALTER COLUMN id ADD GENERATED BY DEFAULT AS IDENTITY (
    SEQUENCE NAME public.storage_location_id_seq
    START WITH 1
    INCREMENT BY 1
    NO MINVALUE
    NO MAXVALUE
    CACHE 1
);


--
-- Name: successional_groups; Type: TABLE; Schema: public; Owner: -
--

CREATE TABLE public.successional_groups (
    id integer NOT NULL,
    name text NOT NULL
);


--
-- Name: TABLE successional_groups; Type: COMMENT; Schema: public; Owner: -
--

COMMENT ON TABLE public.successional_groups IS '(Enum) Successional Groups that a plant may be planted in.';


--
-- Name: test_clock; Type: TABLE; Schema: public; Owner: -
--

CREATE TABLE public.test_clock (
    fake_time timestamp with time zone NOT NULL,
    real_time timestamp with time zone NOT NULL
);


--
-- Name: TABLE test_clock; Type: COMMENT; Schema: public; Owner: -
--

COMMENT ON TABLE public.test_clock IS 'User-adjustable clock for test environments. Not used in production.';


--
-- Name: COLUMN test_clock.fake_time; Type: COMMENT; Schema: public; Owner: -
--

COMMENT ON COLUMN public.test_clock.fake_time IS 'What time the server should believe it was at the time the row was written.';


--
-- Name: COLUMN test_clock.real_time; Type: COMMENT; Schema: public; Owner: -
--

COMMENT ON COLUMN public.test_clock.real_time IS 'What time it was in the real world when the row was written.';


--
-- Name: thumbnails; Type: TABLE; Schema: public; Owner: -
--

CREATE TABLE public.thumbnails (
    id bigint NOT NULL,
    file_id bigint NOT NULL,
    width integer NOT NULL,
    height integer NOT NULL,
    content_type text NOT NULL,
    created_time timestamp with time zone NOT NULL,
    size integer NOT NULL,
    storage_url text NOT NULL,
    is_full_size boolean
);


--
-- Name: TABLE thumbnails; Type: COMMENT; Schema: public; Owner: -
--

COMMENT ON TABLE public.thumbnails IS 'Information about server-generated versions of photos and still images of videos.';


--
-- Name: COLUMN thumbnails.is_full_size; Type: COMMENT; Schema: public; Owner: -
--

COMMENT ON COLUMN public.thumbnails.is_full_size IS 'True if this thumbnail''s dimensions are the same as the original photo or video.';


--
-- Name: thumbnail_id_seq; Type: SEQUENCE; Schema: public; Owner: -
--

ALTER TABLE public.thumbnails ALTER COLUMN id ADD GENERATED BY DEFAULT AS IDENTITY (
    SEQUENCE NAME public.thumbnail_id_seq
    START WITH 1
    INCREMENT BY 1
    NO MINVALUE
    NO MAXVALUE
    CACHE 1
);


--
-- Name: time_zones; Type: TABLE; Schema: public; Owner: -
--

CREATE TABLE public.time_zones (
    time_zone text NOT NULL
);


--
-- Name: TABLE time_zones; Type: COMMENT; Schema: public; Owner: -
--

COMMENT ON TABLE public.time_zones IS '(Enum) Valid time zone names. This is populated with the list of names from the IANA time zone database.';


--
-- Name: timeseries; Type: TABLE; Schema: public; Owner: -
--

CREATE TABLE public.timeseries (
    id bigint NOT NULL,
    type_id integer NOT NULL,
    device_id bigint,
    name text NOT NULL,
    units text,
    decimal_places integer,
    created_time timestamp with time zone DEFAULT now() NOT NULL,
    modified_time timestamp with time zone DEFAULT now() NOT NULL,
    created_by bigint NOT NULL,
    modified_by bigint NOT NULL,
    retention_days integer,
    CONSTRAINT timeseries_decimal_places_check CHECK ((decimal_places >= 0)),
    CONSTRAINT timeseries_units_check CHECK ((units !~ similar_to_escape(' *'::text)))
);


--
-- Name: TABLE timeseries; Type: COMMENT; Schema: public; Owner: -
--

COMMENT ON TABLE public.timeseries IS 'Properties of a series of values collected from a device. Each device metric is represented as a timeseries.';


--
-- Name: COLUMN timeseries.units; Type: COMMENT; Schema: public; Owner: -
--

COMMENT ON COLUMN public.timeseries.units IS 'For numeric timeseries, the units represented by the values; unit names should be short (possibly abbreviations) and in the default language of the site.';


--
-- Name: COLUMN timeseries.decimal_places; Type: COMMENT; Schema: public; Owner: -
--

COMMENT ON COLUMN public.timeseries.decimal_places IS 'For numeric timeseries, the number of digits after the decimal point to display.';


--
-- Name: COLUMN timeseries.retention_days; Type: COMMENT; Schema: public; Owner: -
--

COMMENT ON COLUMN public.timeseries.retention_days IS 'If non-null, only retain values for this many days. If null, do not expire old timeseries values.';


--
-- Name: timeseries_id_seq; Type: SEQUENCE; Schema: public; Owner: -
--

ALTER TABLE public.timeseries ALTER COLUMN id ADD GENERATED BY DEFAULT AS IDENTITY (
    SEQUENCE NAME public.timeseries_id_seq
    START WITH 1
    INCREMENT BY 1
    NO MINVALUE
    NO MAXVALUE
    CACHE 1
);


--
-- Name: timeseries_types; Type: TABLE; Schema: public; Owner: -
--

CREATE TABLE public.timeseries_types (
    id integer NOT NULL,
    name text NOT NULL
);


--
-- Name: TABLE timeseries_types; Type: COMMENT; Schema: public; Owner: -
--

COMMENT ON TABLE public.timeseries_types IS '(Enum) Data formats of the values of a timeseries.';


--
-- Name: upload_problem_types; Type: TABLE; Schema: public; Owner: -
--

CREATE TABLE public.upload_problem_types (
    id integer NOT NULL,
    name text NOT NULL
);


--
-- Name: TABLE upload_problem_types; Type: COMMENT; Schema: public; Owner: -
--

COMMENT ON TABLE public.upload_problem_types IS '(Enum) Specific types of problems encountered while processing a user-uploaded file.';


--
-- Name: upload_problems; Type: TABLE; Schema: public; Owner: -
--

CREATE TABLE public.upload_problems (
    id bigint NOT NULL,
    upload_id bigint NOT NULL,
    type_id integer NOT NULL,
    is_error boolean NOT NULL,
    "position" integer,
    field text,
    message text,
    value text,
    CONSTRAINT upload_problems_field_check CHECK ((field !~ similar_to_escape(' *'::text))),
    CONSTRAINT upload_problems_message_check CHECK ((message !~ similar_to_escape(' *'::text))),
    CONSTRAINT upload_problems_value_check CHECK ((value !~ similar_to_escape(' *'::text)))
);


--
-- Name: TABLE upload_problems; Type: COMMENT; Schema: public; Owner: -
--

COMMENT ON TABLE public.upload_problems IS 'Details about problems (validation failures, etc.) in user-uploaded files.';


--
-- Name: COLUMN upload_problems."position"; Type: COMMENT; Schema: public; Owner: -
--

COMMENT ON COLUMN public.upload_problems."position" IS 'Where in the uploaded file the problem appears, or null if it is a problem with the file as a whole. This may be a byte offset, a line number, or a record number depending on the type of file.';


--
-- Name: COLUMN upload_problems.field; Type: COMMENT; Schema: public; Owner: -
--

COMMENT ON COLUMN public.upload_problems.field IS 'If the problem pertains to a specific field, its name. Null if the problem affects an entire record or the entire file.';


--
-- Name: upload_problems_id_seq; Type: SEQUENCE; Schema: public; Owner: -
--

ALTER TABLE public.upload_problems ALTER COLUMN id ADD GENERATED BY DEFAULT AS IDENTITY (
    SEQUENCE NAME public.upload_problems_id_seq
    START WITH 1
    INCREMENT BY 1
    NO MINVALUE
    NO MAXVALUE
    CACHE 1
);


--
-- Name: upload_statuses; Type: TABLE; Schema: public; Owner: -
--

CREATE TABLE public.upload_statuses (
    id integer NOT NULL,
    name text NOT NULL,
    finished boolean NOT NULL
);


--
-- Name: TABLE upload_statuses; Type: COMMENT; Schema: public; Owner: -
--

COMMENT ON TABLE public.upload_statuses IS '(Enum) Available statuses of user-uploaded files. Uploads progress through these statuses as the system processes the files.';


--
-- Name: COLUMN upload_statuses.finished; Type: COMMENT; Schema: public; Owner: -
--

COMMENT ON COLUMN public.upload_statuses.finished IS 'If true, this status means that the system is finished processing the file.';


--
-- Name: upload_types; Type: TABLE; Schema: public; Owner: -
--

CREATE TABLE public.upload_types (
    id integer NOT NULL,
    name text NOT NULL,
    expire_files boolean NOT NULL
);


--
-- Name: TABLE upload_types; Type: COMMENT; Schema: public; Owner: -
--

COMMENT ON TABLE public.upload_types IS '(Enum) Types of user-uploaded files whose progress can be tracked in the uploads table.';


--
-- Name: COLUMN upload_types.expire_files; Type: COMMENT; Schema: public; Owner: -
--

COMMENT ON COLUMN public.upload_types.expire_files IS 'Old rows are automatically deleted from the uploads table. If this value is true, files will also be removed from the file store for old uploads of this type.';


--
-- Name: uploads; Type: TABLE; Schema: public; Owner: -
--

CREATE TABLE public.uploads (
    id bigint NOT NULL,
    created_by bigint NOT NULL,
    created_time timestamp with time zone NOT NULL,
    filename text NOT NULL,
    storage_url text NOT NULL,
    content_type text NOT NULL,
    type_id integer NOT NULL,
    status_id integer NOT NULL,
    organization_id bigint,
    facility_id bigint,
    locale text NOT NULL
);


--
-- Name: TABLE uploads; Type: COMMENT; Schema: public; Owner: -
--

COMMENT ON TABLE public.uploads IS 'Information about the status of files uploaded by users. This is used to track the progress of file processing such as importing datafiles; contents of this table may expire and be deleted after a certain amount of time.';


--
-- Name: uploads_id_seq; Type: SEQUENCE; Schema: public; Owner: -
--

ALTER TABLE public.uploads ALTER COLUMN id ADD GENERATED BY DEFAULT AS IDENTITY (
    SEQUENCE NAME public.uploads_id_seq
    START WITH 1
    INCREMENT BY 1
    NO MINVALUE
    NO MAXVALUE
    CACHE 1
);


--
-- Name: user_disclaimers; Type: TABLE; Schema: public; Owner: -
--

CREATE TABLE public.user_disclaimers (
    disclaimer_id bigint NOT NULL,
    user_id bigint NOT NULL,
    accepted_on timestamp with time zone NOT NULL
);


--
-- Name: TABLE user_disclaimers; Type: COMMENT; Schema: public; Owner: -
--

COMMENT ON TABLE public.user_disclaimers IS 'Records of user acceptance of disclaimers.';


--
-- Name: user_global_roles; Type: TABLE; Schema: public; Owner: -
--

CREATE TABLE public.user_global_roles (
    user_id bigint NOT NULL,
    global_role_id integer NOT NULL
);


--
-- Name: TABLE user_global_roles; Type: COMMENT; Schema: public; Owner: -
--

COMMENT ON TABLE public.user_global_roles IS 'Which users have which global roles.';


--
-- Name: user_preferences; Type: TABLE; Schema: public; Owner: -
--

CREATE TABLE public.user_preferences (
    user_id bigint NOT NULL,
    organization_id bigint,
    preferences jsonb NOT NULL
);


--
-- Name: TABLE user_preferences; Type: COMMENT; Schema: public; Owner: -
--

COMMENT ON TABLE public.user_preferences IS 'Client-defined preferences that should persist across browser sessions.';


--
-- Name: COLUMN user_preferences.organization_id; Type: COMMENT; Schema: public; Owner: -
--

COMMENT ON COLUMN public.user_preferences.organization_id IS 'If null, preferences are global to the user. Otherwise, they are specific to the user and the organization.';


--
-- Name: user_types; Type: TABLE; Schema: public; Owner: -
--

CREATE TABLE public.user_types (
    id integer NOT NULL,
    name text NOT NULL
);


--
-- Name: TABLE user_types; Type: COMMENT; Schema: public; Owner: -
--

COMMENT ON TABLE public.user_types IS '(Enum) Types of users. Most users are of type 1, "Individual."';


--
-- Name: users; Type: TABLE; Schema: public; Owner: -
--

CREATE TABLE public.users (
    id bigint NOT NULL,
    auth_id text,
    email text NOT NULL,
    first_name text,
    last_name text,
    created_time timestamp with time zone NOT NULL,
    modified_time timestamp with time zone NOT NULL,
    user_type_id integer NOT NULL,
    last_activity_time timestamp with time zone,
    email_notifications_enabled boolean DEFAULT false NOT NULL,
    deleted_time timestamp with time zone,
    time_zone text,
    locale text,
    country_code text,
    cookies_consented boolean,
    cookies_consented_time timestamp with time zone,
    CONSTRAINT users_auth_id_check CHECK ((auth_id !~ similar_to_escape(' *'::text))),
    CONSTRAINT users_first_name_check CHECK ((first_name !~ similar_to_escape(' *'::text))),
    CONSTRAINT users_last_name_check CHECK ((last_name !~ similar_to_escape(' *'::text)))
);


--
-- Name: TABLE users; Type: COMMENT; Schema: public; Owner: -
--

COMMENT ON TABLE public.users IS 'User identities. A user can be associated with organizations via `organization_users`.';


--
-- Name: COLUMN users.auth_id; Type: COMMENT; Schema: public; Owner: -
--

COMMENT ON COLUMN public.users.auth_id IS 'Unique identifier of the user in the authentication system. Currently, this is a Keycloak user ID.';


--
-- Name: COLUMN users.last_activity_time; Type: COMMENT; Schema: public; Owner: -
--

COMMENT ON COLUMN public.users.last_activity_time IS 'When the user most recently interacted with the system.';


--
-- Name: COLUMN users.email_notifications_enabled; Type: COMMENT; Schema: public; Owner: -
--

COMMENT ON COLUMN public.users.email_notifications_enabled IS 'If true, the user wants to receive notifications via email.';


--
-- Name: users_id_seq; Type: SEQUENCE; Schema: public; Owner: -
--

ALTER TABLE public.users ALTER COLUMN id ADD GENERATED BY DEFAULT AS IDENTITY (
    SEQUENCE NAME public.users_id_seq
    START WITH 1
    INCREMENT BY 1
    NO MINVALUE
    NO MAXVALUE
    CACHE 1
);


--
-- Name: vector_store; Type: TABLE; Schema: public; Owner: -
--

CREATE TABLE public.vector_store (
    id uuid DEFAULT public.uuid_generate_v4() NOT NULL,
    content text,
    metadata jsonb,
    embedding public.halfvec(3072) NOT NULL
);


--
-- Name: TABLE vector_store; Type: COMMENT; Schema: public; Owner: -
--

COMMENT ON TABLE public.vector_store IS 'Content snippets and embeddings for use as context in Ask Terraware LLM prompts. This table is used by the Spring AI vector store library, and its structure needs to match what the library expects.';


--
-- Name: wood_density_levels; Type: TABLE; Schema: public; Owner: -
--

CREATE TABLE public.wood_density_levels (
    id integer NOT NULL,
    name text NOT NULL
);


--
-- Name: TABLE wood_density_levels; Type: COMMENT; Schema: public; Owner: -
--

COMMENT ON TABLE public.wood_density_levels IS 'The taxonomic level in the at which a wood density measurement is known';


--
-- Name: accession_collectors; Type: TABLE; Schema: seedbank; Owner: -
--

CREATE TABLE seedbank.accession_collectors (
    accession_id bigint NOT NULL,
    "position" integer NOT NULL,
    name text NOT NULL,
    CONSTRAINT accession_collectors_name_check CHECK ((name !~ similar_to_escape('\s*'::text))),
    CONSTRAINT accession_collectors_position_check CHECK (("position" >= 0))
);


--
-- Name: TABLE accession_collectors; Type: COMMENT; Schema: seedbank; Owner: -
--

COMMENT ON TABLE seedbank.accession_collectors IS 'Names of people who collected each accession.';


--
-- Name: accessions; Type: TABLE; Schema: seedbank; Owner: -
--

CREATE TABLE seedbank.accessions (
    id bigint NOT NULL,
    facility_id bigint NOT NULL,
    number text,
    collected_date date,
    received_date date,
    state_id integer NOT NULL,
    founder_id text,
    trees_collected_from integer,
    subset_weight numeric,
    subset_count integer,
    est_seed_count integer,
    drying_end_date date,
    processing_notes text,
    sub_location_id bigint,
    created_time timestamp with time zone NOT NULL,
    collection_site_name text,
    collection_site_landowner text,
    total_viability_percent integer,
    remaining_grams numeric,
    remaining_quantity numeric,
    remaining_units_id integer,
    subset_weight_grams numeric,
    subset_weight_quantity numeric,
    subset_weight_units_id integer,
    modified_time timestamp with time zone DEFAULT now() NOT NULL,
    created_by bigint NOT NULL,
    modified_by bigint NOT NULL,
    species_id bigint,
    collection_site_city text,
    collection_site_country_code text,
    collection_site_country_subdivision text,
    collection_site_notes text,
    collection_source_id integer,
    data_source_id integer NOT NULL,
    latest_observed_quantity numeric,
    latest_observed_units_id integer,
    latest_observed_time timestamp with time zone,
    est_weight_grams numeric,
    est_weight_quantity numeric,
    est_weight_units_id integer,
    total_withdrawn_count integer,
    total_withdrawn_weight_grams numeric,
    total_withdrawn_weight_quantity numeric,
    total_withdrawn_weight_units_id integer,
    project_id bigint,
    CONSTRAINT accessions_collection_site_city_check CHECK ((collection_site_city !~ similar_to_escape(' *'::text))),
    CONSTRAINT accessions_collection_site_country_code_check CHECK ((collection_site_country_code !~ similar_to_escape(' *'::text))),
    CONSTRAINT accessions_collection_site_country_subdivision_check CHECK ((collection_site_country_subdivision !~ similar_to_escape(' *'::text))),
    CONSTRAINT accessions_collection_site_landowner_check CHECK ((collection_site_landowner !~ similar_to_escape(' *'::text))),
    CONSTRAINT accessions_collection_site_name_check CHECK ((collection_site_name !~ similar_to_escape(' *'::text))),
    CONSTRAINT accessions_collection_site_notes_check CHECK ((collection_site_notes !~ similar_to_escape(' *'::text))),
    CONSTRAINT accessions_founder_id_check CHECK ((founder_id !~ similar_to_escape(' *'::text))),
    CONSTRAINT accessions_number_check CHECK ((number !~ similar_to_escape(' *'::text))),
    CONSTRAINT accessions_processing_notes_check CHECK ((processing_notes !~ similar_to_escape(' *'::text))),
    CONSTRAINT observed_quantity_must_have_time CHECK ((((latest_observed_quantity IS NOT NULL) AND (latest_observed_time IS NOT NULL)) OR ((latest_observed_quantity IS NULL) AND (latest_observed_time IS NULL)))),
    CONSTRAINT observed_quantity_must_have_units CHECK ((((latest_observed_quantity IS NOT NULL) AND (latest_observed_units_id IS NOT NULL)) OR ((latest_observed_quantity IS NULL) AND (latest_observed_units_id IS NULL)))),
    CONSTRAINT remaining_quantity_must_have_units CHECK ((((remaining_quantity IS NOT NULL) AND (remaining_units_id IS NOT NULL)) OR ((remaining_quantity IS NULL) AND (remaining_units_id IS NULL)))),
    CONSTRAINT subset_weight_quantity_must_have_units CHECK ((((subset_weight_quantity IS NOT NULL) AND (subset_weight_units_id IS NOT NULL)) OR ((subset_weight_quantity IS NULL) AND (subset_weight_units_id IS NULL)))),
    CONSTRAINT subset_weight_units_must_not_be_seeds CHECK (((subset_weight_units_id <> 1) OR (subset_weight_units_id IS NULL)))
);


--
-- Name: TABLE accessions; Type: COMMENT; Schema: seedbank; Owner: -
--

COMMENT ON TABLE seedbank.accessions IS 'Information about batches of seeds. An accession is a batch of seeds of the same species collected in the same time and place by the same people.';


--
-- Name: COLUMN accessions.number; Type: COMMENT; Schema: seedbank; Owner: -
--

COMMENT ON COLUMN seedbank.accessions.number IS 'Displayed as the accession number to the user.';


--
-- Name: COLUMN accessions.total_viability_percent; Type: COMMENT; Schema: seedbank; Owner: -
--

COMMENT ON COLUMN seedbank.accessions.total_viability_percent IS 'Percentage of viable seeds across all tests.';


--
-- Name: COLUMN accessions.latest_observed_quantity; Type: COMMENT; Schema: seedbank; Owner: -
--

COMMENT ON COLUMN seedbank.accessions.latest_observed_quantity IS 'Most recent remaining quantity as observed by the user.';


--
-- Name: COLUMN accessions.latest_observed_units_id; Type: COMMENT; Schema: seedbank; Owner: -
--

COMMENT ON COLUMN seedbank.accessions.latest_observed_units_id IS 'Measurement units of `observed_quantity`.';


--
-- Name: COLUMN accessions.latest_observed_time; Type: COMMENT; Schema: seedbank; Owner: -
--

COMMENT ON COLUMN seedbank.accessions.latest_observed_time IS 'Time of most recent change to observed quantity.';


--
-- Name: COLUMN accessions.total_withdrawn_count; Type: COMMENT; Schema: seedbank; Owner: -
--

COMMENT ON COLUMN seedbank.accessions.total_withdrawn_count IS 'Total number of seeds withdrawn. May be an estimate if withdrawals were measured by weight.';


--
-- Name: COLUMN accessions.total_withdrawn_weight_quantity; Type: COMMENT; Schema: seedbank; Owner: -
--

COMMENT ON COLUMN seedbank.accessions.total_withdrawn_weight_quantity IS 'Total weight of seeds withdrawn. May be an estimate if withdrawals were measured by seed count.';


--
-- Name: COLUMN accessions.total_withdrawn_weight_units_id; Type: COMMENT; Schema: seedbank; Owner: -
--

COMMENT ON COLUMN seedbank.accessions.total_withdrawn_weight_units_id IS 'Measurement units of `total_withdrawn_weight_quantity`.';


--
-- Name: accession_id_seq; Type: SEQUENCE; Schema: seedbank; Owner: -
--

ALTER TABLE seedbank.accessions ALTER COLUMN id ADD GENERATED BY DEFAULT AS IDENTITY (
    SEQUENCE NAME seedbank.accession_id_seq
    START WITH 1
    INCREMENT BY 1
    NO MINVALUE
    NO MAXVALUE
    CACHE 1
);


--
-- Name: accession_photos; Type: TABLE; Schema: seedbank; Owner: -
--

CREATE TABLE seedbank.accession_photos (
    accession_id bigint NOT NULL,
    file_id bigint NOT NULL
);


--
-- Name: TABLE accession_photos; Type: COMMENT; Schema: seedbank; Owner: -
--

COMMENT ON TABLE seedbank.accession_photos IS 'Linking table between `accessions` and `files`.';


--
-- Name: accession_quantity_history; Type: TABLE; Schema: seedbank; Owner: -
--

CREATE TABLE seedbank.accession_quantity_history (
    id bigint NOT NULL,
    accession_id bigint NOT NULL,
    history_type_id integer NOT NULL,
    created_by bigint NOT NULL,
    created_time timestamp with time zone NOT NULL,
    remaining_quantity numeric NOT NULL,
    remaining_units_id integer NOT NULL,
    notes text
);


--
-- Name: TABLE accession_quantity_history; Type: COMMENT; Schema: seedbank; Owner: -
--

COMMENT ON TABLE seedbank.accession_quantity_history IS 'Historical record of changes to remaining quantities of accessions.';


--
-- Name: accession_quantity_history_id_seq; Type: SEQUENCE; Schema: seedbank; Owner: -
--

ALTER TABLE seedbank.accession_quantity_history ALTER COLUMN id ADD GENERATED BY DEFAULT AS IDENTITY (
    SEQUENCE NAME seedbank.accession_quantity_history_id_seq
    START WITH 1
    INCREMENT BY 1
    NO MINVALUE
    NO MAXVALUE
    CACHE 1
);


--
-- Name: accession_quantity_history_types; Type: TABLE; Schema: seedbank; Owner: -
--

CREATE TABLE seedbank.accession_quantity_history_types (
    id integer NOT NULL,
    name text NOT NULL
);


--
-- Name: TABLE accession_quantity_history_types; Type: COMMENT; Schema: seedbank; Owner: -
--

COMMENT ON TABLE seedbank.accession_quantity_history_types IS '(Enum) Types of operations that can result in changes to remaining quantities of accessions.';


--
-- Name: accession_state_history; Type: TABLE; Schema: seedbank; Owner: -
--

CREATE TABLE seedbank.accession_state_history (
    accession_id bigint NOT NULL,
    updated_time timestamp with time zone NOT NULL,
    old_state_id integer,
    new_state_id integer NOT NULL,
    reason text NOT NULL,
    updated_by bigint NOT NULL
);


--
-- Name: TABLE accession_state_history; Type: COMMENT; Schema: seedbank; Owner: -
--

COMMENT ON TABLE seedbank.accession_state_history IS 'Historical record of when accessions moved to different states. A row is inserted here for every state transition.';


--
-- Name: COLUMN accession_state_history.old_state_id; Type: COMMENT; Schema: seedbank; Owner: -
--

COMMENT ON COLUMN seedbank.accession_state_history.old_state_id IS 'Null if this is the initial state for a new accession.';


--
-- Name: accession_states; Type: TABLE; Schema: seedbank; Owner: -
--

CREATE TABLE seedbank.accession_states (
    id integer NOT NULL,
    name text NOT NULL,
    active boolean DEFAULT true NOT NULL
);


--
-- Name: TABLE accession_states; Type: COMMENT; Schema: seedbank; Owner: -
--

COMMENT ON TABLE seedbank.accession_states IS '(Enum) Available states an accession can be in. Each state represents a step in the seed management workflow.';


--
-- Name: bags; Type: TABLE; Schema: seedbank; Owner: -
--

CREATE TABLE seedbank.bags (
    id bigint NOT NULL,
    accession_id bigint NOT NULL,
    bag_number text,
    CONSTRAINT bags_bag_number_check CHECK ((bag_number !~ similar_to_escape(' *'::text)))
);


--
-- Name: TABLE bags; Type: COMMENT; Schema: seedbank; Owner: -
--

COMMENT ON TABLE seedbank.bags IS 'Individual bags of seeds that are part of an accession. An accession can consist of multiple bags.';


--
-- Name: bag_id_seq; Type: SEQUENCE; Schema: seedbank; Owner: -
--

ALTER TABLE seedbank.bags ALTER COLUMN id ADD GENERATED BY DEFAULT AS IDENTITY (
    SEQUENCE NAME seedbank.bag_id_seq
    START WITH 1
    INCREMENT BY 1
    NO MINVALUE
    NO MAXVALUE
    CACHE 1
);


--
-- Name: geolocations; Type: TABLE; Schema: seedbank; Owner: -
--

CREATE TABLE seedbank.geolocations (
    id bigint NOT NULL,
    accession_id bigint NOT NULL,
    created_time timestamp with time zone,
    latitude numeric(10,7) NOT NULL,
    longitude numeric(10,7) NOT NULL,
    gps_accuracy double precision
);


--
-- Name: TABLE geolocations; Type: COMMENT; Schema: seedbank; Owner: -
--

COMMENT ON TABLE seedbank.geolocations IS 'Locations where seeds were collected.';


--
-- Name: collection_event_id_seq; Type: SEQUENCE; Schema: seedbank; Owner: -
--

ALTER TABLE seedbank.geolocations ALTER COLUMN id ADD GENERATED BY DEFAULT AS IDENTITY (
    SEQUENCE NAME seedbank.collection_event_id_seq
    START WITH 1
    INCREMENT BY 1
    NO MINVALUE
    NO MAXVALUE
    CACHE 1
);


--
-- Name: collection_sources; Type: TABLE; Schema: seedbank; Owner: -
--

CREATE TABLE seedbank.collection_sources (
    id integer NOT NULL,
    name text NOT NULL
);


--
-- Name: TABLE collection_sources; Type: COMMENT; Schema: seedbank; Owner: -
--

COMMENT ON TABLE seedbank.collection_sources IS '(Enum) Types of source plants that seeds can be collected from.';


--
-- Name: data_sources; Type: TABLE; Schema: seedbank; Owner: -
--

CREATE TABLE seedbank.data_sources (
    id integer NOT NULL,
    name text NOT NULL
);


--
-- Name: TABLE data_sources; Type: COMMENT; Schema: seedbank; Owner: -
--

COMMENT ON TABLE seedbank.data_sources IS '(Enum) Original sources of data, e.g., manual entry via web app.';


--
-- Name: viability_test_results; Type: TABLE; Schema: seedbank; Owner: -
--

CREATE TABLE seedbank.viability_test_results (
    id bigint NOT NULL,
    test_id bigint NOT NULL,
    recording_date date NOT NULL,
    seeds_germinated integer NOT NULL
);


--
-- Name: TABLE viability_test_results; Type: COMMENT; Schema: seedbank; Owner: -
--

COMMENT ON TABLE seedbank.viability_test_results IS 'Result from a viability test of a batch of seeds. Viability tests can have multiple germinations, e.g., if different seeds germinate on different days.';


--
-- Name: germination_id_seq; Type: SEQUENCE; Schema: seedbank; Owner: -
--

ALTER TABLE seedbank.viability_test_results ALTER COLUMN id ADD GENERATED BY DEFAULT AS IDENTITY (
    SEQUENCE NAME seedbank.germination_id_seq
    START WITH 1
    INCREMENT BY 1
    NO MINVALUE
    NO MAXVALUE
    CACHE 1
);


--
-- Name: viability_test_seed_types; Type: TABLE; Schema: seedbank; Owner: -
--

CREATE TABLE seedbank.viability_test_seed_types (
    id integer NOT NULL,
    name text NOT NULL
);


--
-- Name: TABLE viability_test_seed_types; Type: COMMENT; Schema: seedbank; Owner: -
--

COMMENT ON TABLE seedbank.viability_test_seed_types IS '(Enum) Types of seeds that can be tested for viability. This refers to how the seeds were stored, not the physical characteristics of the seeds themselves.';


--
-- Name: germination_seed_type_id_seq; Type: SEQUENCE; Schema: seedbank; Owner: -
--

ALTER TABLE seedbank.viability_test_seed_types ALTER COLUMN id ADD GENERATED BY DEFAULT AS IDENTITY (
    SEQUENCE NAME seedbank.germination_seed_type_id_seq
    START WITH 1
    INCREMENT BY 1
    NO MINVALUE
    NO MAXVALUE
    CACHE 1
);


--
-- Name: viability_test_substrates; Type: TABLE; Schema: seedbank; Owner: -
--

CREATE TABLE seedbank.viability_test_substrates (
    id integer NOT NULL,
    name text NOT NULL
);


--
-- Name: TABLE viability_test_substrates; Type: COMMENT; Schema: seedbank; Owner: -
--

COMMENT ON TABLE seedbank.viability_test_substrates IS '(Enum) Types of substrate that can be used to test seeds for viability.';


--
-- Name: germination_substrate_id_seq; Type: SEQUENCE; Schema: seedbank; Owner: -
--

ALTER TABLE seedbank.viability_test_substrates ALTER COLUMN id ADD GENERATED BY DEFAULT AS IDENTITY (
    SEQUENCE NAME seedbank.germination_substrate_id_seq
    START WITH 1
    INCREMENT BY 1
    NO MINVALUE
    NO MAXVALUE
    CACHE 1
);


--
-- Name: viability_tests; Type: TABLE; Schema: seedbank; Owner: -
--

CREATE TABLE seedbank.viability_tests (
    id bigint NOT NULL,
    accession_id bigint NOT NULL,
    test_type integer NOT NULL,
    start_date date,
    seed_type_id integer,
    substrate_id integer,
    treatment_id integer,
    seeds_sown integer,
    notes text,
    staff_responsible text,
    total_seeds_germinated integer,
    total_percent_germinated integer,
    end_date date,
    seeds_compromised integer,
    seeds_empty integer,
    seeds_filled integer,
    CONSTRAINT viability_tests_notes_check CHECK ((notes !~ similar_to_escape(' *'::text))),
    CONSTRAINT viability_tests_staff_responsible_check CHECK ((staff_responsible !~ similar_to_escape(' *'::text)))
);


--
-- Name: TABLE viability_tests; Type: COMMENT; Schema: seedbank; Owner: -
--

COMMENT ON TABLE seedbank.viability_tests IS 'Information about a single batch of seeds being tested for viability. This is the information about the test itself; the results are represented in the `viability_test_results` table.';


--
-- Name: germination_test_id_seq; Type: SEQUENCE; Schema: seedbank; Owner: -
--

ALTER TABLE seedbank.viability_tests ALTER COLUMN id ADD GENERATED BY DEFAULT AS IDENTITY (
    SEQUENCE NAME seedbank.germination_test_id_seq
    START WITH 1
    INCREMENT BY 1
    NO MINVALUE
    NO MAXVALUE
    CACHE 1
);


--
-- Name: seed_quantity_units; Type: TABLE; Schema: seedbank; Owner: -
--

CREATE TABLE seedbank.seed_quantity_units (
    id integer NOT NULL,
    name text NOT NULL
);


--
-- Name: TABLE seed_quantity_units; Type: COMMENT; Schema: seedbank; Owner: -
--

COMMENT ON TABLE seedbank.seed_quantity_units IS '(Enum) Available units in which seeds can be measured. For weight-based units, includes unit conversion information.';


--
-- Name: viability_test_types; Type: TABLE; Schema: seedbank; Owner: -
--

CREATE TABLE seedbank.viability_test_types (
    id integer NOT NULL,
    name text NOT NULL
);


--
-- Name: TABLE viability_test_types; Type: COMMENT; Schema: seedbank; Owner: -
--

COMMENT ON TABLE seedbank.viability_test_types IS '(Enum) Types of tests that can be performed on seeds to check for viability.';


--
-- Name: withdrawals; Type: TABLE; Schema: seedbank; Owner: -
--

CREATE TABLE seedbank.withdrawals (
    id bigint NOT NULL,
    accession_id bigint NOT NULL,
    date date NOT NULL,
    purpose_id integer,
    destination text,
    staff_responsible text,
    created_time timestamp with time zone NOT NULL,
    updated_time timestamp with time zone NOT NULL,
    notes text,
    viability_test_id bigint,
    withdrawn_grams numeric,
    withdrawn_quantity numeric,
    withdrawn_units_id integer,
    estimated_count integer,
    estimated_weight_quantity numeric,
    estimated_weight_units_id integer,
    created_by bigint,
    withdrawn_by bigint,
    batch_id bigint,
    CONSTRAINT estimated_weight_must_have_units CHECK ((((estimated_weight_quantity IS NOT NULL) AND (estimated_weight_units_id IS NOT NULL)) OR ((estimated_weight_quantity IS NULL) AND (estimated_weight_units_id IS NULL)))),
    CONSTRAINT withdrawals_destination_check CHECK ((destination !~ similar_to_escape(' *'::text))),
    CONSTRAINT withdrawals_notes_check CHECK ((notes !~ similar_to_escape(' *'::text))),
    CONSTRAINT withdrawals_staff_responsible_check CHECK ((staff_responsible !~ similar_to_escape(' *'::text))),
    CONSTRAINT withdrawals_test_id_requires_purpose CHECK ((((viability_test_id IS NULL) AND ((purpose_id IS NULL) OR (purpose_id <> 7))) OR ((viability_test_id IS NOT NULL) AND (purpose_id IS NOT NULL) AND (purpose_id = 7)))),
    CONSTRAINT withdrawals_viability_testing_has_test_id CHECK ((((purpose_id <> 7) AND (viability_test_id IS NULL)) OR ((purpose_id = 7) AND (viability_test_id IS NOT NULL))))
);


--
-- Name: TABLE withdrawals; Type: COMMENT; Schema: seedbank; Owner: -
--

COMMENT ON TABLE seedbank.withdrawals IS 'Information about seeds that have been withdrawn from a seed bank. Each time someone withdraws seeds, a new row is inserted here.';


--
-- Name: withdrawal_id_seq; Type: SEQUENCE; Schema: seedbank; Owner: -
--

ALTER TABLE seedbank.withdrawals ALTER COLUMN id ADD GENERATED BY DEFAULT AS IDENTITY (
    SEQUENCE NAME seedbank.withdrawal_id_seq
    START WITH 1
    INCREMENT BY 1
    NO MINVALUE
    NO MAXVALUE
    CACHE 1
);


--
-- Name: withdrawal_purposes; Type: TABLE; Schema: seedbank; Owner: -
--

CREATE TABLE seedbank.withdrawal_purposes (
    id integer NOT NULL,
    name text NOT NULL
);


--
-- Name: TABLE withdrawal_purposes; Type: COMMENT; Schema: seedbank; Owner: -
--

COMMENT ON TABLE seedbank.withdrawal_purposes IS '(Enum) Reasons that someone can withdraw seeds from a seed bank.';


--
-- Name: withdrawal_purpose_id_seq; Type: SEQUENCE; Schema: seedbank; Owner: -
--

ALTER TABLE seedbank.withdrawal_purposes ALTER COLUMN id ADD GENERATED BY DEFAULT AS IDENTITY (
    SEQUENCE NAME seedbank.withdrawal_purpose_id_seq
    START WITH 1
    INCREMENT BY 1
    NO MINVALUE
    NO MAXVALUE
    CACHE 1
);


--
-- Name: biomass_forest_types; Type: TABLE; Schema: tracking; Owner: -
--

CREATE TABLE tracking.biomass_forest_types (
    id integer NOT NULL,
    name text NOT NULL
);


--
-- Name: TABLE biomass_forest_types; Type: COMMENT; Schema: tracking; Owner: -
--

COMMENT ON TABLE tracking.biomass_forest_types IS '(Enum) Types for forest in a biomass observation.';


--
-- Name: deliveries_id_seq; Type: SEQUENCE; Schema: tracking; Owner: -
--

ALTER TABLE tracking.deliveries ALTER COLUMN id ADD GENERATED BY DEFAULT AS IDENTITY (
    SEQUENCE NAME tracking.deliveries_id_seq
    START WITH 1
    INCREMENT BY 1
    NO MINVALUE
    NO MAXVALUE
    CACHE 1
);


--
-- Name: draft_planting_sites; Type: TABLE; Schema: tracking; Owner: -
--

CREATE TABLE tracking.draft_planting_sites (
    id bigint NOT NULL,
    organization_id bigint NOT NULL,
    project_id bigint,
    name text NOT NULL,
    description text,
    time_zone text,
    num_strata integer,
    num_substrata integer,
    data jsonb NOT NULL,
    created_by bigint NOT NULL,
    created_time timestamp with time zone NOT NULL,
    modified_by bigint NOT NULL,
    modified_time timestamp with time zone NOT NULL
);


--
-- Name: TABLE draft_planting_sites; Type: COMMENT; Schema: tracking; Owner: -
--

COMMENT ON TABLE tracking.draft_planting_sites IS 'Details of planting sites that are in the process of being defined.';


--
-- Name: COLUMN draft_planting_sites.num_strata; Type: COMMENT; Schema: tracking; Owner: -
--

COMMENT ON COLUMN tracking.draft_planting_sites.num_strata IS 'Number of strata defined so far.';


--
-- Name: COLUMN draft_planting_sites.num_substrata; Type: COMMENT; Schema: tracking; Owner: -
--

COMMENT ON COLUMN tracking.draft_planting_sites.num_substrata IS 'Number of substrata defined so far.';


--
-- Name: COLUMN draft_planting_sites.data; Type: COMMENT; Schema: tracking; Owner: -
--

COMMENT ON COLUMN tracking.draft_planting_sites.data IS 'Client-defined state of the definition of the planting site. This may include a mix of map data and application state and is treated as opaque by the server.';


--
-- Name: draft_planting_sites_id_seq; Type: SEQUENCE; Schema: tracking; Owner: -
--

ALTER TABLE tracking.draft_planting_sites ALTER COLUMN id ADD GENERATED BY DEFAULT AS IDENTITY (
    SEQUENCE NAME tracking.draft_planting_sites_id_seq
    START WITH 1
    INCREMENT BY 1
    NO MINVALUE
    NO MAXVALUE
    CACHE 1
);


--
-- Name: mangrove_tides; Type: TABLE; Schema: tracking; Owner: -
--

CREATE TABLE tracking.mangrove_tides (
    id integer NOT NULL,
    name text NOT NULL
);


--
-- Name: TABLE mangrove_tides; Type: COMMENT; Schema: tracking; Owner: -
--

COMMENT ON TABLE tracking.mangrove_tides IS '(Enum) High/Low tide at a mangrove during an observation.';


--
-- Name: monitoring_plot_histories; Type: TABLE; Schema: tracking; Owner: -
--

CREATE TABLE tracking.monitoring_plot_histories (
    id bigint NOT NULL,
    monitoring_plot_id bigint NOT NULL,
    substratum_id bigint,
    planting_site_id bigint NOT NULL,
    substratum_history_id bigint,
    planting_site_history_id bigint NOT NULL,
    created_by bigint NOT NULL,
    created_time timestamp with time zone NOT NULL
);


--
-- Name: TABLE monitoring_plot_histories; Type: COMMENT; Schema: tracking; Owner: -
--

COMMENT ON TABLE tracking.monitoring_plot_histories IS 'Versions of monitoring plots over time. Each time a planting site changes, its monitoring plots are added to this table.';


--
-- Name: COLUMN monitoring_plot_histories.created_by; Type: COMMENT; Schema: tracking; Owner: -
--

COMMENT ON COLUMN tracking.monitoring_plot_histories.created_by IS 'Which user created or edited the monitoring plot or its planting site.';


--
-- Name: COLUMN monitoring_plot_histories.created_time; Type: COMMENT; Schema: tracking; Owner: -
--

COMMENT ON COLUMN tracking.monitoring_plot_histories.created_time IS 'When the monitoring plot was created, edited, or associated with a new planting site history record. May differ from the time when the substratum or planting site was created or edited since plots can be created when observations start.';


--
-- Name: monitoring_plot_histories_id_seq; Type: SEQUENCE; Schema: tracking; Owner: -
--

ALTER TABLE tracking.monitoring_plot_histories ALTER COLUMN id ADD GENERATED BY DEFAULT AS IDENTITY (
    SEQUENCE NAME tracking.monitoring_plot_histories_id_seq
    START WITH 1
    INCREMENT BY 1
    NO MINVALUE
    NO MAXVALUE
    CACHE 1
);


--
-- Name: monitoring_plot_overlaps; Type: TABLE; Schema: tracking; Owner: -
--

CREATE TABLE tracking.monitoring_plot_overlaps (
    monitoring_plot_id bigint NOT NULL,
    overlaps_plot_id bigint NOT NULL,
    CONSTRAINT newer_overlaps_older CHECK ((overlaps_plot_id < monitoring_plot_id))
);


--
-- Name: TABLE monitoring_plot_overlaps; Type: COMMENT; Schema: tracking; Owner: -
--

COMMENT ON TABLE tracking.monitoring_plot_overlaps IS 'Which monitoring plots overlap with previously-used monitoring plots. A plot may overlap with multiple older or newer plots.';


--
-- Name: COLUMN monitoring_plot_overlaps.monitoring_plot_id; Type: COMMENT; Schema: tracking; Owner: -
--

COMMENT ON COLUMN tracking.monitoring_plot_overlaps.monitoring_plot_id IS 'ID of the newer monitoring plot.';


--
-- Name: COLUMN monitoring_plot_overlaps.overlaps_plot_id; Type: COMMENT; Schema: tracking; Owner: -
--

COMMENT ON COLUMN tracking.monitoring_plot_overlaps.overlaps_plot_id IS 'ID of the older monitoring plot.';


--
-- Name: monitoring_plots; Type: TABLE; Schema: tracking; Owner: -
--

CREATE TABLE tracking.monitoring_plots (
    id bigint NOT NULL,
    substratum_id bigint,
    created_by bigint NOT NULL,
    created_time timestamp with time zone NOT NULL,
    modified_by bigint NOT NULL,
    modified_time timestamp with time zone NOT NULL,
    boundary public.geometry(Polygon) NOT NULL,
    permanent_index integer,
    is_available boolean DEFAULT true NOT NULL,
    size_meters integer NOT NULL,
    planting_site_id bigint NOT NULL,
    is_ad_hoc boolean NOT NULL,
    organization_id bigint NOT NULL,
    plot_number bigint NOT NULL,
    elevation_meters numeric
);


--
-- Name: TABLE monitoring_plots; Type: COMMENT; Schema: tracking; Owner: -
--

COMMENT ON TABLE tracking.monitoring_plots IS 'Regions within substrata that can be comprehensively surveyed in order to extrapolate results for the entire stratum. Any monitoring plot in a substratum is expected to have roughly the same number of plants of the same species as any other monitoring plot in the same substratum.';


--
-- Name: COLUMN monitoring_plots.substratum_id; Type: COMMENT; Schema: tracking; Owner: -
--

COMMENT ON COLUMN tracking.monitoring_plots.substratum_id IS 'Which substratum this monitoring plot is currently part of, if any. May be null if the substratum was edited or removed after the plot was created, or if the plot was created outside the site boundary.';


--
-- Name: COLUMN monitoring_plots.created_by; Type: COMMENT; Schema: tracking; Owner: -
--

COMMENT ON COLUMN tracking.monitoring_plots.created_by IS 'Which user created the monitoring plot.';


--
-- Name: COLUMN monitoring_plots.created_time; Type: COMMENT; Schema: tracking; Owner: -
--

COMMENT ON COLUMN tracking.monitoring_plots.created_time IS 'When the monitoring plot was originally created.';


--
-- Name: COLUMN monitoring_plots.modified_by; Type: COMMENT; Schema: tracking; Owner: -
--

COMMENT ON COLUMN tracking.monitoring_plots.modified_by IS 'Which user most recently modified the monitoring plot.';


--
-- Name: COLUMN monitoring_plots.modified_time; Type: COMMENT; Schema: tracking; Owner: -
--

COMMENT ON COLUMN tracking.monitoring_plots.modified_time IS 'When the monitoring plot was most recently modified.';


--
-- Name: COLUMN monitoring_plots.boundary; Type: COMMENT; Schema: tracking; Owner: -
--

COMMENT ON COLUMN tracking.monitoring_plots.boundary IS 'Boundary of the monitoring plot. Coordinates always use SRID 4326 (WGS 84 latitude/longitude).';


--
-- Name: COLUMN monitoring_plots.permanent_index; Type: COMMENT; Schema: tracking; Owner: -
--

COMMENT ON COLUMN tracking.monitoring_plots.permanent_index IS 'If this plot is a candidate to be a permanent monitoring plot, its position in the randomized list of plots for the stratum. Starts at 1 for each stratum. If null, this plot is not currently a candidate for selection as a permanent plot but may still be chosen as a temporary plot.';


--
-- Name: COLUMN monitoring_plots.size_meters; Type: COMMENT; Schema: tracking; Owner: -
--

COMMENT ON COLUMN tracking.monitoring_plots.size_meters IS 'Length in meters of one side of the monitoring plot. Plots are always squares, so for a 30x30m plot, this would be 30.';


--
-- Name: COLUMN monitoring_plots.plot_number; Type: COMMENT; Schema: tracking; Owner: -
--

COMMENT ON COLUMN tracking.monitoring_plots.plot_number IS 'User-visible identifier of this plot. Plot numbers are sequential and start at 1 for each organization.';


--
-- Name: monitoring_plots_id_seq; Type: SEQUENCE; Schema: tracking; Owner: -
--

ALTER TABLE tracking.monitoring_plots ALTER COLUMN id ADD GENERATED BY DEFAULT AS IDENTITY (
    SEQUENCE NAME tracking.monitoring_plots_id_seq
    START WITH 1
    INCREMENT BY 1
    NO MINVALUE
    NO MAXVALUE
    CACHE 1
);


--
-- Name: observable_conditions; Type: TABLE; Schema: tracking; Owner: -
--

CREATE TABLE tracking.observable_conditions (
    id integer NOT NULL,
    name text NOT NULL
);


--
-- Name: TABLE observable_conditions; Type: COMMENT; Schema: tracking; Owner: -
--

COMMENT ON TABLE tracking.observable_conditions IS '(Enum) Conditions that can be observed in a monitoring plot.';


--
-- Name: observation_biomass_details; Type: TABLE; Schema: tracking; Owner: -
--

CREATE TABLE tracking.observation_biomass_details (
    observation_id bigint NOT NULL,
    monitoring_plot_id bigint NOT NULL,
    description character varying(50),
    forest_type_id integer NOT NULL,
    small_trees_count_low integer NOT NULL,
    small_trees_count_high integer NOT NULL,
    herbaceous_cover_percent integer NOT NULL,
    soil_assessment text NOT NULL,
    water_depth_cm integer,
    salinity_ppt numeric,
    ph numeric,
    tide_id integer,
    tide_time timestamp with time zone,
    CONSTRAINT mangrove_required_values CHECK ((((forest_type_id = 1) AND (water_depth_cm IS NULL) AND (salinity_ppt IS NULL) AND (ph IS NULL) AND (tide_id IS NULL) AND (tide_time IS NULL)) OR ((forest_type_id = 2) AND (water_depth_cm IS NOT NULL) AND (salinity_ppt IS NOT NULL) AND (ph IS NOT NULL) AND (tide_id IS NOT NULL) AND (tide_time IS NOT NULL)))),
    CONSTRAINT observation_biomass_details_check CHECK ((small_trees_count_low <= small_trees_count_high)),
    CONSTRAINT observation_biomass_details_herbaceous_cover_percent_check CHECK ((((herbaceous_cover_percent)::numeric >= (0)::numeric) AND ((herbaceous_cover_percent)::numeric <= (100)::numeric))),
    CONSTRAINT observation_biomass_details_ph_check CHECK (((ph >= (0)::numeric) AND (ph <= (14)::numeric))),
    CONSTRAINT observation_biomass_details_salinity_ppt_check CHECK ((salinity_ppt >= (0)::numeric)),
    CONSTRAINT observation_biomass_details_small_trees_count_low_check CHECK ((small_trees_count_low >= 0)),
    CONSTRAINT observation_biomass_details_water_depth_cm_check CHECK (((water_depth_cm)::numeric >= (0)::numeric))
);


--
-- Name: TABLE observation_biomass_details; Type: COMMENT; Schema: tracking; Owner: -
--

COMMENT ON TABLE tracking.observation_biomass_details IS 'Recorded data for a biomass observation.';


--
-- Name: COLUMN observation_biomass_details.water_depth_cm; Type: COMMENT; Schema: tracking; Owner: -
--

COMMENT ON COLUMN tracking.observation_biomass_details.water_depth_cm IS 'Depth of water in centimeters (cm). Must be non-null if forest type is "Mangrove".';


--
-- Name: COLUMN observation_biomass_details.salinity_ppt; Type: COMMENT; Schema: tracking; Owner: -
--

COMMENT ON COLUMN tracking.observation_biomass_details.salinity_ppt IS 'Salinity of water in parts per thousand (ppt). Must be non-null if forest type is "Mangrove".';


--
-- Name: COLUMN observation_biomass_details.ph; Type: COMMENT; Schema: tracking; Owner: -
--

COMMENT ON COLUMN tracking.observation_biomass_details.ph IS 'Acidity of water in pH. Must only exists if forest type is "Mangrove".';


--
-- Name: COLUMN observation_biomass_details.tide_id; Type: COMMENT; Schema: tracking; Owner: -
--

COMMENT ON COLUMN tracking.observation_biomass_details.tide_id IS 'High/low tide during observation. Must be non-null if forest type is "Mangrove".';


--
-- Name: COLUMN observation_biomass_details.tide_time; Type: COMMENT; Schema: tracking; Owner: -
--

COMMENT ON COLUMN tracking.observation_biomass_details.tide_time IS 'Time when the tide is recorded. Must be non-null if forest type is "Mangrove".';


--
-- Name: observation_biomass_quadrat_details; Type: TABLE; Schema: tracking; Owner: -
--

CREATE TABLE tracking.observation_biomass_quadrat_details (
    observation_id bigint NOT NULL,
    monitoring_plot_id bigint NOT NULL,
    position_id integer NOT NULL,
    description text
);


--
-- Name: TABLE observation_biomass_quadrat_details; Type: COMMENT; Schema: tracking; Owner: -
--

COMMENT ON TABLE tracking.observation_biomass_quadrat_details IS 'Details of a biomass observation at each quadrat of a monitoring plot.';


--
-- Name: observation_biomass_quadrat_species; Type: TABLE; Schema: tracking; Owner: -
--

CREATE TABLE tracking.observation_biomass_quadrat_species (
    observation_id bigint NOT NULL,
    monitoring_plot_id bigint NOT NULL,
    position_id integer NOT NULL,
    biomass_species_id bigint NOT NULL,
    abundance_percent integer NOT NULL,
    CONSTRAINT observation_biomass_quadrat_species_abundance_percent_check CHECK (((abundance_percent >= 0) AND (abundance_percent <= 100)))
);


--
-- Name: TABLE observation_biomass_quadrat_species; Type: COMMENT; Schema: tracking; Owner: -
--

COMMENT ON TABLE tracking.observation_biomass_quadrat_species IS 'Herbaceous species at each quadrat of a monitoring plot of a biomass observation';


--
-- Name: observation_biomass_species; Type: TABLE; Schema: tracking; Owner: -
--

CREATE TABLE tracking.observation_biomass_species (
    id bigint NOT NULL,
    observation_id bigint NOT NULL,
    monitoring_plot_id bigint NOT NULL,
    species_id bigint,
    scientific_name text,
    common_name text,
    is_invasive boolean NOT NULL,
    is_threatened boolean NOT NULL,
    CONSTRAINT species_identifier CHECK ((((species_id IS NOT NULL) AND (scientific_name IS NULL)) OR ((species_id IS NULL) AND (scientific_name IS NOT NULL))))
);


--
-- Name: TABLE observation_biomass_species; Type: COMMENT; Schema: tracking; Owner: -
--

COMMENT ON TABLE tracking.observation_biomass_species IS 'Herbaceous and tree species data for a biomass observation.';


--
-- Name: COLUMN observation_biomass_species.species_id; Type: COMMENT; Schema: tracking; Owner: -
--

COMMENT ON COLUMN tracking.observation_biomass_species.species_id IS 'The ID of the plant''s species, if known.';


--
-- Name: COLUMN observation_biomass_species.scientific_name; Type: COMMENT; Schema: tracking; Owner: -
--

COMMENT ON COLUMN tracking.observation_biomass_species.scientific_name IS 'The user-supplied scientific name of the plant''s species. Must be provided if ID is null. Null if ID is known.';


--
-- Name: COLUMN observation_biomass_species.common_name; Type: COMMENT; Schema: tracking; Owner: -
--

COMMENT ON COLUMN tracking.observation_biomass_species.common_name IS 'The user-supplied common name of the plant''s species. Null if ID is known.';


--
-- Name: observation_biomass_species_id_seq; Type: SEQUENCE; Schema: tracking; Owner: -
--

ALTER TABLE tracking.observation_biomass_species ALTER COLUMN id ADD GENERATED BY DEFAULT AS IDENTITY (
    SEQUENCE NAME tracking.observation_biomass_species_id_seq
    START WITH 1
    INCREMENT BY 1
    NO MINVALUE
    NO MAXVALUE
    CACHE 1
);


--
-- Name: observation_media_files; Type: TABLE; Schema: tracking; Owner: -
--

CREATE TABLE tracking.observation_media_files (
    file_id bigint NOT NULL,
    observation_id bigint NOT NULL,
    monitoring_plot_id bigint NOT NULL,
    position_id integer,
    type_id integer NOT NULL,
    caption text,
    is_original boolean NOT NULL
);


--
-- Name: TABLE observation_media_files; Type: COMMENT; Schema: tracking; Owner: -
--

COMMENT ON TABLE tracking.observation_media_files IS 'Observation-specific details about a photo or video of a monitoring plot. Generic metadata is in the `files` table.';


--
-- Name: COLUMN observation_media_files.is_original; Type: COMMENT; Schema: tracking; Owner: -
--

COMMENT ON COLUMN tracking.observation_media_files.is_original IS 'If true, this photo was uploaded as part of the original observation data. If false, this photo was added after the observation.';


--
-- Name: observation_media_types; Type: TABLE; Schema: tracking; Owner: -
--

CREATE TABLE tracking.observation_media_types (
    id integer NOT NULL,
    name text NOT NULL
);


--
-- Name: TABLE observation_media_types; Type: COMMENT; Schema: tracking; Owner: -
--

COMMENT ON TABLE tracking.observation_media_types IS '(Enum) Types of observation plot media. This refers to the type of thing that''s being depicted, not the content type of the media file.';


--
-- Name: observation_plot_conditions; Type: TABLE; Schema: tracking; Owner: -
--

CREATE TABLE tracking.observation_plot_conditions (
    observation_id bigint NOT NULL,
    monitoring_plot_id bigint NOT NULL,
    condition_id integer NOT NULL
);


--
-- Name: TABLE observation_plot_conditions; Type: COMMENT; Schema: tracking; Owner: -
--

COMMENT ON TABLE tracking.observation_plot_conditions IS 'List of conditions observed in each monitoring plot.';


--
-- Name: observation_plot_positions; Type: TABLE; Schema: tracking; Owner: -
--

CREATE TABLE tracking.observation_plot_positions (
    id integer NOT NULL,
    name text NOT NULL
);


--
-- Name: TABLE observation_plot_positions; Type: COMMENT; Schema: tracking; Owner: -
--

COMMENT ON TABLE tracking.observation_plot_positions IS '(Enum) Positions in a monitoring plot where users can take photos or record coordinates.';


--
-- Name: observation_plot_statuses; Type: TABLE; Schema: tracking; Owner: -
--

CREATE TABLE tracking.observation_plot_statuses (
    id integer NOT NULL,
    name text NOT NULL
);


--
-- Name: TABLE observation_plot_statuses; Type: COMMENT; Schema: tracking; Owner: -
--

COMMENT ON TABLE tracking.observation_plot_statuses IS '(Enum) The status of an observation plot.';


--
-- Name: observation_plots; Type: TABLE; Schema: tracking; Owner: -
--

CREATE TABLE tracking.observation_plots (
    observation_id bigint NOT NULL,
    monitoring_plot_id bigint NOT NULL,
    claimed_by bigint,
    claimed_time timestamp with time zone,
    completed_by bigint,
    completed_time timestamp with time zone,
    created_by bigint NOT NULL,
    created_time timestamp with time zone NOT NULL,
    is_permanent boolean NOT NULL,
    modified_by bigint NOT NULL,
    modified_time timestamp with time zone,
    observed_time timestamp with time zone,
    notes text,
    status_id integer NOT NULL,
    monitoring_plot_history_id bigint NOT NULL,
    CONSTRAINT cannot_unclaim_completed_plot CHECK (((completed_by IS NULL) OR ((completed_by IS NOT NULL) AND (claimed_by IS NOT NULL))))
);


--
-- Name: TABLE observation_plots; Type: COMMENT; Schema: tracking; Owner: -
--

COMMENT ON TABLE tracking.observation_plots IS 'Information about monitoring plots that are required to be surveyed as part of observations. This is not populated until the scheduled start time of the observation.';


--
-- Name: COLUMN observation_plots.completed_time; Type: COMMENT; Schema: tracking; Owner: -
--

COMMENT ON COLUMN tracking.observation_plots.completed_time IS 'Server-generated completion date and time. This is the time the observation was submitted to the server, not the time it was performed in the field.';


--
-- Name: COLUMN observation_plots.is_permanent; Type: COMMENT; Schema: tracking; Owner: -
--

COMMENT ON COLUMN tracking.observation_plots.is_permanent IS 'If true, this plot was selected for observation as a permanent monitoring plot. If false, this plot was selected as a temporary monitoring plot.';


--
-- Name: COLUMN observation_plots.observed_time; Type: COMMENT; Schema: tracking; Owner: -
--

COMMENT ON COLUMN tracking.observation_plots.observed_time IS 'Client-supplied observation date and time. This is the time the observation was performed in the field, not the time it was submitted to the server.';


--
-- Name: observation_requested_substrata; Type: TABLE; Schema: tracking; Owner: -
--

CREATE TABLE tracking.observation_requested_substrata (
    observation_id bigint NOT NULL,
    substratum_id bigint NOT NULL
);


--
-- Name: TABLE observation_requested_substrata; Type: COMMENT; Schema: tracking; Owner: -
--

COMMENT ON TABLE tracking.observation_requested_substrata IS 'If an observation should only cover a specific set of substrata, the substratum IDs are stored here. If an observation is of the entire site (the default), there will be no rows for that observation in this table.';


--
-- Name: observation_states; Type: TABLE; Schema: tracking; Owner: -
--

CREATE TABLE tracking.observation_states (
    id integer NOT NULL,
    name text NOT NULL
);


--
-- Name: TABLE observation_states; Type: COMMENT; Schema: tracking; Owner: -
--

COMMENT ON TABLE tracking.observation_states IS '(Enum) Where in the observation lifecycle a particular observation is.';


--
-- Name: observation_types; Type: TABLE; Schema: tracking; Owner: -
--

CREATE TABLE tracking.observation_types (
    id integer NOT NULL,
    name text NOT NULL
);


--
-- Name: TABLE observation_types; Type: COMMENT; Schema: tracking; Owner: -
--

COMMENT ON TABLE tracking.observation_types IS '(Enum) Type of observation, currently only used for ad hoc observations.';


--
-- Name: observations; Type: TABLE; Schema: tracking; Owner: -
--

CREATE TABLE tracking.observations (
    id bigint NOT NULL,
    planting_site_id bigint NOT NULL,
    created_time timestamp with time zone NOT NULL,
    start_date date NOT NULL,
    end_date date NOT NULL,
    completed_time timestamp with time zone,
    state_id integer NOT NULL,
    upcoming_notification_sent_time timestamp with time zone,
    planting_site_history_id bigint,
    observation_type_id integer NOT NULL,
    is_ad_hoc boolean NOT NULL,
    CONSTRAINT completed_time_and_state CHECK ((((completed_time IS NULL) AND (state_id <> ALL (ARRAY[3, 5]))) OR ((completed_time IS NOT NULL) AND (state_id = ANY (ARRAY[3, 5]))))),
    CONSTRAINT end_after_start CHECK ((start_date <= end_date)),
    CONSTRAINT history_id_required_at_start CHECK ((((state_id = 1) AND (planting_site_history_id IS NULL)) OR ((state_id <> 1) AND (planting_site_history_id IS NOT NULL))))
);


--
-- Name: TABLE observations; Type: COMMENT; Schema: tracking; Owner: -
--

COMMENT ON TABLE tracking.observations IS 'Scheduled observations of planting sites. This table may contain rows describing future observations as well as current and past ones.';


--
-- Name: COLUMN observations.start_date; Type: COMMENT; Schema: tracking; Owner: -
--

COMMENT ON COLUMN tracking.observations.start_date IS 'First day of the observation. This is either the first day of the month following the end of the planting season, or 6 months after that day.';


--
-- Name: COLUMN observations.end_date; Type: COMMENT; Schema: tracking; Owner: -
--

COMMENT ON COLUMN tracking.observations.end_date IS 'Last day of the observation. This is typically the last day of the same month as `start_date`.';


--
-- Name: COLUMN observations.completed_time; Type: COMMENT; Schema: tracking; Owner: -
--

COMMENT ON COLUMN tracking.observations.completed_time IS 'Server-generated date and time the final piece of data for the observation was received.';


--
-- Name: COLUMN observations.upcoming_notification_sent_time; Type: COMMENT; Schema: tracking; Owner: -
--

COMMENT ON COLUMN tracking.observations.upcoming_notification_sent_time IS 'When the notification that the observation is starting in 1 month was sent. Null if the notification has not been sent yet.';


--
-- Name: COLUMN observations.planting_site_history_id; Type: COMMENT; Schema: tracking; Owner: -
--

COMMENT ON COLUMN tracking.observations.planting_site_history_id IS 'Which version of the planting site map was used for the observation. Null for upcoming observations since monitoring plots are only placed on the map when an observation starts.';


--
-- Name: observations_id_seq; Type: SEQUENCE; Schema: tracking; Owner: -
--

ALTER TABLE tracking.observations ALTER COLUMN id ADD GENERATED BY DEFAULT AS IDENTITY (
    SEQUENCE NAME tracking.observations_id_seq
    START WITH 1
    INCREMENT BY 1
    NO MINVALUE
    NO MAXVALUE
    CACHE 1
);


--
-- Name: observed_plot_coordinates; Type: TABLE; Schema: tracking; Owner: -
--

CREATE TABLE tracking.observed_plot_coordinates (
    id bigint NOT NULL,
    observation_id bigint NOT NULL,
    monitoring_plot_id bigint NOT NULL,
    position_id integer NOT NULL,
    gps_coordinates public.geometry(Point) NOT NULL
);


--
-- Name: TABLE observed_plot_coordinates; Type: COMMENT; Schema: tracking; Owner: -
--

COMMENT ON TABLE tracking.observed_plot_coordinates IS 'Observed GPS coordinates in monitoring plots. Does not include photo coordinates or coordinates of recorded plants.';


--
-- Name: observed_plot_coordinates_id_seq; Type: SEQUENCE; Schema: tracking; Owner: -
--

ALTER TABLE tracking.observed_plot_coordinates ALTER COLUMN id ADD GENERATED BY DEFAULT AS IDENTITY (
    SEQUENCE NAME tracking.observed_plot_coordinates_id_seq
    START WITH 1
    INCREMENT BY 1
    NO MINVALUE
    NO MAXVALUE
    CACHE 1
);


--
-- Name: observed_plot_species_totals; Type: TABLE; Schema: tracking; Owner: -
--

CREATE TABLE tracking.observed_plot_species_totals (
    observation_id bigint NOT NULL,
    monitoring_plot_id bigint NOT NULL,
    species_id bigint,
    species_name text,
    certainty_id integer NOT NULL,
    total_live integer DEFAULT 0 NOT NULL,
    total_dead integer DEFAULT 0 NOT NULL,
    total_existing integer DEFAULT 0 NOT NULL,
    permanent_live integer DEFAULT 0 NOT NULL,
    survival_rate integer,
    CONSTRAINT species_identifier_for_certainty CHECK ((((certainty_id = 1) AND (species_id IS NOT NULL) AND (species_name IS NULL)) OR ((certainty_id = 2) AND (species_id IS NULL) AND (species_name IS NOT NULL)) OR ((certainty_id = 3) AND (species_id IS NULL) AND (species_name IS NULL))))
);


--
-- Name: TABLE observed_plot_species_totals; Type: COMMENT; Schema: tracking; Owner: -
--

COMMENT ON TABLE tracking.observed_plot_species_totals IS 'Aggregated per-monitoring-plot, per-species totals of plants recorded during observations.';


--
-- Name: COLUMN observed_plot_species_totals.permanent_live; Type: COMMENT; Schema: tracking; Owner: -
--

COMMENT ON COLUMN tracking.observed_plot_species_totals.permanent_live IS 'If this is a permanent monitoring plot, the number of live and existing plants observed. 0 otherwise.';


--
-- Name: COLUMN observed_plot_species_totals.survival_rate; Type: COMMENT; Schema: tracking; Owner: -
--

COMMENT ON COLUMN tracking.observed_plot_species_totals.survival_rate IS 'If this is a permanent monitoring plot, percentage of plants of the species observed in this plot, in either this observation or in previous ones, that have survived since the t0 point. Null if this is not a permanent monitoring plot in the current observation.';


--
-- Name: observed_site_species_totals; Type: TABLE; Schema: tracking; Owner: -
--

CREATE TABLE tracking.observed_site_species_totals (
    observation_id bigint NOT NULL,
    planting_site_id bigint NOT NULL,
    species_id bigint,
    species_name text,
    certainty_id integer NOT NULL,
    total_live integer DEFAULT 0 NOT NULL,
    total_dead integer DEFAULT 0 NOT NULL,
    total_existing integer DEFAULT 0 NOT NULL,
    permanent_live integer DEFAULT 0 NOT NULL,
    survival_rate integer,
    CONSTRAINT species_identifier_for_certainty CHECK ((((certainty_id = 1) AND (species_id IS NOT NULL) AND (species_name IS NULL)) OR ((certainty_id = 2) AND (species_id IS NULL) AND (species_name IS NOT NULL)) OR ((certainty_id = 3) AND (species_id IS NULL) AND (species_name IS NULL))))
);


--
-- Name: TABLE observed_site_species_totals; Type: COMMENT; Schema: tracking; Owner: -
--

COMMENT ON TABLE tracking.observed_site_species_totals IS 'Aggregated per-planting-site, per-species totals of plants recorded during observations.';


--
-- Name: COLUMN observed_site_species_totals.permanent_live; Type: COMMENT; Schema: tracking; Owner: -
--

COMMENT ON COLUMN tracking.observed_site_species_totals.permanent_live IS 'The number of live and existing plants observed in permanent monitoring plots.';


--
-- Name: COLUMN observed_site_species_totals.survival_rate; Type: COMMENT; Schema: tracking; Owner: -
--

COMMENT ON COLUMN tracking.observed_site_species_totals.survival_rate IS 'Percentage of plants of the species observed in permanent monitoring plots in the planting site, in either this observation or in previous ones, that have survived since the t0 point.';


--
-- Name: observed_stratum_species_totals; Type: TABLE; Schema: tracking; Owner: -
--

CREATE TABLE tracking.observed_stratum_species_totals (
    observation_id bigint NOT NULL,
    stratum_id bigint NOT NULL,
    species_id bigint,
    species_name text,
    certainty_id integer NOT NULL,
    total_live integer DEFAULT 0 NOT NULL,
    total_dead integer DEFAULT 0 NOT NULL,
    total_existing integer DEFAULT 0 NOT NULL,
    permanent_live integer DEFAULT 0 NOT NULL,
    survival_rate integer,
    CONSTRAINT species_identifier_for_certainty CHECK ((((certainty_id = 1) AND (species_id IS NOT NULL) AND (species_name IS NULL)) OR ((certainty_id = 2) AND (species_id IS NULL) AND (species_name IS NOT NULL)) OR ((certainty_id = 3) AND (species_id IS NULL) AND (species_name IS NULL))))
);


--
-- Name: TABLE observed_stratum_species_totals; Type: COMMENT; Schema: tracking; Owner: -
--

COMMENT ON TABLE tracking.observed_stratum_species_totals IS 'Aggregated per-stratum, per-species totals of plants recorded during observations.';


--
-- Name: COLUMN observed_stratum_species_totals.permanent_live; Type: COMMENT; Schema: tracking; Owner: -
--

COMMENT ON COLUMN tracking.observed_stratum_species_totals.permanent_live IS 'The number of live and existing plants observed in permanent monitoring plots.';


--
-- Name: COLUMN observed_stratum_species_totals.survival_rate; Type: COMMENT; Schema: tracking; Owner: -
--

COMMENT ON COLUMN tracking.observed_stratum_species_totals.survival_rate IS 'Percentage of plants of the species observed in permanent monitoring plots in the stratum, in either the current observation or in previous ones, that have survived since the t0 point.';


--
-- Name: observed_substratum_species_totals; Type: TABLE; Schema: tracking; Owner: -
--

CREATE TABLE tracking.observed_substratum_species_totals (
    observation_id bigint NOT NULL,
    substratum_id bigint NOT NULL,
    species_id bigint,
    species_name text,
    certainty_id integer NOT NULL,
    total_live integer DEFAULT 0 NOT NULL,
    total_dead integer DEFAULT 0 NOT NULL,
    total_existing integer DEFAULT 0 NOT NULL,
    permanent_live integer DEFAULT 0 NOT NULL,
    survival_rate integer,
    CONSTRAINT species_identifier_for_certainty CHECK ((((certainty_id = 1) AND (species_id IS NOT NULL) AND (species_name IS NULL)) OR ((certainty_id = 2) AND (species_id IS NULL) AND (species_name IS NOT NULL)) OR ((certainty_id = 3) AND (species_id IS NULL) AND (species_name IS NULL))))
);


--
-- Name: TABLE observed_substratum_species_totals; Type: COMMENT; Schema: tracking; Owner: -
--

COMMENT ON TABLE tracking.observed_substratum_species_totals IS 'Aggregated per-substratum, per-species totals of plants recorded during observations.';


--
-- Name: COLUMN observed_substratum_species_totals.permanent_live; Type: COMMENT; Schema: tracking; Owner: -
--

COMMENT ON COLUMN tracking.observed_substratum_species_totals.permanent_live IS 'The number of live and existing plants observed in permanent monitoring plots.';


--
-- Name: COLUMN observed_substratum_species_totals.survival_rate; Type: COMMENT; Schema: tracking; Owner: -
--

COMMENT ON COLUMN tracking.observed_substratum_species_totals.survival_rate IS 'Percentage of plants of the species observed in permanent monitoring plots in the substratum, in either the current observation or in previous ones, that have survived since the t0 point.';


--
-- Name: planting_seasons; Type: TABLE; Schema: tracking; Owner: -
--

CREATE TABLE tracking.planting_seasons (
    id bigint NOT NULL,
    planting_site_id bigint NOT NULL,
    start_date date NOT NULL,
    start_time timestamp with time zone NOT NULL,
    end_date date NOT NULL,
    end_time timestamp with time zone NOT NULL,
    is_active boolean NOT NULL,
    CONSTRAINT planting_seasons_check CHECK ((start_date < end_date)),
    CONSTRAINT planting_seasons_check1 CHECK ((start_time < end_time))
);


--
-- Name: TABLE planting_seasons; Type: COMMENT; Schema: tracking; Owner: -
--

COMMENT ON TABLE tracking.planting_seasons IS 'Start and end dates of planting seasons for planting sites.';


--
-- Name: COLUMN planting_seasons.start_date; Type: COMMENT; Schema: tracking; Owner: -
--

COMMENT ON COLUMN tracking.planting_seasons.start_date IS 'What day the planting season starts.';


--
-- Name: COLUMN planting_seasons.start_time; Type: COMMENT; Schema: tracking; Owner: -
--

COMMENT ON COLUMN tracking.planting_seasons.start_time IS 'When the planting season will start. This is midnight on `start_date` in the planting site''s time zone.';


--
-- Name: COLUMN planting_seasons.end_date; Type: COMMENT; Schema: tracking; Owner: -
--

COMMENT ON COLUMN tracking.planting_seasons.end_date IS 'What day the planting season ends. This is the last day of the season, not the day after the season, that is, if the planting season is the month of January, this will be January 31, not February 1.';


--
-- Name: COLUMN planting_seasons.end_time; Type: COMMENT; Schema: tracking; Owner: -
--

COMMENT ON COLUMN tracking.planting_seasons.end_time IS 'When the planting season will be finished. This is midnight on the day after `end_date` in the planting site''s time zone.';


--
-- Name: COLUMN planting_seasons.is_active; Type: COMMENT; Schema: tracking; Owner: -
--

COMMENT ON COLUMN tracking.planting_seasons.is_active IS 'True if the planting season is currently in progress. Only one planting season can be active at a time for a planting site.';


--
-- Name: planting_seasons_id_seq; Type: SEQUENCE; Schema: tracking; Owner: -
--

ALTER TABLE tracking.planting_seasons ALTER COLUMN id ADD GENERATED BY DEFAULT AS IDENTITY (
    SEQUENCE NAME tracking.planting_seasons_id_seq
    START WITH 1
    INCREMENT BY 1
    NO MINVALUE
    NO MAXVALUE
    CACHE 1
);


--
-- Name: planting_site_histories; Type: TABLE; Schema: tracking; Owner: -
--

CREATE TABLE tracking.planting_site_histories (
    id bigint NOT NULL,
    planting_site_id bigint NOT NULL,
    created_by bigint NOT NULL,
    created_time timestamp with time zone NOT NULL,
    boundary public.geometry(MultiPolygon) NOT NULL,
    grid_origin public.geometry(Point),
    exclusion public.geometry(MultiPolygon),
    area_ha numeric
);


--
-- Name: TABLE planting_site_histories; Type: COMMENT; Schema: tracking; Owner: -
--

COMMENT ON TABLE tracking.planting_site_histories IS 'Versions of planting site maps over time. Each time a planting site map changes, the new map is inserted into this table and its child tables.';


--
-- Name: COLUMN planting_site_histories.created_time; Type: COMMENT; Schema: tracking; Owner: -
--

COMMENT ON COLUMN tracking.planting_site_histories.created_time IS 'When the site map was created or updated. You can determine which map was active for a site at a particular time by looking for the maximum `created_time` less than or equal to the time in question.';


--
-- Name: planting_site_histories_id_seq; Type: SEQUENCE; Schema: tracking; Owner: -
--

ALTER TABLE tracking.planting_site_histories ALTER COLUMN id ADD GENERATED BY DEFAULT AS IDENTITY (
    SEQUENCE NAME tracking.planting_site_histories_id_seq
    START WITH 1
    INCREMENT BY 1
    NO MINVALUE
    NO MAXVALUE
    CACHE 1
);


--
-- Name: planting_site_notifications; Type: TABLE; Schema: tracking; Owner: -
--

CREATE TABLE tracking.planting_site_notifications (
    id bigint NOT NULL,
    planting_site_id bigint NOT NULL,
    notification_type_id integer NOT NULL,
    notification_number integer NOT NULL,
    sent_time timestamp with time zone NOT NULL
);


--
-- Name: TABLE planting_site_notifications; Type: COMMENT; Schema: tracking; Owner: -
--

COMMENT ON TABLE tracking.planting_site_notifications IS 'Tracks which notifications have already been sent regarding planting sites.';


--
-- Name: COLUMN planting_site_notifications.notification_number; Type: COMMENT; Schema: tracking; Owner: -
--

COMMENT ON COLUMN tracking.planting_site_notifications.notification_number IS 'Number of notifications of this type that have been sent, including this one. 1 for initial notification, 2 for reminder, 3 for second reminder, etc.';


--
-- Name: planting_site_notifications_id_seq; Type: SEQUENCE; Schema: tracking; Owner: -
--

ALTER TABLE tracking.planting_site_notifications ALTER COLUMN id ADD GENERATED BY DEFAULT AS IDENTITY (
    SEQUENCE NAME tracking.planting_site_notifications_id_seq
    START WITH 1
    INCREMENT BY 1
    NO MINVALUE
    NO MAXVALUE
    CACHE 1
);


--
-- Name: planting_site_populations; Type: TABLE; Schema: tracking; Owner: -
--

CREATE TABLE tracking.planting_site_populations (
    planting_site_id bigint NOT NULL,
    species_id bigint NOT NULL,
    total_plants integer NOT NULL,
    plants_since_last_observation integer
);


--
-- Name: TABLE planting_site_populations; Type: COMMENT; Schema: tracking; Owner: -
--

COMMENT ON TABLE tracking.planting_site_populations IS 'Total number of plants of each species in each planting site.';


--
-- Name: strata; Type: TABLE; Schema: tracking; Owner: -
--

CREATE TABLE tracking.strata (
    id bigint NOT NULL,
    planting_site_id bigint NOT NULL,
    name text NOT NULL,
    boundary public.geometry(MultiPolygon) NOT NULL,
    created_by bigint NOT NULL,
    created_time timestamp with time zone NOT NULL,
    modified_by bigint NOT NULL,
    modified_time timestamp with time zone NOT NULL,
    variance numeric NOT NULL,
    students_t numeric NOT NULL,
    error_margin numeric NOT NULL,
    num_permanent_plots integer NOT NULL,
    num_temporary_plots integer NOT NULL,
    area_ha numeric NOT NULL,
    target_planting_density numeric DEFAULT 1500 NOT NULL,
    boundary_modified_by bigint NOT NULL,
    boundary_modified_time timestamp with time zone NOT NULL,
    stable_id text NOT NULL,
    CONSTRAINT area_positive CHECK ((area_ha > (0)::numeric)),
    CONSTRAINT must_have_permanent_clusters CHECK ((num_permanent_plots > 0)),
    CONSTRAINT no_negative_temporary_plots CHECK ((num_temporary_plots >= 0)),
    CONSTRAINT positive_target_density CHECK ((target_planting_density > (0)::numeric))
);


--
-- Name: TABLE strata; Type: COMMENT; Schema: tracking; Owner: -
--

COMMENT ON TABLE tracking.strata IS 'Regions within planting sites that have a consistent set of conditions such that survey results from any part of the stratum can be extrapolated to the entire stratum. strata are subdivided into plots. Every stratum has at least one plot.';


--
-- Name: COLUMN strata.planting_site_id; Type: COMMENT; Schema: tracking; Owner: -
--

COMMENT ON COLUMN tracking.strata.planting_site_id IS 'Which planting site this stratum is part of.';


--
-- Name: COLUMN strata.name; Type: COMMENT; Schema: tracking; Owner: -
--

COMMENT ON COLUMN tracking.strata.name IS 'Short name of this stratum. This is often just a single letter. Must be unique within a planting site.';


--
-- Name: COLUMN strata.boundary; Type: COMMENT; Schema: tracking; Owner: -
--

COMMENT ON COLUMN tracking.strata.boundary IS 'Boundary of the stratum. This area is further subdivided into plots. This will typically be a single polygon but may be multiple polygons if a stratum has several disjoint areas. Coordinates always use SRID 4326 (WGS 84 latitude/longitude).';


--
-- Name: COLUMN strata.created_by; Type: COMMENT; Schema: tracking; Owner: -
--

COMMENT ON COLUMN tracking.strata.created_by IS 'Which user created the stratum.';


--
-- Name: COLUMN strata.created_time; Type: COMMENT; Schema: tracking; Owner: -
--

COMMENT ON COLUMN tracking.strata.created_time IS 'When the stratum was originally created.';


--
-- Name: COLUMN strata.modified_by; Type: COMMENT; Schema: tracking; Owner: -
--

COMMENT ON COLUMN tracking.strata.modified_by IS 'Which user most recently modified the stratum.';


--
-- Name: COLUMN strata.modified_time; Type: COMMENT; Schema: tracking; Owner: -
--

COMMENT ON COLUMN tracking.strata.modified_time IS 'When the stratum was most recently modified.';


--
-- Name: COLUMN strata.num_permanent_plots; Type: COMMENT; Schema: tracking; Owner: -
--

COMMENT ON COLUMN tracking.strata.num_permanent_plots IS 'Number of permanent plots to assign to the next observation. This is typically derived from a statistical formula.';


--
-- Name: COLUMN strata.boundary_modified_by; Type: COMMENT; Schema: tracking; Owner: -
--

COMMENT ON COLUMN tracking.strata.boundary_modified_by IS 'Which user most recently edited the stratum''s boundary.';


--
-- Name: COLUMN strata.boundary_modified_time; Type: COMMENT; Schema: tracking; Owner: -
--

COMMENT ON COLUMN tracking.strata.boundary_modified_time IS 'When the stratum''s boundary was most recently modified.';


--
-- Name: COLUMN strata.stable_id; Type: COMMENT; Schema: tracking; Owner: -
--

COMMENT ON COLUMN tracking.strata.stable_id IS 'Stratum identifier that doesn''t change even if the stratum is renamed or edited. Defaults to the stratum name.';


--
-- Name: planting_site_summaries; Type: VIEW; Schema: tracking; Owner: -
--

CREATE VIEW tracking.planting_site_summaries AS
 SELECT id,
    organization_id,
    name,
    description,
    boundary,
    created_by,
    created_time,
    modified_by,
    modified_time,
    ( SELECT count(*) AS count
           FROM tracking.strata s
          WHERE (ps.id = s.planting_site_id)) AS num_strata,
    ( SELECT count(*) AS count
           FROM (tracking.strata s
             JOIN tracking.substrata ss ON ((s.id = ss.stratum_id)))
          WHERE (ps.id = s.planting_site_id)) AS num_substrata,
    time_zone,
    project_id,
    exclusion,
    country_code
   FROM tracking.planting_sites ps;


--
-- Name: planting_sites_id_seq; Type: SEQUENCE; Schema: tracking; Owner: -
--

ALTER TABLE tracking.planting_sites ALTER COLUMN id ADD GENERATED BY DEFAULT AS IDENTITY (
    SEQUENCE NAME tracking.planting_sites_id_seq
    START WITH 1
    INCREMENT BY 1
    NO MINVALUE
    NO MAXVALUE
    CACHE 1
);


--
-- Name: planting_types; Type: TABLE; Schema: tracking; Owner: -
--

CREATE TABLE tracking.planting_types (
    id integer NOT NULL,
    name text NOT NULL
);


--
-- Name: TABLE planting_types; Type: COMMENT; Schema: tracking; Owner: -
--

COMMENT ON TABLE tracking.planting_types IS '(Enum) Type of planting associated with a delivery. Different planting types distinguish reassignments from initial plantings.';


--
-- Name: plantings_id_seq; Type: SEQUENCE; Schema: tracking; Owner: -
--

ALTER TABLE tracking.plantings ALTER COLUMN id ADD GENERATED BY DEFAULT AS IDENTITY (
    SEQUENCE NAME tracking.plantings_id_seq
    START WITH 1
    INCREMENT BY 1
    NO MINVALUE
    NO MAXVALUE
    CACHE 1
);


--
-- Name: plot_t0_densities; Type: TABLE; Schema: tracking; Owner: -
--

CREATE TABLE tracking.plot_t0_densities (
    monitoring_plot_id bigint NOT NULL,
    species_id bigint NOT NULL,
    plot_density numeric NOT NULL,
    created_time timestamp with time zone DEFAULT now() NOT NULL,
    modified_time timestamp with time zone DEFAULT now() NOT NULL,
    created_by bigint NOT NULL,
    modified_by bigint NOT NULL
);


--
-- Name: TABLE plot_t0_densities; Type: COMMENT; Schema: tracking; Owner: -
--

COMMENT ON TABLE tracking.plot_t0_densities IS 'Density for a plot per species, in plants per hectare.';


--
-- Name: plot_t0_observations; Type: TABLE; Schema: tracking; Owner: -
--

CREATE TABLE tracking.plot_t0_observations (
    monitoring_plot_id bigint NOT NULL,
    observation_id bigint NOT NULL,
    created_time timestamp with time zone DEFAULT now() NOT NULL,
    modified_time timestamp with time zone DEFAULT now() NOT NULL,
    created_by bigint NOT NULL,
    modified_by bigint NOT NULL
);


--
-- Name: TABLE plot_t0_observations; Type: COMMENT; Schema: tracking; Owner: -
--

COMMENT ON TABLE tracking.plot_t0_observations IS 'Which observation to use to determine t0 plot density.';


--
-- Name: plots_id_seq; Type: SEQUENCE; Schema: tracking; Owner: -
--

ALTER TABLE tracking.substrata ALTER COLUMN id ADD GENERATED BY DEFAULT AS IDENTITY (
    SEQUENCE NAME tracking.plots_id_seq
    START WITH 1
    INCREMENT BY 1
    NO MINVALUE
    NO MAXVALUE
    CACHE 1
);


--
-- Name: recorded_plant_statuses; Type: TABLE; Schema: tracking; Owner: -
--

CREATE TABLE tracking.recorded_plant_statuses (
    id integer NOT NULL,
    name text NOT NULL
);


--
-- Name: TABLE recorded_plant_statuses; Type: COMMENT; Schema: tracking; Owner: -
--

COMMENT ON TABLE tracking.recorded_plant_statuses IS '(Enum) Possible statuses of a plant recorded during observation of a monitoring plot.';


--
-- Name: recorded_plants; Type: TABLE; Schema: tracking; Owner: -
--

CREATE TABLE tracking.recorded_plants (
    id bigint NOT NULL,
    observation_id bigint NOT NULL,
    monitoring_plot_id bigint NOT NULL,
    certainty_id integer NOT NULL,
    gps_coordinates public.geometry(Point) NOT NULL,
    species_id bigint,
    species_name text,
    status_id integer NOT NULL,
    CONSTRAINT species_info_matches_certainty CHECK ((((certainty_id = 1) AND (species_id IS NOT NULL) AND (species_name IS NULL)) OR ((certainty_id = 2) AND (species_id IS NULL)) OR ((certainty_id = 3) AND (species_id IS NULL) AND (species_name IS NULL))))
);


--
-- Name: TABLE recorded_plants; Type: COMMENT; Schema: tracking; Owner: -
--

COMMENT ON TABLE tracking.recorded_plants IS 'Information about individual plants observed in monitoring plots.';


--
-- Name: COLUMN recorded_plants.species_id; Type: COMMENT; Schema: tracking; Owner: -
--

COMMENT ON COLUMN tracking.recorded_plants.species_id IS 'If certainty is "Known," the ID of the plant''s species. Null for other certainty values.';


--
-- Name: COLUMN recorded_plants.species_name; Type: COMMENT; Schema: tracking; Owner: -
--

COMMENT ON COLUMN tracking.recorded_plants.species_name IS 'If certainty is "Other," the user-supplied name of the plant''s species. Null for other certainty values.';


--
-- Name: recorded_plants_id_seq; Type: SEQUENCE; Schema: tracking; Owner: -
--

ALTER TABLE tracking.recorded_plants ALTER COLUMN id ADD GENERATED BY DEFAULT AS IDENTITY (
    SEQUENCE NAME tracking.recorded_plants_id_seq
    START WITH 1
    INCREMENT BY 1
    NO MINVALUE
    NO MAXVALUE
    CACHE 1
);


--
-- Name: recorded_species_certainties; Type: TABLE; Schema: tracking; Owner: -
--

CREATE TABLE tracking.recorded_species_certainties (
    id integer NOT NULL,
    name text NOT NULL
);


--
-- Name: TABLE recorded_species_certainties; Type: COMMENT; Schema: tracking; Owner: -
--

COMMENT ON TABLE tracking.recorded_species_certainties IS '(Enum) Levels of certainty about the identity of a species recorded in a monitoring plot observation.';


--
-- Name: recorded_trees; Type: TABLE; Schema: tracking; Owner: -
--

CREATE TABLE tracking.recorded_trees (
    id bigint NOT NULL,
    observation_id bigint NOT NULL,
    monitoring_plot_id bigint NOT NULL,
    biomass_species_id bigint NOT NULL,
    tree_number integer NOT NULL,
    trunk_number integer NOT NULL,
    tree_growth_form_id integer NOT NULL,
    is_dead boolean NOT NULL,
    diameter_at_breast_height_cm numeric,
    point_of_measurement_m numeric,
    height_m numeric,
    shrub_diameter_cm integer,
    description text,
    gps_coordinates public.geometry(Point),
    CONSTRAINT growth_form_specific_data CHECK ((((tree_growth_form_id = 1) AND (diameter_at_breast_height_cm IS NOT NULL) AND (point_of_measurement_m IS NOT NULL) AND (shrub_diameter_cm IS NULL) AND (trunk_number = 1)) OR ((tree_growth_form_id = 2) AND (diameter_at_breast_height_cm IS NULL) AND (point_of_measurement_m IS NULL) AND (height_m IS NULL) AND (shrub_diameter_cm IS NOT NULL) AND (trunk_number = 1)) OR ((tree_growth_form_id = 3) AND (diameter_at_breast_height_cm IS NOT NULL) AND (point_of_measurement_m IS NOT NULL) AND (shrub_diameter_cm IS NULL)))),
    CONSTRAINT recorded_trees_diameter_at_breast_height_cm_check CHECK ((diameter_at_breast_height_cm >= (0)::numeric)),
    CONSTRAINT recorded_trees_height_m_check CHECK ((height_m >= (0)::numeric)),
    CONSTRAINT recorded_trees_point_of_measurement_m_check CHECK ((point_of_measurement_m >= (0)::numeric)),
    CONSTRAINT recorded_trees_shrub_diameter_cm_check CHECK ((shrub_diameter_cm >= 0)),
    CONSTRAINT recorded_trees_tree_number_check CHECK ((tree_number >= 1)),
    CONSTRAINT recorded_trees_trunk_number_check CHECK ((trunk_number >= 1))
);


--
-- Name: TABLE recorded_trees; Type: COMMENT; Schema: tracking; Owner: -
--

COMMENT ON TABLE tracking.recorded_trees IS 'Recorded trees or shrubs of a biomass observation.';


--
-- Name: COLUMN recorded_trees.tree_number; Type: COMMENT; Schema: tracking; Owner: -
--

COMMENT ON COLUMN tracking.recorded_trees.tree_number IS 'A unique incremental number starting at 1 for accounting trunks at a biomass observation. Defaults to 1 for Trees/Shrubs.';


--
-- Name: recorded_trees_id_seq; Type: SEQUENCE; Schema: tracking; Owner: -
--

ALTER TABLE tracking.recorded_trees ALTER COLUMN id ADD GENERATED BY DEFAULT AS IDENTITY (
    SEQUENCE NAME tracking.recorded_trees_id_seq
    START WITH 1
    INCREMENT BY 1
    NO MINVALUE
    NO MAXVALUE
    CACHE 1
);


--
-- Name: strata_id_seq; Type: SEQUENCE; Schema: tracking; Owner: -
--

ALTER TABLE tracking.strata ALTER COLUMN id ADD GENERATED BY DEFAULT AS IDENTITY (
    SEQUENCE NAME tracking.strata_id_seq
    START WITH 1
    INCREMENT BY 1
    NO MINVALUE
    NO MAXVALUE
    CACHE 1
);


--
-- Name: stratum_histories; Type: TABLE; Schema: tracking; Owner: -
--

CREATE TABLE tracking.stratum_histories (
    id bigint NOT NULL,
    planting_site_history_id bigint NOT NULL,
    stratum_id bigint,
    name text NOT NULL,
    boundary public.geometry(MultiPolygon) NOT NULL,
    area_ha numeric,
    stable_id text NOT NULL
);


--
-- Name: TABLE stratum_histories; Type: COMMENT; Schema: tracking; Owner: -
--

COMMENT ON TABLE tracking.stratum_histories IS 'Versions of stratum maps over time. Each time a planting site map changes, its strata'' maps are inserted into this table.';


--
-- Name: stratum_histories_id_seq; Type: SEQUENCE; Schema: tracking; Owner: -
--

ALTER TABLE tracking.stratum_histories ALTER COLUMN id ADD GENERATED BY DEFAULT AS IDENTITY (
    SEQUENCE NAME tracking.stratum_histories_id_seq
    START WITH 1
    INCREMENT BY 1
    NO MINVALUE
    NO MAXVALUE
    CACHE 1
);


--
-- Name: stratum_populations; Type: TABLE; Schema: tracking; Owner: -
--

CREATE TABLE tracking.stratum_populations (
    stratum_id bigint NOT NULL,
    species_id bigint NOT NULL,
    total_plants integer NOT NULL,
    plants_since_last_observation integer
);


--
-- Name: TABLE stratum_populations; Type: COMMENT; Schema: tracking; Owner: -
--

COMMENT ON TABLE tracking.stratum_populations IS 'Total number of plants of each species in each stratum.';


--
-- Name: stratum_t0_temp_densities; Type: TABLE; Schema: tracking; Owner: -
--

CREATE TABLE tracking.stratum_t0_temp_densities (
    stratum_id bigint NOT NULL,
    species_id bigint NOT NULL,
    stratum_density numeric NOT NULL,
    created_time timestamp with time zone DEFAULT now() NOT NULL,
    modified_time timestamp with time zone DEFAULT now() NOT NULL,
    created_by bigint NOT NULL,
    modified_by bigint NOT NULL
);


--
-- Name: TABLE stratum_t0_temp_densities; Type: COMMENT; Schema: tracking; Owner: -
--

COMMENT ON TABLE tracking.stratum_t0_temp_densities IS 'Density for a stratum per species, in plants per hectare. Only applies to temporary plots and only if survival_rate_includes_temp_plots is set to true for the stratum''s planting site.';


--
-- Name: substratum_histories; Type: TABLE; Schema: tracking; Owner: -
--

CREATE TABLE tracking.substratum_histories (
    id bigint NOT NULL,
    stratum_history_id bigint NOT NULL,
    substratum_id bigint,
    name text NOT NULL,
    full_name text NOT NULL,
    boundary public.geometry(MultiPolygon) NOT NULL,
    area_ha numeric,
    stable_id text NOT NULL
);


--
-- Name: TABLE substratum_histories; Type: COMMENT; Schema: tracking; Owner: -
--

COMMENT ON TABLE tracking.substratum_histories IS 'Versions of substratum maps over time. Each time a planting site map changes, its substrata'' maps are inserted into this table.';


--
-- Name: substratum_histories_id_seq; Type: SEQUENCE; Schema: tracking; Owner: -
--

ALTER TABLE tracking.substratum_histories ALTER COLUMN id ADD GENERATED BY DEFAULT AS IDENTITY (
    SEQUENCE NAME tracking.substratum_histories_id_seq
    START WITH 1
    INCREMENT BY 1
    NO MINVALUE
    NO MAXVALUE
    CACHE 1
);


--
-- Name: substratum_populations; Type: TABLE; Schema: tracking; Owner: -
--

CREATE TABLE tracking.substratum_populations (
    substratum_id bigint NOT NULL,
    species_id bigint NOT NULL,
    total_plants integer NOT NULL,
    plants_since_last_observation integer
);


--
-- Name: TABLE substratum_populations; Type: COMMENT; Schema: tracking; Owner: -
--

COMMENT ON TABLE tracking.substratum_populations IS 'Total number of plants of each species in each substratum.';


--
-- Name: tree_growth_forms; Type: TABLE; Schema: tracking; Owner: -
--

CREATE TABLE tracking.tree_growth_forms (
    id integer NOT NULL,
    name text NOT NULL
);


--
-- Name: TABLE tree_growth_forms; Type: COMMENT; Schema: tracking; Owner: -
--

COMMENT ON TABLE tracking.tree_growth_forms IS '(Enum) Growth form of each species in a biomass observation.';


--
-- Data for Name: activities; Type: TABLE DATA; Schema: accelerator; Owner: -
--

COPY accelerator.activities (id, project_id, activity_type_id, activity_date, description, is_highlight, created_by, created_time, modified_by, modified_time, verified_by, verified_time, activity_status_id) FROM stdin;
\.


--
-- Data for Name: activity_media_files; Type: TABLE DATA; Schema: accelerator; Owner: -
--

COPY accelerator.activity_media_files (file_id, activity_id, activity_media_type_id, is_cover_photo, caption, is_hidden_on_map, list_position) FROM stdin;
\.


--
-- Data for Name: activity_media_types; Type: TABLE DATA; Schema: accelerator; Owner: -
--

COPY accelerator.activity_media_types (id, name) FROM stdin;
1	Photo
2	Video
\.


--
-- Data for Name: activity_statuses; Type: TABLE DATA; Schema: accelerator; Owner: -
--

COPY accelerator.activity_statuses (id, name) FROM stdin;
1	Not Verified
2	Verified
3	Do Not Use
\.


--
-- Data for Name: activity_types; Type: TABLE DATA; Schema: accelerator; Owner: -
--

COPY accelerator.activity_types (id, name) FROM stdin;
1	Seed Collection
2	Nursery and Propagule Operations
3	Planting
4	Monitoring
5	Site Visit
6	Social Impact
7	Drone Flight
8	Others
\.


--
-- Data for Name: application_histories; Type: TABLE DATA; Schema: accelerator; Owner: -
--

COPY accelerator.application_histories (id, application_id, modified_by, modified_time, application_status_id, boundary, internal_comment, feedback) FROM stdin;
1	1	1	2025-05-13 17:29:18.971757+00	1	\N	\N	\N
2	1	1	2025-05-13 17:29:45.616878+00	1	0106000020E61000000100000001030000000100000005000000A6057AC8805852C080660827C259FF3F077D6C0D655852C04046D0476297FD3F9A5B3F54D64F52C080C21C33D99AFD3FE09FE036144F52C000E7A7B2E64BFF3FA6057AC8805852C080660827C259FF3F	\N	\N
3	1	1	2025-05-13 17:30:23.755655+00	3	0106000020E61000000100000001030000000100000005000000A6057AC8805852C080660827C259FF3F077D6C0D655852C04046D0476297FD3F9A5B3F54D64F52C080C21C33D99AFD3FE09FE036144F52C000E7A7B2E64BFF3FA6057AC8805852C080660827C259FF3F	\N	\N
\.


--
-- Data for Name: application_module_statuses; Type: TABLE DATA; Schema: accelerator; Owner: -
--

COPY accelerator.application_module_statuses (id, name) FROM stdin;
1	Incomplete
2	Complete
\.


--
-- Data for Name: application_modules; Type: TABLE DATA; Schema: accelerator; Owner: -
--

COPY accelerator.application_modules (application_id, module_id, application_module_status_id) FROM stdin;
1	2	1
\.


--
-- Data for Name: application_statuses; Type: TABLE DATA; Schema: accelerator; Owner: -
--

COPY accelerator.application_statuses (id, name) FROM stdin;
1	Not Submitted
2	Failed Pre-screen
3	Passed Pre-screen
4	Submitted
5	Sourcing Team Review
6	GIS Assessment
7	Expert Review
8	Carbon Assessment
9	P0 Eligible
10	Accepted
11	Issue Active
12	Issue Reassessment
13	Not Eligible
\.


--
-- Data for Name: applications; Type: TABLE DATA; Schema: accelerator; Owner: -
--

COPY accelerator.applications (id, project_id, internal_name, created_by, created_time, modified_by, modified_time, application_status_id, boundary, internal_comment, feedback, country_code) FROM stdin;
1	1	COL_Terraformation (staging)	1	2025-05-13 17:29:18.971757+00	1	2025-05-13 17:30:23.755655+00	3	0106000020E61000000100000001030000000100000005000000A6057AC8805852C080660827C259FF3F077D6C0D655852C04046D0476297FD3F9A5B3F54D64F52C080C21C33D99AFD3FE09FE036144F52C000E7A7B2E64BFF3FA6057AC8805852C080660827C259FF3F	\N	\N	CO
\.


--
-- Data for Name: cohort_modules; Type: TABLE DATA; Schema: accelerator; Owner: -
--

COPY accelerator.cohort_modules (cohort_id, module_id, start_date, end_date, title) FROM stdin;
2	1000	2026-02-03	2026-02-04	Test Module 1
\.


--
-- Data for Name: cohort_phases; Type: TABLE DATA; Schema: accelerator; Owner: -
--

COPY accelerator.cohort_phases (id, name) FROM stdin;
0	Phase 0 - Due Diligence
1	Phase 1 - Feasibility Study
2	Phase 2 - Plan and Scale
3	Phase 3 - Implement and Monitor
100	Pre-Screen
101	Application
\.


--
-- Data for Name: cohorts; Type: TABLE DATA; Schema: accelerator; Owner: -
--

COPY accelerator.cohorts (id, name, created_by, created_time, modified_by, modified_time, phase_id) FROM stdin;
1	Test Cohort Phase 0	1	2025-05-13 20:43:21.093175+00	1	2025-05-13 20:43:21.093175+00	0
3	Test Cohort Phase 2	1	2025-05-13 20:43:49.850208+00	1	2025-05-13 20:43:54.274592+00	2
2	Test Cohort Phase 1	1	2025-05-13 20:43:39.442683+00	1	2026-02-05 21:11:46.274046+00	1
\.


--
-- Data for Name: deal_stages; Type: TABLE DATA; Schema: accelerator; Owner: -
--

COPY accelerator.deal_stages (id, name, pipeline_id) FROM stdin;
101	Phase 0 (Doc Review)	1
102	Phase 1	1
103	Phase 2	1
104	Phase 3	1
105	Graduated, Finished Planting	1
106	Non Graduate	1
201	Application Submitted	2
202	Project Lead Screening Review	2
203	Screening Questions Ready for Review	2
204	Carbon Pre-Check	2
205	Submission Requires Follow Up	2
206	Carbon Eligible	2
207	Closed Lost	2
301	Issue Active	3
302	Issue Pending	3
303	Issue Reesolved	3
\.


--
-- Data for Name: default_voters; Type: TABLE DATA; Schema: accelerator; Owner: -
--

COPY accelerator.default_voters (user_id) FROM stdin;
\.


--
-- Data for Name: deliverable_categories; Type: TABLE DATA; Schema: accelerator; Owner: -
--

COPY accelerator.deliverable_categories (id, name, internal_interest_id) FROM stdin;
1	Compliance	1
2	Financial Viability	2
3	GIS	3
4	Carbon Eligibility	4
5	Stakeholders and Community Impact	5
6	Proposed Restoration Activities	6
7	Verra Non-Permanence Risk Tool (NPRT)	7
8	Supplemental Files	8
\.


--
-- Data for Name: deliverable_cohort_due_dates; Type: TABLE DATA; Schema: accelerator; Owner: -
--

COPY accelerator.deliverable_cohort_due_dates (deliverable_id, cohort_id, due_date) FROM stdin;
\.


--
-- Data for Name: deliverable_documents; Type: TABLE DATA; Schema: accelerator; Owner: -
--

COPY accelerator.deliverable_documents (deliverable_id, deliverable_type_id, template_url) FROM stdin;
68	1	\N
10002	1	\N
\.


--
-- Data for Name: deliverable_project_due_dates; Type: TABLE DATA; Schema: accelerator; Owner: -
--

COPY accelerator.deliverable_project_due_dates (deliverable_id, project_id, due_date) FROM stdin;
\.


--
-- Data for Name: deliverable_types; Type: TABLE DATA; Schema: accelerator; Owner: -
--

COPY accelerator.deliverable_types (id, name) FROM stdin;
1	Document
2	Species
3	Questions
\.


--
-- Data for Name: deliverable_variables; Type: TABLE DATA; Schema: accelerator; Owner: -
--

COPY accelerator.deliverable_variables (deliverable_id, variable_id, "position") FROM stdin;
102	1	0
102	3	1
102	4	2
102	5	3
102	7	4
102	8	5
102	9	6
102	10	7
102	11	8
102	12	9
102	13	10
102	14	11
102	15	12
102	16	13
102	17	14
102	18	15
102	19	16
102	20	17
102	21	18
102	22	19
102	23	20
102	24	21
102	25	22
102	26	23
10001	77	0
10001	73	1
10001	74	2
10001	75	3
10001	68	4
10001	76	5
10001	70	6
10001	57	7
10001	58	8
10001	59	9
10001	60	10
10001	61	11
10001	62	12
10001	63	13
10001	71	14
\.


--
-- Data for Name: deliverables; Type: TABLE DATA; Schema: accelerator; Owner: -
--

COPY accelerator.deliverables (id, deliverable_category_id, deliverable_type_id, module_id, "position", created_by, created_time, modified_by, modified_time, name, description_html, is_sensitive, is_required) FROM stdin;
68	3	1	2	2	1	2025-05-13 17:28:36.446224+00	1	2025-07-10 22:44:13.214764+00	Pre-screen Project Boundary	<p><strong>Where are these planting sites located?</strong></p>\n<p>Please upload a shapefile (including at least the .shp, .shx, and .dbf files) or a kml file of the boundaries of the project area. KML is a file format used to display geographic data in an Earth browser such as Google Earth. The shapefile should be reflective of the areas in which you&#39;d like to plant. The number of hectares given in the shapefile should match (or be reasonably close to) the number of hectares you state in the application. </p>\n<p>If you do not have a shapefile, you can either go back to the previous screen and draw your project boundaries or follow the instructions given in <a target="_blank" href="https://www.loom.com/share/ab4baf6a49704910987ea5f7e1e547a0?sid=7dd0b280-f673-4596-9e75-a9c97ad13661">this video</a> from our GIS team then upload the file here. To upload many files as one, please zip them, then upload the zipped file. </p>	f	t
102	6	3	2	3	1	2025-05-13 17:28:36.446224+00	1	2025-07-10 22:44:13.214764+00	Pre-screen Questions	<p>Answer the following questions below and then click Save at the bottom of the screen at any time to save your progress. In order to complete the form, please provide answers for all required fields marked with an * . Once completed, youll be instructed to submit all requirements to see if you qualify for the Accelerator Program.</p>	f	t
10001	4	3	1000	4	1	2025-07-09 22:32:15.25527+00	1	2025-07-10 22:44:13.214764+00	Phase 1 Questions	Test Questionnaire for Phase 1	f	t
10002	4	1	1000	5	1	2025-07-10 18:26:12.655558+00	1	2025-07-10 22:44:13.214764+00	Phase 1 Document	Test Document for Phase 1	f	t
10003	4	2	1000	6	1	2025-07-10 22:44:13.214764+00	1	2025-07-10 22:44:13.214764+00	Phase 1 Species	Test Species for Phase 1	f	t
\.


--
-- Data for Name: document_stores; Type: TABLE DATA; Schema: accelerator; Owner: -
--

COPY accelerator.document_stores (id, name) FROM stdin;
1	Dropbox
2	Google
3	External
\.


--
-- Data for Name: event_projects; Type: TABLE DATA; Schema: accelerator; Owner: -
--

COPY accelerator.event_projects (event_id, project_id) FROM stdin;
\.


--
-- Data for Name: event_statuses; Type: TABLE DATA; Schema: accelerator; Owner: -
--

COPY accelerator.event_statuses (id, name) FROM stdin;
1	Not Started
2	Starting Soon
3	In Progress
4	Ended
\.


--
-- Data for Name: event_types; Type: TABLE DATA; Schema: accelerator; Owner: -
--

COPY accelerator.event_types (id, name) FROM stdin;
1	One-on-One Session
2	Workshop
3	Live Session
4	Recorded Session
\.


--
-- Data for Name: events; Type: TABLE DATA; Schema: accelerator; Owner: -
--

COPY accelerator.events (id, module_id, event_type_id, meeting_url, slides_url, recording_url, start_time, end_time, created_by, created_time, modified_by, modified_time, revision, event_status_id) FROM stdin;
\.


--
-- Data for Name: hubspot_token; Type: TABLE DATA; Schema: accelerator; Owner: -
--

COPY accelerator.hubspot_token (refresh_token) FROM stdin;
\.


--
-- Data for Name: internal_interests; Type: TABLE DATA; Schema: accelerator; Owner: -
--

COPY accelerator.internal_interests (id, name) FROM stdin;
1	Compliance
2	Financial Viability
3	GIS
4	Carbon Eligibility
5	Stakeholders and Community Impact
6	Proposed Restoration Activities
7	Verra Non-Permanence Risk Tool (NPRT)
8	Supplemental Files
101	Sourcing
\.


--
-- Data for Name: metric_components; Type: TABLE DATA; Schema: accelerator; Owner: -
--

COPY accelerator.metric_components (id, name) FROM stdin;
1	Project Objectives
2	Climate
3	Community
4	Biodiversity
\.


--
-- Data for Name: metric_types; Type: TABLE DATA; Schema: accelerator; Owner: -
--

COPY accelerator.metric_types (id, name) FROM stdin;
1	Activity
2	Output
3	Outcome
4	Impact
\.


--
-- Data for Name: modules; Type: TABLE DATA; Schema: accelerator; Owner: -
--

COPY accelerator.modules (id, name, created_by, created_time, modified_by, modified_time, overview, preparation_materials, live_session_description, workshop_description, one_on_one_session_description, additional_resources, phase_id, "position", recorded_session_description) FROM stdin;
2	Pre-screen	1	2025-05-13 17:28:26.861918+00	1	2025-07-09 22:32:05.534626+00	<p>Draw your proposed project site map and complete the Pre-screen questions to determine if you qualify for our Accelerator Program. Here are some of the primary criteria by which we select participants. Please visit our <a target="_blank" href="https://www.terraformation.com/accelerator">website</a> for a more details on criteria and which projects we prioritize.</p>\n<ul>\n<li>3,000 hectares of land in priority countries: Kenya, Ghana, or Colombia</li>\n<li>15,000 ha or more of land in non-priority countries</li>\n<li>Long-term access and rights to reforest land for at least 40 years</li>\n<li>Projects should plant at least 10 native tree species, or 3+ species in the case of mangrove projects (native species preferred)</li>\n</ul>	\N	\N	\N	\N	\N	100	2	\N
1000	Test Phase 1 Module	1	2025-07-09 22:32:05.534626+00	1	2025-07-09 22:32:05.534626+00	Test Module for Phase 1 Deliverables	\N	\N	\N	\N	\N	1	3	\N
\.


--
-- Data for Name: participant_project_species; Type: TABLE DATA; Schema: accelerator; Owner: -
--

COPY accelerator.participant_project_species (id, project_id, species_id, submission_status_id, feedback, rationale, created_by, modified_by, created_time, modified_time, internal_comment, species_native_category_id) FROM stdin;
\.


--
-- Data for Name: pipelines; Type: TABLE DATA; Schema: accelerator; Owner: -
--

COPY accelerator.pipelines (id, name) FROM stdin;
1	Accelerator Projects
2	Carbon Supply
3	Carbon Waitlist
\.


--
-- Data for Name: project_accelerator_details; Type: TABLE DATA; Schema: accelerator; Owner: -
--

COPY accelerator.project_accelerator_details (project_id, pipeline_id, deal_stage_id, application_reforestable_land, confirmed_reforestable_land, total_expansion_potential, num_native_species, min_carbon_accumulation, max_carbon_accumulation, per_hectare_budget, num_communities, investment_thesis, failure_risk, what_needs_to_be_true, deal_description, file_naming, dropbox_folder_path, google_folder_url, carbon_capacity, annual_carbon, total_carbon, hubspot_url, deal_name, logframe_url, planting_sites_cql, project_boundaries_cql) FROM stdin;
1	\N	\N	18647.0	\N	\N	15	\N	\N	\N	\N	\N	\N	\N	\N	COL_Terraformation (staging)	\N	https://drive.google.com/drive/folders/1	\N	\N	\N	\N	COL_Terraformation (staging)	\N	\N	\N
4	\N	\N	\N	30000	6000	30	1000	2000	16	\N	\N	\N	\N	This is the phase 2 project overview.	FileName2	Dropbox2	https://drive.google.com/drive/folders/4	\N	\N	\N	https://example.com/hubspot2	Phase 2 Project Deal	\N	\N	\N
2	\N	\N	\N	1000	1000	25	100	200	3500	\N	\N	\N	\N	This is the phase 0 project overview.	FileName	DropboxUrl	https://drive.google.com/drive/folders/2	\N	\N	\N	https://example.com/HubSpot	Phase 0 Project Deal	\N	\N	\N
3	\N	\N	\N	2000	1200	35	110	220	12345	\N	\N	\N	\N	This is the phase 1 project overview.	FileName1	Dropbox1	https://drive.google.com/drive/folders/3	\N	\N	\N	https://example.com/HubSpot1	Phase 1 Project Deal	\N	\N	\N
\.


--
-- Data for Name: project_metrics; Type: TABLE DATA; Schema: accelerator; Owner: -
--

COPY accelerator.project_metrics (id, project_id, type_id, component_id, name, description, reference, is_publishable, unit) FROM stdin;
\.


--
-- Data for Name: project_overall_scores; Type: TABLE DATA; Schema: accelerator; Owner: -
--

COPY accelerator.project_overall_scores (project_id, overall_score, summary, details_url, created_by, created_time, modified_by, modified_time) FROM stdin;
\.


--
-- Data for Name: project_report_configs; Type: TABLE DATA; Schema: accelerator; Owner: -
--

COPY accelerator.project_report_configs (id, project_id, report_frequency_id, reporting_start_date, reporting_end_date) FROM stdin;
\.


--
-- Data for Name: project_scores; Type: TABLE DATA; Schema: accelerator; Owner: -
--

COPY accelerator.project_scores (project_id, phase_id, score_category_id, score, qualitative, created_by, created_time, modified_by, modified_time) FROM stdin;
\.


--
-- Data for Name: project_vote_decisions; Type: TABLE DATA; Schema: accelerator; Owner: -
--

COPY accelerator.project_vote_decisions (project_id, phase_id, vote_option_id, modified_time) FROM stdin;
2	0	\N	2025-05-13 20:46:08.261029+00
3	1	\N	2025-05-13 20:52:11.312621+00
4	2	\N	2025-05-13 20:52:31.308639+00
\.


--
-- Data for Name: project_votes; Type: TABLE DATA; Schema: accelerator; Owner: -
--

COPY accelerator.project_votes (user_id, project_id, phase_id, vote_option_id, conditional_info, created_by, created_time, modified_by, modified_time) FROM stdin;
\.


--
-- Data for Name: report_achievements; Type: TABLE DATA; Schema: accelerator; Owner: -
--

COPY accelerator.report_achievements (report_id, "position", achievement) FROM stdin;
\.


--
-- Data for Name: report_challenges; Type: TABLE DATA; Schema: accelerator; Owner: -
--

COPY accelerator.report_challenges (report_id, "position", challenge, mitigation_plan) FROM stdin;
\.


--
-- Data for Name: report_frequencies; Type: TABLE DATA; Schema: accelerator; Owner: -
--

COPY accelerator.report_frequencies (id, name) FROM stdin;
1	Quarterly
2	Annual
\.


--
-- Data for Name: report_metric_statuses; Type: TABLE DATA; Schema: accelerator; Owner: -
--

COPY accelerator.report_metric_statuses (id, name) FROM stdin;
1	Achieved
2	On-Track
3	Unlikely
\.


--
-- Data for Name: report_photos; Type: TABLE DATA; Schema: accelerator; Owner: -
--

COPY accelerator.report_photos (file_id, report_id, deleted, caption) FROM stdin;
\.


--
-- Data for Name: report_project_metrics; Type: TABLE DATA; Schema: accelerator; Owner: -
--

COPY accelerator.report_project_metrics (report_id, project_metric_id, target, value, projects_comments, progress_notes, modified_by, modified_time, status_id) FROM stdin;
\.


--
-- Data for Name: report_quarters; Type: TABLE DATA; Schema: accelerator; Owner: -
--

COPY accelerator.report_quarters (id, name) FROM stdin;
1	Q1
2	Q2
3	Q3
4	Q4
\.


--
-- Data for Name: report_standard_metrics; Type: TABLE DATA; Schema: accelerator; Owner: -
--

COPY accelerator.report_standard_metrics (report_id, standard_metric_id, target, value, projects_comments, progress_notes, modified_by, modified_time, status_id) FROM stdin;
\.


--
-- Data for Name: report_statuses; Type: TABLE DATA; Schema: accelerator; Owner: -
--

COPY accelerator.report_statuses (id, name) FROM stdin;
1	Not Submitted
2	Submitted
3	Approved
4	Needs Update
5	Not Needed
\.


--
-- Data for Name: report_system_metrics; Type: TABLE DATA; Schema: accelerator; Owner: -
--

COPY accelerator.report_system_metrics (report_id, system_metric_id, target, system_value, system_time, override_value, projects_comments, progress_notes, modified_by, modified_time, status_id) FROM stdin;
\.


--
-- Data for Name: reports; Type: TABLE DATA; Schema: accelerator; Owner: -
--

COPY accelerator.reports (id, config_id, project_id, status_id, start_date, end_date, internal_comment, feedback, created_by, created_time, modified_by, modified_time, submitted_by, submitted_time, highlights, report_frequency_id, report_quarter_id, upcoming_notification_sent_time, financial_summaries, additional_comments) FROM stdin;
\.


--
-- Data for Name: score_categories; Type: TABLE DATA; Schema: accelerator; Owner: -
--

COPY accelerator.score_categories (id, name) FROM stdin;
1	Carbon
2	Finance
3	Forestry
4	Legal
5	Social Impact
6	GIS
7	Climate Impact
8	Expansion Potential
9	Experience and Understanding
10	Operational Capacity
11	Responsiveness and Attention to Detail
12	Values Alignment
\.


--
-- Data for Name: standard_metrics; Type: TABLE DATA; Schema: accelerator; Owner: -
--

COPY accelerator.standard_metrics (id, type_id, component_id, name, description, reference, is_publishable, unit) FROM stdin;
\.


--
-- Data for Name: submission_documents; Type: TABLE DATA; Schema: accelerator; Owner: -
--

COPY accelerator.submission_documents (id, submission_id, document_store_id, created_by, created_time, name, description, location, original_name, project_id) FROM stdin;
\.


--
-- Data for Name: submission_snapshots; Type: TABLE DATA; Schema: accelerator; Owner: -
--

COPY accelerator.submission_snapshots (id, file_id, submission_id) FROM stdin;
\.


--
-- Data for Name: submission_statuses; Type: TABLE DATA; Schema: accelerator; Owner: -
--

COPY accelerator.submission_statuses (id, name) FROM stdin;
1	Not Submitted
2	In Review
3	Needs Translation
4	Approved
5	Rejected
6	Not Needed
7	Completed
\.


--
-- Data for Name: submissions; Type: TABLE DATA; Schema: accelerator; Owner: -
--

COPY accelerator.submissions (id, project_id, deliverable_id, submission_status_id, created_by, created_time, modified_by, modified_time, internal_comment, feedback) FROM stdin;
1	1	102	7	1	2025-05-13 17:30:16.176756+00	1	2025-05-13 17:30:16.176756+00	\N	\N
\.


--
-- Data for Name: system_metrics; Type: TABLE DATA; Schema: accelerator; Owner: -
--

COPY accelerator.system_metrics (id, name, type_id, component_id, description, reference, is_publishable) FROM stdin;
1	Seeds Collected	2	2	Total seed count checked-into accessions.	1.1	f
2	Seedlings	2	2	Plants in the nursery, including those provided by partners, where available. Not applicable for mangrove projects (input 0).	1.2	t
3	Trees Planted	2	2	Total trees (and plants) planted in the field.	1.3	t
4	Species Planted	2	2	Total species of the plants/trees planted.	1.4	t
6	Hectares Planted	2	2	This is the hectares marked as Planting Complete within the Project Area.	1.1.1.1	t
7	Survival Rate	3	2	Survival rate of plantings.	2	t
\.


--
-- Data for Name: user_internal_interests; Type: TABLE DATA; Schema: accelerator; Owner: -
--

COPY accelerator.user_internal_interests (user_id, internal_interest_id, created_by, created_time) FROM stdin;
\.


--
-- Data for Name: vote_options; Type: TABLE DATA; Schema: accelerator; Owner: -
--

COPY accelerator.vote_options (id, name) FROM stdin;
1	No
2	Conditional
3	Yes
\.


--
-- Data for Name: dependency_conditions; Type: TABLE DATA; Schema: docprod; Owner: -
--

COPY docprod.dependency_conditions (id, name) FROM stdin;
1	eq
2	gt
3	gte
4	lt
5	lte
6	neq
\.


--
-- Data for Name: document_saved_versions; Type: TABLE DATA; Schema: docprod; Owner: -
--

COPY docprod.document_saved_versions (id, document_id, variable_manifest_id, max_variable_value_id, created_by, created_time, name, is_submitted, is_accepted) FROM stdin;
\.


--
-- Data for Name: document_statuses; Type: TABLE DATA; Schema: docprod; Owner: -
--

COPY docprod.document_statuses (id, name) FROM stdin;
1	Draft
2	Locked
3	Published
4	Ready
5	Submitted
\.


--
-- Data for Name: document_templates; Type: TABLE DATA; Schema: docprod; Owner: -
--

COPY docprod.document_templates (id, name) FROM stdin;
\.


--
-- Data for Name: documents; Type: TABLE DATA; Schema: docprod; Owner: -
--

COPY docprod.documents (id, document_template_id, variable_manifest_id, project_id, name, status_id, owned_by, created_by, created_time, modified_by, modified_time, internal_comment) FROM stdin;
\.


--
-- Data for Name: variable_image_values; Type: TABLE DATA; Schema: docprod; Owner: -
--

COPY docprod.variable_image_values (variable_value_id, variable_id, variable_type_id, file_id, caption) FROM stdin;
84	48	4	1003	\N
85	55	4	1004	\N
86	55	4	1005	\N
88	48	4	1006	\N
87	55	4	1007	\N
\.


--
-- Data for Name: variable_injection_display_styles; Type: TABLE DATA; Schema: docprod; Owner: -
--

COPY docprod.variable_injection_display_styles (id, name) FROM stdin;
1	Inline
2	Block
\.


--
-- Data for Name: variable_link_values; Type: TABLE DATA; Schema: docprod; Owner: -
--

COPY docprod.variable_link_values (variable_value_id, variable_id, variable_type_id, url, title) FROM stdin;
29	53	7	https://example.com/ClickUp	\N
30	51	7	https://example.com/GIS	\N
33	52	7	https://example.com/risks	\N
35	54	7	https://example.com/slack	\N
36	46	7	https://example.com/Verra	\N
39	53	7	https://example.com/ClickUp1	\N
43	51	7	https://example.com/GIS1	\N
54	52	7	https://example.com/risks1	\N
56	54	7	https://example.com/slack1	\N
60	46	7	https://example.com/Verra1	\N
62	53	7	https://example.com/clickUp2	\N
66	51	7	https://example.com/gis2	\N
77	52	7	https://example.com/risks2	\N
79	54	7	https://example.com/slack2	\N
83	46	7	https://example.com/Verra2	\N
\.


--
-- Data for Name: variable_manifest_entries; Type: TABLE DATA; Schema: docprod; Owner: -
--

COPY docprod.variable_manifest_entries (variable_manifest_id, variable_id, "position") FROM stdin;
\.


--
-- Data for Name: variable_manifests; Type: TABLE DATA; Schema: docprod; Owner: -
--

COPY docprod.variable_manifests (id, document_template_id, created_by, created_time) FROM stdin;
\.


--
-- Data for Name: variable_numbers; Type: TABLE DATA; Schema: docprod; Owner: -
--

COPY docprod.variable_numbers (variable_id, variable_type_id, min_value, max_value, decimal_places) FROM stdin;
2	1	\N	\N	\N
4	1	\N	\N	\N
5	1	\N	\N	\N
7	1	\N	\N	\N
8	1	\N	\N	\N
9	1	\N	\N	\N
10	1	\N	\N	\N
11	1	\N	\N	\N
12	1	\N	\N	\N
13	1	\N	\N	\N
14	1	\N	\N	\N
15	1	\N	\N	\N
16	1	\N	\N	\N
17	1	\N	\N	\N
18	1	\N	\N	\N
19	1	\N	\N	\N
20	1	\N	\N	\N
21	1	\N	\N	\N
23	1	\N	\N	\N
24	1	\N	\N	\N
26	1	\N	\N	\N
30	1	\N	\N	\N
33	1	\N	\N	\N
34	1	\N	\N	\N
35	1	\N	\N	\N
36	1	\N	\N	\N
37	1	\N	\N	\N
38	1	\N	\N	\N
39	1	\N	\N	\N
40	1	\N	\N	\N
45	1	\N	\N	\N
49	1	\N	\N	\N
64	1	0	\N	\N
65	1	0	\N	\N
72	1	0	\N	\N
73	1	0	\N	\N
77	1	0	1000	\N
\.


--
-- Data for Name: variable_owners; Type: TABLE DATA; Schema: docprod; Owner: -
--

COPY docprod.variable_owners (project_id, variable_id, owned_by) FROM stdin;
\.


--
-- Data for Name: variable_section_default_values; Type: TABLE DATA; Schema: docprod; Owner: -
--

COPY docprod.variable_section_default_values (id, variable_id, variable_type_id, variable_manifest_id, list_position, text_value, used_variable_id, used_variable_type_id, usage_type_id, display_style_id) FROM stdin;
\.


--
-- Data for Name: variable_section_recommendations; Type: TABLE DATA; Schema: docprod; Owner: -
--

COPY docprod.variable_section_recommendations (section_variable_id, section_variable_type_id, recommended_variable_id, variable_manifest_id) FROM stdin;
\.


--
-- Data for Name: variable_section_values; Type: TABLE DATA; Schema: docprod; Owner: -
--

COPY docprod.variable_section_values (variable_value_id, variable_id, variable_type_id, usage_type_id, text_value, used_variable_id, used_variable_type_id, display_style_id) FROM stdin;
\.


--
-- Data for Name: variable_sections; Type: TABLE DATA; Schema: docprod; Owner: -
--

COPY docprod.variable_sections (variable_id, variable_type_id, parent_variable_id, parent_variable_type_id, render_heading) FROM stdin;
\.


--
-- Data for Name: variable_select_option_values; Type: TABLE DATA; Schema: docprod; Owner: -
--

COPY docprod.variable_select_option_values (variable_value_id, variable_id, variable_type_id, option_id) FROM stdin;
2	1	5	37
4	3	5	197
8	25	5	209
10	6	5	200
14	1	5	1
16	6	5	200
16	6	5	201
20	32	5	215
26	31	5	210
34	50	5	219
34	50	5	220
34	50	5	218
37	6	5	200
37	6	5	201
37	6	5	202
41	1	5	7
44	6	5	204
44	6	5	203
48	32	5	216
55	50	5	221
55	50	5	222
55	50	5	223
57	31	5	211
64	1	5	69
67	6	5	206
67	6	5	207
71	32	5	217
78	50	5	222
78	50	5	228
78	50	5	234
78	50	5	227
78	50	5	223
78	50	5	233
78	50	5	218
78	50	5	230
78	50	5	221
78	50	5	232
78	50	5	219
78	50	5	231
78	50	5	220
78	50	5	224
78	50	5	229
78	50	5	225
78	50	5	226
80	31	5	212
\.


--
-- Data for Name: variable_select_options; Type: TABLE DATA; Schema: docprod; Owner: -
--

COPY docprod.variable_select_options (id, variable_id, variable_type_id, "position", name, description, rendered_text) FROM stdin;
1	1	5	1	Afghanistan	\N	\N
2	1	5	2	Albania	\N	\N
3	1	5	3	Algeria	\N	\N
4	1	5	4	Andorra	\N	\N
5	1	5	5	Angola	\N	\N
6	1	5	6	Antigua and Barbuda	\N	\N
7	1	5	7	Argentina	\N	\N
8	1	5	8	Armenia	\N	\N
9	1	5	9	Australia	\N	\N
10	1	5	10	Austria	\N	\N
11	1	5	11	Azerbaijan	\N	\N
12	1	5	12	Bahamas	\N	\N
13	1	5	13	Bahrain	\N	\N
14	1	5	14	Bangladesh	\N	\N
15	1	5	15	Barbados	\N	\N
16	1	5	16	Belarus	\N	\N
17	1	5	17	Belgium	\N	\N
18	1	5	18	Belize	\N	\N
19	1	5	19	Benin	\N	\N
20	1	5	20	Bhutan	\N	\N
21	1	5	21	Bolivia	\N	\N
22	1	5	22	Bosnia and Herzegovina	\N	\N
23	1	5	23	Botswana	\N	\N
24	1	5	24	Brazil	\N	\N
25	1	5	25	Brunei	\N	\N
26	1	5	26	Bulgaria	\N	\N
27	1	5	27	Burkina Faso	\N	\N
28	1	5	28	Burundi	\N	\N
29	1	5	29	Cabo Verde	\N	\N
30	1	5	30	Cambodia	\N	\N
31	1	5	31	Cameroon	\N	\N
32	1	5	32	Canada	\N	\N
33	1	5	33	Central African Republic	\N	\N
34	1	5	34	Chad	\N	\N
35	1	5	35	Chile	\N	\N
36	1	5	36	China	\N	\N
37	1	5	37	Colombia	\N	\N
38	1	5	38	Comoros	\N	\N
39	1	5	39	Congo, Democratic Republic of the	\N	\N
40	1	5	40	Congo, Republic of the	\N	\N
41	1	5	41	Costa Rica	\N	\N
42	1	5	42	Cte d'Ivoire	\N	\N
43	1	5	43	Croatia	\N	\N
44	1	5	44	Cuba	\N	\N
45	1	5	45	Cyprus	\N	\N
46	1	5	46	Czech Republic	\N	\N
47	1	5	47	Denmark	\N	\N
48	1	5	48	Djibouti	\N	\N
49	1	5	49	Dominica	\N	\N
50	1	5	50	Dominican Republic	\N	\N
51	1	5	51	Ecuador	\N	\N
52	1	5	52	Egypt	\N	\N
53	1	5	53	El Salvador	\N	\N
54	1	5	54	Equatorial Guinea	\N	\N
55	1	5	55	Eritrea	\N	\N
56	1	5	56	Estonia	\N	\N
57	1	5	57	Eswatini	\N	\N
58	1	5	58	Ethiopia	\N	\N
59	1	5	59	Fiji	\N	\N
60	1	5	60	Finland	\N	\N
61	1	5	61	France	\N	\N
62	1	5	62	Gabon	\N	\N
63	1	5	63	Gambia	\N	\N
64	1	5	64	Georgia	\N	\N
65	1	5	65	Germany	\N	\N
66	1	5	66	Ghana	\N	\N
67	1	5	67	Greece	\N	\N
68	1	5	68	Grenada	\N	\N
69	1	5	69	Guatemala	\N	\N
70	1	5	70	Guinea	\N	\N
71	1	5	71	Guinea-Bissau	\N	\N
72	1	5	72	Guyana	\N	\N
73	1	5	73	Haiti	\N	\N
74	1	5	74	Honduras	\N	\N
75	1	5	75	Hungary	\N	\N
76	1	5	76	Iceland	\N	\N
77	1	5	77	India	\N	\N
78	1	5	78	Indonesia	\N	\N
79	1	5	79	Iran	\N	\N
80	1	5	80	Iraq	\N	\N
81	1	5	81	Ireland	\N	\N
82	1	5	82	Israel	\N	\N
83	1	5	83	Italy	\N	\N
84	1	5	84	Jamaica	\N	\N
85	1	5	85	Japan	\N	\N
86	1	5	86	Jordan	\N	\N
87	1	5	87	Kazakhstan	\N	\N
88	1	5	88	Kenya	\N	\N
89	1	5	89	Kiribati	\N	\N
90	1	5	90	Korea, North	\N	\N
91	1	5	91	Korea, South	\N	\N
92	1	5	92	Kosovo	\N	\N
93	1	5	93	Kuwait	\N	\N
94	1	5	94	Kyrgyzstan	\N	\N
95	1	5	95	Laos	\N	\N
96	1	5	96	Latvia	\N	\N
97	1	5	97	Lebanon	\N	\N
98	1	5	98	Lesotho	\N	\N
99	1	5	99	Liberia	\N	\N
100	1	5	100	Libya	\N	\N
101	1	5	101	Liechtenstein	\N	\N
102	1	5	102	Lithuania	\N	\N
103	1	5	103	Luxembourg	\N	\N
104	1	5	104	Madagascar	\N	\N
105	1	5	105	Malawi	\N	\N
106	1	5	106	Malaysia	\N	\N
107	1	5	107	Maldives	\N	\N
108	1	5	108	Mali	\N	\N
109	1	5	109	Malta	\N	\N
110	1	5	110	Marshall Islands	\N	\N
111	1	5	111	Mauritania	\N	\N
112	1	5	112	Mauritius	\N	\N
113	1	5	113	Mexico	\N	\N
114	1	5	114	Micronesia	\N	\N
115	1	5	115	Moldova	\N	\N
116	1	5	116	Monaco	\N	\N
117	1	5	117	Mongolia	\N	\N
118	1	5	118	Montenegro	\N	\N
119	1	5	119	Morocco	\N	\N
120	1	5	120	Mozambique	\N	\N
121	1	5	121	Myanmar (Burma)	\N	\N
122	1	5	122	Namibia	\N	\N
123	1	5	123	Nauru	\N	\N
124	1	5	124	Nepal	\N	\N
125	1	5	125	Netherlands	\N	\N
126	1	5	126	New Zealand	\N	\N
127	1	5	127	Nicaragua	\N	\N
128	1	5	128	Niger	\N	\N
129	1	5	129	Nigeria	\N	\N
130	1	5	130	North Macedonia	\N	\N
131	1	5	131	Norway	\N	\N
132	1	5	132	Oman	\N	\N
133	1	5	133	Pakistan	\N	\N
134	1	5	134	Palau	\N	\N
135	1	5	135	Panama	\N	\N
136	1	5	136	Papua New Guinea	\N	\N
137	1	5	137	Paraguay	\N	\N
138	1	5	138	Peru	\N	\N
139	1	5	139	Philippines	\N	\N
140	1	5	140	Poland	\N	\N
141	1	5	141	Portugal	\N	\N
142	1	5	142	Qatar	\N	\N
143	1	5	143	Romania	\N	\N
144	1	5	144	Russia	\N	\N
145	1	5	145	Rwanda	\N	\N
146	1	5	146	Saint Kitts and Nevis	\N	\N
147	1	5	147	Saint Lucia	\N	\N
148	1	5	148	Saint Vincent and the Grenadines	\N	\N
149	1	5	149	Samoa	\N	\N
150	1	5	150	San Marino	\N	\N
151	1	5	151	Sao Tome and Principe	\N	\N
152	1	5	152	Saudi Arabia	\N	\N
153	1	5	153	Senegal	\N	\N
154	1	5	154	Serbia	\N	\N
155	1	5	155	Seychelles	\N	\N
156	1	5	156	Sierra Leone	\N	\N
157	1	5	157	Singapore	\N	\N
158	1	5	158	Slovakia	\N	\N
159	1	5	159	Slovenia	\N	\N
160	1	5	160	Solomon Islands	\N	\N
161	1	5	161	Somalia	\N	\N
162	1	5	162	South Africa	\N	\N
163	1	5	163	South Sudan	\N	\N
164	1	5	164	Spain	\N	\N
165	1	5	165	Sri Lanka	\N	\N
166	1	5	166	Sudan	\N	\N
167	1	5	167	Suriname	\N	\N
168	1	5	168	Sweden	\N	\N
169	1	5	169	Switzerland	\N	\N
170	1	5	170	Syria	\N	\N
171	1	5	171	Taiwan	\N	\N
172	1	5	172	Tajikistan	\N	\N
173	1	5	173	Tanzania	\N	\N
174	1	5	174	Thailand	\N	\N
175	1	5	175	Timor-Leste	\N	\N
176	1	5	176	Togo	\N	\N
177	1	5	177	Tonga	\N	\N
178	1	5	178	Trinidad and Tobago	\N	\N
179	1	5	179	Tunisia	\N	\N
180	1	5	180	Turkey	\N	\N
181	1	5	181	Turkmenistan	\N	\N
182	1	5	182	Tuvalu	\N	\N
183	1	5	183	Uganda	\N	\N
184	1	5	184	Ukraine	\N	\N
185	1	5	185	United Arab Emirates	\N	\N
186	1	5	186	United Kingdom	\N	\N
187	1	5	187	United States	\N	\N
188	1	5	188	Uruguay	\N	\N
189	1	5	189	Uzbekistan	\N	\N
190	1	5	190	Vanuatu	\N	\N
191	1	5	191	Vatican City	\N	\N
192	1	5	192	Venezuela	\N	\N
193	1	5	193	Vietnam	\N	\N
194	1	5	194	Yemen	\N	\N
195	1	5	195	Zambia	\N	\N
196	1	5	196	Zimbabwe	\N	\N
197	3	5	1	Terrestrial	\N	\N
198	3	5	2	Mangrove	\N	\N
199	3	5	3	Mixed	\N	\N
200	6	5	1	Native Forest	\N	\N
201	6	5	2	Monoculture	\N	\N
202	6	5	3	Sustainable Timber	\N	\N
203	6	5	4	Other Timber	\N	\N
204	6	5	5	Mangroves	\N	\N
205	6	5	6	Agroforestry	\N	\N
206	6	5	7	Silvopasture	\N	\N
207	6	5	8	Other Land-Use Model	\N	\N
208	25	5	1	Yes	\N	do
209	25	5	2	No	\N	do not
210	31	5	1	VCS	\N	\N
211	31	5	2	VCS & CCB	\N	\N
212	31	5	3	Gold Standard	\N	\N
213	31	5	4	Plan Vivo	\N	\N
214	31	5	5	Other	\N	\N
215	32	5	1	VM0033	\N	\N
216	32	5	2	VM0047	\N	\N
217	32	5	3	Other	\N	\N
218	50	5	1	1: No Poverty	\N	\N
219	50	5	2	2: Zero Hunger	\N	\N
220	50	5	3	3: Good Health and Well-Being	\N	\N
221	50	5	4	4: Quality Education	\N	\N
222	50	5	5	5: Gender Equality	\N	\N
223	50	5	6	6: Clean Water and Sanitation	\N	\N
224	50	5	7	7: Affordable and Clean Energy	\N	\N
225	50	5	8	8: Decent Work and Economic Growth	\N	\N
226	50	5	9	9: Industry, Innovation and Infrastructure	\N	\N
227	50	5	10	10: Reduced Inequalities	\N	\N
228	50	5	11	11: Sustainable Cities and Economies	\N	\N
229	50	5	12	12: Responsible Consumption and Production	\N	\N
230	50	5	13	13: Climate Action	\N	\N
231	50	5	14	14: Life Below Water	\N	\N
232	50	5	15	15: Life on Land	\N	\N
233	50	5	16	16: Peace, Justice, and Strong Institutions	\N	\N
234	50	5	17	17: Partnerships for the Goals	\N	\N
235	56	5	1	CCB Standard	\N	\N
236	66	5	1	agroforestry timber	\N	\N
237	66	5	2	sustainable timber	\N	\N
238	66	5	3	marketable product	\N	\N
239	69	5	1	do	\N	\N
240	69	5	2	do not	\N	\N
241	69	5	3	maybe	\N	\N
242	74	5	1	agroforestry timber	\N	\N
243	74	5	2	sustainable timber	\N	\N
244	74	5	3	marketable product	\N	\N
245	76	5	1	do	\N	\N
246	76	5	2	do not	\N	\N
247	76	5	3	maybe	\N	\N
\.


--
-- Data for Name: variable_selects; Type: TABLE DATA; Schema: docprod; Owner: -
--

COPY docprod.variable_selects (variable_id, variable_type_id, is_multiple) FROM stdin;
1	5	f
3	5	f
6	5	t
25	5	f
31	5	f
32	5	f
50	5	t
56	5	t
66	5	t
69	5	f
74	5	t
76	5	f
\.


--
-- Data for Name: variable_table_columns; Type: TABLE DATA; Schema: docprod; Owner: -
--

COPY docprod.variable_table_columns (variable_id, table_variable_id, table_variable_type_id, "position", is_header) FROM stdin;
58	57	6	1	f
59	57	6	2	f
60	57	6	3	f
61	57	6	4	f
62	57	6	5	f
63	57	6	6	f
\.


--
-- Data for Name: variable_table_styles; Type: TABLE DATA; Schema: docprod; Owner: -
--

COPY docprod.variable_table_styles (id, name) FROM stdin;
1	Horizontal
2	Vertical
\.


--
-- Data for Name: variable_tables; Type: TABLE DATA; Schema: docprod; Owner: -
--

COPY docprod.variable_tables (variable_id, variable_type_id, table_style_id) FROM stdin;
57	6	1
\.


--
-- Data for Name: variable_text_types; Type: TABLE DATA; Schema: docprod; Owner: -
--

COPY docprod.variable_text_types (id, name) FROM stdin;
1	SingleLine
2	MultiLine
\.


--
-- Data for Name: variable_texts; Type: TABLE DATA; Schema: docprod; Owner: -
--

COPY docprod.variable_texts (variable_id, variable_type_id, variable_text_type_id) FROM stdin;
22	2	1
27	2	1
29	2	1
41	2	2
42	2	2
43	2	2
44	2	2
47	2	1
58	2	1
59	2	1
60	2	1
61	2	1
62	2	2
67	2	1
70	2	2
75	2	1
\.


--
-- Data for Name: variable_types; Type: TABLE DATA; Schema: docprod; Owner: -
--

COPY docprod.variable_types (id, name) FROM stdin;
1	Number
2	Text
3	Date
4	Image
5	Select
6	Table
7	Link
8	Section
9	Email
\.


--
-- Data for Name: variable_usage_types; Type: TABLE DATA; Schema: docprod; Owner: -
--

COPY docprod.variable_usage_types (id, name) FROM stdin;
1	Injection
2	Reference
\.


--
-- Data for Name: variable_value_table_rows; Type: TABLE DATA; Schema: docprod; Owner: -
--

COPY docprod.variable_value_table_rows (id, variable_value_id, table_row_value_id) FROM stdin;
\.


--
-- Data for Name: variable_values; Type: TABLE DATA; Schema: docprod; Owner: -
--

COPY docprod.variable_values (id, project_id, variable_id, variable_type_id, list_position, created_by, created_time, is_deleted, number_value, text_value, date_value, citation) FROM stdin;
1	1	47	2	0	2	2025-05-13 17:29:19.289785+00	f	\N	XXX_Terraformation (staging)	\N	\N
2	1	1	5	0	2	2025-05-13 17:29:46.097009+00	f	\N	\N	\N	\N
3	1	47	2	0	2	2025-05-13 17:29:46.133749+00	f	\N	COL_Terraformation (staging)	\N	\N
4	1	3	5	0	1	2025-05-13 17:30:16.225572+00	f	\N	\N	\N	\N
5	1	7	1	0	1	2025-05-13 17:30:16.246132+00	f	10000	\N	\N	\N
6	1	8	1	0	1	2025-05-13 17:30:16.248673+00	f	500	\N	\N	\N
7	1	24	1	0	1	2025-05-13 17:30:16.250363+00	f	15	\N	\N	\N
8	1	25	5	0	1	2025-05-13 17:30:16.252385+00	f	\N	\N	\N	\N
9	1	2	1	0	2	2025-05-13 17:30:23.836848+00	f	18647.0	\N	\N	\N
10	1	6	5	0	2	2025-05-13 17:30:23.845891+00	f	\N	\N	\N	\N
11	2	47	2	0	2	2025-05-13 20:47:04.840051+00	f	\N	Phase 0 Project Deal	\N	\N
12	3	47	2	0	2	2025-05-13 20:52:51.144427+00	f	\N	Phase 1 Project Deal	\N	\N
13	4	47	2	0	2	2025-05-13 20:53:06.014474+00	f	\N	Phase 2 Project Deal	\N	\N
14	2	1	5	0	2	2025-05-13 20:57:01.304871+00	f	\N	\N	\N	\N
15	2	41	2	0	2	2025-05-13 20:57:01.316694+00	f	\N	This is the phase 0 project overview.	\N	\N
16	2	6	5	0	2	2025-05-13 20:57:01.318087+00	f	\N	\N	\N	\N
17	2	45	1	0	2	2025-05-13 21:00:00.889786+00	f	150	\N	\N	\N
18	2	34	1	0	2	2025-05-13 21:00:00.892906+00	f	1000	\N	\N	\N
19	2	37	1	0	2	2025-05-13 21:00:00.894404+00	f	200	\N	\N	\N
20	2	32	5	0	2	2025-05-13 21:00:00.89633+00	f	\N	\N	\N	\N
21	2	36	1	0	2	2025-05-13 21:00:00.898769+00	f	100	\N	\N	\N
22	2	49	1	0	2	2025-05-13 21:00:00.899879+00	f	3000	\N	\N	\N
23	2	24	1	0	2	2025-05-13 21:00:00.901256+00	f	25	\N	\N	\N
24	2	35	1	0	2	2025-05-13 21:00:00.902228+00	f	3500	\N	\N	\N
25	2	30	1	0	2	2025-05-13 21:00:00.90313+00	f	2000	\N	\N	\N
26	2	31	5	0	2	2025-05-13 21:00:00.90433+00	f	\N	\N	\N	\N
27	2	26	1	0	2	2025-05-13 21:00:00.905973+00	f	1000	\N	\N	\N
28	2	33	1	0	2	2025-05-13 21:00:00.907028+00	f	2500	\N	\N	\N
29	2	53	7	0	2	2025-05-13 21:01:54.978485+00	f	\N	\N	\N	\N
30	2	51	7	0	2	2025-05-13 21:01:54.994667+00	f	\N	\N	\N	\N
31	2	9	1	0	2	2025-05-13 21:01:54.996157+00	f	13200	\N	\N	\N
32	2	7	1	0	2	2025-05-13 21:01:54.997231+00	f	12100	\N	\N	\N
33	2	52	7	0	2	2025-05-13 21:01:54.998336+00	f	\N	\N	\N	\N
34	2	50	5	0	2	2025-05-13 21:01:54.999789+00	f	\N	\N	\N	\N
35	2	54	7	0	2	2025-05-13 21:01:55.012306+00	f	\N	\N	\N	\N
36	2	46	7	0	2	2025-05-13 21:01:55.013651+00	f	\N	\N	\N	\N
37	2	6	5	0	2	2025-05-13 21:03:34.435289+00	f	\N	\N	\N	\N
38	3	45	1	0	2	2025-05-13 21:08:37.623713+00	f	200	\N	\N	\N
39	3	53	7	0	2	2025-05-13 21:08:37.626385+00	f	\N	\N	\N	\N
40	3	34	1	0	2	2025-05-13 21:08:37.628978+00	f	2000	\N	\N	\N
41	3	1	5	0	2	2025-05-13 21:08:37.629803+00	f	\N	\N	\N	\N
42	3	41	2	0	2	2025-05-13 21:08:37.631293+00	f	\N	This is the phase 1 project overview.	\N	\N
43	3	51	7	0	2	2025-05-13 21:08:37.632371+00	f	\N	\N	\N	\N
44	3	6	5	0	2	2025-05-13 21:08:37.633463+00	f	\N	\N	\N	\N
45	3	15	1	0	2	2025-05-13 21:08:37.637195+00	f	10000	\N	\N	\N
46	3	13	1	0	2	2025-05-13 21:08:37.638199+00	f	1000	\N	\N	\N
47	3	37	1	0	2	2025-05-13 21:08:37.63903+00	f	220	\N	\N	\N
48	3	32	5	0	2	2025-05-13 21:08:37.639828+00	f	\N	\N	\N	\N
49	3	36	1	0	2	2025-05-13 21:08:37.640982+00	f	110	\N	\N	\N
50	3	49	1	0	2	2025-05-13 21:08:37.641683+00	f	4000	\N	\N	\N
51	3	24	1	0	2	2025-05-13 21:08:37.642364+00	f	35	\N	\N	\N
52	3	35	1	0	2	2025-05-13 21:08:37.643998+00	f	12345	\N	\N	\N
53	3	30	1	0	2	2025-05-13 21:08:37.645348+00	f	3000	\N	\N	\N
54	3	52	7	0	2	2025-05-13 21:08:37.646931+00	f	\N	\N	\N	\N
55	3	50	5	0	2	2025-05-13 21:08:37.648601+00	f	\N	\N	\N	\N
56	3	54	7	0	2	2025-05-13 21:08:37.65467+00	f	\N	\N	\N	\N
57	3	31	5	0	2	2025-05-13 21:08:37.656379+00	f	\N	\N	\N	\N
58	3	26	1	0	2	2025-05-13 21:08:37.657692+00	f	1200	\N	\N	\N
59	3	33	1	0	2	2025-05-13 21:08:37.658787+00	f	2400	\N	\N	\N
60	3	46	7	0	2	2025-05-13 21:08:37.659785+00	f	\N	\N	\N	\N
61	4	45	1	0	2	2025-05-13 21:11:59.33157+00	f	1500	\N	\N	\N
62	4	53	7	0	2	2025-05-13 21:11:59.335163+00	f	\N	\N	\N	\N
63	4	34	1	0	2	2025-05-13 21:11:59.336452+00	f	30000	\N	\N	\N
64	4	1	5	0	2	2025-05-13 21:11:59.337402+00	f	\N	\N	\N	\N
65	4	41	2	0	2	2025-05-13 21:11:59.339131+00	f	\N	This is the phase 2 project overview.	\N	\N
66	4	51	7	0	2	2025-05-13 21:11:59.339897+00	f	\N	\N	\N	\N
67	4	6	5	0	2	2025-05-13 21:11:59.340722+00	f	\N	\N	\N	\N
68	4	21	1	0	2	2025-05-13 21:11:59.341994+00	f	12	\N	\N	\N
69	4	19	1	0	2	2025-05-13 21:11:59.342674+00	f	25000	\N	\N	\N
70	4	37	1	0	2	2025-05-13 21:11:59.343431+00	f	2000	\N	\N	\N
71	4	32	5	0	2	2025-05-13 21:11:59.344176+00	f	\N	\N	\N	\N
72	4	36	1	0	2	2025-05-13 21:11:59.345699+00	f	1000	\N	\N	\N
73	4	49	1	0	2	2025-05-13 21:11:59.346699+00	f	25000	\N	\N	\N
74	4	24	1	0	2	2025-05-13 21:11:59.347737+00	f	30	\N	\N	\N
75	4	35	1	0	2	2025-05-13 21:11:59.348549+00	f	16	\N	\N	\N
76	4	30	1	0	2	2025-05-13 21:11:59.350194+00	f	31000	\N	\N	\N
77	4	52	7	0	2	2025-05-13 21:11:59.350851+00	f	\N	\N	\N	\N
78	4	50	5	0	2	2025-05-13 21:11:59.351843+00	f	\N	\N	\N	\N
79	4	54	7	0	2	2025-05-13 21:11:59.35673+00	f	\N	\N	\N	\N
80	4	31	5	0	2	2025-05-13 21:11:59.358052+00	f	\N	\N	\N	\N
81	4	26	1	0	2	2025-05-13 21:11:59.359456+00	f	6000	\N	\N	\N
82	4	33	1	0	2	2025-05-13 21:11:59.361223+00	f	40	\N	\N	\N
83	4	46	7	0	2	2025-05-13 21:11:59.362538+00	f	\N	\N	\N	\N
84	4	48	4	0	1	2025-05-13 21:49:54.40838+00	f	\N	\N	\N	\N
85	4	55	4	0	1	2025-05-13 21:49:54.408318+00	f	\N	\N	\N	\N
86	2	55	4	0	1	2025-05-13 21:51:36.17708+00	f	\N	\N	\N	\N
88	3	48	4	0	1	2025-05-13 21:58:43.225158+00	f	\N	\N	\N	\N
87	3	55	4	0	1	2025-05-13 21:58:43.225147+00	f	\N	\N	\N	\N
\.


--
-- Data for Name: variable_workflow_history; Type: TABLE DATA; Schema: docprod; Owner: -
--

COPY docprod.variable_workflow_history (id, project_id, variable_id, max_variable_value_id, created_by, created_time, variable_workflow_status_id, feedback, internal_comment) FROM stdin;
1	1	3	8	2	2025-05-13 17:30:16.322035+00	2	\N	\N
2	1	7	8	2	2025-05-13 17:30:16.373204+00	2	\N	\N
3	1	8	8	2	2025-05-13 17:30:16.377395+00	2	\N	\N
4	1	24	8	2	2025-05-13 17:30:16.38151+00	2	\N	\N
5	1	25	8	2	2025-05-13 17:30:16.385038+00	2	\N	\N
\.


--
-- Data for Name: variable_workflow_statuses; Type: TABLE DATA; Schema: docprod; Owner: -
--

COPY docprod.variable_workflow_statuses (id, name) FROM stdin;
1	Not Submitted
2	In Review
3	Needs Translation
4	Approved
5	Rejected
6	Not Needed
7	Incomplete
8	Complete
\.


--
-- Data for Name: variables; Type: TABLE DATA; Schema: docprod; Owner: -
--

COPY docprod.variables (id, variable_type_id, replaces_variable_id, is_list, stable_id, name, description, deliverable_question, dependency_variable_stable_id, dependency_condition_id, dependency_value, internal_only, is_required) FROM stdin;
1	5	\N	f	1	Country	Country where the project described in this application will occur.	In what country is your proposed reforestation project?	\N	\N	\N	f	t
2	1	\N	f	2	Application Reforestable Land	\N	\N	\N	\N	\N	f	f
3	5	\N	f	3	Terrestrial, Mangrove, or Mixed	\N	Is your project a terrestrial project or mangrove project?	\N	\N	\N	f	t
4	1	\N	f	34	Percentage of project mangrove	Please ensure the percentages for mangrove and terrestrial add up to 100%. 	What percentage of the project will be mangrove?	3	1	Mixed	f	t
5	1	\N	f	35	Percentage of project terrestrial	Please ensure the percentages for mangrove and terrestrial add up to 100%. 	What percentage of the project will be terrestrial?	3	1	Mixed	f	t
6	5	\N	f	4	Land Use Types	\N	For your proposed project, what are the anticipated land-use models?	\N	\N	\N	f	f
7	1	\N	f	5	Land Use Model: Native Forest (ha)	Native biodiverse forest planted or regenerated towards the goal of restoring something closer to the original natural forest.	How many hectares do you plan to use for Native Forest?	\N	\N	\N	f	f
8	1	\N	f	6	Planting Density: Native Forest (trees per ha)	\N	What is your target tree planting density for Native Forest? (trees per hectare)	5	2	0	f	t
9	1	\N	f	7	Land Use Model: Monoculture (ha)	Stands of any one species (native or not) planted with the goal of providing a commodity or service (e.g. wood, fruit, carbon credits, soil retention, shade). Note that projects planning to use more than 10% of their reforestable area for "Monoculture" are not eligible for the Accelerator.	How many hectares do you plan to use for Monoculture?	\N	\N	\N	f	f
10	1	\N	f	8	Planting Density: Monoculture (trees per ha)	\N	What is your target tree planting density for Monoculture? (trees per hectare)	7	2	0	f	t
11	1	\N	f	9	Land Use Model: Sustainable Timber (ha)	Stands of native trees planted or regenerated for potential use as timber after 30 years or more. Note that areas to be harvested for timber in less than 30 years should be counted under the "Other Timber" category. Note that projects planning to use more than 10% of their reforestable area for "Sustainable Timber" must also have a robust management plan for this section. Please submit this at the end of the application, under "Supplemental Files."	How many hectares do you plan to use for Sustainable Timber?	\N	\N	\N	f	f
12	1	\N	f	10	Planting Density: Sustainable Timber (trees per ha)	\N	What is your target tree planting density for Sustainable Timber? (trees per hectare)	9	2	0	f	t
13	1	\N	f	11	Land Use Model: Other Timber (ha)	Any stands planted or regenerated for eventual use as timber that will be harvested in less than 30 years. Note that projects planning to use more than 10% of their reforestable area for "Other TImber" are not eligible for the Accelerator.	How many hectares do you plan to use for Other Timber?	\N	\N	\N	f	f
14	1	\N	f	12	Planting Density: Other Timber (trees per ha)	\N	What is your target tree planting density for Other Timber? (trees per hectare)	11	2	0	f	t
15	1	\N	f	13	Land Use Model: Mangroves (ha)	Planted or regenerated forest dominated by mangrove species.	How many hectares do you plan to use for Mangroves?	\N	\N	\N	f	f
16	1	\N	f	14	Planting Density: Mangroves (trees per ha)	\N	What is your target tree planting density for Mangroves? (trees per hectare)	13	2	0	f	t
17	1	\N	f	15	Land Use Model: Agroforestry (ha)	Planted or regenerated forest supplemented with plantings primarily to produce agricultural crops and other non-timber forest products (e.g. medicinal plants, honey, etc.). 	How many hectares do you plan to use for Agroforestry?	\N	\N	\N	f	f
18	1	\N	f	16	Planting Density: Agroforestry (trees per ha)	\N	What is your target tree planting density for Agroforestry? (trees per hectare)	15	2	0	f	t
19	1	\N	f	17	Land Use Model: Silvopasture (ha)	Sparse planted or regenerated forests that serve as pasture for domestic animals (e.g. cattle, goats, sheep, etc.).	How many hectares do you plan to use for Silvopasture?	\N	\N	\N	f	f
20	1	\N	f	18	Planting Density: Silvopasture (trees per ha)	\N	What is your target tree planting density for Silvopasture? (trees per hectare)	17	2	0	f	t
21	1	\N	f	19	Land Use Model: Other Land-Use Model (ha)	\N	How many hectares do you plan to use for other land-use models?	\N	\N	\N	f	f
22	2	\N	f	21	Other Land-Use Model: Explained	\N	Please provide more information on what other land-use models you plan to use. 	19	2	0	f	t
23	1	\N	f	20	Planting Density: Other Land-Use Model (trees per ha)	\N	What is your target tree planting density for other land-use models? (trees per hectare)	19	2	0	f	t
24	1	\N	f	22	Number of Native Species To Be Planted	Native species are those that exist in the project area naturally as opposed to having been brought there at some point by humans. Note that project's must plant at least 10 native tree species in terrestrial forests, or at least 3 in mangrove forests, to be considered eligible for the Accelerator.	How many native tree species do you intend to use in your restoration?	\N	\N	\N	f	t
25	5	\N	f	23	Has Expansion Potential	\N	If this project is successful, is there potential to expand your reforestation efforts to other nearby land parcels?	\N	\N	\N	f	t
26	1	\N	f	24	Total Expansion Potential (ha)	Number value only. If not sure, add approximate amount.	If so, how much more land could be added? (ha)	23	1	Yes	f	t
27	2	\N	f	25	Name of main contact	Name of the person of your organization responsible for a potential partnership with us.	Full name of main contact	\N	\N	\N	f	t
28	9	\N	f	26	Email of main contact	Email of the person of your organization responsible for a potential partnership with us.	Email of main contact	\N	\N	\N	f	t
29	2	\N	f	27	Website	Paste the link to your website - if you don't have a website, please mark "N/A."	Website	\N	\N	\N	f	t
30	1	\N	f	205	Project Zone area (ha)	\N	Project Zone area (ha)	\N	\N	\N	t	f
31	5	\N	f	350	Standard Name	\N	Standard Name	\N	\N	\N	t	f
32	5	\N	f	351	Methodology Number	\N	Methodology Number	\N	\N	\N	t	f
33	1	\N	f	283	Total VCUs (40 yrs)	\N	What percentage of the carbon is accumulated in the first 40 years?	\N	\N	\N	t	f
34	1	\N	f	429	TF Restorable Land (ha)	\N	TF Restorable Land (ha)	\N	\N	\N	f	f
35	1	\N	f	430	Per Hectare Estimated Budget (USD)	\N	Per Hectare Estimated Budget (USD)	\N	\N	\N	f	f
36	1	\N	f	431	Min Carbon Accumulation (CO2/ha/yr)	\N	Min Carbon Accumulation (CO2/ha/yr)	\N	\N	\N	f	f
37	1	\N	f	432	Max Carbon Accumulation (CO2/ha/yr)	\N	Max Carbon Accumulation (CO2/ha/yr)	\N	\N	\N	f	f
38	1	\N	f	433	Carbon Capacity (tCO2/ha)	\N	Carbon Capacity (tCO2/ha)	\N	\N	\N	f	f
39	1	\N	f	434	Annual VCUs (t)	\N	Annual Carbon (t)	\N	\N	\N	f	f
40	1	\N	f	435	Total Carbon (t)	\N	Total Carbon (t)	\N	\N	\N	f	f
41	2	\N	f	436	Project Description	\N	Deal Description	\N	\N	\N	f	f
42	2	\N	f	437	Investment Thesis	\N	Investment Thesis	\N	\N	\N	f	f
43	2	\N	f	438	Failure Risk	\N	Failure Risk	\N	\N	\N	f	f
44	2	\N	f	439	What Needs To Be True	\N	What Needs To Be True	\N	\N	\N	f	f
45	1	\N	f	369	Carbon Accumulation Rate	\N	Current Carbon Accumulation Rate (CO2/ha/yr)	\N	\N	\N	f	f
46	7	\N	f	471	Verra Link	\N	Verra Link	\N	\N	\N	f	f
47	2	\N	f	472	Deal Name	\N	Deal Name	\N	\N	\N	f	f
48	4	\N	t	525	Project Zone Figure	Provide a map of the project zone including:\n- Boundaries of the project zone, which is defined as the area encompassing the project area(s) in which project activities that directly affect land and associated resources, including activities such as those related to provision of alternate livelihoods and community development, are implemented. \n- Location of communities  \n- Boundaries of the project area(s), which is defined as the area(s) where project activities aim to generate net climate benefits.\n- Any spatially identifiable high conservation value (HCV) areas already known\n- For grouped projects, specify potential project areas and communities that may be included in the project at a future verification.	Provide a map of the project zone	\N	\N	\N	f	f
49	1	\N	f	545	Minimum Project Area	\N	Minimum Project Area	\N	\N	\N	f	f
50	5	\N	f	546	SDGs	\N	Please select SDGs 	\N	\N	\N	f	f
51	7	\N	f	547	GIS Reports Link	\N	GIS Reports Link	\N	\N	\N	f	f
52	7	\N	f	548	Risk Tracker Link	\N	Risk Tracker Link	\N	\N	\N	f	f
53	7	\N	f	549	ClickUp Link	\N	ClickUp Link	\N	\N	\N	f	f
54	7	\N	f	550	Slack Link	\N	Slack Link	\N	\N	\N	f	f
55	4	\N	f	551	Project Highlight Photo	\N	Project Highlight Photo	\N	\N	\N	f	f
56	5	\N	f	552	Certification	\N	Certification	\N	\N	\N	f	f
57	6	\N	t	1130	TEST Invasive species to remove	\N	What are the invasive and problematic species that would need to be removed during land preparation?	\N	\N	\N	f	f
58	2	\N	f	1131	TEST Local Name	\N	\N	\N	\N	\N	f	f
59	2	\N	f	1132	TEST Family	\N	\N	\N	\N	\N	f	f
60	2	\N	f	1133	TEST Scientific Name	\N	\N	\N	\N	\N	f	f
61	2	\N	f	1134	TEST Origin (native to)	\N	\N	\N	\N	\N	f	f
62	2	\N	f	1135	TEST Other facts	\N	\N	\N	\N	\N	f	f
63	4	\N	t	1136	TEST Photo	\N	\N	\N	\N	\N	f	f
64	1	\N	f	1114	TEST Number of native species	\N	What number of native species will you plant in this project?	\N	\N	\N	t	f
65	1	\N	f	1115	TEST Number of non-native species	\N	What number of non-native species will you plant in this project?	\N	\N	\N	t	f
66	5	\N	f	1116	TEST Reason to use non-native species	\N	What is the reason these non-native species are being planted?	1115	3	5	t	f
67	2	\N	f	1117	TEST Organization Name	\N	\N	\N	\N	\N	f	f
68	7	\N	f	1127	TEST Species list references	Native species selected for planting should be ecologically adapted to the project area. Example of sources: common sources of species information include expert opinion, scientific articles, technical reports from government agencies, NGOs, or research groups.	What sources have been consulted to create your species list?	\N	\N	\N	f	f
69	5	\N	f	1128	TEST Do they prep land	\N	Does the land at the project site require preparation before the planting begins?	\N	\N	\N	f	f
70	2	\N	f	1129	TEST Land prep steps	\N	If so, please write out the steps and time needed to complete the land preparation	1128	6	do not	f	f
71	3	\N	f	1140	TEST Start date	\N	What is the start date of the Project?	\N	\N	\N	f	f
72	1	64	f	1114	TEST Number of native species	\N	What number of native species will you plant in this project?	\N	\N	\N	f	t
73	1	65	f	1115	TEST Number of non-native species	\N	What number of non-native species will you plant in this project?	\N	\N	\N	f	f
74	5	66	f	1116	TEST Reason to use non-native species	\N	What is the reason these non-native species are being planted?	1115	3	5	f	t
75	2	67	f	1117	TEST Organization Name	\N	\N	\N	\N	\N	f	t
76	5	69	f	1128	TEST Do they prep land	\N	Does the land at the project site require preparation before the planting begins?	\N	\N	\N	f	t
77	1	72	f	1114	TEST Number of native species	\N	What number of native species will you plant in this project?	\N	\N	\N	f	t
\.


--
-- Data for Name: funding_entities; Type: TABLE DATA; Schema: funder; Owner: -
--

COPY funder.funding_entities (id, name, created_by, created_time, modified_by, modified_time) FROM stdin;
2	Funding Entity to Delete	1	2025-05-21 20:48:02.972643+00	1	2025-05-21 20:48:02.972643+00
1	Existing Funding Entity	1	2025-05-21 20:42:32.552474+00	1	2025-05-21 22:21:05.497134+00
\.


--
-- Data for Name: funding_entity_projects; Type: TABLE DATA; Schema: funder; Owner: -
--

COPY funder.funding_entity_projects (funding_entity_id, project_id) FROM stdin;
1	3
\.


--
-- Data for Name: funding_entity_users; Type: TABLE DATA; Schema: funder; Owner: -
--

COPY funder.funding_entity_users (user_id, funding_entity_id) FROM stdin;
3	1
4	1
\.


--
-- Data for Name: published_activities; Type: TABLE DATA; Schema: funder; Owner: -
--

COPY funder.published_activities (activity_id, project_id, activity_type_id, activity_date, description, is_highlight, published_by, published_time) FROM stdin;
\.


--
-- Data for Name: published_activity_media_files; Type: TABLE DATA; Schema: funder; Owner: -
--

COPY funder.published_activity_media_files (file_id, activity_id, activity_media_type_id, is_cover_photo, is_hidden_on_map, list_position, caption) FROM stdin;
\.


--
-- Data for Name: published_project_carbon_certs; Type: TABLE DATA; Schema: funder; Owner: -
--

COPY funder.published_project_carbon_certs (project_id, carbon_certification) FROM stdin;
\.


--
-- Data for Name: published_project_details; Type: TABLE DATA; Schema: funder; Owner: -
--

COPY funder.published_project_details (project_id, accumulation_rate, annual_carbon, country_code, deal_description, deal_name, methodology_number, min_project_area, num_native_species, per_hectare_estimated_budget, project_area, project_highlight_photo_value_id, project_zone_figure_value_id, standard, tf_reforestable_land, total_expansion_potential, total_vcu, verra_link, published_by, published_time) FROM stdin;
\.


--
-- Data for Name: published_project_land_use; Type: TABLE DATA; Schema: funder; Owner: -
--

COPY funder.published_project_land_use (project_id, land_use_model_type_id, land_use_model_hectares) FROM stdin;
\.


--
-- Data for Name: published_project_sdg; Type: TABLE DATA; Schema: funder; Owner: -
--

COPY funder.published_project_sdg (project_id, sdg_number) FROM stdin;
\.


--
-- Data for Name: published_report_achievements; Type: TABLE DATA; Schema: funder; Owner: -
--

COPY funder.published_report_achievements (report_id, "position", achievement) FROM stdin;
\.


--
-- Data for Name: published_report_challenges; Type: TABLE DATA; Schema: funder; Owner: -
--

COPY funder.published_report_challenges (report_id, "position", challenge, mitigation_plan) FROM stdin;
\.


--
-- Data for Name: published_report_photos; Type: TABLE DATA; Schema: funder; Owner: -
--

COPY funder.published_report_photos (file_id, report_id, caption) FROM stdin;
\.


--
-- Data for Name: published_report_project_metrics; Type: TABLE DATA; Schema: funder; Owner: -
--

COPY funder.published_report_project_metrics (report_id, project_metric_id, target, value, projects_comments, status_id, progress_notes) FROM stdin;
\.


--
-- Data for Name: published_report_standard_metrics; Type: TABLE DATA; Schema: funder; Owner: -
--

COPY funder.published_report_standard_metrics (report_id, standard_metric_id, target, value, projects_comments, status_id, progress_notes) FROM stdin;
\.


--
-- Data for Name: published_report_system_metrics; Type: TABLE DATA; Schema: funder; Owner: -
--

COPY funder.published_report_system_metrics (report_id, system_metric_id, target, value, projects_comments, status_id, progress_notes) FROM stdin;
\.


--
-- Data for Name: published_reports; Type: TABLE DATA; Schema: funder; Owner: -
--

COPY funder.published_reports (report_id, project_id, report_frequency_id, report_quarter_id, start_date, end_date, highlights, published_by, published_time, financial_summaries, additional_comments) FROM stdin;
\.


--
-- Data for Name: batch_details_history; Type: TABLE DATA; Schema: nursery; Owner: -
--

COPY nursery.batch_details_history (id, batch_id, version, created_by, created_time, notes, ready_by_date, project_id, project_name, substrate_id, substrate_notes, treatment_id, treatment_notes, germination_started_date, seeds_sown_date) FROM stdin;
1	1	1	1	2025-05-29 18:48:31.338767+00	\N	\N	3	Phase 1 Project	\N	\N	\N	\N	\N	\N
\.


--
-- Data for Name: batch_details_history_sub_locations; Type: TABLE DATA; Schema: nursery; Owner: -
--

COPY nursery.batch_details_history_sub_locations (batch_details_history_id, sub_location_id, sub_location_name) FROM stdin;
\.


--
-- Data for Name: batch_photos; Type: TABLE DATA; Schema: nursery; Owner: -
--

COPY nursery.batch_photos (id, batch_id, file_id, created_by, created_time, deleted_by, deleted_time) FROM stdin;
\.


--
-- Data for Name: batch_quantity_history; Type: TABLE DATA; Schema: nursery; Owner: -
--

COPY nursery.batch_quantity_history (id, batch_id, history_type_id, created_by, created_time, germinating_quantity, active_growth_quantity, ready_quantity, withdrawal_id, version, hardening_off_quantity) FROM stdin;
1	1	1	1	2025-05-29 18:48:31.418448+00	0	0	200	\N	1	0
2	1	2	1	2025-05-29 18:49:05.998985+00	0	0	100	1	2	0
3	1	2	1	2025-05-29 18:49:17.954018+00	0	0	0	2	3	0
\.


--
-- Data for Name: batch_quantity_history_types; Type: TABLE DATA; Schema: nursery; Owner: -
--

COPY nursery.batch_quantity_history_types (id, name) FROM stdin;
1	Observed
2	Computed
3	StatusChanged
\.


--
-- Data for Name: batch_sub_locations; Type: TABLE DATA; Schema: nursery; Owner: -
--

COPY nursery.batch_sub_locations (batch_id, sub_location_id, facility_id) FROM stdin;
\.


--
-- Data for Name: batch_substrates; Type: TABLE DATA; Schema: nursery; Owner: -
--

COPY nursery.batch_substrates (id, name) FROM stdin;
1	MediaMix
2	Soil
3	Sand
4	Moss
5	PerliteVermiculite
6	Other
\.


--
-- Data for Name: batch_withdrawals; Type: TABLE DATA; Schema: nursery; Owner: -
--

COPY nursery.batch_withdrawals (batch_id, withdrawal_id, germinating_quantity_withdrawn, active_growth_quantity_withdrawn, ready_quantity_withdrawn, destination_batch_id, hardening_off_quantity_withdrawn) FROM stdin;
1	1	0	0	100	\N	0
1	2	0	0	100	\N	0
\.


--
-- Data for Name: batches; Type: TABLE DATA; Schema: nursery; Owner: -
--

COPY nursery.batches (id, version, organization_id, facility_id, species_id, batch_number, added_date, germinating_quantity, active_growth_quantity, ready_quantity, latest_observed_germinating_quantity, latest_observed_active_growth_quantity, latest_observed_ready_quantity, latest_observed_time, created_by, created_time, modified_by, modified_time, notes, ready_by_date, accession_id, project_id, substrate_id, substrate_notes, treatment_id, treatment_notes, germination_rate, loss_rate, initial_batch_id, total_germinated, total_germination_candidates, total_lost, total_loss_candidates, germination_started_date, seeds_sown_date, hardening_off_quantity, latest_observed_hardening_off_quantity) FROM stdin;
1	3	1	103	3	26-2-1-001	2026-01-01	0	0	0	0	0	200	2025-05-29 18:48:31.338767+00	1	2026-01-01 20:12:54.827407+00	1	2026-01-01 20:12:54.827407+00	\N	\N	\N	3	\N	\N	\N	\N	\N	0	\N	\N	\N	0	200	\N	\N	0	0
\.


--
-- Data for Name: withdrawal_photos; Type: TABLE DATA; Schema: nursery; Owner: -
--

COPY nursery.withdrawal_photos (file_id, withdrawal_id) FROM stdin;
\.


--
-- Data for Name: withdrawal_purposes; Type: TABLE DATA; Schema: nursery; Owner: -
--

COPY nursery.withdrawal_purposes (id, name) FROM stdin;
1	Nursery Transfer
2	Dead
3	Out Plant
4	Other
5	Undo
\.


--
-- Data for Name: withdrawals; Type: TABLE DATA; Schema: nursery; Owner: -
--

COPY nursery.withdrawals (id, facility_id, purpose_id, withdrawn_date, created_by, created_time, modified_by, modified_time, destination_facility_id, notes, undoes_withdrawal_id) FROM stdin;
1	103	3	2025-05-29	1	2025-05-29 18:49:05.936727+00	1	2025-05-29 18:49:05.936754+00	\N	\N	\N
2	103	3	2025-05-29	1	2025-05-29 18:49:17.93405+00	1	2025-05-29 18:49:17.93407+00	\N	\N	\N
\.


--
-- Data for Name: app_versions; Type: TABLE DATA; Schema: public; Owner: -
--

COPY public.app_versions (app_name, platform, minimum_version, recommended_version) FROM stdin;
SeedCollector	Android	0.0.1	0.0.1
SeedCollector	iOS	0.0.1	0.0.1
\.


--
-- Data for Name: asset_statuses; Type: TABLE DATA; Schema: public; Owner: -
--

COPY public.asset_statuses (id, name) FROM stdin;
1	Preparing
2	Ready
3	Errored
\.


--
-- Data for Name: automations; Type: TABLE DATA; Schema: public; Owner: -
--

COPY public.automations (id, facility_id, name, description, created_time, modified_time, settings, created_by, modified_by, type, device_id, timeseries_name, verbosity, lower_threshold, upper_threshold) FROM stdin;
\.


--
-- Data for Name: chat_memory_conversations; Type: TABLE DATA; Schema: public; Owner: -
--

COPY public.chat_memory_conversations (id, created_by, created_time, modified_time) FROM stdin;
\.


--
-- Data for Name: chat_memory_message_types; Type: TABLE DATA; Schema: public; Owner: -
--

COPY public.chat_memory_message_types (id, name) FROM stdin;
1	Assistant
2	System
3	ToolResponse
4	User
\.


--
-- Data for Name: chat_memory_messages; Type: TABLE DATA; Schema: public; Owner: -
--

COPY public.chat_memory_messages (id, conversation_id, message_type_id, created_time, content) FROM stdin;
\.


--
-- Data for Name: conservation_categories; Type: TABLE DATA; Schema: public; Owner: -
--

COPY public.conservation_categories (id, name) FROM stdin;
CR	Critically Endangered
DD	Data Deficient
EN	Endangered
EW	Extinct in the Wild
EX	Extinct
LC	Least Concern
NE	Not Evaluated
NT	Near Threatened
VU	Vulnerable
\.


--
-- Data for Name: countries; Type: TABLE DATA; Schema: public; Owner: -
--

COPY public.countries (code, name, region_id, code_alpha3, eligible) FROM stdin;
ET	Ethiopia	9	ETH	f
FI	Finland	3	FIN	f
FJ	Fiji	7	FJI	t
FK	Falkland Islands	4	FLK	f
FM	Micronesia	7	FSM	t
FO	Faroe Islands	3	FRO	f
FR	France	3	FRA	f
GA	Gabon	9	GAB	t
GB	United Kingdom	3	GBR	f
GD	Grenada	4	GRD	t
GE	Georgia	3	GEO	f
GF	French Guiana	4	GUF	t
GG	Guernsey	3	GGY	f
GH	Ghana	9	GHA	t
GI	Gibraltar	3	GIB	f
GL	Greenland	6	GRL	f
GM	Gambia	9	GMB	t
GN	Guinea	9	GIN	t
GP	Guadeloupe	4	GLP	t
GQ	Equatorial Guinea	9	GNQ	t
GR	Greece	3	GRC	f
GS	South Georgia & South Sandwich Islands	1	SGS	f
GT	Guatemala	4	GTM	t
GU	Guam	7	GUM	t
GW	Guinea-Bissau	9	GNB	t
GY	Guyana	4	GUY	t
HK	Hong Kong SAR China	2	HKG	t
HM	Heard & McDonald Islands	1	HMD	f
HN	Honduras	4	HND	t
HR	Croatia	3	HRV	f
HT	Haiti	4	HTI	t
HU	Hungary	3	HUN	f
ID	Indonesia	2	IDN	t
IE	Ireland	3	IRL	f
IL	Israel	5	ISR	f
IM	Isle of Man	3	IMN	f
IN	India	8	IND	t
IO	British Indian Ocean Territory	8	IOT	t
IQ	Iraq	5	IRQ	f
IR	Iran	5	IRN	f
IS	Iceland	3	ISL	f
IT	Italy	3	ITA	f
JE	Jersey	3	JEY	f
JM	Jamaica	4	JAM	t
JO	Jordan	5	JOR	t
JP	Japan	2	JPN	t
KE	Kenya	9	KEN	t
KG	Kyrgyzstan	3	KGZ	f
KH	Cambodia	2	KHM	t
KI	Kiribati	7	KIR	t
KM	Comoros	9	COM	t
KN	Saint Kitts and Nevis	4	KNA	t
KP	North Korea	2	PRK	f
KR	South Korea	2	KOR	f
KW	Kuwait	5	KWT	f
KY	Cayman Islands	4	CYM	t
KZ	Kazakhstan	3	KAZ	f
LA	Laos	2	LAO	t
LB	Lebanon	5	LBN	f
LC	Saint Lucia	4	LCA	t
LI	Liechtenstein	3	LIE	f
LK	Sri Lanka	8	LKA	t
LR	Liberia	9	LBR	t
LS	Lesotho	9	LSO	t
LT	Lithuania	3	LTU	f
LU	Luxembourg	3	LUX	f
LV	Latvia	3	LVA	f
LY	Libya	5	LBY	f
MA	Morocco	5	MAR	f
MC	Monaco	3	MCO	f
MD	Moldova	3	MDA	f
ME	Montenegro	3	MNE	f
MF	St. Martin	4	MAF	f
MG	Madagascar	9	MDG	t
MH	Marshall Islands	7	MHL	t
MK	North Macedonia	3	MKD	f
ML	Mali	9	MLI	f
MM	Myanmar	2	MMR	f
MN	Mongolia	2	MNG	f
MO	Macao SAR China	2	MAC	t
MP	Northern Mariana Islands	7	MNP	t
MQ	Martinique	4	MTQ	t
MR	Mauritania	9	MRT	t
MS	Montserrat	4	MSR	t
MT	Malta	3	MLT	f
MU	Mauritius	9	MUS	t
MV	Maldives	8	MDV	t
MW	Malawi	9	MWI	t
MX	Mexico	4	MEX	t
MY	Malaysia	2	MYS	t
MZ	Mozambique	9	MOZ	t
NA	Namibia	9	NAM	f
NC	New Caledonia	7	NCL	t
NE	Niger	9	NER	f
NF	Norfolk Island	7	NFK	t
NG	Nigeria	9	NGA	t
NI	Nicaragua	4	NIC	f
NL	Netherlands	3	NLD	f
NO	Norway	3	NOR	f
NP	Nepal	8	NPL	t
NR	Nauru	7	NRU	t
NU	Niue	7	NIU	t
NZ	New Zealand	7	NZL	t
OM	Oman	5	OMN	f
PA	Panama	4	PAN	t
PE	Peru	4	PER	t
PF	French Polynesia	7	PYF	t
PG	Papua New Guinea	7	PNG	t
PH	Philippines	2	PHL	t
PK	Pakistan	8	PAK	f
PL	Poland	3	POL	f
PM	St. Pierre & Miquelon	6	SPM	f
PN	Pitcairn Islands	7	PCN	t
PR	Puerto Rico	4	PRI	t
PS	Palestinian Territories	5	PSE	f
PT	Portugal	3	PRT	f
PW	Palau	7	PLW	t
PY	Paraguay	4	PRY	t
QA	Qatar	5	QAT	f
RE	Runion	9	REU	t
RO	Romania	3	ROU	f
RS	Serbia	3	SRB	f
RU	Russia	3	RUS	f
RW	Rwanda	9	RWA	t
SA	Saudi Arabia	5	SAU	f
SB	Solomon Islands	7	SLB	t
SC	Seychelles	9	SYC	t
SD	Sudan	9	SDN	f
SE	Sweden	3	SWE	f
SG	Singapore	2	SGP	t
SH	St. Helena	9	SHN	f
SI	Slovenia	3	SVN	f
SJ	Svalbard & Jan Mayen	3	SJM	f
SK	Slovakia	3	SVK	f
SL	Sierra Leone	9	SLE	t
SM	San Marino	3	SMR	f
SN	Senegal	9	SEN	t
SO	Somalia	9	SOM	t
SR	Suriname	4	SUR	t
SS	South Sudan	9	SSD	t
ST	Sao Tome and Principe	9	STP	t
SV	El Salvador	4	SLV	t
SX	Sint Maarten	4	SXM	f
SY	Syria	5	SYR	f
SZ	Eswatini	9	SWZ	t
AD	Andorra	3	AND	f
AE	United Arab Emirates	5	ARE	f
AF	Afghanistan	8	AFG	f
AG	Antigua and Barbuda	4	ATG	t
AI	Anguilla	4	AIA	t
AL	Albania	3	ALB	f
AM	Armenia	3	ARM	t
AO	Angola	9	AGO	t
AQ	Antarctica	1	ATA	f
AR	Argentina	4	ARG	t
AS	American Samoa	7	ASM	t
AT	Austria	3	AUT	f
AU	Australia	7	AUS	t
AW	Aruba	4	ABW	t
AX	land Islands	3	ALA	f
AZ	Azerbaijan	3	AZE	t
BA	Bosnia and Herzegovina	3	BIH	t
BB	Barbados	4	BRB	t
BD	Bangladesh	8	BGD	t
BE	Belgium	3	BEL	f
BF	Burkina Faso	9	BFA	t
BG	Bulgaria	3	BGR	f
BH	Bahrain	5	BHR	f
BI	Burundi	9	BDI	t
BJ	Benin	9	BEN	t
BL	St. Barthlemy	4	BLM	t
BM	Bermuda	6	BMU	t
BN	Brunei	2	BRN	t
BO	Bolivia	4	BOL	f
BQ	Caribbean Netherlands	4	BES	t
BR	Brazil	4	BRA	t
BS	Bahamas	4	BHS	t
BT	Bhutan	8	BTN	t
BV	Bouvet Island	1	BVT	f
BW	Botswana	9	BWA	t
BY	Belarus	3	BLR	f
BZ	Belize	4	BLZ	t
CA	Canada	6	CAN	f
CC	Cocos (Keeling, true) Islands	7	CCK	t
CD	Congo, Democratic Republic of the	9	COD	f
CF	Central African Republic	9	CAF	f
CG	Congo - Brazzaville	9	COG	t
CH	Switzerland	3	CHE	f
CI	Cte d'Ivoire	9	CIV	t
CK	Cook Islands	7	COK	t
CL	Chile	4	CHL	t
CM	Cameroon	9	CMR	t
CN	China	2	CHN	f
CO	Colombia	4	COL	t
CR	Costa Rica	4	CRI	t
CU	Cuba	4	CUB	f
CV	Cape Verde	9	CPV	t
CW	Curaao	4	CUW	t
CX	Christmas Island	7	CXR	t
CY	Cyprus	3	CYP	f
CZ	Czech Republic	3	CZE	f
DE	Germany	3	DEU	f
DJ	Djibouti	9	DJI	f
DK	Denmark	3	DNK	f
DM	Dominica	4	DMA	t
DO	Dominican Republic	4	DOM	t
DZ	Algeria	5	DZA	f
EC	Ecuador	4	ECU	f
EE	Estonia	3	EST	f
EG	Egypt	5	EGY	f
EH	Western Sahara	5	ESH	f
ER	Eritrea	9	ERI	f
ES	Spain	3	ESP	f
TC	Turks & Caicos Islands	4	TCA	t
TD	Chad	9	TCD	t
TF	French Southern Territories	1	ATF	f
TG	Togo	9	TGO	t
TH	Thailand	2	THA	t
TJ	Tajikistan	3	TJK	f
TK	Tokelau	7	TKL	t
TL	East Timor	2	TLS	t
TM	Turkmenistan	3	TKM	f
TN	Tunisia	5	TUN	f
TO	Tonga	7	TON	t
TR	Turkey	3	TUR	f
TT	Trinidad and Tobago	4	TTO	t
TV	Tuvalu	7	TUV	t
TW	Taiwan	2	TWN	t
TZ	Tanzania	9	TZA	t
UA	Ukraine	3	UKR	f
UG	Uganda	9	UGA	t
UM	U.S. Outlying Islands	7	UMI	t
US	United States	6	USA	t
UY	Uruguay	4	URY	t
UZ	Uzbekistan	3	UZB	f
VA	Vatican City (Holy See, false)	3	VAT	t
VC	Saint Vincent and the Grenadines	4	VCT	t
VE	Venezuela	4	VEN	f
VG	British Virgin Islands	4	VGB	t
VI	U.S. Virgin Islands	4	VIR	t
VN	Vietnam	2	VNM	t
VU	Vanuatu	7	VUT	t
WF	Wallis & Futuna	7	WLF	t
WS	Samoa	7	WSM	t
YE	Yemen	5	YEM	f
YT	Mayotte	9	MYT	t
ZA	South Africa	9	ZAF	t
ZM	Zambia	9	ZMB	t
ZW	Zimbabwe	9	ZWE	f
\.


--
-- Data for Name: country_subdivisions; Type: TABLE DATA; Schema: public; Owner: -
--

COPY public.country_subdivisions (code, country_code, name) FROM stdin;
US-AL	US	Alabama
US-AK	US	Alaska
US-AR	US	Arkansas
US-AS	US	American Samoa
US-AZ	US	Arizona
US-CA	US	California
US-CO	US	Colorado
US-CT	US	Connecticut
US-DC	US	District of Columbia
US-DE	US	Delaware
US-FL	US	Florida
US-GA	US	Georgia
US-GU	US	Guam
US-HI	US	Hawaii
US-IA	US	Iowa
US-ID	US	Idaho
US-IL	US	Illinois
US-IN	US	Indiana
US-KS	US	Kansas
US-KY	US	Kentucky
US-LA	US	Louisiana
US-MA	US	Massachusetts
US-MD	US	Maryland
US-ME	US	Maine
US-MI	US	Michigan
US-MN	US	Minnesota
US-MO	US	Missouri
US-MP	US	Northern Mariana Islands
US-MS	US	Mississippi
US-MT	US	Montana
US-NC	US	North Carolina
US-ND	US	North Dakota
US-NE	US	Nebraska
US-NH	US	New Hampshire
US-NJ	US	New Jersey
US-NM	US	New Mexico
US-NV	US	Nevada
US-NY	US	New York
US-OH	US	Ohio
US-OK	US	Oklahoma
US-OR	US	Oregon
US-PA	US	Pennsylvania
US-PR	US	Puerto Rico
US-RI	US	Rhode Island
US-SC	US	South Carolina
US-SD	US	South Dakota
US-TN	US	Tennessee
US-TX	US	Texas
US-UM	US	U.S. Minor Outlying Islands
US-UT	US	Utah
US-VA	US	Virginia
US-VI	US	U.S. Virgin Islands
US-VT	US	Vermont
US-WA	US	Washington
US-WI	US	Wisconsin
US-WV	US	West Virginia
US-WY	US	Wyoming
\.


--
-- Data for Name: device_managers; Type: TABLE DATA; Schema: public; Owner: -
--

COPY public.device_managers (id, balena_id, balena_modified_time, device_name, is_online, last_connectivity_event, update_progress, sensor_kit_id, user_id, facility_id, created_time, refreshed_time, balena_uuid) FROM stdin;
\.


--
-- Data for Name: device_template_categories; Type: TABLE DATA; Schema: public; Owner: -
--

COPY public.device_template_categories (id, name) FROM stdin;
1	PV
2	Seed Bank Default
\.


--
-- Data for Name: device_templates; Type: TABLE DATA; Schema: public; Owner: -
--

COPY public.device_templates (id, category_id, device_type, name, description, make, model, protocol, address, port, settings, verbosity) FROM stdin;
\.


--
-- Data for Name: devices; Type: TABLE DATA; Schema: public; Owner: -
--

COPY public.devices (id, facility_id, name, device_type, make, model, protocol, address, port, enabled, settings, parent_id, created_by, modified_by, verbosity) FROM stdin;
\.


--
-- Data for Name: disclaimers; Type: TABLE DATA; Schema: public; Owner: -
--

COPY public.disclaimers (id, content, effective_on) FROM stdin;
\.


--
-- Data for Name: ecosystem_types; Type: TABLE DATA; Schema: public; Owner: -
--

COPY public.ecosystem_types (id, name) FROM stdin;
1	Boreal forests/Taiga
2	Deserts and xeric shrublands
3	Flooded grasslands and savannas
4	Mangroves
5	Mediterranean forests, woodlands and scrubs
6	Montane grasslands and shrublands
7	Temperate broad leaf and mixed forests
8	Temperate coniferous forest
9	Temperate grasslands, savannas and shrublands
10	Tropical and subtropical coniferous forests
11	Tropical and subtropical dry broad leaf forests
12	Tropical and subtropical grasslands, savannas and shrublands
13	Tropical and subtropical moist broad leaf forests
14	Tundra
\.


--
-- Data for Name: event_log; Type: TABLE DATA; Schema: public; Owner: -
--

COPY public.event_log (id, created_by, created_time, event_class, payload, original_event_class, original_payload) FROM stdin;
1	1	2021-12-15 17:59:59.072094+00	com.terraformation.backend.customer.event.OrganizationCreatedEventV1	{"name": "Terraformation (staging)", "_historical": true, "organizationId": 1}	\N	\N
2	1	2025-05-13 17:29:18.930664+00	com.terraformation.backend.customer.event.ProjectCreatedEventV1	{"name": "Application Project", "projectId": 1, "_historical": true, "organizationId": 1}	\N	\N
3	1	2025-05-13 20:45:13.136161+00	com.terraformation.backend.customer.event.ProjectCreatedEventV1	{"name": "Phase 2 Project", "projectId": 4, "_historical": true, "organizationId": 1}	\N	\N
4	1	2025-05-13 20:44:57.349541+00	com.terraformation.backend.customer.event.ProjectCreatedEventV1	{"name": "Phase 0 Project", "projectId": 2, "_historical": true, "organizationId": 1}	\N	\N
5	1	2025-05-13 20:45:07.299677+00	com.terraformation.backend.customer.event.ProjectCreatedEventV1	{"name": "Phase 1 Project", "projectId": 3, "_historical": true, "organizationId": 1}	\N	\N
6	1	2025-11-05 17:27:54.92998+00	com.terraformation.backend.customer.event.OrganizationCreatedEventV1	{"name": "Empty Organization", "organizationId": 2}	\N	\N
7	1	2025-05-29 18:50:07.800992+00	com.terraformation.backend.tracking.event.ObservationPlotCreatedEventV1	{"plotNumber": 1, "_historical": true, "isPermanent": true, "observationId": 1, "organizationId": 1, "plantingSiteId": 3, "monitoringPlotId": 5162, "monitoringPlotHistoryId": 1}	\N	\N
8	1	2025-05-29 18:50:07.916665+00	com.terraformation.backend.tracking.event.ObservationPlotCreatedEventV1	{"plotNumber": 15, "_historical": true, "isPermanent": true, "observationId": 1, "organizationId": 1, "plantingSiteId": 3, "monitoringPlotId": 5176, "monitoringPlotHistoryId": 15}	\N	\N
9	1	2025-05-29 18:50:07.800992+00	com.terraformation.backend.tracking.event.ObservationPlotCreatedEventV1	{"plotNumber": 2, "_historical": true, "isPermanent": true, "observationId": 1, "organizationId": 1, "plantingSiteId": 3, "monitoringPlotId": 5163, "monitoringPlotHistoryId": 2}	\N	\N
10	1	2025-05-29 18:50:07.83326+00	com.terraformation.backend.tracking.event.ObservationPlotCreatedEventV1	{"plotNumber": 26, "_historical": true, "isPermanent": false, "observationId": 1, "organizationId": 1, "plantingSiteId": 3, "monitoringPlotId": 5187, "monitoringPlotHistoryId": 26}	\N	\N
11	1	2025-05-29 18:50:07.800992+00	com.terraformation.backend.tracking.event.ObservationPlotCreatedEventV1	{"plotNumber": 3, "_historical": true, "isPermanent": true, "observationId": 1, "organizationId": 1, "plantingSiteId": 3, "monitoringPlotId": 5164, "monitoringPlotHistoryId": 3}	\N	\N
12	1	2025-05-29 18:50:07.916665+00	com.terraformation.backend.tracking.event.ObservationPlotCreatedEventV1	{"plotNumber": 16, "_historical": true, "isPermanent": true, "observationId": 1, "organizationId": 1, "plantingSiteId": 3, "monitoringPlotId": 5177, "monitoringPlotHistoryId": 16}	\N	\N
13	1	2025-05-29 18:50:07.800992+00	com.terraformation.backend.tracking.event.ObservationPlotCreatedEventV1	{"plotNumber": 4, "_historical": true, "isPermanent": true, "observationId": 1, "organizationId": 1, "plantingSiteId": 3, "monitoringPlotId": 5165, "monitoringPlotHistoryId": 4}	\N	\N
14	1	2025-05-29 18:50:07.800992+00	com.terraformation.backend.tracking.event.ObservationPlotCreatedEventV1	{"plotNumber": 5, "_historical": true, "isPermanent": true, "observationId": 1, "organizationId": 1, "plantingSiteId": 3, "monitoringPlotId": 5166, "monitoringPlotHistoryId": 5}	\N	\N
15	1	2025-05-29 18:50:08.009903+00	com.terraformation.backend.tracking.event.ObservationPlotCreatedEventV1	{"plotNumber": 17, "_historical": true, "isPermanent": true, "observationId": 1, "organizationId": 1, "plantingSiteId": 3, "monitoringPlotId": 5178, "monitoringPlotHistoryId": 17}	\N	\N
16	1	2025-05-29 18:50:07.800992+00	com.terraformation.backend.tracking.event.ObservationPlotCreatedEventV1	{"plotNumber": 6, "_historical": true, "isPermanent": true, "observationId": 1, "organizationId": 1, "plantingSiteId": 3, "monitoringPlotId": 5167, "monitoringPlotHistoryId": 6}	\N	\N
17	1	2025-05-29 18:50:07.83326+00	com.terraformation.backend.tracking.event.ObservationPlotCreatedEventV1	{"plotNumber": 27, "_historical": true, "isPermanent": false, "observationId": 1, "organizationId": 1, "plantingSiteId": 3, "monitoringPlotId": 5188, "monitoringPlotHistoryId": 27}	\N	\N
18	1	2025-05-29 18:50:07.800992+00	com.terraformation.backend.tracking.event.ObservationPlotCreatedEventV1	{"plotNumber": 7, "_historical": true, "isPermanent": true, "observationId": 1, "organizationId": 1, "plantingSiteId": 3, "monitoringPlotId": 5168, "monitoringPlotHistoryId": 7}	\N	\N
19	1	2025-05-29 18:50:08.009903+00	com.terraformation.backend.tracking.event.ObservationPlotCreatedEventV1	{"plotNumber": 18, "_historical": true, "isPermanent": true, "observationId": 1, "organizationId": 1, "plantingSiteId": 3, "monitoringPlotId": 5179, "monitoringPlotHistoryId": 18}	\N	\N
20	1	2025-05-29 18:50:07.800992+00	com.terraformation.backend.tracking.event.ObservationPlotCreatedEventV1	{"plotNumber": 8, "_historical": true, "isPermanent": true, "observationId": 1, "organizationId": 1, "plantingSiteId": 3, "monitoringPlotId": 5169, "monitoringPlotHistoryId": 8}	\N	\N
21	1	2025-05-29 18:50:07.916665+00	com.terraformation.backend.tracking.event.ObservationPlotCreatedEventV1	{"plotNumber": 9, "_historical": true, "isPermanent": true, "observationId": 1, "organizationId": 1, "plantingSiteId": 3, "monitoringPlotId": 5170, "monitoringPlotHistoryId": 9}	\N	\N
22	1	2025-05-29 18:50:08.009903+00	com.terraformation.backend.tracking.event.ObservationPlotCreatedEventV1	{"plotNumber": 19, "_historical": true, "isPermanent": true, "observationId": 1, "organizationId": 1, "plantingSiteId": 3, "monitoringPlotId": 5180, "monitoringPlotHistoryId": 19}	\N	\N
23	1	2025-05-29 18:50:07.916665+00	com.terraformation.backend.tracking.event.ObservationPlotCreatedEventV1	{"plotNumber": 10, "_historical": true, "isPermanent": true, "observationId": 1, "organizationId": 1, "plantingSiteId": 3, "monitoringPlotId": 5171, "monitoringPlotHistoryId": 10}	\N	\N
24	1	2025-05-29 18:50:07.931507+00	com.terraformation.backend.tracking.event.ObservationPlotCreatedEventV1	{"plotNumber": 28, "_historical": true, "isPermanent": false, "observationId": 1, "organizationId": 1, "plantingSiteId": 3, "monitoringPlotId": 5189, "monitoringPlotHistoryId": 28}	\N	\N
25	1	2025-05-29 18:50:07.916665+00	com.terraformation.backend.tracking.event.ObservationPlotCreatedEventV1	{"plotNumber": 11, "_historical": true, "isPermanent": true, "observationId": 1, "organizationId": 1, "plantingSiteId": 3, "monitoringPlotId": 5172, "monitoringPlotHistoryId": 11}	\N	\N
26	1	2025-05-29 18:50:08.009903+00	com.terraformation.backend.tracking.event.ObservationPlotCreatedEventV1	{"plotNumber": 20, "_historical": true, "isPermanent": true, "observationId": 1, "organizationId": 1, "plantingSiteId": 3, "monitoringPlotId": 5181, "monitoringPlotHistoryId": 20}	\N	\N
27	1	2025-05-29 18:50:07.916665+00	com.terraformation.backend.tracking.event.ObservationPlotCreatedEventV1	{"plotNumber": 12, "_historical": true, "isPermanent": true, "observationId": 1, "organizationId": 1, "plantingSiteId": 3, "monitoringPlotId": 5173, "monitoringPlotHistoryId": 12}	\N	\N
28	1	2025-05-29 18:50:07.916665+00	com.terraformation.backend.tracking.event.ObservationPlotCreatedEventV1	{"plotNumber": 13, "_historical": true, "isPermanent": true, "observationId": 1, "organizationId": 1, "plantingSiteId": 3, "monitoringPlotId": 5174, "monitoringPlotHistoryId": 13}	\N	\N
29	1	2025-05-29 18:50:07.931507+00	com.terraformation.backend.tracking.event.ObservationPlotCreatedEventV1	{"plotNumber": 29, "_historical": true, "isPermanent": false, "observationId": 1, "organizationId": 1, "plantingSiteId": 3, "monitoringPlotId": 5190, "monitoringPlotHistoryId": 29}	\N	\N
30	1	2025-05-29 18:50:07.916665+00	com.terraformation.backend.tracking.event.ObservationPlotCreatedEventV1	{"plotNumber": 14, "_historical": true, "isPermanent": true, "observationId": 1, "organizationId": 1, "plantingSiteId": 3, "monitoringPlotId": 5175, "monitoringPlotHistoryId": 14}	\N	\N
31	1	2025-05-29 18:50:08.009903+00	com.terraformation.backend.tracking.event.ObservationPlotCreatedEventV1	{"plotNumber": 21, "_historical": true, "isPermanent": true, "observationId": 1, "organizationId": 1, "plantingSiteId": 3, "monitoringPlotId": 5182, "monitoringPlotHistoryId": 21}	\N	\N
32	1	2025-05-29 18:50:08.009903+00	com.terraformation.backend.tracking.event.ObservationPlotCreatedEventV1	{"plotNumber": 22, "_historical": true, "isPermanent": true, "observationId": 1, "organizationId": 1, "plantingSiteId": 3, "monitoringPlotId": 5183, "monitoringPlotHistoryId": 22}	\N	\N
33	1	2025-05-29 18:50:07.931507+00	com.terraformation.backend.tracking.event.ObservationPlotCreatedEventV1	{"plotNumber": 30, "_historical": true, "isPermanent": false, "observationId": 1, "organizationId": 1, "plantingSiteId": 3, "monitoringPlotId": 5191, "monitoringPlotHistoryId": 30}	\N	\N
34	1	2025-05-29 18:50:08.009903+00	com.terraformation.backend.tracking.event.ObservationPlotCreatedEventV1	{"plotNumber": 23, "_historical": true, "isPermanent": true, "observationId": 1, "organizationId": 1, "plantingSiteId": 3, "monitoringPlotId": 5184, "monitoringPlotHistoryId": 23}	\N	\N
35	1	2025-05-29 18:50:08.009903+00	com.terraformation.backend.tracking.event.ObservationPlotCreatedEventV1	{"plotNumber": 24, "_historical": true, "isPermanent": true, "observationId": 1, "organizationId": 1, "plantingSiteId": 3, "monitoringPlotId": 5185, "monitoringPlotHistoryId": 24}	\N	\N
36	1	2025-05-29 18:50:07.83326+00	com.terraformation.backend.tracking.event.ObservationPlotCreatedEventV1	{"plotNumber": 25, "_historical": true, "isPermanent": false, "observationId": 1, "organizationId": 1, "plantingSiteId": 3, "monitoringPlotId": 5186, "monitoringPlotHistoryId": 25}	\N	\N
37	1	2025-05-29 18:50:08.024321+00	com.terraformation.backend.tracking.event.ObservationPlotCreatedEventV1	{"plotNumber": 31, "_historical": true, "isPermanent": false, "observationId": 1, "organizationId": 1, "plantingSiteId": 3, "monitoringPlotId": 5192, "monitoringPlotHistoryId": 31}	\N	\N
38	1	2025-05-29 18:50:08.024321+00	com.terraformation.backend.tracking.event.ObservationPlotCreatedEventV1	{"plotNumber": 32, "_historical": true, "isPermanent": false, "observationId": 1, "organizationId": 1, "plantingSiteId": 3, "monitoringPlotId": 5193, "monitoringPlotHistoryId": 32}	\N	\N
39	1	2025-05-29 18:50:08.024321+00	com.terraformation.backend.tracking.event.ObservationPlotCreatedEventV1	{"plotNumber": 33, "_historical": true, "isPermanent": false, "observationId": 1, "organizationId": 1, "plantingSiteId": 3, "monitoringPlotId": 5194, "monitoringPlotHistoryId": 33}	\N	\N
40	1	2025-06-16 21:44:02.255935+00	com.terraformation.backend.tracking.event.ObservationPlotCreatedEventV1	{"plotNumber": 1, "_historical": true, "isPermanent": true, "observationId": 2, "organizationId": 1, "plantingSiteId": 3, "monitoringPlotId": 5162, "monitoringPlotHistoryId": 1}	\N	\N
41	1	2025-06-16 21:44:02.255935+00	com.terraformation.backend.tracking.event.ObservationPlotCreatedEventV1	{"plotNumber": 2, "_historical": true, "isPermanent": true, "observationId": 2, "organizationId": 1, "plantingSiteId": 3, "monitoringPlotId": 5163, "monitoringPlotHistoryId": 2}	\N	\N
42	1	2025-06-16 21:44:02.255935+00	com.terraformation.backend.tracking.event.ObservationPlotCreatedEventV1	{"plotNumber": 3, "_historical": true, "isPermanent": true, "observationId": 2, "organizationId": 1, "plantingSiteId": 3, "monitoringPlotId": 5164, "monitoringPlotHistoryId": 3}	\N	\N
43	1	2025-06-16 21:44:02.255935+00	com.terraformation.backend.tracking.event.ObservationPlotCreatedEventV1	{"plotNumber": 4, "_historical": true, "isPermanent": true, "observationId": 2, "organizationId": 1, "plantingSiteId": 3, "monitoringPlotId": 5165, "monitoringPlotHistoryId": 4}	\N	\N
44	1	2025-06-16 21:44:02.255935+00	com.terraformation.backend.tracking.event.ObservationPlotCreatedEventV1	{"plotNumber": 5, "_historical": true, "isPermanent": true, "observationId": 2, "organizationId": 1, "plantingSiteId": 3, "monitoringPlotId": 5166, "monitoringPlotHistoryId": 5}	\N	\N
45	1	2025-06-16 21:44:02.255935+00	com.terraformation.backend.tracking.event.ObservationPlotCreatedEventV1	{"plotNumber": 6, "_historical": true, "isPermanent": true, "observationId": 2, "organizationId": 1, "plantingSiteId": 3, "monitoringPlotId": 5167, "monitoringPlotHistoryId": 6}	\N	\N
46	1	2025-06-16 21:44:02.255935+00	com.terraformation.backend.tracking.event.ObservationPlotCreatedEventV1	{"plotNumber": 7, "_historical": true, "isPermanent": true, "observationId": 2, "organizationId": 1, "plantingSiteId": 3, "monitoringPlotId": 5168, "monitoringPlotHistoryId": 7}	\N	\N
47	1	2025-06-16 21:44:02.255935+00	com.terraformation.backend.tracking.event.ObservationPlotCreatedEventV1	{"plotNumber": 8, "_historical": true, "isPermanent": true, "observationId": 2, "organizationId": 1, "plantingSiteId": 3, "monitoringPlotId": 5169, "monitoringPlotHistoryId": 8}	\N	\N
48	1	2025-06-16 21:44:02.265322+00	com.terraformation.backend.tracking.event.ObservationPlotCreatedEventV1	{"plotNumber": 34, "_historical": true, "isPermanent": false, "observationId": 2, "organizationId": 1, "plantingSiteId": 3, "monitoringPlotId": 5195, "monitoringPlotHistoryId": 34}	\N	\N
49	1	2025-06-16 21:44:02.265322+00	com.terraformation.backend.tracking.event.ObservationPlotCreatedEventV1	{"plotNumber": 35, "_historical": true, "isPermanent": false, "observationId": 2, "organizationId": 1, "plantingSiteId": 3, "monitoringPlotId": 5196, "monitoringPlotHistoryId": 35}	\N	\N
50	1	2025-06-16 21:44:02.265322+00	com.terraformation.backend.tracking.event.ObservationPlotCreatedEventV1	{"plotNumber": 36, "_historical": true, "isPermanent": false, "observationId": 2, "organizationId": 1, "plantingSiteId": 3, "monitoringPlotId": 5197, "monitoringPlotHistoryId": 36}	\N	\N
51	1	2025-06-16 21:44:02.31157+00	com.terraformation.backend.tracking.event.ObservationPlotCreatedEventV1	{"plotNumber": 9, "_historical": true, "isPermanent": true, "observationId": 2, "organizationId": 1, "plantingSiteId": 3, "monitoringPlotId": 5170, "monitoringPlotHistoryId": 9}	\N	\N
52	1	2025-06-16 21:44:02.31157+00	com.terraformation.backend.tracking.event.ObservationPlotCreatedEventV1	{"plotNumber": 10, "_historical": true, "isPermanent": true, "observationId": 2, "organizationId": 1, "plantingSiteId": 3, "monitoringPlotId": 5171, "monitoringPlotHistoryId": 10}	\N	\N
53	1	2025-06-16 21:44:02.31157+00	com.terraformation.backend.tracking.event.ObservationPlotCreatedEventV1	{"plotNumber": 11, "_historical": true, "isPermanent": true, "observationId": 2, "organizationId": 1, "plantingSiteId": 3, "monitoringPlotId": 5172, "monitoringPlotHistoryId": 11}	\N	\N
54	1	2025-06-16 21:44:02.31157+00	com.terraformation.backend.tracking.event.ObservationPlotCreatedEventV1	{"plotNumber": 12, "_historical": true, "isPermanent": true, "observationId": 2, "organizationId": 1, "plantingSiteId": 3, "monitoringPlotId": 5173, "monitoringPlotHistoryId": 12}	\N	\N
55	1	2025-06-16 21:44:02.31157+00	com.terraformation.backend.tracking.event.ObservationPlotCreatedEventV1	{"plotNumber": 13, "_historical": true, "isPermanent": true, "observationId": 2, "organizationId": 1, "plantingSiteId": 3, "monitoringPlotId": 5174, "monitoringPlotHistoryId": 13}	\N	\N
56	1	2025-06-16 21:44:02.31157+00	com.terraformation.backend.tracking.event.ObservationPlotCreatedEventV1	{"plotNumber": 14, "_historical": true, "isPermanent": true, "observationId": 2, "organizationId": 1, "plantingSiteId": 3, "monitoringPlotId": 5175, "monitoringPlotHistoryId": 14}	\N	\N
57	1	2025-06-16 21:44:02.31157+00	com.terraformation.backend.tracking.event.ObservationPlotCreatedEventV1	{"plotNumber": 15, "_historical": true, "isPermanent": true, "observationId": 2, "organizationId": 1, "plantingSiteId": 3, "monitoringPlotId": 5176, "monitoringPlotHistoryId": 15}	\N	\N
58	1	2025-06-16 21:44:02.31157+00	com.terraformation.backend.tracking.event.ObservationPlotCreatedEventV1	{"plotNumber": 16, "_historical": true, "isPermanent": true, "observationId": 2, "organizationId": 1, "plantingSiteId": 3, "monitoringPlotId": 5177, "monitoringPlotHistoryId": 16}	\N	\N
59	1	2025-06-16 21:44:02.317447+00	com.terraformation.backend.tracking.event.ObservationPlotCreatedEventV1	{"plotNumber": 37, "_historical": true, "isPermanent": false, "observationId": 2, "organizationId": 1, "plantingSiteId": 3, "monitoringPlotId": 5198, "monitoringPlotHistoryId": 37}	\N	\N
60	1	2025-06-16 21:44:02.317447+00	com.terraformation.backend.tracking.event.ObservationPlotCreatedEventV1	{"plotNumber": 38, "_historical": true, "isPermanent": false, "observationId": 2, "organizationId": 1, "plantingSiteId": 3, "monitoringPlotId": 5199, "monitoringPlotHistoryId": 38}	\N	\N
61	1	2025-06-16 21:44:02.317447+00	com.terraformation.backend.tracking.event.ObservationPlotCreatedEventV1	{"plotNumber": 39, "_historical": true, "isPermanent": false, "observationId": 2, "organizationId": 1, "plantingSiteId": 3, "monitoringPlotId": 5200, "monitoringPlotHistoryId": 39}	\N	\N
62	1	2025-06-16 21:44:02.368801+00	com.terraformation.backend.tracking.event.ObservationPlotCreatedEventV1	{"plotNumber": 17, "_historical": true, "isPermanent": true, "observationId": 2, "organizationId": 1, "plantingSiteId": 3, "monitoringPlotId": 5178, "monitoringPlotHistoryId": 17}	\N	\N
63	1	2025-06-16 21:44:02.368801+00	com.terraformation.backend.tracking.event.ObservationPlotCreatedEventV1	{"plotNumber": 18, "_historical": true, "isPermanent": true, "observationId": 2, "organizationId": 1, "plantingSiteId": 3, "monitoringPlotId": 5179, "monitoringPlotHistoryId": 18}	\N	\N
64	1	2025-06-16 21:44:02.368801+00	com.terraformation.backend.tracking.event.ObservationPlotCreatedEventV1	{"plotNumber": 19, "_historical": true, "isPermanent": true, "observationId": 2, "organizationId": 1, "plantingSiteId": 3, "monitoringPlotId": 5180, "monitoringPlotHistoryId": 19}	\N	\N
65	1	2025-06-16 21:44:02.368801+00	com.terraformation.backend.tracking.event.ObservationPlotCreatedEventV1	{"plotNumber": 20, "_historical": true, "isPermanent": true, "observationId": 2, "organizationId": 1, "plantingSiteId": 3, "monitoringPlotId": 5181, "monitoringPlotHistoryId": 20}	\N	\N
66	1	2025-06-16 21:44:02.368801+00	com.terraformation.backend.tracking.event.ObservationPlotCreatedEventV1	{"plotNumber": 21, "_historical": true, "isPermanent": true, "observationId": 2, "organizationId": 1, "plantingSiteId": 3, "monitoringPlotId": 5182, "monitoringPlotHistoryId": 21}	\N	\N
67	1	2025-06-16 21:44:02.368801+00	com.terraformation.backend.tracking.event.ObservationPlotCreatedEventV1	{"plotNumber": 22, "_historical": true, "isPermanent": true, "observationId": 2, "organizationId": 1, "plantingSiteId": 3, "monitoringPlotId": 5183, "monitoringPlotHistoryId": 22}	\N	\N
68	1	2025-06-16 21:44:02.368801+00	com.terraformation.backend.tracking.event.ObservationPlotCreatedEventV1	{"plotNumber": 23, "_historical": true, "isPermanent": true, "observationId": 2, "organizationId": 1, "plantingSiteId": 3, "monitoringPlotId": 5184, "monitoringPlotHistoryId": 23}	\N	\N
69	1	2025-06-16 21:44:02.368801+00	com.terraformation.backend.tracking.event.ObservationPlotCreatedEventV1	{"plotNumber": 24, "_historical": true, "isPermanent": true, "observationId": 2, "organizationId": 1, "plantingSiteId": 3, "monitoringPlotId": 5185, "monitoringPlotHistoryId": 24}	\N	\N
70	1	2025-06-16 21:44:02.376337+00	com.terraformation.backend.tracking.event.ObservationPlotCreatedEventV1	{"plotNumber": 40, "_historical": true, "isPermanent": false, "observationId": 2, "organizationId": 1, "plantingSiteId": 3, "monitoringPlotId": 5201, "monitoringPlotHistoryId": 40}	\N	\N
71	1	2025-06-16 21:44:02.376337+00	com.terraformation.backend.tracking.event.ObservationPlotCreatedEventV1	{"plotNumber": 41, "_historical": true, "isPermanent": false, "observationId": 2, "organizationId": 1, "plantingSiteId": 3, "monitoringPlotId": 5202, "monitoringPlotHistoryId": 41}	\N	\N
72	1	2025-06-16 21:44:02.376337+00	com.terraformation.backend.tracking.event.ObservationPlotCreatedEventV1	{"plotNumber": 42, "_historical": true, "isPermanent": false, "observationId": 2, "organizationId": 1, "plantingSiteId": 3, "monitoringPlotId": 5203, "monitoringPlotHistoryId": 42}	\N	\N
73	1	2025-06-16 21:44:04.223951+00	com.terraformation.backend.tracking.event.ObservationPlotCreatedEventV1	{"plotNumber": 1, "_historical": true, "isPermanent": true, "observationId": 3, "organizationId": 1, "plantingSiteId": 3, "monitoringPlotId": 5162, "monitoringPlotHistoryId": 1}	\N	\N
74	1	2025-06-16 21:44:04.223951+00	com.terraformation.backend.tracking.event.ObservationPlotCreatedEventV1	{"plotNumber": 2, "_historical": true, "isPermanent": true, "observationId": 3, "organizationId": 1, "plantingSiteId": 3, "monitoringPlotId": 5163, "monitoringPlotHistoryId": 2}	\N	\N
75	1	2025-06-16 21:44:04.223951+00	com.terraformation.backend.tracking.event.ObservationPlotCreatedEventV1	{"plotNumber": 3, "_historical": true, "isPermanent": true, "observationId": 3, "organizationId": 1, "plantingSiteId": 3, "monitoringPlotId": 5164, "monitoringPlotHistoryId": 3}	\N	\N
76	1	2025-06-16 21:44:04.223951+00	com.terraformation.backend.tracking.event.ObservationPlotCreatedEventV1	{"plotNumber": 4, "_historical": true, "isPermanent": true, "observationId": 3, "organizationId": 1, "plantingSiteId": 3, "monitoringPlotId": 5165, "monitoringPlotHistoryId": 4}	\N	\N
77	1	2025-06-16 21:44:04.223951+00	com.terraformation.backend.tracking.event.ObservationPlotCreatedEventV1	{"plotNumber": 5, "_historical": true, "isPermanent": true, "observationId": 3, "organizationId": 1, "plantingSiteId": 3, "monitoringPlotId": 5166, "monitoringPlotHistoryId": 5}	\N	\N
78	1	2025-06-16 21:44:04.223951+00	com.terraformation.backend.tracking.event.ObservationPlotCreatedEventV1	{"plotNumber": 6, "_historical": true, "isPermanent": true, "observationId": 3, "organizationId": 1, "plantingSiteId": 3, "monitoringPlotId": 5167, "monitoringPlotHistoryId": 6}	\N	\N
79	1	2025-06-16 21:44:04.223951+00	com.terraformation.backend.tracking.event.ObservationPlotCreatedEventV1	{"plotNumber": 7, "_historical": true, "isPermanent": true, "observationId": 3, "organizationId": 1, "plantingSiteId": 3, "monitoringPlotId": 5168, "monitoringPlotHistoryId": 7}	\N	\N
80	1	2025-06-16 21:44:04.223951+00	com.terraformation.backend.tracking.event.ObservationPlotCreatedEventV1	{"plotNumber": 8, "_historical": true, "isPermanent": true, "observationId": 3, "organizationId": 1, "plantingSiteId": 3, "monitoringPlotId": 5169, "monitoringPlotHistoryId": 8}	\N	\N
81	1	2025-06-16 21:44:04.228911+00	com.terraformation.backend.tracking.event.ObservationPlotCreatedEventV1	{"plotNumber": 43, "_historical": true, "isPermanent": false, "observationId": 3, "organizationId": 1, "plantingSiteId": 3, "monitoringPlotId": 5204, "monitoringPlotHistoryId": 43}	\N	\N
82	1	2025-06-16 21:44:04.228911+00	com.terraformation.backend.tracking.event.ObservationPlotCreatedEventV1	{"plotNumber": 44, "_historical": true, "isPermanent": false, "observationId": 3, "organizationId": 1, "plantingSiteId": 3, "monitoringPlotId": 5205, "monitoringPlotHistoryId": 44}	\N	\N
83	1	2025-06-16 21:44:04.228911+00	com.terraformation.backend.tracking.event.ObservationPlotCreatedEventV1	{"plotNumber": 45, "_historical": true, "isPermanent": false, "observationId": 3, "organizationId": 1, "plantingSiteId": 3, "monitoringPlotId": 5206, "monitoringPlotHistoryId": 45}	\N	\N
84	1	2025-06-16 21:44:04.265433+00	com.terraformation.backend.tracking.event.ObservationPlotCreatedEventV1	{"plotNumber": 9, "_historical": true, "isPermanent": true, "observationId": 3, "organizationId": 1, "plantingSiteId": 3, "monitoringPlotId": 5170, "monitoringPlotHistoryId": 9}	\N	\N
85	1	2025-06-16 21:44:04.265433+00	com.terraformation.backend.tracking.event.ObservationPlotCreatedEventV1	{"plotNumber": 10, "_historical": true, "isPermanent": true, "observationId": 3, "organizationId": 1, "plantingSiteId": 3, "monitoringPlotId": 5171, "monitoringPlotHistoryId": 10}	\N	\N
86	1	2025-06-16 21:44:04.265433+00	com.terraformation.backend.tracking.event.ObservationPlotCreatedEventV1	{"plotNumber": 11, "_historical": true, "isPermanent": true, "observationId": 3, "organizationId": 1, "plantingSiteId": 3, "monitoringPlotId": 5172, "monitoringPlotHistoryId": 11}	\N	\N
87	1	2025-06-16 21:44:04.265433+00	com.terraformation.backend.tracking.event.ObservationPlotCreatedEventV1	{"plotNumber": 12, "_historical": true, "isPermanent": true, "observationId": 3, "organizationId": 1, "plantingSiteId": 3, "monitoringPlotId": 5173, "monitoringPlotHistoryId": 12}	\N	\N
88	1	2025-06-16 21:44:04.265433+00	com.terraformation.backend.tracking.event.ObservationPlotCreatedEventV1	{"plotNumber": 13, "_historical": true, "isPermanent": true, "observationId": 3, "organizationId": 1, "plantingSiteId": 3, "monitoringPlotId": 5174, "monitoringPlotHistoryId": 13}	\N	\N
89	1	2025-06-16 21:44:04.265433+00	com.terraformation.backend.tracking.event.ObservationPlotCreatedEventV1	{"plotNumber": 14, "_historical": true, "isPermanent": true, "observationId": 3, "organizationId": 1, "plantingSiteId": 3, "monitoringPlotId": 5175, "monitoringPlotHistoryId": 14}	\N	\N
90	1	2025-06-16 21:44:04.265433+00	com.terraformation.backend.tracking.event.ObservationPlotCreatedEventV1	{"plotNumber": 15, "_historical": true, "isPermanent": true, "observationId": 3, "organizationId": 1, "plantingSiteId": 3, "monitoringPlotId": 5176, "monitoringPlotHistoryId": 15}	\N	\N
91	1	2025-06-16 21:44:04.265433+00	com.terraformation.backend.tracking.event.ObservationPlotCreatedEventV1	{"plotNumber": 16, "_historical": true, "isPermanent": true, "observationId": 3, "organizationId": 1, "plantingSiteId": 3, "monitoringPlotId": 5177, "monitoringPlotHistoryId": 16}	\N	\N
92	1	2025-06-16 21:44:04.270569+00	com.terraformation.backend.tracking.event.ObservationPlotCreatedEventV1	{"plotNumber": 46, "_historical": true, "isPermanent": false, "observationId": 3, "organizationId": 1, "plantingSiteId": 3, "monitoringPlotId": 5207, "monitoringPlotHistoryId": 46}	\N	\N
93	1	2025-06-16 21:44:04.270569+00	com.terraformation.backend.tracking.event.ObservationPlotCreatedEventV1	{"plotNumber": 47, "_historical": true, "isPermanent": false, "observationId": 3, "organizationId": 1, "plantingSiteId": 3, "monitoringPlotId": 5208, "monitoringPlotHistoryId": 47}	\N	\N
94	1	2025-06-16 21:44:04.270569+00	com.terraformation.backend.tracking.event.ObservationPlotCreatedEventV1	{"plotNumber": 48, "_historical": true, "isPermanent": false, "observationId": 3, "organizationId": 1, "plantingSiteId": 3, "monitoringPlotId": 5209, "monitoringPlotHistoryId": 48}	\N	\N
95	1	2025-06-16 21:44:04.304892+00	com.terraformation.backend.tracking.event.ObservationPlotCreatedEventV1	{"plotNumber": 17, "_historical": true, "isPermanent": true, "observationId": 3, "organizationId": 1, "plantingSiteId": 3, "monitoringPlotId": 5178, "monitoringPlotHistoryId": 17}	\N	\N
96	1	2025-06-16 21:44:04.304892+00	com.terraformation.backend.tracking.event.ObservationPlotCreatedEventV1	{"plotNumber": 18, "_historical": true, "isPermanent": true, "observationId": 3, "organizationId": 1, "plantingSiteId": 3, "monitoringPlotId": 5179, "monitoringPlotHistoryId": 18}	\N	\N
97	1	2025-06-16 21:44:04.304892+00	com.terraformation.backend.tracking.event.ObservationPlotCreatedEventV1	{"plotNumber": 19, "_historical": true, "isPermanent": true, "observationId": 3, "organizationId": 1, "plantingSiteId": 3, "monitoringPlotId": 5180, "monitoringPlotHistoryId": 19}	\N	\N
98	1	2025-06-16 21:44:04.304892+00	com.terraformation.backend.tracking.event.ObservationPlotCreatedEventV1	{"plotNumber": 20, "_historical": true, "isPermanent": true, "observationId": 3, "organizationId": 1, "plantingSiteId": 3, "monitoringPlotId": 5181, "monitoringPlotHistoryId": 20}	\N	\N
99	1	2025-06-16 21:44:04.304892+00	com.terraformation.backend.tracking.event.ObservationPlotCreatedEventV1	{"plotNumber": 21, "_historical": true, "isPermanent": true, "observationId": 3, "organizationId": 1, "plantingSiteId": 3, "monitoringPlotId": 5182, "monitoringPlotHistoryId": 21}	\N	\N
100	1	2025-06-16 21:44:04.304892+00	com.terraformation.backend.tracking.event.ObservationPlotCreatedEventV1	{"plotNumber": 22, "_historical": true, "isPermanent": true, "observationId": 3, "organizationId": 1, "plantingSiteId": 3, "monitoringPlotId": 5183, "monitoringPlotHistoryId": 22}	\N	\N
101	1	2025-06-16 21:44:04.304892+00	com.terraformation.backend.tracking.event.ObservationPlotCreatedEventV1	{"plotNumber": 23, "_historical": true, "isPermanent": true, "observationId": 3, "organizationId": 1, "plantingSiteId": 3, "monitoringPlotId": 5184, "monitoringPlotHistoryId": 23}	\N	\N
102	1	2025-06-16 21:44:04.304892+00	com.terraformation.backend.tracking.event.ObservationPlotCreatedEventV1	{"plotNumber": 24, "_historical": true, "isPermanent": true, "observationId": 3, "organizationId": 1, "plantingSiteId": 3, "monitoringPlotId": 5185, "monitoringPlotHistoryId": 24}	\N	\N
103	1	2025-06-16 21:44:04.310304+00	com.terraformation.backend.tracking.event.ObservationPlotCreatedEventV1	{"plotNumber": 49, "_historical": true, "isPermanent": false, "observationId": 3, "organizationId": 1, "plantingSiteId": 3, "monitoringPlotId": 5210, "monitoringPlotHistoryId": 49}	\N	\N
104	1	2025-06-16 21:44:04.310304+00	com.terraformation.backend.tracking.event.ObservationPlotCreatedEventV1	{"plotNumber": 50, "_historical": true, "isPermanent": false, "observationId": 3, "organizationId": 1, "plantingSiteId": 3, "monitoringPlotId": 5211, "monitoringPlotHistoryId": 50}	\N	\N
105	1	2025-06-16 21:44:04.310304+00	com.terraformation.backend.tracking.event.ObservationPlotCreatedEventV1	{"plotNumber": 51, "_historical": true, "isPermanent": false, "observationId": 3, "organizationId": 1, "plantingSiteId": 3, "monitoringPlotId": 5212, "monitoringPlotHistoryId": 51}	\N	\N
106	2	2025-11-05 17:26:51.11778+00	com.terraformation.backend.tracking.event.ObservationPlotCreatedEventV1	{"plotNumber": 52, "_historical": true, "isPermanent": true, "observationId": 4, "organizationId": 1, "plantingSiteId": 2, "monitoringPlotId": 5213, "monitoringPlotHistoryId": 52}	\N	\N
107	2	2025-11-05 17:26:51.11778+00	com.terraformation.backend.tracking.event.ObservationPlotCreatedEventV1	{"plotNumber": 53, "_historical": true, "isPermanent": true, "observationId": 4, "organizationId": 1, "plantingSiteId": 2, "monitoringPlotId": 5214, "monitoringPlotHistoryId": 53}	\N	\N
108	2	2025-11-05 17:26:51.11778+00	com.terraformation.backend.tracking.event.ObservationPlotCreatedEventV1	{"plotNumber": 54, "_historical": true, "isPermanent": true, "observationId": 4, "organizationId": 1, "plantingSiteId": 2, "monitoringPlotId": 5215, "monitoringPlotHistoryId": 54}	\N	\N
109	2	2025-11-05 17:26:51.11778+00	com.terraformation.backend.tracking.event.ObservationPlotCreatedEventV1	{"plotNumber": 55, "_historical": true, "isPermanent": true, "observationId": 4, "organizationId": 1, "plantingSiteId": 2, "monitoringPlotId": 5216, "monitoringPlotHistoryId": 55}	\N	\N
110	2	2025-11-05 17:26:51.11778+00	com.terraformation.backend.tracking.event.ObservationPlotCreatedEventV1	{"plotNumber": 56, "_historical": true, "isPermanent": true, "observationId": 4, "organizationId": 1, "plantingSiteId": 2, "monitoringPlotId": 5217, "monitoringPlotHistoryId": 56}	\N	\N
111	2	2025-11-05 17:26:51.11778+00	com.terraformation.backend.tracking.event.ObservationPlotCreatedEventV1	{"plotNumber": 57, "_historical": true, "isPermanent": true, "observationId": 4, "organizationId": 1, "plantingSiteId": 2, "monitoringPlotId": 5218, "monitoringPlotHistoryId": 57}	\N	\N
112	2	2025-11-05 17:26:51.11778+00	com.terraformation.backend.tracking.event.ObservationPlotCreatedEventV1	{"plotNumber": 58, "_historical": true, "isPermanent": true, "observationId": 4, "organizationId": 1, "plantingSiteId": 2, "monitoringPlotId": 5219, "monitoringPlotHistoryId": 58}	\N	\N
113	2	2025-11-05 17:26:51.11778+00	com.terraformation.backend.tracking.event.ObservationPlotCreatedEventV1	{"plotNumber": 59, "_historical": true, "isPermanent": true, "observationId": 4, "organizationId": 1, "plantingSiteId": 2, "monitoringPlotId": 5220, "monitoringPlotHistoryId": 59}	\N	\N
114	2	2025-11-05 17:26:51.131168+00	com.terraformation.backend.tracking.event.ObservationPlotCreatedEventV1	{"plotNumber": 68, "_historical": true, "isPermanent": false, "observationId": 4, "organizationId": 1, "plantingSiteId": 2, "monitoringPlotId": 5229, "monitoringPlotHistoryId": 68}	\N	\N
115	2	2025-11-05 17:26:51.131168+00	com.terraformation.backend.tracking.event.ObservationPlotCreatedEventV1	{"plotNumber": 69, "_historical": true, "isPermanent": false, "observationId": 4, "organizationId": 1, "plantingSiteId": 2, "monitoringPlotId": 5230, "monitoringPlotHistoryId": 69}	\N	\N
116	2	2025-11-05 17:26:51.131168+00	com.terraformation.backend.tracking.event.ObservationPlotCreatedEventV1	{"plotNumber": 70, "_historical": true, "isPermanent": false, "observationId": 4, "organizationId": 1, "plantingSiteId": 2, "monitoringPlotId": 5231, "monitoringPlotHistoryId": 70}	\N	\N
117	2	2025-11-05 17:26:51.159853+00	com.terraformation.backend.tracking.event.ObservationPlotCreatedEventV1	{"plotNumber": 60, "_historical": true, "isPermanent": true, "observationId": 4, "organizationId": 1, "plantingSiteId": 2, "monitoringPlotId": 5221, "monitoringPlotHistoryId": 60}	\N	\N
118	2	2025-11-05 17:26:51.159853+00	com.terraformation.backend.tracking.event.ObservationPlotCreatedEventV1	{"plotNumber": 61, "_historical": true, "isPermanent": true, "observationId": 4, "organizationId": 1, "plantingSiteId": 2, "monitoringPlotId": 5222, "monitoringPlotHistoryId": 61}	\N	\N
119	2	2025-11-05 17:26:51.159853+00	com.terraformation.backend.tracking.event.ObservationPlotCreatedEventV1	{"plotNumber": 62, "_historical": true, "isPermanent": true, "observationId": 4, "organizationId": 1, "plantingSiteId": 2, "monitoringPlotId": 5223, "monitoringPlotHistoryId": 62}	\N	\N
120	2	2025-11-05 17:26:51.159853+00	com.terraformation.backend.tracking.event.ObservationPlotCreatedEventV1	{"plotNumber": 63, "_historical": true, "isPermanent": true, "observationId": 4, "organizationId": 1, "plantingSiteId": 2, "monitoringPlotId": 5224, "monitoringPlotHistoryId": 63}	\N	\N
121	2	2025-11-05 17:26:51.159853+00	com.terraformation.backend.tracking.event.ObservationPlotCreatedEventV1	{"plotNumber": 64, "_historical": true, "isPermanent": true, "observationId": 4, "organizationId": 1, "plantingSiteId": 2, "monitoringPlotId": 5225, "monitoringPlotHistoryId": 64}	\N	\N
122	2	2025-11-05 17:26:51.159853+00	com.terraformation.backend.tracking.event.ObservationPlotCreatedEventV1	{"plotNumber": 65, "_historical": true, "isPermanent": true, "observationId": 4, "organizationId": 1, "plantingSiteId": 2, "monitoringPlotId": 5226, "monitoringPlotHistoryId": 65}	\N	\N
123	2	2025-11-05 17:26:51.159853+00	com.terraformation.backend.tracking.event.ObservationPlotCreatedEventV1	{"plotNumber": 66, "_historical": true, "isPermanent": true, "observationId": 4, "organizationId": 1, "plantingSiteId": 2, "monitoringPlotId": 5227, "monitoringPlotHistoryId": 66}	\N	\N
124	2	2025-11-05 17:26:51.159853+00	com.terraformation.backend.tracking.event.ObservationPlotCreatedEventV1	{"plotNumber": 67, "_historical": true, "isPermanent": true, "observationId": 4, "organizationId": 1, "plantingSiteId": 2, "monitoringPlotId": 5228, "monitoringPlotHistoryId": 67}	\N	\N
125	2	2025-11-05 17:26:51.163982+00	com.terraformation.backend.tracking.event.ObservationPlotCreatedEventV1	{"plotNumber": 71, "_historical": true, "isPermanent": false, "observationId": 4, "organizationId": 1, "plantingSiteId": 2, "monitoringPlotId": 5232, "monitoringPlotHistoryId": 71}	\N	\N
126	2	2025-11-05 17:26:51.163982+00	com.terraformation.backend.tracking.event.ObservationPlotCreatedEventV1	{"plotNumber": 72, "_historical": true, "isPermanent": false, "observationId": 4, "organizationId": 1, "plantingSiteId": 2, "monitoringPlotId": 5233, "monitoringPlotHistoryId": 72}	\N	\N
127	2	2025-11-05 17:26:51.163982+00	com.terraformation.backend.tracking.event.ObservationPlotCreatedEventV1	{"plotNumber": 73, "_historical": true, "isPermanent": false, "observationId": 4, "organizationId": 1, "plantingSiteId": 2, "monitoringPlotId": 5234, "monitoringPlotHistoryId": 73}	\N	\N
\.


--
-- Data for Name: facilities; Type: TABLE DATA; Schema: public; Owner: -
--

COPY public.facilities (id, type_id, name, created_time, modified_time, created_by, modified_by, max_idle_minutes, last_timeseries_time, idle_after_time, idle_since_time, description, connection_state_id, organization_id, time_zone, last_notification_date, next_notification_time, build_started_date, build_completed_date, operation_started_date, capacity, facility_number) FROM stdin;
100	1	Seed Bank	2022-02-04 17:48:28.616331+00	2022-02-04 17:48:28.616331+00	1	1	30	\N	\N	2022-01-01 00:00:00+00	\N	1	1	\N	2025-11-05	2025-11-06 00:01:00+00	\N	\N	\N	\N	1
101	1	garage	2022-02-04 17:48:28.616331+00	2022-02-04 17:48:28.616331+00	1	1	30	\N	\N	2022-01-01 00:00:00+00	\N	1	1	\N	2025-11-05	2025-11-06 00:01:00+00	\N	\N	\N	\N	2
102	1	Test facility	2022-02-04 17:48:28.616331+00	2022-02-04 17:48:28.616331+00	1	1	30	\N	\N	2022-01-01 00:00:00+00	\N	1	1	\N	2025-11-05	2025-11-06 00:01:00+00	\N	\N	\N	\N	3
103	4	Nursery	2024-03-05 04:06:31.354789+00	2025-11-05 18:48:37.535292+00	1	1	30	\N	\N	\N	My First Nursery!	1	1	\N	2025-11-05	2025-11-06 00:01:00+00	\N	\N	\N	\N	1
104	4	Other Nursery	2025-11-05 19:25:56.657615+00	2025-11-05 19:25:56.657631+00	1	1	30	\N	\N	\N	Another nursery	1	1	\N	\N	2025-11-06 00:01:00+00	\N	\N	\N	\N	2
\.


--
-- Data for Name: facility_connection_states; Type: TABLE DATA; Schema: public; Owner: -
--

COPY public.facility_connection_states (id, name) FROM stdin;
1	Not Connected
2	Connected
3	Configured
\.


--
-- Data for Name: facility_types; Type: TABLE DATA; Schema: public; Owner: -
--

COPY public.facility_types (id, name) FROM stdin;
1	Seed Bank
2	Desalination
3	Reverse Osmosis
4	Nursery
\.


--
-- Data for Name: file_access_tokens; Type: TABLE DATA; Schema: public; Owner: -
--

COPY public.file_access_tokens (token, file_id, created_by, created_time, expires_time) FROM stdin;
\.


--
-- Data for Name: files; Type: TABLE DATA; Schema: public; Owner: -
--

COPY public.files (id, file_name, content_type, size, created_time, modified_time, created_by, storage_url, modified_by, captured_local_time, geolocation) FROM stdin;
1001	accession1.jpg	image/jpeg	6441	2021-02-12 18:36:15.842405+00	2021-02-12 18:36:15.842405+00	1	file:///100/A/A/F/AAF4D49R3E/accession1.jpg	1	\N	\N
1002	accession2.jpg	image/jpeg	6539	2021-02-12 18:36:15.903768+00	2021-02-12 18:36:15.903768+00	1	file:///100/A/A/F/AAF4D49R3E/accession2.jpg	1	\N	\N
1003	Map.png	image/png	2445	2025-05-13 21:49:54.388+00	2025-05-13 21:49:54.388009+00	1	file:///test/Map.png	1	\N	\N
1005	Highlight.png	image/png	3383	2025-05-13 21:51:36.171917+00	2025-05-13 21:51:36.171931+00	1	file:///test/Highlight.png	1	\N	\N
1004	Highlight.png	image/png	3383	2025-05-13 21:49:54.387965+00	2025-05-13 21:49:54.387996+00	1	file:///test/Highlight1.png	1	\N	\N
1006	Map.png	image/png	2445	2025-05-13 21:58:43.195973+00	2025-05-13 21:58:43.195995+00	1	file:///test/Map1.png	1	\N	\N
1007	Highlight.png	image/png	3383	2025-05-13 21:58:43.195952+00	2025-05-13 21:58:43.195978+00	1	file:///test/Highlight2.png	1	\N	\N
\.


--
-- Data for Name: flyway_schema_history; Type: TABLE DATA; Schema: public; Owner: -
--

COPY public.flyway_schema_history (installed_rank, version, description, type, script, checksum, installed_by, installed_on, execution_time, success) FROM stdin;
1	1	InitialSchema	SQL	V1__InitialSchema.sql	-1034755654	koreth	2021-12-15 09:59:41.084807	84	t
2	2	JsonColumns	SQL	V2__JsonColumns.sql	2037320227	koreth	2021-12-15 09:59:41.181771	1	t
3	3	Views	SQL	V3__Views.sql	-1376932692	koreth	2021-12-15 09:59:41.18758	3	t
4	4	UniqueTimeseriesName	SQL	V4__UniqueTimeseriesName.sql	728909451	koreth	2021-12-15 09:59:41.194472	2	t
5	5	SeedBankAppChanges	SQL	V5__SeedBankAppChanges.sql	1124675213	koreth	2021-12-15 09:59:41.2029	36	t
6	6	NotificationState	SQL	V6__NotificationState.sql	730795355	koreth	2021-12-15 09:59:41.278513	2	t
7	7	RefineAccessionModel	SQL	V7__RefineAccessionModel.sql	-1350346796	koreth	2021-12-15 09:59:41.28472	9	t
8	8	UniqueAccessionNumber	SQL	V8__UniqueAccessionNumber.sql	-960878745	koreth	2021-12-15 09:59:41.297376	1	t
9	9	IntegerReferenceIds	SQL	V9__IntegerReferenceIds.sql	803072805	koreth	2021-12-15 09:59:41.301832	25	t
10	10	NullableStartDate	SQL	V10__NullableStartDate.sql	-1429931340	koreth	2021-12-15 09:59:41.334736	0	t
11	11	AccessionGerminationTestType	SQL	V11__AccessionGerminationTestType.sql	-1263666901	koreth	2021-12-15 09:59:41.337954	2	t
12	12	StaffResponsible	SQL	V12__StaffResponsible.sql	554207183	koreth	2021-12-15 09:59:41.343338	1	t
13	13	WithdrawalSeeds	SQL	V13__WithdrawalSeeds.sql	1956624966	koreth	2021-12-15 09:59:41.34705	2	t
14	14	MissingFields	SQL	V14__MissingFields.sql	953759292	koreth	2021-12-15 09:59:41.351999	1	t
15	15	Viability	SQL	V15__Viability.sql	1068877736	koreth	2021-12-15 09:59:41.3552	1	t
16	16	AccessionPhoto	SQL	V16__AccessionPhoto.sql	-1900700002	koreth	2021-12-15 09:59:41.358	3	t
17	17	AppDevice	SQL	V17__AppDevice.sql	-1383209958	koreth	2021-12-15 09:59:41.363131	2	t
18	18	TestClock	SQL	V18__TestClock.sql	836156172	koreth	2021-12-15 09:59:41.367555	1	t
19	19	StateHistoryReason	SQL	V19__StateHistoryReason.sql	-1854244141	koreth	2021-12-15 09:59:41.370473	1	t
20	20	EffectiveSeedCount	SQL	V20__EffectiveSeedCount.sql	1291933651	koreth	2021-12-15 09:59:41.373625	0	t
21	21	DeviceConfig	SQL	V21__DeviceConfig.sql	1731824624	koreth	2021-12-15 09:59:41.376286	4	t
22	22	TaskProcessedTime	SQL	V22__TaskProcessedTime.sql	232740031	koreth	2021-12-15 09:59:41.384391	2	t
23	23	TotalSeedsGerminated	SQL	V23__TotalSeedsGerminated.sql	216665086	koreth	2021-12-15 09:59:41.388107	0	t
24	24	PerSiteConfigEnabled	SQL	V24__PerSiteConfigEnabled.sql	1526859524	koreth	2021-12-15 09:59:41.39062	1	t
25	25	DropScheduledJob	SQL	V25__DropScheduledJob.sql	-988663186	koreth	2021-12-15 09:59:41.394062	2	t
26	26	CleanUpForV0	SQL	V26__CleanUpForV0.sql	-1995914171	koreth	2021-12-15 09:59:41.398925	2	t
27	27	EndangeredRare	SQL	V27__EndangeredRare.sql	717188934	koreth	2021-12-15 09:59:41.403761	5	t
28	28	GerminationTestEndDate	SQL	V28__GerminationTestEndDate.sql	1656257066	koreth	2021-12-15 09:59:41.411512	0	t
29	29	AccessionNumber	SQL	V29__AccessionNumber.sql	1856554227	koreth	2021-12-15 09:59:41.413982	0	t
30	30	SpeciesUniqueName	SQL	V30__SpeciesUniqueName.sql	-367505524	koreth	2021-12-15 09:59:41.416465	1	t
31	31	SourcePlantOrigin	SQL	V31__SourcePlantOrigin.sql	-1290884519	koreth	2021-12-15 09:59:41.419056	2	t
32	32	NurseryStartDate	SQL	V32__NurseryStartDate.sql	328987724	koreth	2021-12-15 09:59:41.423359	0	t
33	33	WithdrawalGerminationTesting	SQL	V33__WithdrawalGerminationTesting.sql	-203241959	koreth	2021-12-15 09:59:41.425881	2	t
34	34	Weight	SQL	V34__Weight.sql	811889753	koreth	2021-12-15 09:59:41.432159	9	t
35	35	PluralTableNames	SQL	V35__PluralTableNames.sql	1475994894	koreth	2021-12-15 09:59:41.443774	4	t
36	36	RenameSiteModuleToFacility	SQL	V36__RenameSiteModuleToFacility.sql	-1317594747	koreth	2021-12-15 09:59:41.450345	1	t
37	37	Projects	SQL	V37__Projects.sql	1058370323	koreth	2021-12-15 09:59:41.453082	7	t
38	38	MajorityOfGIS	SQL	V38__MajorityOfGIS.sql	-644291923	koreth	2021-12-15 09:59:41.463933	21	t
39	39	AddGeomToFeatures	SQL	V39__AddGeomToFeatures.sql	2000177569	koreth	2021-12-15 09:59:41.490426	558	t
40	40	Users	SQL	V40__Users.sql	-680048697	koreth	2021-12-15 09:59:42.058131	13	t
41	41	UserTypes	SQL	V41__UserTypes.sql	-1195309145	koreth	2021-12-15 09:59:42.07493	4	t
42	42	GISNonEmptyStringConstraints	SQL	V42__GISNonEmptyStringConstraints.sql	-988900187	koreth	2021-12-15 09:59:42.082125	2	t
43	43	DropApiKeys	SQL	V43__DropApiKeys.sql	311197409	koreth	2021-12-15 09:59:42.087318	1	t
44	44	ConstrainSrid	SQL	V44__ConstrainSrid.sql	-604226396	koreth	2021-12-15 09:59:42.091221	3	t
45	45	UpdatePlantObservations	SQL	V45__UpdatePlantObservations.sql	879432357	koreth	2021-12-15 09:59:42.09696	0	t
46	46	PhotoAssociations	SQL	V46__PhotoAssociations.sql	737750322	koreth	2021-12-15 09:59:42.100352	8	t
47	47	PhotosLocation	SQL	V47__PhotosLocation.sql	-234034290	koreth	2021-12-15 09:59:42.111005	1	t
48	48	DropShapeTypes	SQL	V48__DropShapeTypes.sql	1900828145	koreth	2021-12-15 09:59:42.114127	1	t
49	49	Species	SQL	V49__Species.sql	1677601575	koreth	2021-12-15 09:59:42.117807	13	t
50	50	SpeciesNames	SQL	V50__SpeciesNames.sql	-164346692	koreth	2021-12-15 09:59:42.134908	4	t
51	51	TaskStarted	SQL	V51__TaskStarted.sql	1409019612	koreth	2021-12-15 09:59:42.142098	1	t
52	52	Thumbnails	SQL	V52__Thumbnails.sql	-1019560514	koreth	2021-12-15 09:59:42.145321	3	t
53	53	SpringSession	SQL	V53__SpringSession.sql	-1607350702	koreth	2021-12-15 09:59:42.151578	4	t
54	54	DeviceConfig	SQL	V54__DeviceConfig.sql	1805936957	koreth	2021-12-15 09:59:42.157547	1	t
55	55	SiteLocation	SQL	V55__SiteLocation.sql	539969339	koreth	2021-12-15 09:59:42.160367	1	t
56	56	AccessionAwaitingCheckIn	SQL	V56__AccessionAwaitingCheckIn.sql	97499865	koreth	2021-12-15 09:59:42.163225	0	t
57	57	Automations	SQL	V57__Automations.sql	336793054	koreth	2021-12-15 09:59:42.165581	2	t
58	58	FacilityAlertRecipients	SQL	V58__FacilityAlertRecipients.sql	1183614395	koreth	2021-12-15 09:59:42.169773	2	t
59	59	DropPlantsTimestamps	SQL	V59__DropPlantsTimestamps.sql	-580292684	koreth	2021-12-15 09:59:42.173904	0	t
60	\N	00 DevUtils	SQL	R__00_DevUtils.sql	-2035948695	koreth	2021-12-15 09:59:42.176142	2	t
61	\N	Comments	SQL	R__Comments.sql	437036648	koreth	2021-12-15 09:59:42.185655	7	t
62	\N	Indexes	SQL	R__Indexes.sql	1520281820	koreth	2021-12-15 09:59:42.194999	14	t
63	\N	TypeCodes	SQL	R__TypeCodes.sql	608477902	koreth	2021-12-15 09:59:42.213184	6	t
64	60	DropFamilies	SQL	V60__DropFamilies.sql	-606974405	koreth	2022-02-04 09:48:28.563144	9	t
65	61	Countries	SQL	V61__Countries.sql	1994435382	koreth	2022-02-04 09:48:28.584086	7	t
66	62	NullAuthId	SQL	V62__NullAuthId.sql	763639513	koreth	2022-02-04 09:48:28.59577	1	t
67	63	UserInvitedTime	SQL	V63__UserInvitedTime.sql	-227238976	koreth	2022-02-04 09:48:28.600734	1	t
68	64	ProjectTypeSelections	SQL	V64__ProjectTypeSelections.sql	65765331	koreth	2022-02-04 09:48:28.605382	3	t
69	65	SitesDescription	SQL	V65__SitesDescription.sql	-608925414	koreth	2022-02-04 09:48:28.611698	1	t
70	66	FacilitiesCreatedTime	SQL	V66__FacilitiesCreatedTime.sql	-1835036512	koreth	2022-02-04 09:48:28.616331	2	t
71	67	DropPendingInvitationTime	SQL	V67__DropPendingInvitationTime.sql	1813262799	koreth	2022-02-04 09:48:28.621505	1	t
72	68	ProjectsOrganizationWide	SQL	V68__ProjectsOrganizationWide.sql	-1660349942	koreth	2022-02-04 09:48:28.626677	2	t
73	69	ProjectsHidden	SQL	V69__ProjectsHidden.sql	940694545	koreth	2022-02-04 09:48:28.631393	1	t
74	70	SitesLocationNull	SQL	V70__SitesLocationNull.sql	-122358601	koreth	2022-02-04 09:48:28.63547	1	t
75	71	UsersLastActivityTime	SQL	V71__UsersLastActivityTime.sql	-602587972	koreth	2022-02-04 09:48:28.639317	0	t
76	\N	Comments	SQL	R__Comments.sql	185211625	koreth	2022-02-04 09:48:28.645555	14	t
77	\N	Countries	SQL	R__Countries.sql	1469177629	koreth	2022-02-04 09:48:28.665642	3	t
78	\N	TypeCodes	SQL	R__TypeCodes.sql	-2136975351	koreth	2022-02-04 09:48:28.672714	6	t
79	72	PerOrgSpecies	SQL	V72__PerOrgSpecies.sql	-1522153405	koreth	2022-10-25 10:51:42.213244	21	t
80	73	SystemUser	SQL	V73__SystemUser.sql	-2061883179	koreth	2022-10-25 10:51:42.244537	2	t
81	74	CreatedAndModifiedBy	SQL	V74__CreatedAndModifiedBy.sql	-993973072	koreth	2022-10-25 10:51:42.250179	24	t
82	75	AccessionNotifications	SQL	V75__AccessionNotifications.sql	-1779468870	koreth	2022-10-25 10:51:42.281508	1	t
83	76	FacilitiesIdle	SQL	V76__FacilitiesIdle.sql	642706920	koreth	2022-10-25 10:51:42.286081	2	t
84	77	OrganizationUsersIndex	SQL	V77__OrganizationUsersIndex.sql	983804815	koreth	2022-10-25 10:51:42.291423	1	t
85	78	DropGISTables	SQL	V78__DropGISTables.sql	-496536734	koreth	2022-10-25 10:51:42.295329	4	t
86	79	DeleteManagerRole	SQL	V79__DeleteManagerRole.sql	22265365	koreth	2022-10-25 10:51:42.304882	1	t
87	80	UserEmailNotifications	SQL	V80__UserEmailNotifications.sql	1918529188	koreth	2022-10-25 10:51:42.309017	0	t
88	81	GbifSpecies	SQL	V81__GbifSpecies.sql	1623900992	koreth	2022-10-25 10:51:42.312301	7	t
89	82	EnableFacilityAlerts	SQL	V82__EnableFacilityAlerts.sql	-1223251347	koreth	2022-10-25 10:51:42.322742	1	t
90	83	NotificationTypes	SQL	V83__NotificationTypes.sql	-184028827	koreth	2022-10-25 10:51:42.327834	4	t
91	84	Species	SQL	V84__Species.sql	-602261382	koreth	2022-10-25 10:51:42.335389	11	t
92	85	GbifNameWordsIndex	SQL	V85__GbifNameWordsIndex.sql	-2056544952	koreth	2022-10-25 10:51:42.351318	2	t
93	86	Uploads	SQL	V86__Uploads.sql	22906988	koreth	2022-10-25 10:51:42.356073	8	t
94	87	FacilitiesDescription	SQL	V87__FacilitiesDescription.sql	723237584	koreth	2022-10-25 10:51:42.366735	1	t
95	88	DeviceTemplates	SQL	V88__DeviceTemplates.sql	-855086529	koreth	2022-10-25 10:51:42.370201	2	t
96	89	SecondaryCollectorsPrimaryKey	SQL	V89__SecondaryCollectorsPrimaryKey.sql	-1513531409	koreth	2022-10-25 10:51:42.375208	0	t
97	90	Collectors	SQL	V90__Collectors.sql	1510321638	koreth	2022-10-25 10:51:42.378369	3	t
98	91	DeviceManagers	SQL	V91__DeviceManagers.sql	1073930490	koreth	2022-10-25 10:51:42.385093	4	t
99	92	DeviceManagersUuid	SQL	V92__DeviceManagersUuid.sql	-2008020196	koreth	2022-10-25 10:51:42.392334	2	t
100	93	SpringSecurityUpgrade	SQL	V93__SpringSecurityUpgrade.sql	-2073740604	koreth	2022-10-25 10:51:42.396874	0	t
101	94	SpeciesProblems	SQL	V94__SpeciesProblems.sql	-1545974043	koreth	2022-10-25 10:51:42.399749	4	t
102	95	SpeciesInitialScientificName	SQL	V95__SpeciesInitialScientificName.sql	2097401976	koreth	2022-10-25 10:51:42.405891	1	t
103	96	SensorKitId	SQL	V96__SensorKitId.sql	1892738649	koreth	2022-10-25 10:51:42.409725	0	t
104	97	GbifNameWordsCollate	SQL	V97__GbifNameWordsCollate.sql	408472750	koreth	2022-10-25 10:51:42.412429	1	t
105	98	Automations	SQL	V98__Automations.sql	607049713	koreth	2022-10-25 10:51:42.416059	2	t
106	99	DevicesSettings	SQL	V99__DevicesSettings.sql	1740536141	koreth	2022-10-25 10:51:42.421201	1	t
107	100	GbifNamesName	SQL	V100__GbifNamesName.sql	-1780665553	koreth	2022-10-25 10:51:42.425002	0	t
108	101	DropAccessionNotifications	SQL	V101__DropAccessionNotifications.sql	1692637803	koreth	2022-10-25 10:51:42.427862	1	t
109	102	FacilityOrganization	SQL	V102__FacilityOrganization.sql	167838426	koreth	2022-10-25 10:51:42.43247	1	t
110	103	FacilityDropSiteId	SQL	V103__FacilityDropSiteId.sql	-890140307	koreth	2022-10-25 10:51:42.43644	0	t
111	104	DropProjectsSites	SQL	V104__DropProjectsSites.sql	-1400213821	koreth	2022-10-25 10:51:42.439151	3	t
112	105	ViabilityTests	SQL	V105__ViabilityTests.sql	-2069302574	koreth	2022-10-25 10:51:42.446019	4	t
113	106	DeleteAccessionNotifications	SQL	V106__DeleteAccessionNotifications.sql	685183150	koreth	2022-10-25 10:51:42.453344	1	t
114	107	Preferences	SQL	V107__Preferences.sql	-606191196	koreth	2022-10-25 10:51:42.456964	2	t
115	108	DropAccessionTestTypes	SQL	V108__DropAccessionTestTypes.sql	-1805241878	koreth	2022-10-25 10:51:42.461668	0	t
116	109	ViabilityTestSelections	SQL	V109__ViabilityTestSelections.sql	888028993	koreth	2022-10-25 10:51:42.464557	2	t
117	110	AccessionCollectors	SQL	V110__AccessionCollectors.sql	-1761147032	koreth	2022-10-25 10:51:42.468605	2	t
118	111	AccessionCollectorsBackfill	SQL	V111__AccessionCollectorsBackfill.sql	376372308	koreth	2022-10-25 10:51:42.472925	0	t
119	112	DropPrimarySecondaryCollectors	SQL	V112__DropPrimarySecondaryCollectors.sql	88268794	koreth	2022-10-25 10:51:42.475657	0	t
120	113	WithdrawalsPurposeNullable	SQL	V113__WithdrawalsPurposeNullable.sql	1148067332	koreth	2022-10-25 10:51:42.478708	0	t
121	114	AccessionStateHistoryUser	SQL	V114__AccessionStateHistoryUser.sql	-2062421326	koreth	2022-10-25 10:51:42.48123	0	t
122	115	AccessionStateHistoryBackfill	SQL	V115__AccessionStateHistoryBackfill.sql	-1120551655	koreth	2022-10-25 10:51:42.484219	1	t
123	116	AccessionsCascadeDeletes	SQL	V116__AccessionsCascadeDeletes.sql	-74242371	koreth	2022-10-25 10:51:42.487204	4	t
124	117	CollectionSite	SQL	V117__CollectionSite.sql	1522637551	koreth	2022-10-25 10:51:42.494072	1	t
125	118	CollectionSiteNotesBackfill	SQL	V118__CollectionSiteNotesBackfill.sql	-1863808066	koreth	2022-10-25 10:51:42.497435	0	t
126	119	AccessionsDropEnvironmentalNotes	SQL	V119__AccessionsDropEnvironmentalNotes.sql	-1219359449	koreth	2022-10-25 10:51:42.499966	0	t
127	120	CollectionSources	SQL	V120__CollectionSources.sql	-1274014434	koreth	2022-10-25 10:51:42.502465	1	t
128	121	DataSources	SQL	V121__DataSources.sql	444954382	koreth	2022-10-25 10:51:42.505957	1	t
129	122	DropAppDevices	SQL	V122__DropAppDevices.sql	32425996	koreth	2022-10-25 10:51:42.510092	2	t
130	123	AccessionsManualState	SQL	V123__AccessionsManualState.sql	-2081873608	koreth	2022-10-25 10:51:42.515979	1	t
131	124	DropViabilityTestSelections	SQL	V124__DropViabilityTestSelections.sql	110882304	koreth	2022-10-25 10:51:42.519669	1	t
132	125	AccessionQuantity	SQL	V125__AccessionQuantity.sql	1379426363	koreth	2022-10-25 10:51:42.524015	6	t
133	126	PhotosMetadataNullable	SQL	V126__PhotosMetadataNullable.sql	1878243261	koreth	2022-10-25 10:51:42.533541	1	t
134	127	DropPhotosMetadata	SQL	V127__DropPhotosMetadata.sql	-938619496	koreth	2022-10-25 10:51:42.537536	1	t
135	128	AccessionsEstimatedWeight	SQL	V128__AccessionsEstimatedWeight.sql	-1479052502	koreth	2022-10-25 10:51:42.542309	1	t
136	129	AppVersions	SQL	V129__AppVersions.sql	-774788054	koreth	2022-10-25 10:51:42.546702	2	t
137	130	WIthdrawalsCreatedBy	SQL	V130__WIthdrawalsCreatedBy.sql	1999339822	koreth	2022-10-25 10:51:42.551637	1	t
138	131	UsersDeletedTime	SQL	V131__UsersDeletedTime.sql	2089678073	koreth	2022-10-25 10:51:42.555975	1	t
139	132	OrganizationsCascadeDeletes	SQL	V132__OrganizationsCascadeDeletes.sql	-923301449	koreth	2022-10-25 10:51:42.559694	9	t
140	133	ValidateTimeseriesValues	SQL	V133__ValidateTimeseriesValues.sql	-1948613537	koreth	2022-10-25 10:51:42.57221	1	t
142	135	DropAccessionSpeciesDetails	SQL	V135__DropAccessionSpeciesDetails.sql	685714510	koreth	2022-10-25 10:51:42.581345	2	t
143	136	DeleteCleaningState	SQL	V136__DeleteCleaningState.sql	1067859440	koreth	2022-10-25 10:51:42.586739	1	t
144	137	UploadsFacilityId	SQL	V137__UploadsFacilityId.sql	-1581707590	koreth	2022-10-25 10:51:42.591227	1	t
145	138	SeedbankSchema	SQL	V138__SeedbankSchema.sql	777075743	koreth	2022-10-25 10:51:42.595629	7	t
146	139	Nursery	SQL	V139__Nursery.sql	417989478	koreth	2022-10-25 10:51:42.605807	10	t
147	140	NurseryInventories	SQL	V140__NurseryInventories.sql	1511791578	koreth	2022-10-25 10:51:42.620148	1	t
148	141	NurseryBatchSummaries	SQL	V141__NurseryBatchSummaries.sql	-2045806909	koreth	2022-10-25 10:51:42.624475	1	t
149	142	NurseryBatchDeletion	SQL	V142__NurseryBatchDeletion.sql	-1369262807	koreth	2022-10-25 10:51:42.627365	3	t
150	143	NurseryWithdrawalNotes	SQL	V143__NurseryWithdrawalNotes.sql	-330775971	koreth	2022-10-25 10:51:42.633057	0	t
151	144	IdentifierSequences	SQL	V144__IdentifierSequences.sql	1074237902	koreth	2022-10-25 10:51:42.635726	1	t
152	145	IdentifierSequencesPerPrefix	SQL	V145__IdentifierSequencesPerPrefix.sql	-474647399	koreth	2022-10-25 10:51:42.639989	1	t
153	146	BackfillEstimatedWeight	SQL	V146__BackfillEstimatedWeight.sql	-188694572	koreth	2022-10-25 10:51:42.643982	0	t
154	147	BackfillEstimatedQuantity	SQL	V147__BackfillEstimatedQuantity.sql	-403788102	koreth	2022-10-25 10:51:42.646499	0	t
155	148	PrepareForV2Migration	SQL	V148__PrepareForV2Migration.sql	1855885543	koreth	2022-10-25 10:51:42.649207	1	t
156	\N	AppVersions	SQL	R__AppVersions.sql	485436501	koreth	2022-10-25 10:51:42.652463	0	t
157	\N	Comments	SQL	R__Comments.sql	2008764398	koreth	2022-10-25 10:51:42.655497	16	t
158	\N	Indexes	SQL	R__Indexes.sql	-959610943	koreth	2022-10-25 10:51:42.678093	6	t
159	\N	TypeCodes	SQL	R__TypeCodes.sql	-1576131079	koreth	2022-10-25 10:51:42.68708	7	t
160	149	NurseryBatchSummariesVersion	SQL	0100/V149__NurseryBatchSummariesVersion.sql	2114969874	postgres	2024-03-05 04:04:57.011712	68	t
161	150	DropViabilityTestsRemaining	SQL	0150/V150__DropViabilityTestsRemaining.sql	1998768259	postgres	2024-03-05 04:04:57.12824	20	t
162	151	DropWithdrawalsRemaining	SQL	0150/V151__DropWithdrawalsRemaining.sql	-1818435616	postgres	2024-03-05 04:04:57.165796	11	t
163	152	DropUnusedColumns	SQL	0150/V152__DropUnusedColumns.sql	1970588205	postgres	2024-03-05 04:04:57.192876	65	t
164	153	PlantingSites	SQL	0150/V153__PlantingSites.sql	1533933111	postgres	2024-03-05 04:04:57.346285	292	t
165	154	PlantingSiteSummaries	SQL	0150/V154__PlantingSiteSummaries.sql	1062750391	postgres	2024-03-05 04:04:57.655054	23	t
166	155	NurseryWithdrawalPhotos	SQL	0150/V155__NurseryWithdrawalPhotos.sql	-1577167834	postgres	2024-03-05 04:04:57.692905	45	t
167	156	SeedbankWithdrawalPurposes	SQL	0150/V156__SeedbankWithdrawalPurposes.sql	-1692740770	postgres	2024-03-05 04:04:57.749076	46	t
168	157	PlantingSitesSrid	SQL	0150/V157__PlantingSitesSrid.sql	856178320	postgres	2024-03-05 04:04:57.805575	176	t
169	158	WithdrawalPurposeFix	SQL	0150/V158__WithdrawalPurposeFix.sql	538955178	postgres	2024-03-05 04:04:58.083198	10	t
170	159	Deliveries	SQL	0150/V159__Deliveries.sql	-395729289	postgres	2024-03-05 04:04:58.10368	264	t
171	160	Populations	SQL	0150/V160__Populations.sql	1829667259	postgres	2024-03-05 04:04:58.380429	14	t
172	161	Reassignments	SQL	0150/V161__Reassignments.sql	924192665	postgres	2024-03-05 04:04:58.40466	15	t
173	162	NurseryWithdrawalSummaries	SQL	0150/V162__NurseryWithdrawalSummaries.sql	111966756	postgres	2024-03-05 04:04:58.42857	35	t
174	163	RemoveBlankStrings	SQL	0150/V163__RemoveBlankStrings.sql	1246904535	postgres	2024-03-05 04:04:58.474696	392	t
175	164	RemoveBlankCollectors	SQL	0150/V164__RemoveBlankCollectors.sql	-126389008	postgres	2024-03-05 04:04:58.887091	11	t
176	165	TimeZones	SQL	0150/V165__TimeZones.sql	-192211023	postgres	2024-03-05 04:04:58.908502	60	t
177	166	PlantingSiteSummariesTimeZone	SQL	0150/V166__PlantingSiteSummariesTimeZone.sql	925441484	postgres	2024-03-05 04:04:58.97931	8	t
178	167	FacilitiesNotificationDate	SQL	0150/V167__FacilitiesNotificationDate.sql	745320468	postgres	2024-03-05 04:04:58.997674	26	t
179	168	UsersLocale	SQL	0150/V168__UsersLocale.sql	-805749659	postgres	2024-03-05 04:04:59.06111	3	t
180	169	UploadsLocale	SQL	0150/V169__UploadsLocale.sql	-1658633924	postgres	2024-03-05 04:04:59.073667	9	t
181	170	EcosystemTypes	SQL	0150/V170__EcosystemTypes.sql	163502732	postgres	2024-03-05 04:04:59.091412	80	t
182	171	AccessionsTotalWithdrawn	SQL	0150/V171__AccessionsTotalWithdrawn.sql	1445228831	postgres	2024-03-05 04:04:59.180767	9	t
183	172	Unaccent	SQL	0150/V172__Unaccent.sql	-240536801	postgres	2024-03-05 04:04:59.199303	56	t
184	173	StorageLocationNames	SQL	0150/V173__StorageLocationNames.sql	559001583	postgres	2024-03-05 04:04:59.264568	20	t
185	174	DropStorageConditions	SQL	0150/V174__DropStorageConditions.sql	-1385444591	postgres	2024-03-05 04:04:59.294023	6	t
186	175	FacilityDates	SQL	0150/V175__FacilityDates.sql	-1459075891	postgres	2024-03-05 04:04:59.337248	6	t
187	176	Reports	SQL	0150/V176__Reports.sql	1653352554	postgres	2024-03-05 04:04:59.352516	172	t
188	177	Files	SQL	0150/V177__Files.sql	1050676096	postgres	2024-03-05 04:04:59.53664	8	t
189	178	ReportFiles	SQL	0150/V178__ReportFiles.sql	-940309893	postgres	2024-03-05 04:04:59.554769	45	t
190	179	InternalTags	SQL	0150/V179__InternalTags.sql	1705975617	postgres	2024-03-05 04:04:59.610243	93	t
191	180	SubzonesAndMonitoringPlots	SQL	0150/V180__SubzonesAndMonitoringPlots.sql	-1957162460	postgres	2024-03-05 04:04:59.718484	73	t
192	181	ReportStatusConstraint	SQL	0150/V181__ReportStatusConstraint.sql	2110847551	postgres	2024-03-05 04:04:59.802681	11	t
193	182	Wgs84Geometry	SQL	0150/V182__Wgs84Geometry.sql	1037582015	postgres	2024-03-05 04:04:59.822363	20	t
194	183	MonitoringPlotBoundary	SQL	0150/V183__MonitoringPlotBoundary.sql	1495930303	postgres	2024-03-05 04:04:59.849697	162	t
195	184	MonitoringPlotPolygon	SQL	0150/V184__MonitoringPlotPolygon.sql	1805330573	postgres	2024-03-05 04:05:00.035888	16	t
196	185	MonitoringPlotPermanentCluster	SQL	0150/V185__MonitoringPlotPermanentCluster.sql	-1307275145	postgres	2024-03-05 04:05:00.061223	9	t
197	186	PlantingZonePlots	SQL	0150/V186__PlantingZonePlots.sql	945181213	postgres	2024-03-05 04:05:00.079139	4	t
198	187	PlantingSiteDates	SQL	0150/V187__PlantingSiteDates.sql	-1681382150	postgres	2024-03-05 04:05:00.092058	9	t
199	188	PlantingSiteAreas	SQL	0150/V188__PlantingSiteAreas.sql	-1584118440	postgres	2024-03-05 04:05:00.109643	33	t
200	189	Observations	SQL	0150/V189__Observations.sql	595481355	postgres	2024-03-05 04:05:00.152918	533	t
201	190	DefaultVarianceAndError	SQL	0150/V190__DefaultVarianceAndError.sql	1972227032	postgres	2024-03-05 04:05:00.699347	31	t
202	191	ObservationState	SQL	0150/V191__ObservationState.sql	1079299299	postgres	2024-03-05 04:05:00.740661	74	t
203	192	PlantingZoneDensity	SQL	0150/V192__PlantingZoneDensity.sql	-2140510337	postgres	2024-03-05 04:05:00.824712	6	t
204	193	ObservedSpeciesTotals	SQL	0150/V193__ObservedSpeciesTotals.sql	-1007174154	postgres	2024-03-05 04:05:00.840213	204	t
205	194	FinishedPlanting	SQL	0150/V194__FinishedPlanting.sql	754887094	postgres	2024-03-05 04:05:01.053938	3	t
206	195	UnknownSpeciesTotals	SQL	0150/V195__UnknownSpeciesTotals.sql	1596665190	postgres	2024-03-05 04:05:01.065253	390	t
207	196	DropTotalObservedPlants	SQL	0150/V196__DropTotalObservedPlants.sql	1537654667	postgres	2024-03-05 04:05:01.567933	10	t
208	197	SubzoneFinishedTime	SQL	0150/V197__SubzoneFinishedTime.sql	-1459599549	postgres	2024-03-05 04:05:01.590261	7	t
209	199	Populations	SQL	0150/V199__Populations.sql	-385569924	postgres	2024-03-05 04:05:01.606667	91	t
210	200	BackfillPopulations	SQL	0200/V200__BackfillPopulations.sql	1775148370	postgres	2024-03-05 04:05:01.707571	30	t
211	201	PlantingCompletedTime	SQL	0200/V201__PlantingCompletedTime.sql	985549422	postgres	2024-03-05 04:05:01.745252	2	t
212	202	ObservationNotifications	SQL	0200/V202__ObservationNotifications.sql	918204601	postgres	2024-03-05 04:05:01.756677	3	t
213	203	ObservationCumulativeDead	SQL	0200/V203__ObservationCumulativeDead.sql	-1273403474	postgres	2024-03-05 04:05:01.767398	14	t
214	204	ConservationCategory	SQL	0200/V204__ConservationCategory.sql	1491259132	postgres	2024-03-05 04:05:01.790202	53	t
215	205	BackfillConservationCategory	SQL	0200/V205__BackfillConservationCategory.sql	-147518582	postgres	2024-03-05 04:05:01.852516	4	t
216	206	DropEndangered	SQL	0200/V206__DropEndangered.sql	1594449609	postgres	2024-03-05 04:05:01.864872	3	t
217	207	UserCountry	SQL	0200/V207__UserCountry.sql	863810441	postgres	2024-03-05 04:05:01.876688	11	t
218	208	Projects	SQL	0200/V208__Projects.sql	2132532652	postgres	2024-03-05 04:05:01.895999	148	t
219	209	TerraformationContact	SQL	0200/V209__TerraformationContact.sql	-1274921487	postgres	2024-03-05 04:05:02.054197	14	t
220	210	ScheduleObservationNotifications	SQL	0200/V210__ScheduleObservationNotifications.sql	-813804586	postgres	2024-03-05 04:05:02.077461	3	t
221	211	ObservationNotScheduledNotifications	SQL	0200/V211__ObservationNotScheduledNotifications.sql	-455594768	postgres	2024-03-05 04:05:02.089962	6	t
222	212	MonitoringPlotAvailable	SQL	0200/V212__MonitoringPlotAvailable.sql	282120586	postgres	2024-03-05 04:05:02.10394	3	t
223	213	FacilityNumber	SQL	0200/V213__FacilityNumber.sql	1103573464	postgres	2024-03-05 04:05:02.116208	39	t
224	214	SubLocations	SQL	0200/V214__SubLocations.sql	-2093746125	postgres	2024-03-05 04:05:02.164232	7	t
225	215	ObservedPlotCoordinates	SQL	0200/V215__ObservedPlotCoordinates.sql	-1041839280	postgres	2024-03-05 04:05:02.180318	71	t
226	216	FacilityNumberInIdentifiers	SQL	0200/V216__FacilityNumberInIdentifiers.sql	-1530268773	postgres	2024-03-05 04:05:02.261869	20	t
227	217	BatchSubLocations	SQL	0200/V217__BatchSubLocations.sql	40389429	postgres	2024-03-05 04:05:02.288969	79	t
228	218	SeedTreatments	SQL	0200/V218__SeedTreatments.sql	497376700	postgres	2024-03-05 04:05:02.377671	4	t
229	219	BatchesAttributes	SQL	0200/V219__BatchesAttributes.sql	840604186	postgres	2024-03-05 04:05:02.390511	73	t
230	220	InitialBatchId	SQL	0200/V220__InitialBatchId.sql	1466064176	postgres	2024-03-05 04:05:02.473123	29	t
231	221	BatchDetailsHistory	SQL	0200/V221__BatchDetailsHistory.sql	-649795445	postgres	2024-03-05 04:05:02.513024	256	t
232	222	FacilityInventoryTotals	SQL	0200/V222__FacilityInventoryTotals.sql	1607760113	postgres	2024-03-05 04:05:02.780801	21	t
233	223	BatchPhotos	SQL	0200/V223__BatchPhotos.sql	-229207314	postgres	2024-03-05 04:05:02.813713	81	t
234	224	BatchRateTotals	SQL	0200/V224__BatchRateTotals.sql	-2034501861	postgres	2024-03-05 04:05:02.918916	7	t
235	225	PlantingSiteNotifications	SQL	0200/V225__PlantingSiteNotifications.sql	1765909900	postgres	2024-03-05 04:05:02.941216	84	t
236	226	OrganizationTypes	SQL	0200/V226__OrganizationTypes.sql	87531126	postgres	2024-03-05 04:05:03.048509	180	t
237	227	PlantingSeasons	SQL	0200/V227__PlantingSeasons.sql	-72514797	postgres	2024-03-05 04:05:03.243025	128	t
238	228	DropPlantingSeasonMonths	SQL	0200/V228__DropPlantingSeasonMonths.sql	-1082616742	postgres	2024-03-05 04:05:03.388793	9	t
239	229	AccessionRemainingQuantityNotes	SQL	0200/V229__AccessionRemainingQuantityNotes.sql	972797729	postgres	2024-03-05 04:05:03.409473	4	t
240	230	ReportSettings	SQL	0200/V230__ReportSettings.sql	-2089235104	postgres	2024-03-05 04:05:03.425202	74	t
241	231	ReportProjects	SQL	0200/V231__ReportProjects.sql	107620146	postgres	2024-03-05 04:05:03.514744	66	t
242	232	GlobalRoles	SQL	0200/V232__GlobalRoles.sql	1694826585	postgres	2024-03-05 04:05:03.612248	125	t
243	233	DropSuperAdminType	SQL	0200/V233__DropSuperAdminType.sql	-2033074591	postgres	2024-03-05 04:05:03.755959	39	t
244	234	NurserySpeciesProjects	SQL	0200/V234__NurserySpeciesProjects.sql	414474146	postgres	2024-03-05 04:05:03.813044	13	t
245	235	Participants	SQL	0200/V235__Participants.sql	1735301922	postgres	2024-03-05 04:05:03.84159	162	t
246	236	PlantingSiteExclusion	SQL	0200/V236__PlantingSiteExclusion.sql	-877320823	postgres	2024-03-05 04:05:04.022217	27	t
247	237	PlantingZoneClusterCount	SQL	0200/V237__PlantingZoneClusterCount.sql	909487789	postgres	2024-03-05 04:05:04.063139	5	t
248	238	PlantingSiteGridOrigin	SQL	0200/V238__PlantingSiteGridOrigin.sql	-982661371	postgres	2024-03-05 04:05:04.081064	22	t
249	239	SeedbankWithdrawalsBatchId	SQL	0200/V239__SeedbankWithdrawalsBatchId.sql	1404410841	postgres	2024-03-05 04:05:04.114803	7	t
250	240	BackfillSeedbankWithdrawalsBatchId	SQL	0200/V240__BackfillSeedbankWithdrawalsBatchId.sql	859769854	postgres	2024-03-05 04:05:04.136382	23	t
251	241	WithdrawalsBatchIdIndex	SQL	0200/V241__WithdrawalsBatchIdIndex.sql	-1740150254	postgres	2024-03-05 04:05:04.172147	39	t
252	242	PlantingSiteDrafts	SQL	0200/V242__PlantingSiteDrafts.sql	1145039505	postgres	2024-03-05 04:05:04.229345	173	t
253	243	Cohorts	SQL	0200/V243__Cohorts.sql	-517551038	postgres	2024-03-05 04:05:04.417195	246	t
254	244	BackfillSeedbankWithdrawalsBatchId	SQL	0200/V244__BackfillSeedbankWithdrawalsBatchId.sql	859769854	postgres	2024-03-05 04:05:04.679638	13	t
255	245	AcceleratorSchema	SQL	0200/V245__AcceleratorSchema.sql	1476926350	postgres	2024-03-05 04:05:04.704316	18	t
256	246	ModulesDeliverables	SQL	0200/V246__ModulesDeliverables.sql	-1528776609	postgres	2024-03-05 04:05:04.744128	849	t
257	247	DeliverableTweaks	SQL	0200/V247__DeliverableTweaks.sql	1209654370	postgres	2024-03-05 04:05:05.628792	26	t
258	\N	Comments	SQL	R__Comments.sql	109299174	postgres	2024-03-05 04:05:05.670462	246	t
259	\N	Indexes	SQL	R__Indexes.sql	-1152892924	postgres	2024-03-05 04:05:05.945343	55	t
260	\N	TypeCodes	SQL	R__TypeCodes.sql	-280885638	postgres	2024-03-05 04:05:06.018624	526	t
261	\N	TypeCodes	SQL	R__TypeCodes.sql	-154030235	postgres	2024-03-06 18:50:30.666306	209	t
262	248	ProjectDocumentSettings	SQL	0200/V248__ProjectDocumentSettings.sql	2056927721	postgres	2024-06-11 21:50:38.308303	56	t
263	249	SubmissionDocumentNames	SQL	0200/V249__SubmissionDocumentNames.sql	-432466393	postgres	2024-06-11 21:50:38.397728	32	t
264	250	ProjectVoting	SQL	0250/V250__ProjectVoting.sql	1332034600	postgres	2024-06-11 21:50:38.440623	26	t
265	251	ProjectScores	SQL	0250/V251__ProjectScores.sql	-44963244	postgres	2024-06-11 21:50:38.477485	24	t
266	252	ProjectVotesDecisions	SQL	0250/V252__ProjectVotesDecisions.sql	1032602255	postgres	2024-06-11 21:50:38.516755	9	t
267	253	DefaultVoters	SQL	0250/V253__DefaultVoters.sql	449634749	postgres	2024-06-11 21:50:38.536299	10	t
268	254	Regions	SQL	0250/V254__Regions.sql	981926831	postgres	2024-06-11 21:50:38.553938	34	t
269	255	ProjectAcceleratorDetails	SQL	0250/V255__ProjectAcceleratorDetails.sql	870557545	postgres	2024-06-11 21:50:38.597527	53	t
270	256	NewAcceleratorFields	SQL	0250/V256__NewAcceleratorFields.sql	-451417368	postgres	2024-06-11 21:50:38.658365	1	t
271	257	ProjectAbbreviatedName	SQL	0250/V257__ProjectAbbreviatedName.sql	-598785324	postgres	2024-06-11 21:50:38.66541	1	t
272	258	DropProjectDocumentSettings	SQL	0250/V258__DropProjectDocumentSettings.sql	-455223794	postgres	2024-06-11 21:50:38.673139	45	t
273	259	UndoWithdrawals	SQL	0250/V259__UndoWithdrawals.sql	982858632	postgres	2024-06-11 21:50:38.739034	82	t
274	260	Modules	SQL	0250/V260__Modules.sql	1495720607	postgres	2024-06-11 21:50:38.837227	114	t
275	261	WithdrawalUndoDates	SQL	0250/V261__WithdrawalUndoDates.sql	1758024122	postgres	2024-06-11 21:50:38.973718	12	t
276	262	ModuleDatesConstraints	SQL	0250/V262__ModuleDatesConstraints.sql	-545973410	postgres	2024-06-11 21:50:39.003253	90	t
277	263	DeleteUnusedPlots	SQL	0250/V263__DeleteUnusedPlots.sql	1725673071	postgres	2024-06-11 21:50:39.112129	226	t
278	264	EventRevision	SQL	0250/V264__EventRevision.sql	-1718307224	postgres	2024-06-11 21:50:39.350052	3	t
279	265	SpeciesGrowthForm	SQL	0250/V265__SpeciesGrowthForm.sql	-683031217	postgres	2024-06-11 21:50:39.359245	14	t
280	266	NewSpeciesEnumSetFields	SQL	0250/V266__NewSpeciesEnumSetFields.sql	-1831168171	postgres	2024-06-11 21:50:39.378703	25	t
281	267	CohortModulePrimaryKey	SQL	0250/V267__CohortModulePrimaryKey.sql	-68293831	postgres	2024-06-11 21:50:39.410266	12	t
282	268	CohortModuleTitle	SQL	0250/V268__CohortModuleTitle.sql	-1702487287	postgres	2024-06-11 21:50:39.43218	9	t
283	269	EventStatus	SQL	0250/V269__EventStatus.sql	-1771092897	postgres	2024-06-11 21:50:39.447439	10	t
284	270	NewSpeciesFields	SQL	0250/V270__NewSpeciesFields.sql	721937189	postgres	2024-06-11 21:50:39.463981	11	t
285	271	EventStatusColumn	SQL	0250/V271__EventStatusColumn.sql	-1628758470	postgres	2024-06-11 21:50:39.483078	4	t
286	272	PlantingSiteHistory	SQL	0250/V272__PlantingSiteHistory.sql	1943122553	postgres	2024-06-11 21:50:39.498878	61	t
287	273	ParticipantProjectSpecies	SQL	0250/V273__ParticipantProjectSpecies.sql	1735461738	postgres	2024-06-11 21:50:39.566409	10	t
288	274	BackfillPlantingSiteHistories	SQL	0250/V274__BackfillPlantingSiteHistories.sql	-2132470303	postgres	2024-06-11 21:50:39.582957	16	t
289	275	ProjectDeliverablesView	SQL	0250/V275__ProjectDeliverablesView.sql	1112331889	postgres	2024-06-11 21:50:39.60457	4	t
290	276	NewParticipantProjectSpeciesFields	SQL	0250/V276__NewParticipantProjectSpeciesFields.sql	1085785283	postgres	2024-06-11 21:50:39.614163	7	t
291	277	DeliverableDueDates	SQL	0250/V277__DeliverableDueDates.sql	1944635305	postgres	2024-06-11 21:50:39.635641	14	t
292	278	NewParticipantProjectSpeciesFields	SQL	0250/V278__NewParticipantProjectSpeciesFields.sql	-1296732562	postgres	2024-06-11 21:50:39.656097	8	t
293	279	SubmissionSnapshots	SQL	0250/V279__SubmissionSnapshots.sql	967790365	postgres	2024-06-11 21:50:39.669048	8	t
294	280	TimeZones	SQL	0250/V280__TimeZones.sql	-982610229	postgres	2024-06-11 21:50:39.681432	5	t
295	281	UsersCookiesConsented	SQL	0250/V281__UsersCookiesConsented.sql	757433398	postgres	2024-06-11 21:50:39.69478	1	t
296	\N	Comments	SQL	R__Comments.sql	114638363	postgres	2024-06-11 21:50:39.700078	54	t
297	\N	Countries	SQL	R__Countries.sql	-778652569	postgres	2024-06-11 21:50:39.79532	10	t
298	\N	TypeCodes	SQL	R__TypeCodes.sql	578191174	postgres	2024-06-11 21:50:39.820851	59	t
141	134	ViabilityTestsCut	SQL	V134__ViabilityTestsCut.sql	-1518961202	koreth	2022-10-25 10:51:42.576172	2	t
299	282	DocumentProducerTables	SQL	0250/V282__DocumentProducerTables.sql	2053500342	ihudson	2025-05-13 10:27:36.900119	570	t
300	283	VariableWorkflowHistory	SQL	0250/V283__VariableWorkflowHistory.sql	171150018	ihudson	2025-05-13 10:27:37.499035	54	t
301	284	UserDeliverableCategories	SQL	0250/V284__UserDeliverableCategories.sql	2063227015	ihudson	2025-05-13 10:27:37.57239	19	t
302	285	DocProdDefaultSectionValues	SQL	0250/V285__DocProdDefaultSectionValues.sql	1996126139	ihudson	2025-05-13 10:27:37.606793	25	t
303	286	CountriesAlpha3	SQL	0250/V286__CountriesAlpha3.sql	-827919827	ihudson	2025-05-13 10:27:37.646069	25	t
304	287	Applications	SQL	0250/V287__Applications.sql	-83061638	ihudson	2025-05-13 10:27:37.680677	89	t
305	288	ApplicationsUniqueInternalName	SQL	0250/V288__ApplicationsUniqueInternalName.sql	-883246226	ihudson	2025-05-13 10:27:37.780189	4	t
306	289	DefaultProjectLeads	SQL	0250/V289__DefaultProjectLeads.sql	-1046160378	ihudson	2025-05-13 10:27:37.790284	13	t
307	290	ApplicationModulesPK	SQL	0250/V290__ApplicationModulesPK.sql	739618851	ihudson	2025-05-13 10:27:37.807633	4	t
308	291	ModulesPosition	SQL	0250/V291__ModulesPosition.sql	1663492124	ihudson	2025-05-13 10:27:37.816172	5	t
309	292	AcceleratorDetailsColumns	SQL	0250/V292__AcceleratorDetailsColumns.sql	-133350834	ihudson	2025-05-13 10:27:37.826308	1	t
310	293	ApplicationInternalName	SQL	0250/V293__ApplicationInternalName.sql	-1783893912	ihudson	2025-05-13 10:27:37.832999	29	t
311	294	ModuleRecordedSession	SQL	0250/V294__ModuleRecordedSession.sql	1179528531	ihudson	2025-05-13 10:27:37.86749	3	t
312	295	VariableRequired	SQL	0250/V295__VariableRequired.sql	727460166	ihudson	2025-05-13 10:27:37.875696	7	t
313	296	ObservationRequestedSubzones	SQL	0250/V296__ObservationRequestedSubzones.sql	2100651927	ihudson	2025-05-13 10:27:37.889346	12	t
314	297	AcceleratorHubSpot	SQL	0250/V297__AcceleratorHubSpot.sql	1543291551	ihudson	2025-05-13 10:27:37.906668	1	t
315	298	ApplicationCountryCode	SQL	0250/V298__ApplicationCountryCode.sql	21991249	ihudson	2025-05-13 10:27:37.914078	4	t
316	299	RemoveModuleDateContraints	SQL	0250/V299__RemoveModuleDateContraints.sql	-2016083516	ihudson	2025-05-13 10:27:37.92418	4	t
317	300	DocumentsInternalComment	SQL	0300/V300__DocumentsInternalComment.sql	-2031996540	ihudson	2025-05-13 10:27:37.936109	1	t
318	301	InternalInterests	SQL	0300/V301__InternalInterests.sql	-247370575	ihudson	2025-05-13 10:27:37.941641	11	t
319	302	DeliverableInternalInterestMapping	SQL	0300/V302__DeliverableInternalInterestMapping.sql	1295728239	ihudson	2025-05-13 10:27:37.959621	17	t
320	303	UserInternalInterests	SQL	0300/V303__UserInternalInterests.sql	1445470991	ihudson	2025-05-13 10:27:37.98383	21	t
321	304	VariableNumbersDecimalPlaces	SQL	0300/V304__VariableNumbersDecimalPlaces.sql	-1393456086	ihudson	2025-05-13 10:27:38.022653	4	t
322	305	CountriesIndexByName	SQL	0300/V305__CountriesIndexByName.sql	-812676012	ihudson	2025-05-13 10:27:38.032433	4	t
323	306	HubSpotToken	SQL	0300/V306__HubSpotToken.sql	-736473405	ihudson	2025-05-13 10:27:38.042669	6	t
324	307	RateLimitedEvents	SQL	0300/V307__RateLimitedEvents.sql	-1486027101	ihudson	2025-05-13 10:27:38.054866	9	t
325	308	UsedVariableIndex	SQL	0300/V308__UsedVariableIndex.sql	293784844	ihudson	2025-05-13 10:27:38.070156	3	t
326	309	DeliverableVariables	SQL	0300/V309__DeliverableVariables.sql	-1137937274	ihudson	2025-05-13 10:27:38.081504	10	t
327	310	MonitoringPlotSize	SQL	0300/V310__MonitoringPlotSize.sql	-1491849227	ihudson	2025-05-13 10:27:38.097034	5	t
328	311	MonitoringPlotOverlaps	SQL	0300/V311__MonitoringPlotOverlaps.sql	845654248	ihudson	2025-05-13 10:27:38.108062	10	t
329	312	PlantingSiteCountry	SQL	0300/V312__PlantingSiteCountry.sql	1303525692	ihudson	2025-05-13 10:27:38.125569	11	t
330	313	ReduceTemporaryPlots	SQL	0300/V313__ReduceTemporaryPlots.sql	-1918897146	ihudson	2025-05-13 10:27:38.14309	4	t
331	314	ObservationStatuses	SQL	0300/V314__ObservationStatuses.sql	-765759624	ihudson	2025-05-13 10:27:38.153526	20	t
332	315	ObservationsStateConstraint	SQL	0300/V315__ObservationsStateConstraint.sql	-217065854	ihudson	2025-05-13 10:27:38.179624	3	t
333	316	MonitoringPlotSite	SQL	0300/V316__MonitoringPlotSite.sql	564939861	ihudson	2025-05-13 10:27:38.188208	16	t
334	317	MonitoringPlotHistories	SQL	0300/V317__MonitoringPlotHistories.sql	-2005989909	ihudson	2025-05-13 10:27:38.20909	56	t
335	318	DeferrableHistoryFKs	SQL	0300/V318__DeferrableHistoryFKs.sql	1816011069	ihudson	2025-05-13 10:27:38.272669	2	t
336	319	ObservationPlotHistory	SQL	0300/V319__ObservationPlotHistory.sql	347308099	ihudson	2025-05-13 10:27:38.280436	17	t
337	320	ProjectOverallScores	SQL	0300/V320__ProjectOverallScores.sql	-1087312674	ihudson	2025-05-13 10:27:38.302052	14	t
338	321	DeletedProjectReport	SQL	0300/V321__DeletedProjectReport.sql	193022866	ihudson	2025-05-13 10:27:38.320618	7	t
339	322	MonitoringPlotNullSubzone	SQL	0300/V322__MonitoringPlotNullSubzone.sql	-2071846150	ihudson	2025-05-13 10:27:38.334343	9	t
340	323	ObservationsSiteHistory	SQL	0300/V323__ObservationsSiteHistory.sql	-702862646	ihudson	2025-05-13 10:27:38.347769	29	t
341	324	EmailVariable	SQL	0300/V324__EmailVariable.sql	1789165098	ihudson	2025-05-13 10:27:38.381803	2	t
342	325	ReducePermanentPlots	SQL	0300/V325__ReducePermanentPlots.sql	-1898314725	ihudson	2025-05-13 10:27:38.394224	1	t
343	326	AdHocPlots	SQL	0300/V326__AdHocPlots.sql	-1322449027	ihudson	2025-05-13 10:27:38.40032	35	t
344	327	IdentifierSequencesCascade	SQL	0300/V327__IdentifierSequencesCascade.sql	1141670533	ihudson	2025-05-13 10:27:38.442558	8	t
345	328	MonitoringPlotNumbers	SQL	0300/V328__MonitoringPlotNumbers.sql	2046704212	ihudson	2025-05-13 10:27:38.455987	40	t
346	329	BackfillWholeBatchWithdrawals	SQL	0300/V329__BackfillWholeBatchWithdrawals.sql	-1089181959	ihudson	2025-05-13 10:27:38.503442	58	t
347	330	DropMonitoringPlotName	SQL	0300/V330__DropMonitoringPlotName.sql	-173823138	ihudson	2025-05-13 10:27:38.569324	2	t
348	331	ObservationSubzoneSpecies	SQL	0300/V331__ObservationSubzoneSpecies.sql	167658249	ihudson	2025-05-13 10:27:38.580117	53	t
349	332	ObservationPlotPhotoType	SQL	0300/V332__ObservationPlotPhotoType.sql	-1582625697	ihudson	2025-05-13 10:27:38.63895	29	t
350	333	ObservationPlotBiomassDetails	SQL	0300/V333__ObservationPlotBiomassDetails.sql	186161421	ihudson	2025-05-13 10:27:38.673436	111	t
351	334	ObservationBiomassTypes	SQL	0300/V334__ObservationBiomassTypes.sql	2085494008	ihudson	2025-05-13 10:27:38.794681	93	t
352	335	ZoneBoundaryModified	SQL	0300/V335__ZoneBoundaryModified.sql	-699824714	ihudson	2025-05-13 10:27:38.92534	12	t
353	336	SubzoneObservedTime	SQL	0300/V336__SubzoneObservedTime.sql	160184367	ihudson	2025-05-13 10:27:38.94269	5	t
354	337	ObservationPhotosPosition	SQL	0300/V337__ObservationPhotosPosition.sql	-731879409	ihudson	2025-05-13 10:27:38.956007	1	t
355	338	BiomassSpecies	SQL	0300/V338__BiomassSpecies.sql	52455676	ihudson	2025-05-13 10:27:38.962743	89	t
356	339	SeedFundReports	SQL	0300/V339__SeedFundReports.sql	1542104165	ihudson	2025-05-13 10:27:39.068847	5	t
357	340	AcceleratorReportsConfigs	SQL	0300/V340__AcceleratorReportsConfigs.sql	1345142166	ihudson	2025-05-13 10:27:39.081697	143	t
358	341	BiomassTreeTrunks	SQL	0300/V341__BiomassTreeTrunks.sql	1498430157	ihudson	2025-05-13 10:27:39.235898	53	t
359	342	BiomassTreeConstraintUpdate	SQL	0300/V342__BiomassTreeConstraintUpdate.sql	387598370	ihudson	2025-05-13 10:27:39.314995	4	t
360	343	FullSiteObservationSubzones	SQL	0300/V343__FullSiteObservationSubzones.sql	-1277044171	ihudson	2025-05-13 10:27:39.325305	7	t
361	344	ReportStandardMetrics	SQL	0300/V344__ReportStandardMetrics.sql	662641632	ihudson	2025-05-13 10:27:39.33764	56	t
362	345	ObservationsCompletedTime	SQL	0300/V345__ObservationsCompletedTime.sql	996837803	ihudson	2025-05-13 10:27:39.398983	1	t
363	346	ReportProjectMetrics	SQL	0300/V346__ReportProjectMetrics.sql	-722274235	ihudson	2025-05-13 10:27:39.40502	43	t
364	347	ReportCollate	SQL	0300/V347__ReportCollate.sql	1402273259	ihudson	2025-05-13 10:27:39.453113	1	t
365	348	UpdateApplicationStatuses	SQL	0300/V348__UpdateApplicationStatuses.sql	188912986	ihudson	2025-05-13 10:27:39.460649	7	t
366	349	IssueActiveStatus	SQL	0300/V349__IssueActiveStatus.sql	356411821	ihudson	2025-05-13 10:27:39.473312	1	t
367	350	FundingEntities	SQL	0350/V350__FundingEntities.sql	-1041333041	ihudson	2025-05-13 10:27:39.478677	30	t
368	351	FundingEntityProjectsPrimary	SQL	0350/V351__FundingEntityProjectsPrimary.sql	1323148919	ihudson	2025-05-13 10:27:39.515256	3	t
369	352	SystemMetrics	SQL	0350/V352__SystemMetrics.sql	-107347749	ihudson	2025-05-13 10:27:39.52299	13	t
370	353	UniqueReportConfigs	SQL	0350/V353__UniqueReportConfigs.sql	947194718	ihudson	2025-05-13 10:27:39.539967	7	t
371	354	ReportMetricStatuses	SQL	0350/V354__ReportMetricStatuses.sql	-1200925741	ihudson	2025-05-13 10:27:39.553054	6	t
372	355	ReportMetricsFieldsRename	SQL	0350/V355__ReportMetricsFieldsRename.sql	-202333691	ihudson	2025-05-13 10:27:39.563618	1	t
373	356	ReportHightlight	SQL	0350/V356__ReportHightlight.sql	1614678588	ihudson	2025-05-13 10:27:39.568315	0	t
374	357	AskTerraware	SQL	0350/V357__AskTerraware.sql	-2100431519	ihudson	2025-05-13 10:27:39.573166	183	t
375	358	ReportAchievementsAndChallenges	SQL	0350/V358__ReportAchievementsAndChallenges.sql	-1077202215	ihudson	2025-05-13 10:27:39.762064	29	t
376	359	BiomassDecriptionConstraints	SQL	0350/V359__BiomassDecriptionConstraints.sql	-89287193	ihudson	2025-05-13 10:27:39.798692	20	t
377	360	LongerBiomassDescription	SQL	0350/V360__LongerBiomassDescription.sql	1621366292	ihudson	2025-05-13 10:27:39.830464	1	t
378	361	AcceleratorDealNameColumn	SQL	0350/V361__AcceleratorDealNameColumn.sql	-451295744	ihudson	2025-05-13 10:27:39.836079	14	t
379	362	ReportQuarters	SQL	0350/V362__ReportQuarters.sql	-1919035577	ihudson	2025-05-13 10:27:39.855405	39	t
380	363	DealNameMigrations	SQL	0350/V363__DealNameMigrations.sql	1636058044	ihudson	2025-05-13 10:27:39.900663	5	t
381	364	HistoriesArea	SQL	0350/V364__HistoriesArea.sql	-1792074295	ihudson	2025-05-13 10:27:39.915409	1	t
382	365	ProjectOperationalPlanUrl	SQL	0350/V365__ProjectOperationalPlanUrl.sql	852240329	ihudson	2025-05-13 10:27:39.922214	1	t
383	366	MetricPublishable	SQL	0350/V366__MetricPublishable.sql	-2090757852	ihudson	2025-05-13 10:27:39.929519	16	t
384	367	FunderReports	SQL	0350/V367__FunderReports.sql	-1006089543	ihudson	2025-05-13 10:27:39.952848	81	t
385	368	ReportsNotifications	SQL	0350/V368__ReportsNotifications.sql	-487530916	ihudson	2025-05-13 10:27:40.042139	1	t
386	369	DropExtraPermanentClusters	SQL	0350/V369__DropExtraPermanentClusters.sql	821193111	ihudson	2025-05-13 10:27:40.0497	1	t
387	370	DropPermanentClusterSubplot	SQL	0350/V370__DropPermanentClusterSubplot.sql	-1348442995	ihudson	2025-05-13 10:27:40.055162	1	t
388	371	PublishReportMetricStatus	SQL	0350/V371__PublishReportMetricStatus.sql	-1355019701	ihudson	2025-05-13 10:27:40.06092	1	t
389	372	NumPermanentPlots	SQL	0350/V372__NumPermanentPlots.sql	-1947892818	ihudson	2025-05-13 10:27:40.067306	1	t
390	373	PlotElevationData	SQL	0350/V373__PlotElevationData.sql	-1669331019	ihudson	2025-05-13 10:27:40.07223	0	t
391	374	PermanentIndex	SQL	0350/V374__PermanentIndex.sql	131159411	ihudson	2025-05-13 10:27:40.076435	0	t
392	375	TrackingStableId	SQL	0350/V375__TrackingStableId.sql	79632755	ihudson	2025-05-13 10:27:40.080966	17	t
393	376	VectorStoreLargerEmbedding	SQL	0350/V376__VectorStoreLargerEmbedding.sql	-1205724760	ihudson	2025-05-13 10:27:40.102119	23	t
394	377	PublishableProgressNotes	SQL	0350/V377__PublishableProgressNotes.sql	-1891241495	ihudson	2025-05-13 10:27:40.135884	1	t
395	378	TimeseriesRetention	SQL	0350/V378__TimeseriesRetention.sql	-999189316	ihudson	2025-05-13 10:27:40.142636	1	t
396	\N	Comments	SQL	R__Comments.sql	1968888313	ihudson	2025-05-13 10:27:40.148878	54	t
397	\N	Countries	SQL	R__Countries.sql	1430440513	ihudson	2025-05-13 10:27:40.217241	10	t
398	\N	TypeCodes	SQL	R__TypeCodes.sql	286456408	ihudson	2025-05-13 10:27:40.232243	148	t
399	379	DeleteDuplicatedReports	SQL	0350/V379__DeleteDuplicatedReports.sql	-749812797	postgres	2025-05-20 15:36:12.895028	7	t
400	380	MonitoringPlotsSubzoneIndex	SQL	0350/V380__MonitoringPlotsSubzoneIndex.sql	-1378642699	postgres	2025-05-21 20:40:26.381455	23	t
401	381	FixDeletedObservedSpecies	SQL	0350/V381__FixDeletedObservedSpecies.sql	-2039396647	postgres	2025-05-29 18:35:15.26896	109	t
402	382	RecordedTreesGps	SQL	0350/V382__RecordedTreesGps.sql	-1635447954	postgres	2025-06-04 16:46:58.261218	20	t
403	383	PublishedProjectDetails	SQL	0350/V383__PublishedProjectDetails.sql	-1323845828	postgres	2025-06-16 21:42:33.091287	19	t
404	384	FunderDisclaimer	SQL	0350/V384__FunderDisclaimer.sql	17669378	postgres	2025-06-16 21:42:33.125254	7	t
405	385	ProjectCqlFilters	SQL	0350/V385__ProjectCqlFilters.sql	-1485047630	postgres	2025-06-16 21:42:33.138523	1	t
406	386	ProjectOrganizationCascade	SQL	0350/V386__ProjectOrganizationCascade.sql	386241640	postgres	2025-06-16 21:42:33.146253	3	t
407	\N	Comments	SQL	R__Comments.sql	-932965786	postgres	2025-06-16 21:42:33.15374	72	t
408	387	ProjectMetricsUnit	SQL	0350/V387__ProjectMetricsUnit.sql	-1277078266	postgres	2025-07-07 17:17:35.419821	7	t
409	388	DropBatchSummaries	SQL	0350/V388__DropBatchSummaries.sql	2030818952	postgres	2025-07-11 21:45:09.33946	4	t
410	389	BatchSeedDates	SQL	0350/V389__BatchSeedDates.sql	1719531098	postgres	2025-07-11 21:45:09.359537	8	t
411	\N	Comments	SQL	R__Comments.sql	811537801	postgres	2025-07-11 21:45:09.37177	63	t
412	390	ProjectVariableValues	SQL	0350/V390__ProjectVariableValues.sql	-1930700875	postgres	2025-08-11 18:46:34.266966	27	t
413	391	AcceleratorProjectsView	SQL	0350/V391__AcceleratorProjectsView.sql	825604965	postgres	2025-08-11 18:46:34.343268	5	t
414	392	ProjectVarValsAccelerator	SQL	0350/V392__ProjectVarValsAccelerator.sql	-708737318	postgres	2025-08-11 18:46:34.362866	15	t
415	393	NurseryGrowthPhaseUpdates	SQL	0350/V393__NurseryGrowthPhaseUpdates.sql	-580913014	postgres	2025-08-11 18:46:34.391824	35	t
416	394	HardeningPhaseNotNull	SQL	0350/V394__HardeningPhaseNotNull.sql	1707858436	postgres	2025-08-11 18:46:34.444079	6	t
417	395	DeleteShrubTree	SQL	0350/V395__DeleteShrubTree.sql	1355227686	postgres	2025-08-11 18:46:34.461445	16	t
418	\N	Comments	SQL	R__Comments.sql	-81086986	postgres	2025-08-11 18:46:34.486673	233	t
419	\N	TypeCodes	SQL	R__TypeCodes.sql	-1285946683	postgres	2025-08-11 18:46:34.767174	108	t
420	396	RenameGrowthPhaseColumns	SQL	0350/V396__RenameGrowthPhaseColumns.sql	310265413	postgres	2025-11-05 00:33:46.269943	32	t
421	397	TFContactsUpdate	SQL	0350/V397__TFContactsUpdate.sql	-1151951952	postgres	2025-11-05 00:33:46.331954	49	t
422	398	ProjectInternalRoleRename	SQL	0350/V398__ProjectInternalRoleRename.sql	111936584	postgres	2025-11-05 00:33:46.386222	0	t
423	399	PlotSurvivalRate	SQL	0350/V399__PlotSurvivalRate.sql	-2012771381	postgres	2025-11-05 00:33:46.391135	26	t
424	400	PlotT0Density	SQL	0400/V400__PlotT0Density.sql	715336218	postgres	2025-11-05 00:33:46.421559	22	t
425	401	ProjectReportSections	SQL	0400/V401__ProjectReportSections.sql	-512317275	postgres	2025-11-05 00:33:46.451382	1	t
426	402	Activities	SQL	0400/V402__Activities.sql	-2105291811	postgres	2025-11-05 00:33:46.455328	55	t
427	403	InternalUsersModified	SQL	0400/V403__InternalUsersModified.sql	454365461	postgres	2025-11-05 00:33:46.514167	21	t
428	404	ProjectReportPhotos	SQL	0400/V404__ProjectReportPhotos.sql	-994787709	postgres	2025-11-05 00:33:46.539643	25	t
429	405	FileAccessTokens	SQL	0400/V405__FileAccessTokens.sql	658402245	postgres	2025-11-05 00:33:46.567559	11	t
430	406	DeletedUserGlobalRoles	SQL	0400/V406__DeletedUserGlobalRoles.sql	2059682033	postgres	2025-11-05 00:33:46.582022	3	t
431	407	PlotT0DensityUserColumns	SQL	0400/V407__PlotT0DensityUserColumns.sql	312998219	postgres	2025-11-05 00:33:46.58766	12	t
432	408	MuxAssets	SQL	0400/V408__MuxAssets.sql	-63430606	postgres	2025-11-05 00:33:46.602508	24	t
433	409	UnderperformanceRename	SQL	0400/V409__UnderperformanceRename.sql	1510699767	postgres	2025-11-05 00:33:46.630092	1	t
434	410	ZeroTemporaryPlots	SQL	0400/V410__ZeroTemporaryPlots.sql	97866128	postgres	2025-11-05 00:33:46.633665	1	t
435	411	TempPlotsT0Density	SQL	0400/V411__TempPlotsT0Density.sql	-1973627447	postgres	2025-11-05 00:33:46.637989	18	t
436	412	PlotT0DensityPlural	SQL	0400/V412__PlotT0DensityPlural.sql	-1700018638	postgres	2025-11-05 00:33:46.659221	1	t
437	413	ActivityMediaDisplay	SQL	0400/V413__ActivityMediaDisplay.sql	1516127728	postgres	2025-11-05 00:33:46.663797	18	t
438	414	ActivityStatus	SQL	0400/V414__ActivityStatus.sql	297504942	postgres	2025-11-05 00:33:46.684504	29	t
439	415	DropTextProjectLead	SQL	0400/V415__DropTextProjectLead.sql	-1402442446	postgres	2025-11-05 00:33:46.716145	1	t
440	416	PublishedActivities	SQL	0400/V416__PublishedActivities.sql	-269469918	postgres	2025-11-05 00:33:46.722249	20	t
441	417	EventLog	SQL	0400/V417__EventLog.sql	-1658737236	postgres	2025-11-05 00:33:46.745024	44	t
442	418	OrgProjectHistoricalEvents	SQL	0400/V418__OrgProjectHistoricalEvents.sql	-1807835643	postgres	2025-11-05 00:33:46.792515	24	t
443	419	FilesMetadata	SQL	0400/V419__FilesMetadata.sql	540097644	postgres	2025-11-05 00:33:46.819916	12	t
444	420	ObservationPhotoCaption	SQL	0400/V420__ObservationPhotoCaption.sql	-1506773688	postgres	2025-11-05 00:33:46.835222	0	t
445	421	ObservationPhotoOriginal	SQL	0400/V421__ObservationPhotoOriginal.sql	-168978601	postgres	2025-11-05 00:33:46.838203	2	t
446	422	ObservationMediaFiles	SQL	0400/V422__ObservationMediaFiles.sql	1940156532	postgres	2025-11-05 00:33:46.842325	0	t
447	\N	Comments	SQL	R__Comments.sql	2063514733	postgres	2025-11-05 00:33:46.844651	53	t
448	\N	TypeCodes	SQL	R__TypeCodes.sql	-284770594	postgres	2025-11-05 00:33:46.910541	64	t
449	423	ObservationMediaFileEvents	SQL	0400/V423__ObservationMediaFileEvents.sql	2034061073	postgres	2026-01-05 22:38:27.638512	43	t
450	424	ThumbnailsFullSize	SQL	0400/V424__ThumbnailsFullSize.sql	-37825350	postgres	2026-01-05 22:38:27.699662	1	t
451	425	ActivityVerificationConstraints	SQL	0400/V425__ActivityVerificationConstraints.sql	833995416	postgres	2026-01-05 22:38:27.704502	11	t
452	426	RecordedTreeCreatedEvent	SQL	0400/V426__RecordedTreeCreatedEvent.sql	-1518779810	postgres	2026-01-05 22:38:27.719958	7	t
453	427	BiomassDetailsCreatedEvent	SQL	0400/V427__BiomassDetailsCreatedEvent.sql	-220225741	postgres	2026-01-05 22:38:27.731811	3	t
454	428	BiomassQuadratCreatedEvent	SQL	0400/V428__BiomassQuadratCreatedEvent.sql	1157874926	postgres	2026-01-05 22:38:27.738962	10	t
455	429	BiomassSpeciesCreatedEvent	SQL	0400/V429__BiomassSpeciesCreatedEvent.sql	-1204401117	postgres	2026-01-05 22:38:27.753369	4	t
456	430	ObservationPlotCreatedEvent	SQL	0400/V430__ObservationPlotCreatedEvent.sql	85034091	postgres	2026-01-05 22:38:27.760832	13	t
457	431	DeleteMortalityRateMetric	SQL	0400/V431__DeleteMortalityRateMetric.sql	-220410217	postgres	2026-01-05 22:38:27.778252	12	t
458	432	StandardMetricUnits	SQL	0400/V432__StandardMetricUnits.sql	-1575687113	postgres	2026-01-05 22:38:27.795012	0	t
459	433	ZoneToStrataRename	SQL	0400/V433__ZoneToStrataRename.sql	529245153	postgres	2026-01-05 22:38:27.798806	33	t
460	434	RateLimitedZoneRename	SQL	0400/V434__RateLimitedZoneRename.sql	969032538	postgres	2026-01-05 22:38:27.839215	3	t
461	435	DropMortalityRate	SQL	0400/V435__DropMortalityRate.sql	-1200629180	postgres	2026-01-05 22:38:27.845553	1	t
462	\N	Comments	SQL	R__Comments.sql	-1076300067	postgres	2026-01-05 22:38:27.849411	48	t
463	\N	TypeCodes	SQL	R__TypeCodes.sql	-1570355556	postgres	2026-01-05 22:38:27.908732	43	t
464	436	MigrateSdgStringValues	SQL	0400/V436__MigrateSdgStringValues.sql	-1788709261	postgres	2026-02-05 21:11:02.548961	7	t
465	437	AddProjectCohortPhase	SQL	0400/V437__AddProjectCohortPhase.sql	-1272626480	postgres	2026-02-05 21:11:02.574481	27	t
466	438	AcceleratorViews	SQL	0400/V438__AcceleratorViews.sql	-945992001	postgres	2026-02-05 21:11:02.60713	17	t
467	439	DropParticipants	SQL	0400/V439__DropParticipants.sql	348209042	postgres	2026-02-05 21:11:02.630153	2	t
468	440	RemoveSystemTimeConstraint	SQL	0400/V440__RemoveSystemTimeConstraint.sql	1445132605	postgres	2026-02-05 21:11:02.638891	0	t
469	441	AssetStatuses	SQL	0400/V441__AssetStatuses.sql	-757489211	postgres	2026-02-05 21:11:02.643045	1	t
470	442	Splats	SQL	0400/V442__Splats.sql	1967583273	postgres	2026-02-05 21:11:02.647308	10	t
471	443	SplatAnnotations	SQL	0400/V443__SplatAnnotations.sql	-1143482971	postgres	2026-02-05 21:11:02.660536	8	t
472	\N	Comments	SQL	R__Comments.sql	1991889772	postgres	2026-02-05 21:11:02.672231	53	t
473	\N	TypeCodes	SQL	R__TypeCodes.sql	-1820800784	postgres	2026-02-05 21:11:02.740046	52	t
\.


--
-- Data for Name: gbif_distributions; Type: TABLE DATA; Schema: public; Owner: -
--

COPY public.gbif_distributions (taxon_id, country_code, establishment_means, occurrence_status, threat_status) FROM stdin;
\.


--
-- Data for Name: gbif_name_words; Type: TABLE DATA; Schema: public; Owner: -
--

COPY public.gbif_name_words (gbif_name_id, word) FROM stdin;
\.


--
-- Data for Name: gbif_names; Type: TABLE DATA; Schema: public; Owner: -
--

COPY public.gbif_names (id, taxon_id, name, language, is_scientific) FROM stdin;
\.


--
-- Data for Name: gbif_taxa; Type: TABLE DATA; Schema: public; Owner: -
--

COPY public.gbif_taxa (taxon_id, dataset_id, parent_name_usage_id, accepted_name_usage_id, original_name_usage_id, scientific_name, canonical_name, generic_name, specific_epithet, infraspecific_epithet, taxon_rank, taxonomic_status, nomenclatural_status, phylum, class, "order", family, genus) FROM stdin;
\.


--
-- Data for Name: gbif_vernacular_names; Type: TABLE DATA; Schema: public; Owner: -
--

COPY public.gbif_vernacular_names (taxon_id, vernacular_name, language, country_code) FROM stdin;
\.


--
-- Data for Name: global_roles; Type: TABLE DATA; Schema: public; Owner: -
--

COPY public.global_roles (id, name) FROM stdin;
1	Super-Admin
2	Accelerator Admin
3	TF Expert
4	Read Only
\.


--
-- Data for Name: growth_forms; Type: TABLE DATA; Schema: public; Owner: -
--

COPY public.growth_forms (id, name) FROM stdin;
1	Tree
2	Shrub
3	Forb
4	Graminoid
5	Fern
6	Fungus
7	Lichen
8	Moss
9	Vine
10	Liana
12	Subshrub
13	Multiple Forms
14	Mangrove
15	Herb
\.


--
-- Data for Name: identifier_sequences; Type: TABLE DATA; Schema: public; Owner: -
--

COPY public.identifier_sequences (organization_id, prefix, next_value) FROM stdin;
1	PlotNumber	73
1	26-2-	1
1	26-1-	1
\.


--
-- Data for Name: internal_tags; Type: TABLE DATA; Schema: public; Owner: -
--

COPY public.internal_tags (id, name, description, is_system, created_by, created_time, modified_by, modified_time) FROM stdin;
1	Reporter	Organization must submit reports to Terraformation.	t	2	2024-03-05 04:05:06.02364+00	2	2024-03-05 04:05:06.02364+00
2	Internal	Terraformation-managed internal organization, not a customer.	t	2	2024-03-05 04:05:06.02364+00	2	2024-03-05 04:05:06.02364+00
3	Testing	Used for internal testing; may contain invalid data.	t	2	2024-03-05 04:05:06.02364+00	2	2024-03-05 04:05:06.02364+00
4	Accelerator	Organization is an accelerator participant.	t	2	2024-03-05 04:05:06.02364+00	2	2024-03-05 04:05:06.02364+00
\.


--
-- Data for Name: jobrunr_backgroundjobservers; Type: TABLE DATA; Schema: public; Owner: -
--

COPY public.jobrunr_backgroundjobservers (id, workerpoolsize, pollintervalinseconds, firstheartbeat, lastheartbeat, running, systemtotalmemory, systemfreememory, systemcpuload, processmaxmemory, processfreememory, processallocatedmemory, processcpuload, deletesucceededjobsafter, permanentlydeletejobsafter, name) FROM stdin;
098281d2-2e10-45cb-8cdc-7ce195641b54	224	15	2025-11-05 20:12:16.789256	2025-11-05 20:13:46.940418	1	8217473024	3754422272	0.01	2055208960	1818794544	236414416	0.01	PT36H	PT72H	ab58c809169a
2762c12e-810a-4d11-93bc-f8472169f4aa	224	15	2026-01-05 22:38:31.489747	2026-01-05 22:38:31.491796	1	8216887296	3004219392	0.00	2055208960	1868781616	186427344	0.00	PT36H	PT72H	1f1c7ba514ef
8dd2eff2-33a3-4834-a210-89525ce7056b	224	15	2026-02-05 21:11:06.619662	2026-02-05 21:11:51.694368	1	8216821760	4637999104	0.00	2055208960	1814186840	241022120	0.00	PT36H	PT72H	3d80e30a1bc7
\.


--
-- Data for Name: jobrunr_jobs; Type: TABLE DATA; Schema: public; Owner: -
--

COPY public.jobrunr_jobs (id, version, jobasjson, jobsignature, state, createdat, updatedat, scheduledat, recurringjobid) FROM stdin;
0197fb73-181d-72c1-bde3-43c0d363a234	5	{"version":5,"jobSignature":"com.terraformation.backend.customer.FacilityService.scanForIdleFacilities()","jobName":"FacilityService.scanForIdleFacilities","amountOfRetries":0,"labels":[],"jobDetails":{"className":"com.terraformation.backend.customer.FacilityService","methodName":"scanForIdleFacilities","jobParameters":[],"cacheable":true},"id":"0197fb73-181d-72c1-bde3-43c0d363a234","jobHistory":[{"@class":"org.jobrunr.jobs.states.ScheduledState","state":"SCHEDULED","createdAt":"2025-07-11T21:45:13.501021251Z","scheduledAt":"2025-07-11T21:46:00Z","reason":"Ahead of time by recurring job 'FacilityService.scanForIdleFacilities'"},{"@class":"org.jobrunr.jobs.states.EnqueuedState","state":"ENQUEUED","createdAt":"2025-07-11T21:45:58.545543174Z"},{"@class":"org.jobrunr.jobs.states.ProcessingState","state":"PROCESSING","createdAt":"2025-07-11T21:46:13.515770334Z","serverId":"828a694d-0209-4484-a7bb-ed943b84e50b","serverName":"fd5fca596b1d","updatedAt":"2025-07-11T21:46:13.515770334Z"},{"@class":"org.jobrunr.jobs.states.SucceededState","state":"SUCCEEDED","createdAt":"2025-07-11T21:46:13.556008376Z","latencyDuration":14.970227160,"processDuration":0.040231667},{"@class":"org.jobrunr.jobs.states.DeletedState","state":"DELETED","createdAt":"2025-11-05T17:26:35.370642803Z","reason":"JobRunr maintenance - deleting succeeded job"}],"metadata":{"@class":"java.util.concurrent.ConcurrentHashMap","jobRunrDashboardLog-3":{"@class":"org.jobrunr.jobs.context.JobDashboardLogger$JobDashboardLogLines","logLines":[]}},"recurringJobId":"FacilityService.scanForIdleFacilities"}	com.terraformation.backend.customer.FacilityService.scanForIdleFacilities()	DELETED	2025-07-11 21:45:13.501021	2025-11-05 17:26:35.370643	2025-07-11 21:46:00	FacilityService.scanForIdleFacilities
0197fb74-3d5a-732f-90d1-8b5ddab83733	5	{"version":5,"jobSignature":"com.terraformation.backend.ratelimit.RateLimitedEventPublisherImpl.scanPendingEvents()","jobName":"RateLimitedEventPublisher.scanPendingEvents","amountOfRetries":0,"labels":[],"jobDetails":{"className":"com.terraformation.backend.ratelimit.RateLimitedEventPublisherImpl","methodName":"scanPendingEvents","jobParameters":[],"cacheable":true},"id":"0197fb74-3d5a-732f-90d1-8b5ddab83733","jobHistory":[{"@class":"org.jobrunr.jobs.states.ScheduledState","state":"SCHEDULED","createdAt":"2025-07-11T21:46:28.570712424Z","scheduledAt":"2025-07-11T21:47:00Z","reason":"Ahead of time by recurring job 'RateLimitedEventPublisher.scanPendingEvents'"},{"@class":"org.jobrunr.jobs.states.EnqueuedState","state":"ENQUEUED","createdAt":"2025-07-11T21:46:58.595597299Z"},{"@class":"org.jobrunr.jobs.states.ProcessingState","state":"PROCESSING","createdAt":"2025-07-11T21:47:13.570745584Z","serverId":"828a694d-0209-4484-a7bb-ed943b84e50b","serverName":"fd5fca596b1d","updatedAt":"2025-07-11T21:47:13.570745584Z"},{"@class":"org.jobrunr.jobs.states.SucceededState","state":"SUCCEEDED","createdAt":"2025-07-11T21:47:13.591835001Z","latencyDuration":14.975148285,"processDuration":0.021084500},{"@class":"org.jobrunr.jobs.states.DeletedState","state":"DELETED","createdAt":"2025-11-05T17:26:35.370670761Z","reason":"JobRunr maintenance - deleting succeeded job"}],"metadata":{"@class":"java.util.concurrent.ConcurrentHashMap","jobRunrDashboardLog-3":{"@class":"org.jobrunr.jobs.context.JobDashboardLogger$JobDashboardLogLines","logLines":[]}},"recurringJobId":"RateLimitedEventPublisher.scanPendingEvents"}	com.terraformation.backend.ratelimit.RateLimitedEventPublisherImpl.scanPendingEvents()	DELETED	2025-07-11 21:46:28.570712	2025-11-05 17:26:35.370671	2025-07-11 21:47:00	RateLimitedEventPublisher.scanPendingEvents
0197fb74-ed43-7ab1-b5fe-15d72154dce1	5	{"version":5,"jobSignature":"com.terraformation.backend.ratelimit.RateLimitedEventPublisherImpl.scanPendingEvents()","jobName":"RateLimitedEventPublisher.scanPendingEvents","amountOfRetries":0,"labels":[],"jobDetails":{"className":"com.terraformation.backend.ratelimit.RateLimitedEventPublisherImpl","methodName":"scanPendingEvents","jobParameters":[],"cacheable":true},"id":"0197fb74-ed43-7ab1-b5fe-15d72154dce1","jobHistory":[{"@class":"org.jobrunr.jobs.states.ScheduledState","state":"SCHEDULED","createdAt":"2025-07-11T21:47:13.602989209Z","scheduledAt":"2025-07-11T21:48:00Z","reason":"Ahead of time by recurring job 'RateLimitedEventPublisher.scanPendingEvents'"},{"@class":"org.jobrunr.jobs.states.EnqueuedState","state":"ENQUEUED","createdAt":"2025-07-11T21:47:58.632717341Z"},{"@class":"org.jobrunr.jobs.states.ProcessingState","state":"PROCESSING","createdAt":"2025-07-11T21:48:13.599885792Z","serverId":"828a694d-0209-4484-a7bb-ed943b84e50b","serverName":"fd5fca596b1d","updatedAt":"2025-07-11T21:48:13.599885792Z"},{"@class":"org.jobrunr.jobs.states.SucceededState","state":"SUCCEEDED","createdAt":"2025-07-11T21:48:13.608536959Z","latencyDuration":14.967168451,"processDuration":0.008648250},{"@class":"org.jobrunr.jobs.states.DeletedState","state":"DELETED","createdAt":"2025-11-05T17:26:35.370676386Z","reason":"JobRunr maintenance - deleting succeeded job"}],"metadata":{"@class":"java.util.concurrent.ConcurrentHashMap","jobRunrDashboardLog-3":{"@class":"org.jobrunr.jobs.context.JobDashboardLogger$JobDashboardLogLines","logLines":[]}},"recurringJobId":"RateLimitedEventPublisher.scanPendingEvents"}	com.terraformation.backend.ratelimit.RateLimitedEventPublisherImpl.scanPendingEvents()	DELETED	2025-07-11 21:47:13.602989	2025-11-05 17:26:35.370676	2025-07-11 21:48:00	RateLimitedEventPublisher.scanPendingEvents
0197fb73-181d-72c1-bde3-43c0d363a235	5	{"version":5,"jobSignature":"com.terraformation.backend.daily.DailyTaskRunner.runDailyTasks()","jobName":"com.terraformation.backend.daily.DailyTaskRunner.runDailyTasks()","labels":[],"jobDetails":{"className":"com.terraformation.backend.daily.DailyTaskRunner","methodName":"runDailyTasks","jobParameters":[],"cacheable":true},"id":"0197fb73-181d-72c1-bde3-43c0d363a235","jobHistory":[{"@class":"org.jobrunr.jobs.states.ScheduledState","state":"SCHEDULED","createdAt":"2025-07-11T21:45:13.501316001Z","scheduledAt":"2025-07-12T00:01:00Z","reason":"Ahead of time by recurring job 'com.terraformation.backend.daily.DailyTaskRunner.runDailyTasks()'"},{"@class":"org.jobrunr.jobs.states.EnqueuedState","state":"ENQUEUED","createdAt":"2025-11-05T17:26:35.352065178Z"},{"@class":"org.jobrunr.jobs.states.ProcessingState","state":"PROCESSING","createdAt":"2025-11-05T17:26:50.250776462Z","serverId":"e08e1b03-e3e7-4ba3-90ac-a76508d1c737","serverName":"6ac0c190d95c","updatedAt":"2025-11-05T17:26:50.250776462Z"},{"@class":"org.jobrunr.jobs.states.SucceededState","state":"SUCCEEDED","createdAt":"2025-11-05T17:26:50.351971421Z","latencyDuration":14.898711284,"processDuration":0.101191584}],"metadata":{"@class":"java.util.concurrent.ConcurrentHashMap","jobRunrDashboardLog-3":{"@class":"org.jobrunr.jobs.context.JobDashboardLogger$JobDashboardLogLines","logLines":[]}},"recurringJobId":"DailyTaskRunner"}	com.terraformation.backend.daily.DailyTaskRunner.runDailyTasks()	SUCCEEDED	2025-07-11 21:45:13.501316	2025-11-05 17:26:50.351971	2025-07-12 00:01:00	DailyTaskRunner
0197fb73-181c-7dc9-90db-adde7a3d3555	5	{"version":5,"jobSignature":"com.terraformation.backend.ratelimit.RateLimitedEventPublisherImpl.scanPendingEvents()","jobName":"RateLimitedEventPublisher.scanPendingEvents","amountOfRetries":0,"labels":[],"jobDetails":{"className":"com.terraformation.backend.ratelimit.RateLimitedEventPublisherImpl","methodName":"scanPendingEvents","jobParameters":[],"cacheable":true},"id":"0197fb73-181c-7dc9-90db-adde7a3d3555","jobHistory":[{"@class":"org.jobrunr.jobs.states.ScheduledState","state":"SCHEDULED","createdAt":"2025-07-11T21:45:13.500094626Z","scheduledAt":"2025-07-11T21:46:00Z","reason":"Ahead of time by recurring job 'RateLimitedEventPublisher.scanPendingEvents'"},{"@class":"org.jobrunr.jobs.states.EnqueuedState","state":"ENQUEUED","createdAt":"2025-07-11T21:45:58.545518633Z"},{"@class":"org.jobrunr.jobs.states.ProcessingState","state":"PROCESSING","createdAt":"2025-07-11T21:46:13.515741751Z","serverId":"828a694d-0209-4484-a7bb-ed943b84e50b","serverName":"fd5fca596b1d","updatedAt":"2025-07-11T21:46:13.515741751Z"},{"@class":"org.jobrunr.jobs.states.SucceededState","state":"SUCCEEDED","createdAt":"2025-07-11T21:46:13.564435209Z","latencyDuration":14.970223118,"processDuration":0.048691416},{"@class":"org.jobrunr.jobs.states.DeletedState","state":"DELETED","createdAt":"2025-11-05T17:26:35.370666220Z","reason":"JobRunr maintenance - deleting succeeded job"}],"metadata":{"@class":"java.util.concurrent.ConcurrentHashMap","jobRunrDashboardLog-3":{"@class":"org.jobrunr.jobs.context.JobDashboardLogger$JobDashboardLogLines","logLines":[]}},"recurringJobId":"RateLimitedEventPublisher.scanPendingEvents"}	com.terraformation.backend.ratelimit.RateLimitedEventPublisherImpl.scanPendingEvents()	DELETED	2025-07-11 21:45:13.500095	2025-11-05 17:26:35.370666	2025-07-11 21:46:00	RateLimitedEventPublisher.scanPendingEvents
0197fb74-02bc-7b5c-8dbc-2c8ecf1ed9bc	5	{"version":5,"jobSignature":"com.terraformation.backend.customer.FacilityService.scanForIdleFacilities()","jobName":"FacilityService.scanForIdleFacilities","amountOfRetries":0,"labels":[],"jobDetails":{"className":"com.terraformation.backend.customer.FacilityService","methodName":"scanForIdleFacilities","jobParameters":[],"cacheable":true},"id":"0197fb74-02bc-7b5c-8dbc-2c8ecf1ed9bc","jobHistory":[{"@class":"org.jobrunr.jobs.states.ScheduledState","state":"SCHEDULED","createdAt":"2025-07-11T21:46:13.564060834Z","scheduledAt":"2025-07-11T21:47:00Z","reason":"Ahead of time by recurring job 'FacilityService.scanForIdleFacilities'"},{"@class":"org.jobrunr.jobs.states.EnqueuedState","state":"ENQUEUED","createdAt":"2025-07-11T21:46:58.595576758Z"},{"@class":"org.jobrunr.jobs.states.ProcessingState","state":"PROCESSING","createdAt":"2025-07-11T21:47:13.570681542Z","serverId":"828a694d-0209-4484-a7bb-ed943b84e50b","serverName":"fd5fca596b1d","updatedAt":"2025-07-11T21:47:13.570681542Z"},{"@class":"org.jobrunr.jobs.states.SucceededState","state":"SUCCEEDED","createdAt":"2025-07-11T21:47:13.592968959Z","latencyDuration":14.975104784,"processDuration":0.022285500},{"@class":"org.jobrunr.jobs.states.DeletedState","state":"DELETED","createdAt":"2025-11-05T17:26:35.370673678Z","reason":"JobRunr maintenance - deleting succeeded job"}],"metadata":{"@class":"java.util.concurrent.ConcurrentHashMap","jobRunrDashboardLog-3":{"@class":"org.jobrunr.jobs.context.JobDashboardLogger$JobDashboardLogLines","logLines":[]}},"recurringJobId":"FacilityService.scanForIdleFacilities"}	com.terraformation.backend.customer.FacilityService.scanForIdleFacilities()	DELETED	2025-07-11 21:46:13.564061	2025-11-05 17:26:35.370674	2025-07-11 21:47:00	FacilityService.scanForIdleFacilities
0197fb74-ed43-7ab1-b5fe-15d72154dce2	5	{"version":5,"jobSignature":"com.terraformation.backend.customer.FacilityService.scanForIdleFacilities()","jobName":"FacilityService.scanForIdleFacilities","amountOfRetries":0,"labels":[],"jobDetails":{"className":"com.terraformation.backend.customer.FacilityService","methodName":"scanForIdleFacilities","jobParameters":[],"cacheable":true},"id":"0197fb74-ed43-7ab1-b5fe-15d72154dce2","jobHistory":[{"@class":"org.jobrunr.jobs.states.ScheduledState","state":"SCHEDULED","createdAt":"2025-07-11T21:47:13.603649876Z","scheduledAt":"2025-07-11T21:48:00Z","reason":"Ahead of time by recurring job 'FacilityService.scanForIdleFacilities'"},{"@class":"org.jobrunr.jobs.states.EnqueuedState","state":"ENQUEUED","createdAt":"2025-07-11T21:47:58.632735883Z"},{"@class":"org.jobrunr.jobs.states.ProcessingState","state":"PROCESSING","createdAt":"2025-07-11T21:48:13.599903209Z","serverId":"828a694d-0209-4484-a7bb-ed943b84e50b","serverName":"fd5fca596b1d","updatedAt":"2025-07-11T21:48:13.599903209Z"},{"@class":"org.jobrunr.jobs.states.SucceededState","state":"SUCCEEDED","createdAt":"2025-07-11T21:48:13.608835209Z","latencyDuration":14.967167326,"processDuration":0.008930000},{"@class":"org.jobrunr.jobs.states.DeletedState","state":"DELETED","createdAt":"2025-11-05T17:26:35.370679011Z","reason":"JobRunr maintenance - deleting succeeded job"}],"metadata":{"@class":"java.util.concurrent.ConcurrentHashMap","jobRunrDashboardLog-3":{"@class":"org.jobrunr.jobs.context.JobDashboardLogger$JobDashboardLogLines","logLines":[]}},"recurringJobId":"FacilityService.scanForIdleFacilities"}	com.terraformation.backend.customer.FacilityService.scanForIdleFacilities()	DELETED	2025-07-11 21:47:13.60365	2025-11-05 17:26:35.370679	2025-07-11 21:48:00	FacilityService.scanForIdleFacilities
0197fb73-181e-7d05-b597-75816c8793d1	5	{"version":5,"jobSignature":"com.terraformation.backend.daily.NotificationScanner.sendNotifications()","jobName":"com.terraformation.backend.daily.NotificationScanner.sendNotifications()","labels":[],"jobDetails":{"className":"com.terraformation.backend.daily.NotificationScanner","methodName":"sendNotifications","jobParameters":[],"cacheable":true},"id":"0197fb73-181e-7d05-b597-75816c8793d1","jobHistory":[{"@class":"org.jobrunr.jobs.states.ScheduledState","state":"SCHEDULED","createdAt":"2025-07-11T21:45:13.502014584Z","scheduledAt":"2025-07-11T22:00:00Z","reason":"Ahead of time by recurring job 'com.terraformation.backend.daily.NotificationScanner.sendNotifications()'"},{"@class":"org.jobrunr.jobs.states.EnqueuedState","state":"ENQUEUED","createdAt":"2025-11-05T17:26:35.352403970Z"},{"@class":"org.jobrunr.jobs.states.ProcessingState","state":"PROCESSING","createdAt":"2025-11-05T17:26:50.250814629Z","serverId":"e08e1b03-e3e7-4ba3-90ac-a76508d1c737","serverName":"6ac0c190d95c","updatedAt":"2025-11-05T17:26:50.250814629Z"},{"@class":"org.jobrunr.jobs.states.SucceededState","state":"SUCCEEDED","createdAt":"2025-11-05T17:26:50.372935129Z","latencyDuration":14.898410659,"processDuration":0.122118708}],"metadata":{"@class":"java.util.concurrent.ConcurrentHashMap","jobRunrDashboardLog-3":{"@class":"org.jobrunr.jobs.context.JobDashboardLogger$JobDashboardLogLines","logLines":[]}},"recurringJobId":"NotificationScanner"}	com.terraformation.backend.daily.NotificationScanner.sendNotifications()	SUCCEEDED	2025-07-11 21:45:13.502015	2025-11-05 17:26:50.372935	2025-07-11 22:00:00	NotificationScanner
0197fb73-181e-7d05-b597-75816c8793d2	5	{"version":5,"jobSignature":"com.terraformation.backend.daily.ObservationScheduler.transitionObservations()","jobName":"com.terraformation.backend.daily.ObservationScheduler.transitionObservations()","labels":[],"jobDetails":{"className":"com.terraformation.backend.daily.ObservationScheduler","methodName":"transitionObservations","jobParameters":[],"cacheable":true},"id":"0197fb73-181e-7d05-b597-75816c8793d2","jobHistory":[{"@class":"org.jobrunr.jobs.states.ScheduledState","state":"SCHEDULED","createdAt":"2025-07-11T21:45:13.502326334Z","scheduledAt":"2025-07-11T22:00:00Z","reason":"Ahead of time by recurring job 'com.terraformation.backend.daily.ObservationScheduler.transitionObservations()'"},{"@class":"org.jobrunr.jobs.states.EnqueuedState","state":"ENQUEUED","createdAt":"2025-11-05T17:26:35.352406053Z"},{"@class":"org.jobrunr.jobs.states.ProcessingState","state":"PROCESSING","createdAt":"2025-11-05T17:26:50.250817254Z","serverId":"e08e1b03-e3e7-4ba3-90ac-a76508d1c737","serverName":"6ac0c190d95c","updatedAt":"2025-11-05T17:26:50.250817254Z"},{"@class":"org.jobrunr.jobs.states.SucceededState","state":"SUCCEEDED","createdAt":"2025-11-05T17:26:51.226471463Z","latencyDuration":14.898411201,"processDuration":0.975652459}],"metadata":{"@class":"java.util.concurrent.ConcurrentHashMap","jobRunrDashboardLog-3":{"@class":"org.jobrunr.jobs.context.JobDashboardLogger$JobDashboardLogLines","logLines":[]}},"recurringJobId":"ObservationScheduler"}	com.terraformation.backend.daily.ObservationScheduler.transitionObservations()	SUCCEEDED	2025-07-11 21:45:13.502326	2025-11-05 17:26:51.226471	2025-07-11 22:00:00	ObservationScheduler
0197fb73-181e-7d05-b597-75816c8793d3	5	{"version":5,"jobSignature":"com.terraformation.backend.daily.PlantingSeasonScheduler.transitionPlantingSeasons()","jobName":"com.terraformation.backend.daily.PlantingSeasonScheduler.transitionPlantingSeasons()","labels":[],"jobDetails":{"className":"com.terraformation.backend.daily.PlantingSeasonScheduler","methodName":"transitionPlantingSeasons","jobParameters":[],"cacheable":true},"id":"0197fb73-181e-7d05-b597-75816c8793d3","jobHistory":[{"@class":"org.jobrunr.jobs.states.ScheduledState","state":"SCHEDULED","createdAt":"2025-07-11T21:45:13.502569084Z","scheduledAt":"2025-07-11T22:00:00Z","reason":"Ahead of time by recurring job 'com.terraformation.backend.daily.PlantingSeasonScheduler.transitionPlantingSeasons()'"},{"@class":"org.jobrunr.jobs.states.EnqueuedState","state":"ENQUEUED","createdAt":"2025-11-05T17:26:35.352407761Z"},{"@class":"org.jobrunr.jobs.states.ProcessingState","state":"PROCESSING","createdAt":"2025-11-05T17:26:50.250819796Z","serverId":"e08e1b03-e3e7-4ba3-90ac-a76508d1c737","serverName":"6ac0c190d95c","updatedAt":"2025-11-05T17:26:50.250819796Z"},{"@class":"org.jobrunr.jobs.states.SucceededState","state":"SUCCEEDED","createdAt":"2025-11-05T17:26:51.273064004Z","latencyDuration":14.898412035,"processDuration":1.022243000}],"metadata":{"@class":"java.util.concurrent.ConcurrentHashMap","jobRunrDashboardLog-3":{"@class":"org.jobrunr.jobs.context.JobDashboardLogger$JobDashboardLogLines","logLines":[]}},"recurringJobId":"PlantingSeasonScheduler"}	com.terraformation.backend.daily.PlantingSeasonScheduler.transitionPlantingSeasons()	SUCCEEDED	2025-07-11 21:45:13.502569	2025-11-05 17:26:51.273064	2025-07-11 22:00:00	PlantingSeasonScheduler
0197fb75-d7c7-7b79-a233-5130602825be	5	{"version":5,"jobSignature":"com.terraformation.backend.customer.FacilityService.scanForIdleFacilities()","jobName":"FacilityService.scanForIdleFacilities","amountOfRetries":0,"labels":[],"jobDetails":{"className":"com.terraformation.backend.customer.FacilityService","methodName":"scanForIdleFacilities","jobParameters":[],"cacheable":true},"id":"0197fb75-d7c7-7b79-a233-5130602825be","jobHistory":[{"@class":"org.jobrunr.jobs.states.ScheduledState","state":"SCHEDULED","createdAt":"2025-07-11T21:48:13.639229209Z","scheduledAt":"2025-07-11T21:49:00Z","reason":"Ahead of time by recurring job 'FacilityService.scanForIdleFacilities'"},{"@class":"org.jobrunr.jobs.states.EnqueuedState","state":"ENQUEUED","createdAt":"2025-11-05T17:26:35.352412553Z"},{"@class":"org.jobrunr.jobs.states.ProcessingState","state":"PROCESSING","createdAt":"2025-11-05T17:26:50.250826546Z","serverId":"e08e1b03-e3e7-4ba3-90ac-a76508d1c737","serverName":"6ac0c190d95c","updatedAt":"2025-11-05T17:26:50.250826546Z"},{"@class":"org.jobrunr.jobs.states.SucceededState","state":"SUCCEEDED","createdAt":"2025-11-05T17:26:50.301028504Z","latencyDuration":14.898413993,"processDuration":0.050193166}],"metadata":{"@class":"java.util.concurrent.ConcurrentHashMap","jobRunrDashboardLog-3":{"@class":"org.jobrunr.jobs.context.JobDashboardLogger$JobDashboardLogLines","logLines":[]}},"recurringJobId":"FacilityService.scanForIdleFacilities"}	com.terraformation.backend.customer.FacilityService.scanForIdleFacilities()	SUCCEEDED	2025-07-11 21:48:13.639229	2025-11-05 17:26:50.301029	2025-07-11 21:49:00	FacilityService.scanForIdleFacilities
0197fb75-d7c6-7d44-97c9-7f76380e1890	5	{"version":5,"jobSignature":"com.terraformation.backend.ratelimit.RateLimitedEventPublisherImpl.scanPendingEvents()","jobName":"RateLimitedEventPublisher.scanPendingEvents","amountOfRetries":0,"labels":[],"jobDetails":{"className":"com.terraformation.backend.ratelimit.RateLimitedEventPublisherImpl","methodName":"scanPendingEvents","jobParameters":[],"cacheable":true},"id":"0197fb75-d7c6-7d44-97c9-7f76380e1890","jobHistory":[{"@class":"org.jobrunr.jobs.states.ScheduledState","state":"SCHEDULED","createdAt":"2025-07-11T21:48:13.638685251Z","scheduledAt":"2025-07-11T21:49:00Z","reason":"Ahead of time by recurring job 'RateLimitedEventPublisher.scanPendingEvents'"},{"@class":"org.jobrunr.jobs.states.EnqueuedState","state":"ENQUEUED","createdAt":"2025-11-05T17:26:35.352410970Z"},{"@class":"org.jobrunr.jobs.states.ProcessingState","state":"PROCESSING","createdAt":"2025-11-05T17:26:50.250824379Z","serverId":"e08e1b03-e3e7-4ba3-90ac-a76508d1c737","serverName":"6ac0c190d95c","updatedAt":"2025-11-05T17:26:50.250824379Z"},{"@class":"org.jobrunr.jobs.states.SucceededState","state":"SUCCEEDED","createdAt":"2025-11-05T17:26:50.310418921Z","latencyDuration":14.898413409,"processDuration":0.059592792}],"metadata":{"@class":"java.util.concurrent.ConcurrentHashMap","jobRunrDashboardLog-3":{"@class":"org.jobrunr.jobs.context.JobDashboardLogger$JobDashboardLogLines","logLines":[]}},"recurringJobId":"RateLimitedEventPublisher.scanPendingEvents"}	com.terraformation.backend.ratelimit.RateLimitedEventPublisherImpl.scanPendingEvents()	SUCCEEDED	2025-07-11 21:48:13.638685	2025-11-05 17:26:50.310419	2025-07-11 21:49:00	RateLimitedEventPublisher.scanPendingEvents
0197fb73-181e-7d05-b597-75816c8793d4	5	{"version":5,"jobSignature":"com.terraformation.backend.device.TimeseriesPruner.pruneTimeseriesValues()","jobName":"com.terraformation.backend.device.TimeseriesPruner.pruneTimeseriesValues()","labels":[],"jobDetails":{"className":"com.terraformation.backend.device.TimeseriesPruner","methodName":"pruneTimeseriesValues","jobParameters":[],"cacheable":true},"id":"0197fb73-181e-7d05-b597-75816c8793d4","jobHistory":[{"@class":"org.jobrunr.jobs.states.ScheduledState","state":"SCHEDULED","createdAt":"2025-07-11T21:45:13.502772584Z","scheduledAt":"2025-07-11T21:53:00Z","reason":"Ahead of time by recurring job 'com.terraformation.backend.device.TimeseriesPruner.pruneTimeseriesValues()'"},{"@class":"org.jobrunr.jobs.states.EnqueuedState","state":"ENQUEUED","createdAt":"2025-11-05T17:26:35.352409386Z"},{"@class":"org.jobrunr.jobs.states.ProcessingState","state":"PROCESSING","createdAt":"2025-11-05T17:26:50.250822212Z","serverId":"e08e1b03-e3e7-4ba3-90ac-a76508d1c737","serverName":"6ac0c190d95c","updatedAt":"2025-11-05T17:26:50.250822212Z"},{"@class":"org.jobrunr.jobs.states.SucceededState","state":"SUCCEEDED","createdAt":"2025-11-05T17:26:50.314352337Z","latencyDuration":14.898412826,"processDuration":0.063528000}],"metadata":{"@class":"java.util.concurrent.ConcurrentHashMap","jobRunrDashboardLog-3":{"@class":"org.jobrunr.jobs.context.JobDashboardLogger$JobDashboardLogLines","logLines":[]}},"recurringJobId":"pruneTimeseriesValues"}	com.terraformation.backend.device.TimeseriesPruner.pruneTimeseriesValues()	SUCCEEDED	2025-07-11 21:45:13.502773	2025-11-05 17:26:50.314352	2025-07-11 21:53:00	pruneTimeseriesValues
0197fb73-181d-72c1-bde3-43c0d363a236	5	{"version":5,"jobSignature":"com.terraformation.backend.daily.MonitoringPlotElevationScheduler.updatePlotElevation(java.lang.Integer)","jobName":"com.terraformation.backend.daily.MonitoringPlotElevationScheduler.updatePlotElevation(50)","labels":[],"jobDetails":{"className":"com.terraformation.backend.daily.MonitoringPlotElevationScheduler","methodName":"updatePlotElevation","jobParameters":[{"className":"int","actualClassName":"java.lang.Integer","object":50}],"cacheable":true},"id":"0197fb73-181d-72c1-bde3-43c0d363a236","jobHistory":[{"@class":"org.jobrunr.jobs.states.ScheduledState","state":"SCHEDULED","createdAt":"2025-07-11T21:45:13.501756959Z","scheduledAt":"2025-07-11T22:00:00Z","reason":"Ahead of time by recurring job 'com.terraformation.backend.daily.MonitoringPlotElevationScheduler.updatePlotElevation(50)'"},{"@class":"org.jobrunr.jobs.states.EnqueuedState","state":"ENQUEUED","createdAt":"2025-11-05T17:26:35.352399386Z"},{"@class":"org.jobrunr.jobs.states.ProcessingState","state":"PROCESSING","createdAt":"2025-11-05T17:26:50.250810879Z","serverId":"e08e1b03-e3e7-4ba3-90ac-a76508d1c737","serverName":"6ac0c190d95c","updatedAt":"2025-11-05T17:26:50.250810879Z"},{"@class":"org.jobrunr.jobs.states.SucceededState","state":"SUCCEEDED","createdAt":"2025-11-05T17:26:50.654150213Z","latencyDuration":14.898411493,"processDuration":0.403337625}],"metadata":{"@class":"java.util.concurrent.ConcurrentHashMap","jobRunrDashboardLog-3":{"@class":"org.jobrunr.jobs.context.JobDashboardLogger$JobDashboardLogLines","logLines":[]}},"recurringJobId":"MonitoringPlotElevationScheduler"}	com.terraformation.backend.daily.MonitoringPlotElevationScheduler.updatePlotElevation(java.lang.Integer)	SUCCEEDED	2025-07-11 21:45:13.501757	2025-11-05 17:26:50.65415	2025-07-11 22:00:00	MonitoringPlotElevationScheduler
019a5559-6d3d-79c2-a892-a4ea306abd30	5	{"version":5,"jobSignature":"com.terraformation.backend.ratelimit.RateLimitedEventPublisherImpl.scanPendingEvents()","jobName":"RateLimitedEventPublisher.scanPendingEvents","amountOfRetries":0,"labels":[],"jobDetails":{"className":"com.terraformation.backend.ratelimit.RateLimitedEventPublisherImpl","methodName":"scanPendingEvents","jobParameters":[],"cacheable":true},"id":"019a5559-6d3d-79c2-a892-a4ea306abd30","jobHistory":[{"@class":"org.jobrunr.jobs.states.ScheduledState","state":"SCHEDULED","createdAt":"2025-11-05T18:48:35.389439010Z","scheduledAt":"2025-11-05T18:49:00Z","reason":"Ahead of time by recurring job 'RateLimitedEventPublisher.scanPendingEvents'"},{"@class":"org.jobrunr.jobs.states.EnqueuedState","state":"ENQUEUED","createdAt":"2025-11-05T19:26:27.793468131Z"},{"@class":"org.jobrunr.jobs.states.ProcessingState","state":"PROCESSING","createdAt":"2025-11-05T19:26:42.685733097Z","serverId":"2becbb66-1113-4dc8-bb60-0ca61b84ddc4","serverName":"74cf5b85d2ac","updatedAt":"2025-11-05T19:26:42.685733097Z"},{"@class":"org.jobrunr.jobs.states.SucceededState","state":"SUCCEEDED","createdAt":"2025-11-05T19:26:42.764084597Z","latencyDuration":14.892264966,"processDuration":0.078348125}],"metadata":{"@class":"java.util.concurrent.ConcurrentHashMap","jobRunrDashboardLog-3":{"@class":"org.jobrunr.jobs.context.JobDashboardLogger$JobDashboardLogLines","logLines":[]}},"recurringJobId":"RateLimitedEventPublisher.scanPendingEvents"}	com.terraformation.backend.ratelimit.RateLimitedEventPublisherImpl.scanPendingEvents()	SUCCEEDED	2025-11-05 18:48:35.389439	2025-11-05 19:26:42.764085	2025-11-05 18:49:00	RateLimitedEventPublisher.scanPendingEvents
019a5559-6d3e-7638-a67d-d6838308f9df	5	{"version":5,"jobSignature":"com.terraformation.backend.customer.FacilityService.scanForIdleFacilities()","jobName":"FacilityService.scanForIdleFacilities","amountOfRetries":0,"labels":[],"jobDetails":{"className":"com.terraformation.backend.customer.FacilityService","methodName":"scanForIdleFacilities","jobParameters":[],"cacheable":true},"id":"019a5559-6d3e-7638-a67d-d6838308f9df","jobHistory":[{"@class":"org.jobrunr.jobs.states.ScheduledState","state":"SCHEDULED","createdAt":"2025-11-05T18:48:35.390619427Z","scheduledAt":"2025-11-05T18:49:00Z","reason":"Ahead of time by recurring job 'FacilityService.scanForIdleFacilities'"},{"@class":"org.jobrunr.jobs.states.EnqueuedState","state":"ENQUEUED","createdAt":"2025-11-05T19:26:27.794064131Z"},{"@class":"org.jobrunr.jobs.states.ProcessingState","state":"PROCESSING","createdAt":"2025-11-05T19:26:42.685791722Z","serverId":"2becbb66-1113-4dc8-bb60-0ca61b84ddc4","serverName":"74cf5b85d2ac","updatedAt":"2025-11-05T19:26:42.685791722Z"},{"@class":"org.jobrunr.jobs.states.SucceededState","state":"SUCCEEDED","createdAt":"2025-11-05T19:26:42.759180222Z","latencyDuration":14.891727591,"processDuration":0.073011666}],"metadata":{"@class":"java.util.concurrent.ConcurrentHashMap","jobRunrDashboardLog-3":{"@class":"org.jobrunr.jobs.context.JobDashboardLogger$JobDashboardLogLines","logLines":[]}},"recurringJobId":"FacilityService.scanForIdleFacilities"}	com.terraformation.backend.customer.FacilityService.scanForIdleFacilities()	SUCCEEDED	2025-11-05 18:48:35.390619	2025-11-05 19:26:42.75918	2025-11-05 18:49:00	FacilityService.scanForIdleFacilities
019a5559-6d41-7311-bcb7-a3abf899bd1e	5	{"version":5,"jobSignature":"com.terraformation.backend.daily.NotificationScanner.sendNotifications()","jobName":"com.terraformation.backend.daily.NotificationScanner.sendNotifications()","labels":[],"jobDetails":{"className":"com.terraformation.backend.daily.NotificationScanner","methodName":"sendNotifications","jobParameters":[],"cacheable":true},"id":"019a5559-6d41-7311-bcb7-a3abf899bd1e","jobHistory":[{"@class":"org.jobrunr.jobs.states.ScheduledState","state":"SCHEDULED","createdAt":"2025-11-05T18:48:35.393069385Z","scheduledAt":"2025-11-05T19:00:00Z","reason":"Ahead of time by recurring job 'com.terraformation.backend.daily.NotificationScanner.sendNotifications()'"},{"@class":"org.jobrunr.jobs.states.EnqueuedState","state":"ENQUEUED","createdAt":"2025-11-05T19:26:27.794070423Z"},{"@class":"org.jobrunr.jobs.states.ProcessingState","state":"PROCESSING","createdAt":"2025-11-05T19:26:42.685797847Z","serverId":"2becbb66-1113-4dc8-bb60-0ca61b84ddc4","serverName":"74cf5b85d2ac","updatedAt":"2025-11-05T19:26:42.685797847Z"},{"@class":"org.jobrunr.jobs.states.SucceededState","state":"SUCCEEDED","createdAt":"2025-11-05T19:26:42.759497638Z","latencyDuration":14.891727424,"processDuration":0.073697833}],"metadata":{"@class":"java.util.concurrent.ConcurrentHashMap","jobRunrDashboardLog-3":{"@class":"org.jobrunr.jobs.context.JobDashboardLogger$JobDashboardLogLines","logLines":[]}},"recurringJobId":"NotificationScanner"}	com.terraformation.backend.daily.NotificationScanner.sendNotifications()	SUCCEEDED	2025-11-05 18:48:35.393069	2025-11-05 19:26:42.759498	2025-11-05 19:00:00	NotificationScanner
019a5559-6d3f-7030-8ee2-16795cfa253f	5	{"version":5,"jobSignature":"com.terraformation.backend.daily.MonitoringPlotElevationScheduler.updatePlotElevation(java.lang.Integer)","jobName":"com.terraformation.backend.daily.MonitoringPlotElevationScheduler.updatePlotElevation(50)","labels":[],"jobDetails":{"className":"com.terraformation.backend.daily.MonitoringPlotElevationScheduler","methodName":"updatePlotElevation","jobParameters":[{"className":"int","actualClassName":"java.lang.Integer","object":50}],"cacheable":true},"id":"019a5559-6d3f-7030-8ee2-16795cfa253f","jobHistory":[{"@class":"org.jobrunr.jobs.states.ScheduledState","state":"SCHEDULED","createdAt":"2025-11-05T18:48:35.391808719Z","scheduledAt":"2025-11-05T19:00:00Z","reason":"Ahead of time by recurring job 'com.terraformation.backend.daily.MonitoringPlotElevationScheduler.updatePlotElevation(50)'"},{"@class":"org.jobrunr.jobs.states.EnqueuedState","state":"ENQUEUED","createdAt":"2025-11-05T19:26:27.794068423Z"},{"@class":"org.jobrunr.jobs.states.ProcessingState","state":"PROCESSING","createdAt":"2025-11-05T19:26:42.685796055Z","serverId":"2becbb66-1113-4dc8-bb60-0ca61b84ddc4","serverName":"74cf5b85d2ac","updatedAt":"2025-11-05T19:26:42.685796055Z"},{"@class":"org.jobrunr.jobs.states.SucceededState","state":"SUCCEEDED","createdAt":"2025-11-05T19:26:43.228637180Z","latencyDuration":14.891727632,"processDuration":0.542839500}],"metadata":{"@class":"java.util.concurrent.ConcurrentHashMap","jobRunrDashboardLog-3":{"@class":"org.jobrunr.jobs.context.JobDashboardLogger$JobDashboardLogLines","logLines":[]}},"recurringJobId":"MonitoringPlotElevationScheduler"}	com.terraformation.backend.daily.MonitoringPlotElevationScheduler.updatePlotElevation(java.lang.Integer)	SUCCEEDED	2025-11-05 18:48:35.391809	2025-11-05 19:26:43.228637	2025-11-05 19:00:00	MonitoringPlotElevationScheduler
019a5559-6d41-7311-bcb7-a3abf899bd21	5	{"version":5,"jobSignature":"com.terraformation.backend.device.TimeseriesPruner.pruneTimeseriesValues()","jobName":"com.terraformation.backend.device.TimeseriesPruner.pruneTimeseriesValues()","labels":[],"jobDetails":{"className":"com.terraformation.backend.device.TimeseriesPruner","methodName":"pruneTimeseriesValues","jobParameters":[],"cacheable":true},"id":"019a5559-6d41-7311-bcb7-a3abf899bd21","jobHistory":[{"@class":"org.jobrunr.jobs.states.ScheduledState","state":"SCHEDULED","createdAt":"2025-11-05T18:48:35.393593635Z","scheduledAt":"2025-11-05T18:53:00Z","reason":"Ahead of time by recurring job 'com.terraformation.backend.device.TimeseriesPruner.pruneTimeseriesValues()'"},{"@class":"org.jobrunr.jobs.states.EnqueuedState","state":"ENQUEUED","createdAt":"2025-11-05T19:26:27.794074964Z"},{"@class":"org.jobrunr.jobs.states.ProcessingState","state":"PROCESSING","createdAt":"2025-11-05T19:26:42.685803472Z","serverId":"2becbb66-1113-4dc8-bb60-0ca61b84ddc4","serverName":"74cf5b85d2ac","updatedAt":"2025-11-05T19:26:42.685803472Z"},{"@class":"org.jobrunr.jobs.states.SucceededState","state":"SUCCEEDED","createdAt":"2025-11-05T19:26:42.762122097Z","latencyDuration":14.891728508,"processDuration":0.076316875}],"metadata":{"@class":"java.util.concurrent.ConcurrentHashMap","jobRunrDashboardLog-3":{"@class":"org.jobrunr.jobs.context.JobDashboardLogger$JobDashboardLogLines","logLines":[]}},"recurringJobId":"pruneTimeseriesValues"}	com.terraformation.backend.device.TimeseriesPruner.pruneTimeseriesValues()	SUCCEEDED	2025-11-05 18:48:35.393594	2025-11-05 19:26:42.762122	2025-11-05 18:53:00	pruneTimeseriesValues
019a5559-6d41-7311-bcb7-a3abf899bd1f	5	{"version":5,"jobSignature":"com.terraformation.backend.daily.ObservationScheduler.transitionObservations()","jobName":"com.terraformation.backend.daily.ObservationScheduler.transitionObservations()","labels":[],"jobDetails":{"className":"com.terraformation.backend.daily.ObservationScheduler","methodName":"transitionObservations","jobParameters":[],"cacheable":true},"id":"019a5559-6d41-7311-bcb7-a3abf899bd1f","jobHistory":[{"@class":"org.jobrunr.jobs.states.ScheduledState","state":"SCHEDULED","createdAt":"2025-11-05T18:48:35.393274510Z","scheduledAt":"2025-11-05T19:00:00Z","reason":"Ahead of time by recurring job 'com.terraformation.backend.daily.ObservationScheduler.transitionObservations()'"},{"@class":"org.jobrunr.jobs.states.EnqueuedState","state":"ENQUEUED","createdAt":"2025-11-05T19:26:27.794072006Z"},{"@class":"org.jobrunr.jobs.states.ProcessingState","state":"PROCESSING","createdAt":"2025-11-05T19:26:42.685799763Z","serverId":"2becbb66-1113-4dc8-bb60-0ca61b84ddc4","serverName":"74cf5b85d2ac","updatedAt":"2025-11-05T19:26:42.685799763Z"},{"@class":"org.jobrunr.jobs.states.SucceededState","state":"SUCCEEDED","createdAt":"2025-11-05T19:26:42.789799472Z","latencyDuration":14.891727757,"processDuration":0.103997792}],"metadata":{"@class":"java.util.concurrent.ConcurrentHashMap","jobRunrDashboardLog-3":{"@class":"org.jobrunr.jobs.context.JobDashboardLogger$JobDashboardLogLines","logLines":[]}},"recurringJobId":"ObservationScheduler"}	com.terraformation.backend.daily.ObservationScheduler.transitionObservations()	SUCCEEDED	2025-11-05 18:48:35.393275	2025-11-05 19:26:42.789799	2025-11-05 19:00:00	ObservationScheduler
019a557c-5474-7150-92cc-68b8cf574338	4	{"version":4,"jobSignature":"com.terraformation.backend.customer.FacilityService.scanForIdleFacilities()","jobName":"FacilityService.scanForIdleFacilities","amountOfRetries":0,"labels":[],"jobDetails":{"className":"com.terraformation.backend.customer.FacilityService","methodName":"scanForIdleFacilities","jobParameters":[],"cacheable":true},"id":"019a557c-5474-7150-92cc-68b8cf574338","jobHistory":[{"@class":"org.jobrunr.jobs.states.ScheduledState","state":"SCHEDULED","createdAt":"2025-11-05T19:26:42.804724722Z","scheduledAt":"2025-11-05T19:27:00Z","reason":"Ahead of time by recurring job 'FacilityService.scanForIdleFacilities'"},{"@class":"org.jobrunr.jobs.states.EnqueuedState","state":"ENQUEUED","createdAt":"2025-11-05T19:26:57.829410548Z"},{"@class":"org.jobrunr.jobs.states.ProcessingState","state":"PROCESSING","createdAt":"2025-11-05T19:27:12.742858013Z","serverId":"2becbb66-1113-4dc8-bb60-0ca61b84ddc4","serverName":"74cf5b85d2ac","updatedAt":"2025-11-05T19:27:12.742858013Z"},{"@class":"org.jobrunr.jobs.states.SucceededState","state":"SUCCEEDED","createdAt":"2025-11-05T19:27:12.756048430Z","latencyDuration":14.913447465,"processDuration":0.013187834}],"metadata":{"@class":"java.util.concurrent.ConcurrentHashMap","jobRunrDashboardLog-3":{"@class":"org.jobrunr.jobs.context.JobDashboardLogger$JobDashboardLogLines","logLines":[]}},"recurringJobId":"FacilityService.scanForIdleFacilities"}	com.terraformation.backend.customer.FacilityService.scanForIdleFacilities()	SUCCEEDED	2025-11-05 19:26:42.804725	2025-11-05 19:27:12.756048	2025-11-05 19:27:00	FacilityService.scanForIdleFacilities
019a5559-6d41-7311-bcb7-a3abf899bd20	5	{"version":5,"jobSignature":"com.terraformation.backend.daily.PlantingSeasonScheduler.transitionPlantingSeasons()","jobName":"com.terraformation.backend.daily.PlantingSeasonScheduler.transitionPlantingSeasons()","labels":[],"jobDetails":{"className":"com.terraformation.backend.daily.PlantingSeasonScheduler","methodName":"transitionPlantingSeasons","jobParameters":[],"cacheable":true},"id":"019a5559-6d41-7311-bcb7-a3abf899bd20","jobHistory":[{"@class":"org.jobrunr.jobs.states.ScheduledState","state":"SCHEDULED","createdAt":"2025-11-05T18:48:35.393434927Z","scheduledAt":"2025-11-05T19:00:00Z","reason":"Ahead of time by recurring job 'com.terraformation.backend.daily.PlantingSeasonScheduler.transitionPlantingSeasons()'"},{"@class":"org.jobrunr.jobs.states.EnqueuedState","state":"ENQUEUED","createdAt":"2025-11-05T19:26:27.794073506Z"},{"@class":"org.jobrunr.jobs.states.ProcessingState","state":"PROCESSING","createdAt":"2025-11-05T19:26:42.685801597Z","serverId":"2becbb66-1113-4dc8-bb60-0ca61b84ddc4","serverName":"74cf5b85d2ac","updatedAt":"2025-11-05T19:26:42.685801597Z"},{"@class":"org.jobrunr.jobs.states.SucceededState","state":"SUCCEEDED","createdAt":"2025-11-05T19:26:42.803960347Z","latencyDuration":14.891728091,"processDuration":0.118157291}],"metadata":{"@class":"java.util.concurrent.ConcurrentHashMap","jobRunrDashboardLog-3":{"@class":"org.jobrunr.jobs.context.JobDashboardLogger$JobDashboardLogLines","logLines":[]}},"recurringJobId":"PlantingSeasonScheduler"}	com.terraformation.backend.daily.PlantingSeasonScheduler.transitionPlantingSeasons()	SUCCEEDED	2025-11-05 18:48:35.393435	2025-11-05 19:26:42.80396	2025-11-05 19:00:00	PlantingSeasonScheduler
019a557c-5474-7150-92cc-68b8cf574337	4	{"version":4,"jobSignature":"com.terraformation.backend.ratelimit.RateLimitedEventPublisherImpl.scanPendingEvents()","jobName":"RateLimitedEventPublisher.scanPendingEvents","amountOfRetries":0,"labels":[],"jobDetails":{"className":"com.terraformation.backend.ratelimit.RateLimitedEventPublisherImpl","methodName":"scanPendingEvents","jobParameters":[],"cacheable":true},"id":"019a557c-5474-7150-92cc-68b8cf574337","jobHistory":[{"@class":"org.jobrunr.jobs.states.ScheduledState","state":"SCHEDULED","createdAt":"2025-11-05T19:26:42.804280722Z","scheduledAt":"2025-11-05T19:27:00Z","reason":"Ahead of time by recurring job 'RateLimitedEventPublisher.scanPendingEvents'"},{"@class":"org.jobrunr.jobs.states.EnqueuedState","state":"ENQUEUED","createdAt":"2025-11-05T19:26:57.829383006Z"},{"@class":"org.jobrunr.jobs.states.ProcessingState","state":"PROCESSING","createdAt":"2025-11-05T19:27:12.742824055Z","serverId":"2becbb66-1113-4dc8-bb60-0ca61b84ddc4","serverName":"74cf5b85d2ac","updatedAt":"2025-11-05T19:27:12.742824055Z"},{"@class":"org.jobrunr.jobs.states.SucceededState","state":"SUCCEEDED","createdAt":"2025-11-05T19:27:12.756044763Z","latencyDuration":14.913441049,"processDuration":0.013218167}],"metadata":{"@class":"java.util.concurrent.ConcurrentHashMap","jobRunrDashboardLog-3":{"@class":"org.jobrunr.jobs.context.JobDashboardLogger$JobDashboardLogLines","logLines":[]}},"recurringJobId":"RateLimitedEventPublisher.scanPendingEvents"}	com.terraformation.backend.ratelimit.RateLimitedEventPublisherImpl.scanPendingEvents()	SUCCEEDED	2025-11-05 19:26:42.804281	2025-11-05 19:27:12.756045	2025-11-05 19:27:00	RateLimitedEventPublisher.scanPendingEvents
019a5559-6d3f-7030-8ee2-16795cfa253e	3	{"version":3,"jobSignature":"com.terraformation.backend.daily.DailyTaskRunner.runDailyTasks()","jobName":"com.terraformation.backend.daily.DailyTaskRunner.runDailyTasks()","labels":[],"jobDetails":{"className":"com.terraformation.backend.daily.DailyTaskRunner","methodName":"runDailyTasks","jobParameters":[],"cacheable":true},"id":"019a5559-6d3f-7030-8ee2-16795cfa253e","jobHistory":[{"@class":"org.jobrunr.jobs.states.ScheduledState","state":"SCHEDULED","createdAt":"2025-11-05T18:48:35.391602135Z","scheduledAt":"2025-11-06T00:01:00Z","reason":"Ahead of time by recurring job 'com.terraformation.backend.daily.DailyTaskRunner.runDailyTasks()'"}],"metadata":{"@class":"java.util.concurrent.ConcurrentHashMap"},"recurringJobId":"DailyTaskRunner"}	com.terraformation.backend.daily.DailyTaskRunner.runDailyTasks()	SCHEDULED	2025-11-05 18:48:35.391602	2025-11-05 18:48:35.391602	2025-11-06 00:01:00	DailyTaskRunner
019a557c-5475-7fcc-9307-4fba8cea3108	5	{"version":5,"jobSignature":"com.terraformation.backend.daily.NotificationScanner.sendNotifications()","jobName":"com.terraformation.backend.daily.NotificationScanner.sendNotifications()","labels":[],"jobDetails":{"className":"com.terraformation.backend.daily.NotificationScanner","methodName":"sendNotifications","jobParameters":[],"cacheable":true},"id":"019a557c-5475-7fcc-9307-4fba8cea3108","jobHistory":[{"@class":"org.jobrunr.jobs.states.ScheduledState","state":"SCHEDULED","createdAt":"2025-11-05T19:26:42.805168347Z","scheduledAt":"2025-11-05T19:30:00Z","reason":"Ahead of time by recurring job 'com.terraformation.backend.daily.NotificationScanner.sendNotifications()'"},{"@class":"org.jobrunr.jobs.states.EnqueuedState","state":"ENQUEUED","createdAt":"2025-11-05T20:13:17.942222543Z"},{"@class":"org.jobrunr.jobs.states.ProcessingState","state":"PROCESSING","createdAt":"2025-11-05T20:13:32.863880883Z","serverId":"098281d2-2e10-45cb-8cdc-7ce195641b54","serverName":"ab58c809169a","updatedAt":"2025-11-05T20:13:32.863880883Z"},{"@class":"org.jobrunr.jobs.states.SucceededState","state":"SUCCEEDED","createdAt":"2025-11-05T20:13:32.912346591Z","latencyDuration":14.921658340,"processDuration":0.048229958}],"metadata":{"@class":"java.util.concurrent.ConcurrentHashMap","jobRunrDashboardLog-3":{"@class":"org.jobrunr.jobs.context.JobDashboardLogger$JobDashboardLogLines","logLines":[]}},"recurringJobId":"NotificationScanner"}	com.terraformation.backend.daily.NotificationScanner.sendNotifications()	SUCCEEDED	2025-11-05 19:26:42.805168	2025-11-05 20:13:32.912347	2025-11-05 19:30:00	NotificationScanner
019a557c-5475-7fcc-9307-4fba8cea310b	5	{"version":5,"jobSignature":"com.terraformation.backend.device.TimeseriesPruner.pruneTimeseriesValues()","jobName":"com.terraformation.backend.device.TimeseriesPruner.pruneTimeseriesValues()","labels":[],"jobDetails":{"className":"com.terraformation.backend.device.TimeseriesPruner","methodName":"pruneTimeseriesValues","jobParameters":[],"cacheable":true},"id":"019a557c-5475-7fcc-9307-4fba8cea310b","jobHistory":[{"@class":"org.jobrunr.jobs.states.ScheduledState","state":"SCHEDULED","createdAt":"2025-11-05T19:26:42.805654305Z","scheduledAt":"2025-11-05T19:38:00Z","reason":"Ahead of time by recurring job 'com.terraformation.backend.device.TimeseriesPruner.pruneTimeseriesValues()'"},{"@class":"org.jobrunr.jobs.states.EnqueuedState","state":"ENQUEUED","createdAt":"2025-11-05T20:13:17.942825334Z"},{"@class":"org.jobrunr.jobs.states.ProcessingState","state":"PROCESSING","createdAt":"2025-11-05T20:13:32.863923925Z","serverId":"098281d2-2e10-45cb-8cdc-7ce195641b54","serverName":"ab58c809169a","updatedAt":"2025-11-05T20:13:32.863923925Z"},{"@class":"org.jobrunr.jobs.states.SucceededState","state":"SUCCEEDED","createdAt":"2025-11-05T20:13:32.913447925Z","latencyDuration":14.921098591,"processDuration":0.049522125}],"metadata":{"@class":"java.util.concurrent.ConcurrentHashMap","jobRunrDashboardLog-3":{"@class":"org.jobrunr.jobs.context.JobDashboardLogger$JobDashboardLogLines","logLines":[]}},"recurringJobId":"pruneTimeseriesValues"}	com.terraformation.backend.device.TimeseriesPruner.pruneTimeseriesValues()	SUCCEEDED	2025-11-05 19:26:42.805654	2025-11-05 20:13:32.913448	2025-11-05 19:38:00	pruneTimeseriesValues
019a557c-8f17-724a-b76e-d401d47bed90	5	{"version":5,"jobSignature":"com.terraformation.backend.daily.MonitoringPlotElevationScheduler.updatePlotElevation(java.lang.Integer)","jobName":"com.terraformation.backend.daily.MonitoringPlotElevationScheduler.updatePlotElevation(50)","labels":[],"jobDetails":{"className":"com.terraformation.backend.daily.MonitoringPlotElevationScheduler","methodName":"updatePlotElevation","jobParameters":[{"className":"int","actualClassName":"java.lang.Integer","object":50}],"cacheable":true},"id":"019a557c-8f17-724a-b76e-d401d47bed90","jobHistory":[{"@class":"org.jobrunr.jobs.states.ScheduledState","state":"SCHEDULED","createdAt":"2025-11-05T19:26:57.815204173Z","scheduledAt":"2025-11-05T19:30:00Z","reason":"Ahead of time by recurring job 'com.terraformation.backend.daily.MonitoringPlotElevationScheduler.updatePlotElevation(50)'"},{"@class":"org.jobrunr.jobs.states.EnqueuedState","state":"ENQUEUED","createdAt":"2025-11-05T20:13:17.942826709Z"},{"@class":"org.jobrunr.jobs.states.ProcessingState","state":"PROCESSING","createdAt":"2025-11-05T20:13:32.863925883Z","serverId":"098281d2-2e10-45cb-8cdc-7ce195641b54","serverName":"ab58c809169a","updatedAt":"2025-11-05T20:13:32.863925883Z"},{"@class":"org.jobrunr.jobs.states.SucceededState","state":"SUCCEEDED","createdAt":"2025-11-05T20:13:32.912360175Z","latencyDuration":14.921099174,"processDuration":0.048200333}],"metadata":{"@class":"java.util.concurrent.ConcurrentHashMap","jobRunrDashboardLog-3":{"@class":"org.jobrunr.jobs.context.JobDashboardLogger$JobDashboardLogLines","logLines":[]}},"recurringJobId":"MonitoringPlotElevationScheduler"}	com.terraformation.backend.daily.MonitoringPlotElevationScheduler.updatePlotElevation(java.lang.Integer)	SUCCEEDED	2025-11-05 19:26:57.815204	2025-11-05 20:13:32.91236	2025-11-05 19:30:00	MonitoringPlotElevationScheduler
019a557c-c9c5-7272-88ac-3391040de89e	5	{"version":5,"jobSignature":"com.terraformation.backend.ratelimit.RateLimitedEventPublisherImpl.scanPendingEvents()","jobName":"RateLimitedEventPublisher.scanPendingEvents","amountOfRetries":0,"labels":[],"jobDetails":{"className":"com.terraformation.backend.ratelimit.RateLimitedEventPublisherImpl","methodName":"scanPendingEvents","jobParameters":[],"cacheable":true},"id":"019a557c-c9c5-7272-88ac-3391040de89e","jobHistory":[{"@class":"org.jobrunr.jobs.states.ScheduledState","state":"SCHEDULED","createdAt":"2025-11-05T19:27:12.837547847Z","scheduledAt":"2025-11-05T19:28:00Z","reason":"Ahead of time by recurring job 'RateLimitedEventPublisher.scanPendingEvents'"},{"@class":"org.jobrunr.jobs.states.EnqueuedState","state":"ENQUEUED","createdAt":"2025-11-05T20:13:17.942829126Z"},{"@class":"org.jobrunr.jobs.states.ProcessingState","state":"PROCESSING","createdAt":"2025-11-05T20:13:32.863929466Z","serverId":"098281d2-2e10-45cb-8cdc-7ce195641b54","serverName":"ab58c809169a","updatedAt":"2025-11-05T20:13:32.863929466Z"},{"@class":"org.jobrunr.jobs.states.SucceededState","state":"SUCCEEDED","createdAt":"2025-11-05T20:13:32.915030175Z","latencyDuration":14.921100340,"processDuration":0.051097292}],"metadata":{"@class":"java.util.concurrent.ConcurrentHashMap","jobRunrDashboardLog-3":{"@class":"org.jobrunr.jobs.context.JobDashboardLogger$JobDashboardLogLines","logLines":[]}},"recurringJobId":"RateLimitedEventPublisher.scanPendingEvents"}	com.terraformation.backend.ratelimit.RateLimitedEventPublisherImpl.scanPendingEvents()	SUCCEEDED	2025-11-05 19:27:12.837548	2025-11-05 20:13:32.91503	2025-11-05 19:28:00	RateLimitedEventPublisher.scanPendingEvents
019a557c-8f18-7eb3-9b48-d0268a973a56	5	{"version":5,"jobSignature":"com.terraformation.backend.daily.PlantingSeasonScheduler.transitionPlantingSeasons()","jobName":"com.terraformation.backend.daily.PlantingSeasonScheduler.transitionPlantingSeasons()","labels":[],"jobDetails":{"className":"com.terraformation.backend.daily.PlantingSeasonScheduler","methodName":"transitionPlantingSeasons","jobParameters":[],"cacheable":true},"id":"019a557c-8f18-7eb3-9b48-d0268a973a56","jobHistory":[{"@class":"org.jobrunr.jobs.states.ScheduledState","state":"SCHEDULED","createdAt":"2025-11-05T19:26:57.816905964Z","scheduledAt":"2025-11-05T19:30:00Z","reason":"Ahead of time by recurring job 'com.terraformation.backend.daily.PlantingSeasonScheduler.transitionPlantingSeasons()'"},{"@class":"org.jobrunr.jobs.states.EnqueuedState","state":"ENQUEUED","createdAt":"2025-11-05T20:13:17.942827959Z"},{"@class":"org.jobrunr.jobs.states.ProcessingState","state":"PROCESSING","createdAt":"2025-11-05T20:13:32.863927675Z","serverId":"098281d2-2e10-45cb-8cdc-7ce195641b54","serverName":"ab58c809169a","updatedAt":"2025-11-05T20:13:32.863927675Z"},{"@class":"org.jobrunr.jobs.states.SucceededState","state":"SUCCEEDED","createdAt":"2025-11-05T20:13:32.929679550Z","latencyDuration":14.921099716,"processDuration":0.065750125}],"metadata":{"@class":"java.util.concurrent.ConcurrentHashMap","jobRunrDashboardLog-3":{"@class":"org.jobrunr.jobs.context.JobDashboardLogger$JobDashboardLogLines","logLines":[]}},"recurringJobId":"PlantingSeasonScheduler"}	com.terraformation.backend.daily.PlantingSeasonScheduler.transitionPlantingSeasons()	SUCCEEDED	2025-11-05 19:26:57.816906	2025-11-05 20:13:32.92968	2025-11-05 19:30:00	PlantingSeasonScheduler
019a55a7-3595-7e43-99cf-8eefa66d1dff	1	{"version":1,"jobSignature":"com.terraformation.backend.ratelimit.RateLimitedEventPublisherImpl.scanPendingEvents()","jobName":"RateLimitedEventPublisher.scanPendingEvents","amountOfRetries":0,"labels":[],"jobDetails":{"className":"com.terraformation.backend.ratelimit.RateLimitedEventPublisherImpl","methodName":"scanPendingEvents","jobParameters":[],"cacheable":true},"id":"019a55a7-3595-7e43-99cf-8eefa66d1dff","jobHistory":[{"@class":"org.jobrunr.jobs.states.ScheduledState","state":"SCHEDULED","createdAt":"2025-11-05T20:13:32.949821800Z","scheduledAt":"2025-11-05T20:14:00Z","reason":"Ahead of time by recurring job 'RateLimitedEventPublisher.scanPendingEvents'"}],"metadata":{"@class":"java.util.concurrent.ConcurrentHashMap"},"recurringJobId":"RateLimitedEventPublisher.scanPendingEvents"}	com.terraformation.backend.ratelimit.RateLimitedEventPublisherImpl.scanPendingEvents()	SCHEDULED	2025-11-05 20:13:32.949822	2025-11-05 20:13:32.949822	2025-11-05 20:14:00	RateLimitedEventPublisher.scanPendingEvents
019a55a7-3596-7cd7-90f4-1bad97264dc6	1	{"version":1,"jobSignature":"com.terraformation.backend.customer.FacilityService.scanForIdleFacilities()","jobName":"FacilityService.scanForIdleFacilities","amountOfRetries":0,"labels":[],"jobDetails":{"className":"com.terraformation.backend.customer.FacilityService","methodName":"scanForIdleFacilities","jobParameters":[],"cacheable":true},"id":"019a55a7-3596-7cd7-90f4-1bad97264dc6","jobHistory":[{"@class":"org.jobrunr.jobs.states.ScheduledState","state":"SCHEDULED","createdAt":"2025-11-05T20:13:32.950265050Z","scheduledAt":"2025-11-05T20:14:00Z","reason":"Ahead of time by recurring job 'FacilityService.scanForIdleFacilities'"}],"metadata":{"@class":"java.util.concurrent.ConcurrentHashMap"},"recurringJobId":"FacilityService.scanForIdleFacilities"}	com.terraformation.backend.customer.FacilityService.scanForIdleFacilities()	SCHEDULED	2025-11-05 20:13:32.950265	2025-11-05 20:13:32.950265	2025-11-05 20:14:00	FacilityService.scanForIdleFacilities
019a55a7-3596-7cd7-90f4-1bad97264dc7	1	{"version":1,"jobSignature":"com.terraformation.backend.daily.MonitoringPlotElevationScheduler.updatePlotElevation(java.lang.Integer)","jobName":"com.terraformation.backend.daily.MonitoringPlotElevationScheduler.updatePlotElevation(50)","labels":[],"jobDetails":{"className":"com.terraformation.backend.daily.MonitoringPlotElevationScheduler","methodName":"updatePlotElevation","jobParameters":[{"className":"int","actualClassName":"java.lang.Integer","object":50}],"cacheable":true},"id":"019a55a7-3596-7cd7-90f4-1bad97264dc7","jobHistory":[{"@class":"org.jobrunr.jobs.states.ScheduledState","state":"SCHEDULED","createdAt":"2025-11-05T20:13:32.950537008Z","scheduledAt":"2025-11-05T20:15:00Z","reason":"Ahead of time by recurring job 'com.terraformation.backend.daily.MonitoringPlotElevationScheduler.updatePlotElevation(50)'"}],"metadata":{"@class":"java.util.concurrent.ConcurrentHashMap"},"recurringJobId":"MonitoringPlotElevationScheduler"}	com.terraformation.backend.daily.MonitoringPlotElevationScheduler.updatePlotElevation(java.lang.Integer)	SCHEDULED	2025-11-05 20:13:32.950537	2025-11-05 20:13:32.950537	2025-11-05 20:15:00	MonitoringPlotElevationScheduler
019a55a7-3596-7cd7-90f4-1bad97264dc8	1	{"version":1,"jobSignature":"com.terraformation.backend.daily.NotificationScanner.sendNotifications()","jobName":"com.terraformation.backend.daily.NotificationScanner.sendNotifications()","labels":[],"jobDetails":{"className":"com.terraformation.backend.daily.NotificationScanner","methodName":"sendNotifications","jobParameters":[],"cacheable":true},"id":"019a55a7-3596-7cd7-90f4-1bad97264dc8","jobHistory":[{"@class":"org.jobrunr.jobs.states.ScheduledState","state":"SCHEDULED","createdAt":"2025-11-05T20:13:32.950704675Z","scheduledAt":"2025-11-05T20:15:00Z","reason":"Ahead of time by recurring job 'com.terraformation.backend.daily.NotificationScanner.sendNotifications()'"}],"metadata":{"@class":"java.util.concurrent.ConcurrentHashMap"},"recurringJobId":"NotificationScanner"}	com.terraformation.backend.daily.NotificationScanner.sendNotifications()	SCHEDULED	2025-11-05 20:13:32.950705	2025-11-05 20:13:32.950705	2025-11-05 20:15:00	NotificationScanner
019a557c-c9c5-7272-88ac-3391040de89f	5	{"version":5,"jobSignature":"com.terraformation.backend.customer.FacilityService.scanForIdleFacilities()","jobName":"FacilityService.scanForIdleFacilities","amountOfRetries":0,"labels":[],"jobDetails":{"className":"com.terraformation.backend.customer.FacilityService","methodName":"scanForIdleFacilities","jobParameters":[],"cacheable":true},"id":"019a557c-c9c5-7272-88ac-3391040de89f","jobHistory":[{"@class":"org.jobrunr.jobs.states.ScheduledState","state":"SCHEDULED","createdAt":"2025-11-05T19:27:12.837945222Z","scheduledAt":"2025-11-05T19:28:00Z","reason":"Ahead of time by recurring job 'FacilityService.scanForIdleFacilities'"},{"@class":"org.jobrunr.jobs.states.EnqueuedState","state":"ENQUEUED","createdAt":"2025-11-05T20:13:17.942830293Z"},{"@class":"org.jobrunr.jobs.states.ProcessingState","state":"PROCESSING","createdAt":"2025-11-05T20:13:32.863931216Z","serverId":"098281d2-2e10-45cb-8cdc-7ce195641b54","serverName":"ab58c809169a","updatedAt":"2025-11-05T20:13:32.863931216Z"},{"@class":"org.jobrunr.jobs.states.SucceededState","state":"SUCCEEDED","createdAt":"2025-11-05T20:13:32.912344383Z","latencyDuration":14.921100923,"processDuration":0.048147292}],"metadata":{"@class":"java.util.concurrent.ConcurrentHashMap","jobRunrDashboardLog-3":{"@class":"org.jobrunr.jobs.context.JobDashboardLogger$JobDashboardLogLines","logLines":[]}},"recurringJobId":"FacilityService.scanForIdleFacilities"}	com.terraformation.backend.customer.FacilityService.scanForIdleFacilities()	SUCCEEDED	2025-11-05 19:27:12.837945	2025-11-05 20:13:32.912344	2025-11-05 19:28:00	FacilityService.scanForIdleFacilities
019a55a7-3597-74f2-9586-cdd718cca887	1	{"version":1,"jobSignature":"com.terraformation.backend.daily.PlantingSeasonScheduler.transitionPlantingSeasons()","jobName":"com.terraformation.backend.daily.PlantingSeasonScheduler.transitionPlantingSeasons()","labels":[],"jobDetails":{"className":"com.terraformation.backend.daily.PlantingSeasonScheduler","methodName":"transitionPlantingSeasons","jobParameters":[],"cacheable":true},"id":"019a55a7-3597-74f2-9586-cdd718cca887","jobHistory":[{"@class":"org.jobrunr.jobs.states.ScheduledState","state":"SCHEDULED","createdAt":"2025-11-05T20:13:32.951168258Z","scheduledAt":"2025-11-05T20:15:00Z","reason":"Ahead of time by recurring job 'com.terraformation.backend.daily.PlantingSeasonScheduler.transitionPlantingSeasons()'"}],"metadata":{"@class":"java.util.concurrent.ConcurrentHashMap"},"recurringJobId":"PlantingSeasonScheduler"}	com.terraformation.backend.daily.PlantingSeasonScheduler.transitionPlantingSeasons()	SCHEDULED	2025-11-05 20:13:32.951168	2025-11-05 20:13:32.951168	2025-11-05 20:15:00	PlantingSeasonScheduler
019a55a7-3597-74f2-9586-cdd718cca888	1	{"version":1,"jobSignature":"com.terraformation.backend.device.TimeseriesPruner.pruneTimeseriesValues()","jobName":"com.terraformation.backend.device.TimeseriesPruner.pruneTimeseriesValues()","labels":[],"jobDetails":{"className":"com.terraformation.backend.device.TimeseriesPruner","methodName":"pruneTimeseriesValues","jobParameters":[],"cacheable":true},"id":"019a55a7-3597-74f2-9586-cdd718cca888","jobHistory":[{"@class":"org.jobrunr.jobs.states.ScheduledState","state":"SCHEDULED","createdAt":"2025-11-05T20:13:32.951410175Z","scheduledAt":"2025-11-05T20:23:00Z","reason":"Ahead of time by recurring job 'com.terraformation.backend.device.TimeseriesPruner.pruneTimeseriesValues()'"}],"metadata":{"@class":"java.util.concurrent.ConcurrentHashMap"},"recurringJobId":"pruneTimeseriesValues"}	com.terraformation.backend.device.TimeseriesPruner.pruneTimeseriesValues()	SCHEDULED	2025-11-05 20:13:32.95141	2025-11-05 20:13:32.95141	2025-11-05 20:23:00	pruneTimeseriesValues
019a557c-5475-7fcc-9307-4fba8cea3109	5	{"version":5,"jobSignature":"com.terraformation.backend.daily.ObservationScheduler.transitionObservations()","jobName":"com.terraformation.backend.daily.ObservationScheduler.transitionObservations()","labels":[],"jobDetails":{"className":"com.terraformation.backend.daily.ObservationScheduler","methodName":"transitionObservations","jobParameters":[],"cacheable":true},"id":"019a557c-5475-7fcc-9307-4fba8cea3109","jobHistory":[{"@class":"org.jobrunr.jobs.states.ScheduledState","state":"SCHEDULED","createdAt":"2025-11-05T19:26:42.805290180Z","scheduledAt":"2025-11-05T19:30:00Z","reason":"Ahead of time by recurring job 'com.terraformation.backend.daily.ObservationScheduler.transitionObservations()'"},{"@class":"org.jobrunr.jobs.states.EnqueuedState","state":"ENQUEUED","createdAt":"2025-11-05T20:13:17.942821876Z"},{"@class":"org.jobrunr.jobs.states.ProcessingState","state":"PROCESSING","createdAt":"2025-11-05T20:13:32.863920675Z","serverId":"098281d2-2e10-45cb-8cdc-7ce195641b54","serverName":"ab58c809169a","updatedAt":"2025-11-05T20:13:32.863920675Z"},{"@class":"org.jobrunr.jobs.states.SucceededState","state":"SUCCEEDED","createdAt":"2025-11-05T20:13:32.956683091Z","latencyDuration":14.921098799,"processDuration":0.092760083}],"metadata":{"@class":"java.util.concurrent.ConcurrentHashMap","jobRunrDashboardLog-3":{"@class":"org.jobrunr.jobs.context.JobDashboardLogger$JobDashboardLogLines","logLines":[]}},"recurringJobId":"ObservationScheduler"}	com.terraformation.backend.daily.ObservationScheduler.transitionObservations()	SUCCEEDED	2025-11-05 19:26:42.80529	2025-11-05 20:13:32.956683	2025-11-05 19:30:00	ObservationScheduler
\.


--
-- Data for Name: jobrunr_metadata; Type: TABLE DATA; Schema: public; Owner: -
--

COPY public.jobrunr_metadata (id, name, owner, value, createdat, updatedat) FROM stdin;
\.


--
-- Data for Name: jobrunr_migrations; Type: TABLE DATA; Schema: public; Owner: -
--

COPY public.jobrunr_migrations (id, script, installedon) FROM stdin;
f2396d05-aac2-4a97-8ac3-2813fb31c114	v000__create_migrations_table.sql	2022-10-25T10:51:43.520637
9abaaaa2-523c-4e40-8615-4c819f256feb	v001__create_job_table.sql	2022-10-25T10:51:43.533360
30993cfb-cf6b-44f5-8467-1a7ff55416f7	v002__create_recurring_job_table.sql	2022-10-25T10:51:43.537874
92356133-72ba-4647-b16d-203e10f006f0	v003__create_background_job_server_table.sql	2022-10-25T10:51:43.541225
6db988d7-5a0a-4e6c-ac6e-24b3b2de1208	v004__create_job_stats_view.sql	2022-10-25T10:51:43.543729
70b32f5a-d035-427c-9fe7-a2a01b6cce1e	v005__update_job_stats_view.sql	2022-10-25T10:51:43.545293
36673ab0-7e7a-4803-a714-47e3ebbcffad	v006__alter_table_jobs_add_recurringjob.sql	2022-10-25T10:51:43.546281
f95ebb34-e464-4f10-b507-d0176c16ee0b	v007__alter_table_backgroundjobserver_add_delete_config.sql	2022-10-25T10:51:43.547008
f21e4bd8-01a9-4107-b9bd-8af479fde8c7	v008__alter_table_jobs_increase_jobAsJson_size.sql	2022-10-25T10:51:43.547684
79b136b3-656b-4b57-a5a9-5f2d835cfe94	v009__change_jobrunr_job_counters_to_jobrunr_metadata.sql	2022-10-25T10:51:43.550559
6abcbc9f-dca0-4556-b72c-51cc9cddae36	v010__change_job_stats.sql	2022-10-25T10:51:43.552327
25d8e4f7-df4e-4edd-92ef-501845ac7688	v011__change_sqlserver_text_to_varchar.sql	2022-10-25T10:51:43.552838
e20f2436-f03f-481e-a3c1-30324e6bc254	v012__change_oracle_alter_jobrunr_metadata_column_size.sql	2022-10-25T10:51:43.553359
be0a869d-fc18-4120-8d21-2507b0c4a7ef	v013__alter_table_recurring_job_add_createdAt.sql	2022-10-25T10:51:43.554364
49ceecd4-0f7e-477d-9900-55fb75df4a20	v014__improve_job_stats.sql	2022-10-25T10:51:43.556190
dae3e0a8-65c9-450a-9575-402c2f06775a	v015__alter_table_backgroundjobserver_add_name.sql	2024-03-05T04:05:09.190781884
09f12e29-ea25-4279-9ca3-a9e320981cce	v016__alter_jobs_stats_add_awaiting_jobs.sql	2025-07-11T21:45:09.984324Z
\.


--
-- Data for Name: jobrunr_recurring_jobs; Type: TABLE DATA; Schema: public; Owner: -
--

COPY public.jobrunr_recurring_jobs (id, version, jobasjson, createdat) FROM stdin;
\.


--
-- Data for Name: land_use_model_types; Type: TABLE DATA; Schema: public; Owner: -
--

COPY public.land_use_model_types (id, name) FROM stdin;
1	Native Forest
2	Monoculture
3	Sustainable Timber
4	Other Timber
5	Mangroves
6	Agroforestry
7	Silvopasture
8	Other Land-Use Model
\.


--
-- Data for Name: managed_location_types; Type: TABLE DATA; Schema: public; Owner: -
--

COPY public.managed_location_types (id, name) FROM stdin;
1	SeedBank
2	Nursery
3	PlantingSite
\.


--
-- Data for Name: mux_assets; Type: TABLE DATA; Schema: public; Owner: -
--

COPY public.mux_assets (file_id, asset_id, asset_status_id, playback_id, created_time, ready_time, error_message) FROM stdin;
\.


--
-- Data for Name: notification_criticalities; Type: TABLE DATA; Schema: public; Owner: -
--

COPY public.notification_criticalities (id, name) FROM stdin;
1	Info
2	Warning
3	Error
4	Success
\.


--
-- Data for Name: notification_types; Type: TABLE DATA; Schema: public; Owner: -
--

COPY public.notification_types (id, name, notification_criticality_id) FROM stdin;
1	User Added to Organization	1
2	Facility Idle	2
3	Facility Alert Requested	3
6	Accession Scheduled to End Drying	1
12	Sensor Out Of Bounds	3
13	Unknown Automation Triggered	3
14	Device Unresponsive	3
15	Nursery Seedling Batch Ready	1
16	Seed Fund Report Created	1
17	Observation Upcoming	1
18	Observation Started	1
19	Schedule Observation	1
20	Schedule Observation Reminder	1
21	Observation Not Scheduled (Support)	1
22	Planting Season Started	1
23	Schedule Planting Season	2
24	Planting Season Not Scheduled (Support)	2
25	Deliverable Ready For Review	1
26	Deliverable Status Updated	1
27	Event Reminder	1
28	Participant Project Species Added To Project	1
29	Participant Project Species Approved Species Edited	1
30	Application Submitted	1
31	Completed Section Variable Updated	1
32	Accelerator Report Submitted	1
33	Accelerator Report Upcoming	1
34	Accelerator Report Published	1
35	Activity Created	1
\.


--
-- Data for Name: notifications; Type: TABLE DATA; Schema: public; Owner: -
--

COPY public.notifications (id, notification_type_id, user_id, organization_id, title, body, local_url, created_time, is_read) FROM stdin;
12	18	5	1	It is time to monitor your plantings!	Observations of your plantings need to be completed this month.	/observations/2?organizationId=1	2025-11-05 17:26:51.195397+00	f
13	18	6	1	It is time to monitor your plantings!	Observations of your plantings need to be completed this month.	/observations/2?organizationId=1	2025-11-05 17:26:51.198698+00	f
14	18	1	1	It is time to monitor your plantings!	Observations of your plantings need to be completed this month.	/observations/2?organizationId=1	2025-11-05 17:26:51.199261+00	f
15	23	6	1	Reminder: Add your next planting season	Remember to schedule your next planting season	/planting-sites/2	2025-11-05 17:26:51.250295+00	f
16	23	1	1	Reminder: Add your next planting season	Remember to schedule your next planting season	/planting-sites/2	2025-11-05 17:26:51.251824+00	f
17	23	6	1	Reminder: Add your next planting season	Remember to schedule your next planting season	/planting-sites/3	2025-11-05 17:26:51.264104+00	f
18	23	1	1	Reminder: Add your next planting season	Remember to schedule your next planting season	/planting-sites/3	2025-11-05 17:26:51.264923+00	f
\.


--
-- Data for Name: organization_internal_tags; Type: TABLE DATA; Schema: public; Owner: -
--

COPY public.organization_internal_tags (organization_id, internal_tag_id, created_by, created_time) FROM stdin;
1	4	1	2025-05-13 20:44:05.633587+00
\.


--
-- Data for Name: organization_managed_location_types; Type: TABLE DATA; Schema: public; Owner: -
--

COPY public.organization_managed_location_types (organization_id, managed_location_type_id) FROM stdin;
2	2
2	1
2	3
\.


--
-- Data for Name: organization_report_settings; Type: TABLE DATA; Schema: public; Owner: -
--

COPY public.organization_report_settings (organization_id, is_enabled) FROM stdin;
\.


--
-- Data for Name: organization_types; Type: TABLE DATA; Schema: public; Owner: -
--

COPY public.organization_types (id, name) FROM stdin;
1	Government
2	NGO
3	Arboreta
4	Academia
5	ForProfit
6	Other
\.


--
-- Data for Name: organization_users; Type: TABLE DATA; Schema: public; Owner: -
--

COPY public.organization_users (user_id, organization_id, role_id, created_time, modified_time, created_by, modified_by) FROM stdin;
1	1	4	2021-12-15 17:59:59.072725+00	2021-12-15 17:59:59.072725+00	1	1
5	1	1	2025-07-11 21:45:26.877431+00	2025-07-11 21:45:26.877446+00	1	1
6	1	2	2025-07-11 23:00:24.178082+00	2025-07-11 23:00:24.178098+00	1	1
1	2	4	2025-11-05 17:27:54.917881+00	2025-11-05 17:27:54.917912+00	1	1
\.


--
-- Data for Name: organizations; Type: TABLE DATA; Schema: public; Owner: -
--

COPY public.organizations (id, name, created_time, modified_time, disabled_time, country_code, country_subdivision_code, description, created_by, modified_by, time_zone, organization_type_id, organization_type_details, website) FROM stdin;
1	Terraformation (staging)	2021-12-15 17:59:59.072094+00	2024-03-05 04:06:31.931678+00	\N	\N	\N	\N	1	1	Etc/UTC	\N	\N	\N
2	Empty Organization	2025-11-05 17:27:54.907925+00	2025-11-05 17:27:54.907949+00	\N	US	US-CA	An organization with nothing in it	1	1	America/Los_Angeles	4	\N	example.com
\.


--
-- Data for Name: plant_material_sourcing_methods; Type: TABLE DATA; Schema: public; Owner: -
--

COPY public.plant_material_sourcing_methods (id, name) FROM stdin;
1	Seed collection & germination
2	Seed purchase & germination
3	Mangrove propagules
4	Vegetative propagation
5	Wildling harvest
6	Seedling purchase
7	Other
\.


--
-- Data for Name: project_internal_roles; Type: TABLE DATA; Schema: public; Owner: -
--

COPY public.project_internal_roles (id, name) FROM stdin;
1	Project Lead
2	Restoration Lead
3	Social Lead
4	GIS Lead
5	Carbon Lead
6	Phase Lead
7	Regional Expert
8	Project Finance Lead
9	Climate Impact Lead
10	Legal Lead
11	Consultant
\.


--
-- Data for Name: project_internal_users; Type: TABLE DATA; Schema: public; Owner: -
--

COPY public.project_internal_users (project_id, user_id, project_internal_role_id, role_name, created_time, modified_time, created_by, modified_by) FROM stdin;
\.


--
-- Data for Name: project_land_use_model_types; Type: TABLE DATA; Schema: public; Owner: -
--

COPY public.project_land_use_model_types (project_id, land_use_model_type_id) FROM stdin;
1	1
2	1
2	2
2	3
3	5
3	4
4	7
4	8
\.


--
-- Data for Name: project_report_settings; Type: TABLE DATA; Schema: public; Owner: -
--

COPY public.project_report_settings (project_id, is_enabled) FROM stdin;
\.


--
-- Data for Name: projects; Type: TABLE DATA; Schema: public; Owner: -
--

COPY public.projects (id, created_by, created_time, modified_by, modified_time, organization_id, name, description, country_code, cohort_id, phase_id) FROM stdin;
1	1	2025-05-13 17:29:18.930664+00	2	2025-05-13 17:30:23.803872+00	1	Application Project	\N	CO	\N	\N
4	1	2025-05-13 20:45:13.136161+00	1	2025-05-13 21:49:54.324154+00	1	Phase 2 Project	\N	GT	3	2
2	1	2025-05-13 20:44:57.349541+00	1	2025-05-13 21:51:36.173602+00	1	Phase 0 Project	\N	AF	1	0
3	1	2025-05-13 20:45:07.299677+00	1	2025-05-13 21:58:43.175471+00	1	Phase 1 Project	\N	AR	2	1
\.


--
-- Data for Name: rate_limited_events; Type: TABLE DATA; Schema: public; Owner: -
--

COPY public.rate_limited_events (event_class, rate_limit_key, next_time, pending_event) FROM stdin;
\.


--
-- Data for Name: regions; Type: TABLE DATA; Schema: public; Owner: -
--

COPY public.regions (id, name) FROM stdin;
1	Antarctica
2	East Asia & Pacific
3	Europe & Central Asia
4	Latin America & Caribbean
5	Middle East & North Africa
6	North America
7	Oceania
8	South Asia
9	Sub-Saharan Africa
\.


--
-- Data for Name: roles; Type: TABLE DATA; Schema: public; Owner: -
--

COPY public.roles (id, name) FROM stdin;
1	Contributor
2	Manager
3	Admin
4	Owner
5	Terraformation Contact
\.


--
-- Data for Name: seed_fund_report_files; Type: TABLE DATA; Schema: public; Owner: -
--

COPY public.seed_fund_report_files (file_id, report_id) FROM stdin;
\.


--
-- Data for Name: seed_fund_report_photos; Type: TABLE DATA; Schema: public; Owner: -
--

COPY public.seed_fund_report_photos (report_id, file_id, caption) FROM stdin;
\.


--
-- Data for Name: seed_fund_report_statuses; Type: TABLE DATA; Schema: public; Owner: -
--

COPY public.seed_fund_report_statuses (id, name) FROM stdin;
1	New
2	In Progress
3	Locked
4	Submitted
\.


--
-- Data for Name: seed_fund_reports; Type: TABLE DATA; Schema: public; Owner: -
--

COPY public.seed_fund_reports (id, organization_id, year, quarter, locked_by, locked_time, modified_by, modified_time, submitted_by, submitted_time, status_id, body, project_id, project_name) FROM stdin;
\.


--
-- Data for Name: seed_storage_behaviors; Type: TABLE DATA; Schema: public; Owner: -
--

COPY public.seed_storage_behaviors (id, name) FROM stdin;
1	Orthodox
2	Recalcitrant
3	Intermediate
4	Unknown
5	Likely Orthodox
6	Likely Recalcitrant
7	Likely Intermediate
8	Intermediate - Cool Temperature Sensitive
9	Intermediate - Partial Desiccation Tolerant
10	Intermediate - Short Lived
11	Likely Intermediate - Cool Temperature Sensitive
12	Likely Intermediate - Partial Desiccation Tolerant
13	Likely Intermediate - Short Lived
\.


--
-- Data for Name: seed_treatments; Type: TABLE DATA; Schema: public; Owner: -
--

COPY public.seed_treatments (id, name) FROM stdin;
1	Soak
2	Scarify
3	Chemical
4	Stratification
5	Other
6	Light
\.


--
-- Data for Name: spatial_ref_sys; Type: TABLE DATA; Schema: public; Owner: -
--

COPY public.spatial_ref_sys (srid, auth_name, auth_srid, srtext, proj4text) FROM stdin;
\.


--
-- Data for Name: species; Type: TABLE DATA; Schema: public; Owner: -
--

COPY public.species (id, organization_id, scientific_name, common_name, family_name, rare, seed_storage_behavior_id, created_by, created_time, modified_by, modified_time, deleted_by, deleted_time, checked_time, initial_scientific_name, conservation_category_id, ecological_role_known, dbh_source, height_at_maturity_source, local_uses_known, native_ecosystem, other_facts, average_wood_density, height_at_maturity_value, dbh_value, wood_density_level_id) FROM stdin;
1	1	Kousa Dogwood	Kousa Dogwood	\N	\N	\N	1	2021-12-15 17:59:59.135505+00	1	2021-12-15 17:59:59.135505+00	\N	\N	\N	Kousa Dogwood	\N	\N	\N	\N	\N	\N	\N	\N	\N	\N	\N
2	1	Other Dogwood	Other Dogwood	\N	\N	\N	1	2021-12-15 17:59:59.135505+00	1	2021-12-15 17:59:59.135505+00	\N	\N	\N	Other Dogwood	\N	\N	\N	\N	\N	\N	\N	\N	\N	\N	\N
3	1	Banana	\N	\N	\N	\N	1	2024-03-05 04:05:13.747334+00	1	2024-03-05 04:05:13.747346+00	\N	\N	2024-03-05 04:05:13.927163+00	Banana	\N	\N	\N	\N	\N	\N	\N	\N	\N	\N	\N
4	1	Coconut	\N	\N	\N	\N	1	2024-03-05 04:05:13.990217+00	1	2024-03-05 04:05:13.990226+00	\N	\N	2024-03-05 04:05:14.016589+00	Coconut	\N	\N	\N	\N	\N	\N	\N	\N	\N	\N	\N
\.


--
-- Data for Name: species_ecosystem_types; Type: TABLE DATA; Schema: public; Owner: -
--

COPY public.species_ecosystem_types (species_id, ecosystem_type_id) FROM stdin;
\.


--
-- Data for Name: species_growth_forms; Type: TABLE DATA; Schema: public; Owner: -
--

COPY public.species_growth_forms (species_id, growth_form_id) FROM stdin;
\.


--
-- Data for Name: species_native_categories; Type: TABLE DATA; Schema: public; Owner: -
--

COPY public.species_native_categories (id, name) FROM stdin;
1	Native
2	Non-native
\.


--
-- Data for Name: species_plant_material_sourcing_methods; Type: TABLE DATA; Schema: public; Owner: -
--

COPY public.species_plant_material_sourcing_methods (species_id, plant_material_sourcing_method_id) FROM stdin;
\.


--
-- Data for Name: species_problem_fields; Type: TABLE DATA; Schema: public; Owner: -
--

COPY public.species_problem_fields (id, name) FROM stdin;
1	Scientific Name
\.


--
-- Data for Name: species_problem_types; Type: TABLE DATA; Schema: public; Owner: -
--

COPY public.species_problem_types (id, name) FROM stdin;
1	Name Misspelled
2	Name Not Found
3	Name Is Synonym
\.


--
-- Data for Name: species_problems; Type: TABLE DATA; Schema: public; Owner: -
--

COPY public.species_problems (id, species_id, field_id, type_id, created_time, suggested_value) FROM stdin;
1	3	1	2	2024-03-05 04:05:13.890832+00	\N
2	4	1	2	2024-03-05 04:05:14.00616+00	\N
\.


--
-- Data for Name: species_successional_groups; Type: TABLE DATA; Schema: public; Owner: -
--

COPY public.species_successional_groups (species_id, successional_group_id) FROM stdin;
\.


--
-- Data for Name: splat_annotations; Type: TABLE DATA; Schema: public; Owner: -
--

COPY public.splat_annotations (id, file_id, created_by, created_time, modified_by, modified_time, title, body_text, label, position_x, position_y, position_z, camera_position_x, camera_position_y, camera_position_z) FROM stdin;
\.


--
-- Data for Name: splats; Type: TABLE DATA; Schema: public; Owner: -
--

COPY public.splats (file_id, created_by, created_time, asset_status_id, completed_time, splat_storage_url, error_message) FROM stdin;
\.


--
-- Data for Name: spring_session; Type: TABLE DATA; Schema: public; Owner: -
--

COPY public.spring_session (primary_id, session_id, creation_time, last_access_time, max_inactive_interval, expiry_time, principal_name) FROM stdin;
b57978b9-873d-4ea2-88c2-391fcdee5470	b9b00dda-c789-40cd-8c02-7ef21025c4d8	1747863920486	1747863989388	315360000	3000000000000	157cf509-d3e6-4bde-9e0d-d4ac07e2b721
b3a1fd73-8ec2-4770-9a16-905a11fe1320	bd4cf519-8b47-4826-9f66-b9fdb9c025b8	1752270502225	1752270514426	315360000	3000000000000	2cd6d1dd-3135-4ef8-a817-fc6f207d1ab1
04331063-4630-49b3-ba5c-8a4b2644ad28	4dbadd1e-771d-4ca6-bbab-6318abbca9c0	1752274911258	1752275099760	315360000	3000000000000	38256d2c-c181-46a3-84fe-2add28c6c57a
b84131c0-7bee-4363-827e-291becc06698	276714ad-ab0a-48aa-8ef8-db65ec2e950a	1632267607787	1770325906434	315360000	2085685906434	0d04525c-7933-4cec-9647-7b6ac2642838
\.


--
-- Data for Name: spring_session_attributes; Type: TABLE DATA; Schema: public; Owner: -
--

COPY public.spring_session_attributes (session_primary_id, attribute_name, attribute_bytes) FROM stdin;
b84131c0-7bee-4363-827e-291becc06698	SPRING_SECURITY_CONTEXT	\\xaced00057372003d6f72672e737072696e676672616d65776f726b2e73656375726974792e636f72652e636f6e746578742e5365637572697479436f6e74657874496d706c000000000000026c0200014c000e61757468656e7469636174696f6e7400324c6f72672f737072696e676672616d65776f726b2f73656375726974792f636f72652f41757468656e7469636174696f6e3b7870737200466f72672e737072696e676672616d65776f726b2e73656375726974792e61757468656e7469636174696f6e2e54657374696e6741757468656e7469636174696f6e546f6b656e00000000000000010200024c000b63726564656e7469616c737400124c6a6176612f6c616e672f4f626a6563743b4c00097072696e636970616c71007e0004787200476f72672e737072696e676672616d65776f726b2e73656375726974792e61757468656e7469636174696f6e2e416273747261637441757468656e7469636174696f6e546f6b656ed3aa287e6e47640e0200035a000d61757468656e746963617465644c000b617574686f7269746965737400164c6a6176612f7574696c2f436f6c6c656374696f6e3b4c000764657461696c7371007e00047870017372001f6a6176612e7574696c2e436f6c6c656374696f6e7324456d7074794c6973747ab817b43ca79ede020000787070740004746573747372002f636f6d2e7465727261666f726d6174696f6e2e6261636b656e642e617574682e53696d706c655072696e636970616ca43481deb93569620200014c00046e616d657400124c6a6176612f6c616e672f537472696e673b787074002430643034353235632d373933332d346365632d393634372d376236616332363432383338
b57978b9-873d-4ea2-88c2-391fcdee5470	SPRING_SECURITY_CONTEXT	\\xaced00057372003d6f72672e737072696e676672616d65776f726b2e73656375726974792e636f72652e636f6e746578742e5365637572697479436f6e74657874496d706c000000000000026c0200014c000e61757468656e7469636174696f6e7400324c6f72672f737072696e676672616d65776f726b2f73656375726974792f636f72652f41757468656e7469636174696f6e3b7870737200536f72672e737072696e676672616d65776f726b2e73656375726974792e6f61757468322e636c69656e742e61757468656e7469636174696f6e2e4f417574683241757468656e7469636174696f6e546f6b656e000000000000026c0200024c001e617574686f72697a6564436c69656e74526567697374726174696f6e49647400124c6a6176612f6c616e672f537472696e673b4c00097072696e636970616c74003a4c6f72672f737072696e676672616d65776f726b2f73656375726974792f6f61757468322f636f72652f757365722f4f4175746832557365723b787200476f72672e737072696e676672616d65776f726b2e73656375726974792e61757468656e7469636174696f6e2e416273747261637441757468656e7469636174696f6e546f6b656ed3aa287e6e47640e0200035a000d61757468656e746963617465644c000b617574686f7269746965737400164c6a6176612f7574696c2f436f6c6c656374696f6e3b4c000764657461696c737400124c6a6176612f6c616e672f4f626a6563743b787001737200266a6176612e7574696c2e436f6c6c656374696f6e7324556e6d6f6469666961626c654c697374fc0f2531b5ec8e100200014c00046c6973747400104c6a6176612f7574696c2f4c6973743b7872002c6a6176612e7574696c2e436f6c6c656374696f6e7324556e6d6f6469666961626c65436f6c6c656374696f6e19420080cb5ef71e0200014c00016371007e00077870737200136a6176612e7574696c2e41727261794c6973747881d21d99c7619d03000149000473697a65787000000004770400000004737200446f72672e737072696e676672616d65776f726b2e73656375726974792e6f61757468322e636f72652e6f6964632e757365722e4f69646355736572417574686f72697479bf1bfc64318edb4b0200024c00076964546f6b656e74003b4c6f72672f737072696e676672616d65776f726b2f73656375726974792f6f61757468322f636f72652f6f6964632f4f6964634964546f6b656e3b4c000875736572496e666f74003c4c6f72672f737072696e676672616d65776f726b2f73656375726974792f6f61757468322f636f72652f6f6964632f4f69646355736572496e666f3b787200416f72672e737072696e676672616d65776f726b2e73656375726974792e6f61757468322e636f72652e757365722e4f417574683255736572417574686f72697479000000000000026c0200034c000a6174747269627574657374000f4c6a6176612f7574696c2f4d61703b4c0009617574686f7269747971007e00044c0015757365724e616d654174747269627574654e616d6571007e00047870737200256a6176612e7574696c2e436f6c6c656374696f6e7324556e6d6f6469666961626c654d6170f1a5a8fe74f507420200014c00016d71007e00147870737200176a6176612e7574696c2e4c696e6b6564486173684d617034c04e5c106cc0fb0200015a000b6163636573734f72646572787200116a6176612e7574696c2e486173684d61700507dac1c31660d103000246000a6c6f6164466163746f724900097468726573686f6c6478703f400000000000187708000000200000001474000761745f686173687400165f614365455357644136586c39364958745a7966515174000373756274002431353763663530392d643365362d346264652d396530642d64346163303765326237323174000e656d61696c5f7665726966696564737200116a6176612e6c616e672e426f6f6c65616ecd207280d59cfaee0200015a000576616c75657870017400036973737372000c6a6176612e6e65742e55524c962537361afce47203000749000868617368436f6465490004706f72744c0009617574686f7269747971007e00044c000466696c6571007e00044c0004686f737471007e00044c000870726f746f636f6c71007e00044c000372656671007e00047870ffffffffffffffff740019617574682e73746167696e672e7465727261776172652e696f7400112f7265616c6d732f74657272617761726571007e00257400056874747073707874000374797074000249447400127072656665727265645f757365726e616d6574001966756e646572407465727261666f726d6174696f6e2e636f6d7400066c6f63616c65740002656e74000a676976656e5f6e616d65740004546573747400056e6f6e636574002b4f586c65774266313765485767576a524546786e68584f345f4b59685f49766565427559734b474a614c4d74000373696474002435626236616366622d656435382d343636332d386631362d3236343331383764353839307400036175647371007e000e000000017704000000017400146465762d7465727261776172652d73657276657278740003617a707400146465762d7465727261776172652d736572766572740009617574685f74696d657372000d6a6176612e74696d652e536572955d84ba1b2248b20c00007870770d0200000000682e497600000000787400046e616d6574000b546573742046756e6465727400036578707371007e003a770d0200000000682ed616000000007874000d73657373696f6e5f737461746574002435626236616366622d656435382d343636332d386631362d32363433313837643538393074000b66616d696c795f6e616d6574000646756e6465727400036961747371007e003a770d0200000000682e49760000000078740005656d61696c74001966756e646572407465727261666f726d6174696f6e2e636f6d7400036a746974002439383233366161302d393666662d346631332d616437312d64656363666563636539376278007400094f4944435f5553455271007e001d737200396f72672e737072696e676672616d65776f726b2e73656375726974792e6f61757468322e636f72652e6f6964632e4f6964634964546f6b656ee674656352681bac0200014c0006636c61696d7371007e00147872003c6f72672e737072696e676672616d65776f726b2e73656375726974792e6f61757468322e636f72652e41627374726163744f4175746832546f6b656e000000000000026c0200034c00096578706972657341747400134c6a6176612f74696d652f496e7374616e743b4c0008697373756564417471007e004d4c000a746f6b656e56616c756571007e0004787071007e003f71007e004574052a65794a68624763694f694a53557a49314e694973496e5235634349674f694169536c64554969776961326c6b4969413649434a4c6357647564544e5862556b31635868474d3052736432316e536d3946646e4e50656c7056546a42754f444179563141335156644664554e56496e302e65794a6c654841694f6a45334e4463344f546b354d6a5973496d6c68644349364d5463304e7a67324d7a6b794e69776959585630614639306157316c496a6f784e7a51334f44597a4f5449324c434a7164476b694f6949354f44497a4e6d46684d4330354e6d5a6d4c54526d4d544d74595751334d53316b5a574e6a5a6d566a593255354e3249694c434a7063334d694f694a6f64485277637a6f764c32463164476775633352685a326c755a7935305a584a7959586468636d557561573876636d56686247317a4c33526c636e4a68643246795a534973496d46315a434936496d526c646931305a584a7959586468636d557463325679646d56794969776963335669496a6f694d545533593259314d446b745a444e6c4e693030596d526c4c546c6c4d4751745a445268597a41335a544a694e7a49784969776964486c77496a6f69535551694c434a68656e41694f694a6b5a58597464475679636d463359584a6c4c584e6c636e5a6c63694973496d3576626d4e6c496a6f69543168735a5864435a6a45335a5568585a316471556b56476547356f574538305830745a6146394a646d566c516e565a63307448536d464d54534973496e4e6c63334e706232356663335268644755694f694931596d493259574e6d5969316c5a4455344c5451324e6a4d744f4759784e6930794e6a517a4d5467335a4455344f5441694c434a686446396f59584e6f496a6f69583246445a555654563252424e6c68734f545a4a5748526165575a5255534973496e4e705a434936496a5669596a5a6859325a694c57566b4e5467744e4459324d7930345a6a45324c5449324e444d784f44646b4e5467354d434973496d567459576c7358335a6c636d6c6d6157566b496a7030636e566c4c434a755957316c496a6f695647567a644342476457356b5a5849694c434a77636d566d5a584a795a57526664584e6c636d3568625755694f694a6d6457356b5a584a4164475679636d466d62334a74595852706232347559323974496977696247396a5957786c496a6f695a5734694c434a6e61585a6c626c39755957316c496a6f695647567a64434973496d5a6862576c73655639755957316c496a6f69526e56755a475679496977695a573168615777694f694a6d6457356b5a584a4164475679636d466d62334a74595852706232347559323974496e302e4965422d3064425876585872364f443343574b4d37555f66394978747941756a365f757153434877463847474648733042556739556f704e7258665f4c6b6c514d2d72496148376a32414235744945776d7233414e5750547471684e576d5a467a636f7a786130466c384c58475975514d7a71776e5f674161622d44764d797a55754d4f4b746f68566f637742454249366361482d3351587047533033556950577072575536755a54414c6c736e46643655585a6e6c6c42655f6c44534e65593738304c6b624e626752625a6f463171794c314250665846677a344f39572d465a374a6f4e554934745a4e45486e61517662585679506e4637727a536c2d336556497458436243715a715375697341673665314642776f546865336665777a33734c53726d334b544b5264444c534d446c6463504b43515031634a3130506e6a3962522d79746f495a356c373276666c5150426575517371007e00167371007e00183f400000000000187708000000200000001471007e001b71007e001c71007e001d71007e001e74000e656d61696c5f766572696669656471007e002171007e002271007e002471007e002871007e00297400127072656665727265645f757365726e616d6571007e002b7400066c6f63616c6571007e002d74000a676976656e5f6e616d6571007e002f71007e003071007e003171007e003271007e003371007e003471007e003571007e003771007e003871007e003971007e003b7400046e616d6571007e003d71007e003e71007e003f71007e004071007e004171007e004471007e004574000b66616d696c795f6e616d6571007e004371007e004871007e0049740005656d61696c71007e004778007372003a6f72672e737072696e676672616d65776f726b2e73656375726974792e6f61757468322e636f72652e6f6964632e4f69646355736572496e666f000000000000026c0200014c0006636c61696d7371007e001478707371007e00167371007e00183f4000000000000c7708000000100000000871007e001d74002431353763663530392d643365362d346264652d396530642d64346163303765326237323171007e001f71007e002171007e003c74000b546573742046756e64657271007e002a74001966756e646572407465727261666f726d6174696f6e2e636f6d71007e002c740002656e71007e002e7400045465737471007e004274000646756e64657271007e004674001966756e646572407465727261666f726d6174696f6e2e636f6d7800737200426f72672e737072696e676672616d65776f726b2e73656375726974792e636f72652e617574686f726974792e53696d706c654772616e746564417574686f72697479000000000000026c0200014c0004726f6c6571007e0004787074000b53434f50455f656d61696c7371007e006474000c53434f50455f6f70656e69647371007e006474000d53434f50455f70726f66696c657871007e000f737200486f72672e737072696e676672616d65776f726b2e73656375726974792e7765622e61757468656e7469636174696f6e2e57656241757468656e7469636174696f6e44657461696c73000000000000026c0200024c000d72656d6f74654164647265737371007e00044c000973657373696f6e496471007e0004787074000c3139322e3136382e36352e3174002464356435336131302d633037362d343232642d616236622d3933656166383230393062327400086b6579636c6f616b737200426f72672e737072696e676672616d65776f726b2e73656375726974792e6f61757468322e636f72652e6f6964632e757365722e44656661756c744f69646355736572defdfadcaf6849fe0200024c00076964546f6b656e71007e00114c000875736572496e666f71007e00127872003f6f72672e737072696e676672616d65776f726b2e73656375726974792e6f61757468322e636f72652e757365722e44656661756c744f417574683255736572000000000000026c0200034c000a6174747269627574657371007e00144c000b617574686f72697469657374000f4c6a6176612f7574696c2f5365743b4c00106e616d654174747269627574654b657971007e000478707371007e00167371007e00183f400000000000187708000000200000001471007e001b71007e001c71007e001d71007e001e71007e001f71007e002171007e002271007e002471007e002871007e002971007e002a71007e002b71007e002c71007e002d71007e002e71007e002f71007e003071007e003171007e003271007e003371007e003471007e003571007e003771007e003871007e003971007e003b71007e003c71007e003d71007e003e71007e003f71007e004071007e004171007e004271007e004371007e004471007e004571007e004671007e004771007e004871007e00497800737200256a6176612e7574696c2e436f6c6c656374696f6e7324556e6d6f6469666961626c65536574801d92d18f9b80550200007871007e000c737200176a6176612e7574696c2e4c696e6b656448617368536574d86cd75a95dd2a1e020000787200116a6176612e7574696c2e48617368536574ba44859596b8b7340300007870770c000000103f4000000000000471007e001571007e006571007e006771007e00697871007e001d71007e004e71007e005a
b3a1fd73-8ec2-4770-9a16-905a11fe1320	SPRING_SECURITY_CONTEXT	\\xaced00057372003d6f72672e737072696e676672616d65776f726b2e73656375726974792e636f72652e636f6e746578742e5365637572697479436f6e74657874496d706c000000000000026c0200014c000e61757468656e7469636174696f6e7400324c6f72672f737072696e676672616d65776f726b2f73656375726974792f636f72652f41757468656e7469636174696f6e3b7870737200536f72672e737072696e676672616d65776f726b2e73656375726974792e6f61757468322e636c69656e742e61757468656e7469636174696f6e2e4f417574683241757468656e7469636174696f6e546f6b656e000000000000026c0200024c001e617574686f72697a6564436c69656e74526567697374726174696f6e49647400124c6a6176612f6c616e672f537472696e673b4c00097072696e636970616c74003a4c6f72672f737072696e676672616d65776f726b2f73656375726974792f6f61757468322f636f72652f757365722f4f4175746832557365723b787200476f72672e737072696e676672616d65776f726b2e73656375726974792e61757468656e7469636174696f6e2e416273747261637441757468656e7469636174696f6e546f6b656ed3aa287e6e47640e0200035a000d61757468656e746963617465644c000b617574686f7269746965737400164c6a6176612f7574696c2f436f6c6c656374696f6e3b4c000764657461696c737400124c6a6176612f6c616e672f4f626a6563743b787001737200266a6176612e7574696c2e436f6c6c656374696f6e7324556e6d6f6469666961626c654c697374fc0f2531b5ec8e100200014c00046c6973747400104c6a6176612f7574696c2f4c6973743b7872002c6a6176612e7574696c2e436f6c6c656374696f6e7324556e6d6f6469666961626c65436f6c6c656374696f6e19420080cb5ef71e0200014c00016371007e00077870737200136a6176612e7574696c2e41727261794c6973747881d21d99c7619d03000149000473697a65787000000004770400000004737200446f72672e737072696e676672616d65776f726b2e73656375726974792e6f61757468322e636f72652e6f6964632e757365722e4f69646355736572417574686f72697479bf1bfc64318edb4b0200024c00076964546f6b656e74003b4c6f72672f737072696e676672616d65776f726b2f73656375726974792f6f61757468322f636f72652f6f6964632f4f6964634964546f6b656e3b4c000875736572496e666f74003c4c6f72672f737072696e676672616d65776f726b2f73656375726974792f6f61757468322f636f72652f6f6964632f4f69646355736572496e666f3b787200416f72672e737072696e676672616d65776f726b2e73656375726974792e6f61757468322e636f72652e757365722e4f417574683255736572417574686f72697479000000000000026c0200034c000a6174747269627574657374000f4c6a6176612f7574696c2f4d61703b4c0009617574686f7269747971007e00044c0015757365724e616d654174747269627574654e616d6571007e00047870737200256a6176612e7574696c2e436f6c6c656374696f6e7324556e6d6f6469666961626c654d6170f1a5a8fe74f507420200014c00016d71007e00147870737200176a6176612e7574696c2e4c696e6b6564486173684d617034c04e5c106cc0fb0200015a000b6163636573734f72646572787200116a6176612e7574696c2e486173684d61700507dac1c31660d103000246000a6c6f6164466163746f724900097468726573686f6c6478703f400000000000187708000000200000001474000761745f6861736874001678494279446d5a6d747033434c32454a2d4e6864464174000373756274002432636436643164642d333133352d346566382d613831372d66633666323037643161623174000e656d61696c5f7665726966696564737200116a6176612e6c616e672e426f6f6c65616ecd207280d59cfaee0200015a000576616c75657870017400036973737372000c6a6176612e6e65742e55524c962537361afce47203000749000868617368436f6465490004706f72744c0009617574686f7269747971007e00044c000466696c6571007e00044c0004686f737471007e00044c000870726f746f636f6c71007e00044c000372656671007e00047870ffffffffffffffff740019617574682e73746167696e672e7465727261776172652e696f7400112f7265616c6d732f74657272617761726571007e00257400056874747073707874000374797074000249447400127072656665727265645f757365726e616d6574001e636f6e7472696275746f72407465727261666f726d6174696f6e2e636f6d7400066c6f63616c65740002656e74000a676976656e5f6e616d6574000b436f6e7472696275746f727400056e6f6e636574002b35327a7437554f674f5f78772d37436f484f5f55547258497a695a4e586e7735472d7061616d614f70345174000373696474002465343539633766642d373131362d343365652d626234362d6165653066363535333731637400036175647371007e000e000000017704000000017400146465762d7465727261776172652d73657276657278740003617a707400146465762d7465727261776172652d736572766572740009617574685f74696d657372000d6a6176612e74696d652e536572955d84ba1b2248b20c00007870770d0200000000687186b000000000787400046e616d65740012436f6e7472696275746f72205465737465727400036578707371007e003a770d020000000068721350000000007874000d73657373696f6e5f737461746574002465343539633766642d373131362d343365652d626234362d61656530663635353337316374000b66616d696c795f6e616d657400065465737465727400036961747371007e003a770d0200000000687186b00000000078740005656d61696c74001e636f6e7472696275746f72407465727261666f726d6174696f6e2e636f6d7400036a746974002435663864366435612d373239632d343837352d396661332d65393533663131306364313078007400094f4944435f5553455271007e001d737200396f72672e737072696e676672616d65776f726b2e73656375726974792e6f61757468322e636f72652e6f6964632e4f6964634964546f6b656ee674656352681bac0200014c0006636c61696d7371007e00147872003c6f72672e737072696e676672616d65776f726b2e73656375726974792e6f61757468322e636f72652e41627374726163744f4175746832546f6b656e000000000000026c0200034c00096578706972657341747400134c6a6176612f74696d652f496e7374616e743b4c0008697373756564417471007e004d4c000a746f6b656e56616c756571007e0004787071007e003f71007e004574054a65794a68624763694f694a53557a49314e694973496e5235634349674f694169536c64554969776961326c6b4969413649434a4c6357647564544e5862556b31635868474d3052736432316e536d3946646e4e50656c7056546a42754f444179563141335156644664554e56496e302e65794a6c654841694f6a45334e54497a4d4459314d544973496d6c68644349364d5463314d6a49334d4455784d69776959585630614639306157316c496a6f784e7a55794d6a63774e5445794c434a7164476b694f6949315a6a686b4e6d5131595330334d6a6c6a4c5451344e7a55744f575a684d79316c4f54557a5a6a45784d474e6b4d5441694c434a7063334d694f694a6f64485277637a6f764c32463164476775633352685a326c755a7935305a584a7959586468636d557561573876636d56686247317a4c33526c636e4a68643246795a534973496d46315a434936496d526c646931305a584a7959586468636d557463325679646d56794969776963335669496a6f694d6d4e6b4e6d51785a4751744d7a457a4e5330305a5759344c5745344d5463745a6d4d325a6a49774e325178595749784969776964486c77496a6f69535551694c434a68656e41694f694a6b5a58597464475679636d463359584a6c4c584e6c636e5a6c63694973496d3576626d4e6c496a6f694e544a366444645654326450583368334c5464446230685058315655636c684a656d6c61546c6875647a56484c584268595731685433413055534973496e4e6c63334e706232356663335268644755694f694a6c4e445535597a646d5a4330334d5445324c54517a5a575574596d49304e6931685a5755775a6a59314e544d334d574d694c434a686446396f59584e6f496a6f6965456c4365555274576d313063444e4454444a465369314f6147524751534973496e4e705a434936496d55304e546c6a4e325a6b4c5463784d5459744e444e6c5a533169596a51324c57466c5a54426d4e6a55314d7a637859794973496d567459576c7358335a6c636d6c6d6157566b496a7030636e566c4c434a755957316c496a6f695132397564484a70596e5630623349675647567a644756794969776963484a6c5a6d5679636d566b5833567a5a584a755957316c496a6f695932397564484a70596e563062334a4164475679636d466d62334a74595852706232347559323974496977696247396a5957786c496a6f695a5734694c434a6e61585a6c626c39755957316c496a6f695132397564484a70596e5630623349694c434a6d5957317062486c66626d46745a534936496c526c6333526c63694973496d567459576c73496a6f695932397564484a70596e563062334a4164475679636d466d62334a74595852706232347559323974496e302e4d57654d6f4944566349354e38476c315a323745634f666231674f315561597230753579583134544563666561577641584868573544633170436472645f3644794d397a516e62706450344734484d346e686b485a5f37526d6c326e465a4354305872527774324f62725349492d75614371726a694f5077505075436d55322d30454673366f714a39516b4d6347766264725044574a304b336573434843676c2d61617a56696279593939645a4c46556b5378492d4a6d52546a4370754435496f6c574a337675332d784477324f52334e625f6342545a436d46505442777955514b58684755586f6c73556a4d6d576534794368534b6b6e576b624e5854452d324e6a4857423776307a597945314b74566962315479646c4250356f416b6a4e316837785750507a724c4d2d7042637a2d6c78797037567a5f44357a75793134466430575650354f7732345549625663574d4c5648417371007e00167371007e00183f400000000000187708000000200000001471007e001b71007e001c71007e001d71007e001e74000e656d61696c5f766572696669656471007e002171007e002271007e002471007e002871007e00297400127072656665727265645f757365726e616d6571007e002b7400066c6f63616c6571007e002d74000a676976656e5f6e616d6571007e002f71007e003071007e003171007e003271007e003371007e003471007e003571007e003771007e003871007e003971007e003b7400046e616d6571007e003d71007e003e71007e003f71007e004071007e004171007e004471007e004574000b66616d696c795f6e616d6571007e004371007e004871007e0049740005656d61696c71007e004778007372003a6f72672e737072696e676672616d65776f726b2e73656375726974792e6f61757468322e636f72652e6f6964632e4f69646355736572496e666f000000000000026c0200014c0006636c61696d7371007e001478707371007e00167371007e00183f4000000000000c7708000000100000000871007e001d74002432636436643164642d333133352d346566382d613831372d66633666323037643161623171007e001f71007e002171007e003c740012436f6e7472696275746f722054657374657271007e002a74001e636f6e7472696275746f72407465727261666f726d6174696f6e2e636f6d71007e002c740002656e71007e002e74000b436f6e7472696275746f7271007e004274000654657374657271007e004674001e636f6e7472696275746f72407465727261666f726d6174696f6e2e636f6d7800737200426f72672e737072696e676672616d65776f726b2e73656375726974792e636f72652e617574686f726974792e53696d706c654772616e746564417574686f72697479000000000000026c0200014c0004726f6c6571007e0004787074000b53434f50455f656d61696c7371007e006474000c53434f50455f6f70656e69647371007e006474000d53434f50455f70726f66696c657871007e000f737200486f72672e737072696e676672616d65776f726b2e73656375726974792e7765622e61757468656e7469636174696f6e2e57656241757468656e7469636174696f6e44657461696c73000000000000026c0200024c000d72656d6f74654164647265737371007e00044c000973657373696f6e496471007e0004787074000c3139322e3136382e36352e3174002461326134646366362d383432372d343864642d386639362d3533383934333634613263617400086b6579636c6f616b737200426f72672e737072696e676672616d65776f726b2e73656375726974792e6f61757468322e636f72652e6f6964632e757365722e44656661756c744f69646355736572defdfadcaf6849fe0200024c00076964546f6b656e71007e00114c000875736572496e666f71007e00127872003f6f72672e737072696e676672616d65776f726b2e73656375726974792e6f61757468322e636f72652e757365722e44656661756c744f417574683255736572000000000000026c0200034c000a6174747269627574657371007e00144c000b617574686f72697469657374000f4c6a6176612f7574696c2f5365743b4c00106e616d654174747269627574654b657971007e000478707371007e00167371007e00183f400000000000187708000000200000001471007e001b71007e001c71007e001d71007e001e71007e001f71007e002171007e002271007e002471007e002871007e002971007e002a71007e002b71007e002c71007e002d71007e002e71007e002f71007e003071007e003171007e003271007e003371007e003471007e003571007e003771007e003871007e003971007e003b71007e003c71007e003d71007e003e71007e003f71007e004071007e004171007e004271007e004371007e004471007e004571007e004671007e004771007e004871007e00497800737200256a6176612e7574696c2e436f6c6c656374696f6e7324556e6d6f6469666961626c65536574801d92d18f9b80550200007871007e000c737200176a6176612e7574696c2e4c696e6b656448617368536574d86cd75a95dd2a1e020000787200116a6176612e7574696c2e48617368536574ba44859596b8b7340300007870770c000000103f4000000000000471007e001571007e006571007e006771007e00697871007e001d71007e004e71007e005a
04331063-4630-49b3-ba5c-8a4b2644ad28	SPRING_SECURITY_CONTEXT	\\xaced00057372003d6f72672e737072696e676672616d65776f726b2e73656375726974792e636f72652e636f6e746578742e5365637572697479436f6e74657874496d706c000000000000026c0200014c000e61757468656e7469636174696f6e7400324c6f72672f737072696e676672616d65776f726b2f73656375726974792f636f72652f41757468656e7469636174696f6e3b7870737200536f72672e737072696e676672616d65776f726b2e73656375726974792e6f61757468322e636c69656e742e61757468656e7469636174696f6e2e4f417574683241757468656e7469636174696f6e546f6b656e000000000000026c0200024c001e617574686f72697a6564436c69656e74526567697374726174696f6e49647400124c6a6176612f6c616e672f537472696e673b4c00097072696e636970616c74003a4c6f72672f737072696e676672616d65776f726b2f73656375726974792f6f61757468322f636f72652f757365722f4f4175746832557365723b787200476f72672e737072696e676672616d65776f726b2e73656375726974792e61757468656e7469636174696f6e2e416273747261637441757468656e7469636174696f6e546f6b656ed3aa287e6e47640e0200035a000d61757468656e746963617465644c000b617574686f7269746965737400164c6a6176612f7574696c2f436f6c6c656374696f6e3b4c000764657461696c737400124c6a6176612f6c616e672f4f626a6563743b787001737200266a6176612e7574696c2e436f6c6c656374696f6e7324556e6d6f6469666961626c654c697374fc0f2531b5ec8e100200014c00046c6973747400104c6a6176612f7574696c2f4c6973743b7872002c6a6176612e7574696c2e436f6c6c656374696f6e7324556e6d6f6469666961626c65436f6c6c656374696f6e19420080cb5ef71e0200014c00016371007e00077870737200136a6176612e7574696c2e41727261794c6973747881d21d99c7619d03000149000473697a65787000000004770400000004737200446f72672e737072696e676672616d65776f726b2e73656375726974792e6f61757468322e636f72652e6f6964632e757365722e4f69646355736572417574686f72697479bf1bfc64318edb4b0200024c00076964546f6b656e74003b4c6f72672f737072696e676672616d65776f726b2f73656375726974792f6f61757468322f636f72652f6f6964632f4f6964634964546f6b656e3b4c000875736572496e666f74003c4c6f72672f737072696e676672616d65776f726b2f73656375726974792f6f61757468322f636f72652f6f6964632f4f69646355736572496e666f3b787200416f72672e737072696e676672616d65776f726b2e73656375726974792e6f61757468322e636f72652e757365722e4f417574683255736572417574686f72697479000000000000026c0200034c000a6174747269627574657374000f4c6a6176612f7574696c2f4d61703b4c0009617574686f7269747971007e00044c0015757365724e616d654174747269627574654e616d6571007e00047870737200256a6176612e7574696c2e436f6c6c656374696f6e7324556e6d6f6469666961626c654d6170f1a5a8fe74f507420200014c00016d71007e00147870737200176a6176612e7574696c2e4c696e6b6564486173684d617034c04e5c106cc0fb0200015a000b6163636573734f72646572787200116a6176612e7574696c2e486173684d61700507dac1c31660d103000246000a6c6f6164466163746f724900097468726573686f6c6478703f400000000000187708000000200000001474000761745f68617368740016654a4e65396462425a375f744e30336152777263434174000373756274002433383235366432632d633138312d343661332d383466652d32616464323863366335376174000e656d61696c5f7665726966696564737200116a6176612e6c616e672e426f6f6c65616ecd207280d59cfaee0200015a000576616c75657870017400036973737372000c6a6176612e6e65742e55524c962537361afce47203000749000868617368436f6465490004706f72744c0009617574686f7269747971007e00044c000466696c6571007e00044c0004686f737471007e00044c000870726f746f636f6c71007e00044c000372656671007e00047870ffffffffffffffff740019617574682e73746167696e672e7465727261776172652e696f7400112f7265616c6d732f74657272617761726571007e00257400056874747073707874000374797074000249447400127072656665727265645f757365726e616d6574001b726561646f6e6c79407465727261666f726d6174696f6e2e636f6d7400066c6f63616c65740002656e74000a676976656e5f6e616d65740004526561647400056e6f6e636574002b4877534c735061526d33366d63554b646f334d746f763151396f6d57346979366d72456c445f5a735a515574000373696474002431303964636634662d636638362d346539352d386230372d3538366533326539323262357400036175647371007e000e000000017704000000017400146465762d7465727261776172652d73657276657278740003617a707400146465762d7465727261776172652d736572766572740009617574685f74696d657372000d6a6176612e74696d652e536572955d84ba1b2248b20c00007870770d0200000000687197e600000000787400046e616d6574000952656164204f6e6c797400036578707371007e003a770d020000000068722486000000007874000d73657373696f6e5f737461746574002431303964636634662d636638362d346539352d386230372d35383665333265393232623574000b66616d696c795f6e616d657400044f6e6c797400036961747371007e003a770d0200000000687197e60000000078740005656d61696c74001b726561646f6e6c79407465727261666f726d6174696f6e2e636f6d7400036a746974002438663939326665322d393231382d343064322d383239662d62323334353032306632643378007400094f4944435f5553455271007e001d737200396f72672e737072696e676672616d65776f726b2e73656375726974792e6f61757468322e636f72652e6f6964632e4f6964634964546f6b656ee674656352681bac0200014c0006636c61696d7371007e00147872003c6f72672e737072696e676672616d65776f726b2e73656375726974792e6f61757468322e636f72652e41627374726163744f4175746832546f6b656e000000000000026c0200034c00096578706972657341747400134c6a6176612f74696d652f496e7374616e743b4c0008697373756564417471007e004d4c000a746f6b656e56616c756571007e0004787071007e003f71007e004574052a65794a68624763694f694a53557a49314e694973496e5235634349674f694169536c64554969776961326c6b4969413649434a4c6357647564544e5862556b31635868474d3052736432316e536d3946646e4e50656c7056546a42754f444179563141335156644664554e56496e302e65794a6c654841694f6a45334e54497a4d5441354d546773496d6c68644349364d5463314d6a49334e446b784f43776959585630614639306157316c496a6f784e7a55794d6a63304f5445344c434a7164476b694f6949345a6a6b354d6d5a6c4d6930354d6a45344c5451775a4449744f4449355a6931694d6a4d304e5441794d4759795a444d694c434a7063334d694f694a6f64485277637a6f764c32463164476775633352685a326c755a7935305a584a7959586468636d557561573876636d56686247317a4c33526c636e4a68643246795a534973496d46315a434936496d526c646931305a584a7959586468636d557463325679646d56794969776963335669496a6f694d7a67794e545a6b4d6d4d74597a45344d5330304e6d457a4c5467305a6d55744d6d466b5a444934597a5a6a4e5464684969776964486c77496a6f69535551694c434a68656e41694f694a6b5a58597464475679636d463359584a6c4c584e6c636e5a6c63694973496d3576626d4e6c496a6f695348645454484e5159564a744d7a5a745931564c5a47387a54585276646a46524f573974567a527065545a74636b5673524639616331705256534973496e4e6c63334e706232356663335268644755694f6949784d446c6b593259305a69316a5a6a67324c54526c4f5455744f4749774e7930314f445a6c4d7a4a6c4f544979596a55694c434a686446396f59584e6f496a6f695a55704f5a546c6b596b4a614e313930546a417a59564a33636d4e4451534973496e4e705a434936496a45774f57526a5a6a526d4c574e6d4f4459744e4755354e533034596a41334c5455344e6d557a4d6d55354d6a4a694e534973496d567459576c7358335a6c636d6c6d6157566b496a7030636e566c4c434a755957316c496a6f69556d56685a434250626d78354969776963484a6c5a6d5679636d566b5833567a5a584a755957316c496a6f69636d56685a47397562486c4164475679636d466d62334a74595852706232347559323974496977696247396a5957786c496a6f695a5734694c434a6e61585a6c626c39755957316c496a6f69556d56685a434973496d5a6862576c73655639755957316c496a6f695432357365534973496d567459576c73496a6f69636d56685a47397562486c4164475679636d466d62334a74595852706232347559323974496e302e6b31495977376262334d646a71786d763670394c5f634246336f5444745768307068504157464b4b726d4a6a7942426f2d415a424d375f38647650323641724d54436732366b5235634d304e3265354962763961505267376a495351396b4b2d6b486c66376657456634687975565352526b64576c595f76304350796f696e505455394f6e784748552d452d4b6d436f616a4d63464833704455616f795a5a466232375a47396e4d576b676e3252524b2d7163385572683750617547393141733768574f66516b5648486d6f3155676334744865456e77385439326234584a41574e55346745644a7731454a4b36615a634c716e514e373633654d464c626b68346c6d635a47753173414d496d37685f716c2d69465f53314b337642554572384b5151562d584e4870486473347654634b655a3562425971355f5a574537574748317a4c6e75766f494a5042464877485755465849777371007e00167371007e00183f400000000000187708000000200000001471007e001b71007e001c71007e001d71007e001e74000e656d61696c5f766572696669656471007e002171007e002271007e002471007e002871007e00297400127072656665727265645f757365726e616d6571007e002b7400066c6f63616c6571007e002d74000a676976656e5f6e616d6571007e002f71007e003071007e003171007e003271007e003371007e003471007e003571007e003771007e003871007e003971007e003b7400046e616d6571007e003d71007e003e71007e003f71007e004071007e004171007e004471007e004574000b66616d696c795f6e616d6571007e004371007e004871007e0049740005656d61696c71007e004778007372003a6f72672e737072696e676672616d65776f726b2e73656375726974792e6f61757468322e636f72652e6f6964632e4f69646355736572496e666f000000000000026c0200014c0006636c61696d7371007e001478707371007e00167371007e00183f4000000000000c7708000000100000000871007e001d74002433383235366432632d633138312d343661332d383466652d32616464323863366335376171007e001f71007e002171007e003c74000952656164204f6e6c7971007e002a74001b726561646f6e6c79407465727261666f726d6174696f6e2e636f6d71007e002c740002656e71007e002e7400045265616471007e00427400044f6e6c7971007e004674001b726561646f6e6c79407465727261666f726d6174696f6e2e636f6d7800737200426f72672e737072696e676672616d65776f726b2e73656375726974792e636f72652e617574686f726974792e53696d706c654772616e746564417574686f72697479000000000000026c0200014c0004726f6c6571007e0004787074000b53434f50455f656d61696c7371007e006474000c53434f50455f6f70656e69647371007e006474000d53434f50455f70726f66696c657871007e000f737200486f72672e737072696e676672616d65776f726b2e73656375726974792e7765622e61757468656e7469636174696f6e2e57656241757468656e7469636174696f6e44657461696c73000000000000026c0200024c000d72656d6f74654164647265737371007e00044c000973657373696f6e496471007e0004787074000c3139322e3136382e36352e3174002431636339373461332d643463652d343738352d393563362d6262616236323064626239647400086b6579636c6f616b737200426f72672e737072696e676672616d65776f726b2e73656375726974792e6f61757468322e636f72652e6f6964632e757365722e44656661756c744f69646355736572defdfadcaf6849fe0200024c00076964546f6b656e71007e00114c000875736572496e666f71007e00127872003f6f72672e737072696e676672616d65776f726b2e73656375726974792e6f61757468322e636f72652e757365722e44656661756c744f417574683255736572000000000000026c0200034c000a6174747269627574657371007e00144c000b617574686f72697469657374000f4c6a6176612f7574696c2f5365743b4c00106e616d654174747269627574654b657971007e000478707371007e00167371007e00183f400000000000187708000000200000001471007e001b71007e001c71007e001d71007e001e71007e001f71007e002171007e002271007e002471007e002871007e002971007e002a71007e002b71007e002c71007e002d71007e002e71007e002f71007e003071007e003171007e003271007e003371007e003471007e003571007e003771007e003871007e003971007e003b71007e003c71007e003d71007e003e71007e003f71007e004071007e004171007e004271007e004371007e004471007e004571007e004671007e004771007e004871007e00497800737200256a6176612e7574696c2e436f6c6c656374696f6e7324556e6d6f6469666961626c65536574801d92d18f9b80550200007871007e000c737200176a6176612e7574696c2e4c696e6b656448617368536574d86cd75a95dd2a1e020000787200116a6176612e7574696c2e48617368536574ba44859596b8b7340300007870770c000000103f4000000000000471007e001571007e006571007e006771007e00697871007e001d71007e004e71007e005a
\.


--
-- Data for Name: sub_locations; Type: TABLE DATA; Schema: public; Owner: -
--

COPY public.sub_locations (id, facility_id, name, created_time, modified_time, created_by, modified_by) FROM stdin;
1000	100	Refrigerator 1	2022-10-25 17:51:42.255377+00	2022-10-25 17:51:42.255377+00	1	1
1001	100	Freezer 1	2022-10-25 17:51:42.255377+00	2022-10-25 17:51:42.255377+00	1	1
1002	100	Freezer 2	2022-10-25 17:51:42.255377+00	2022-10-25 17:51:42.255377+00	1	1
1003	103	Nursery Garage	2025-11-05 18:48:37.592147+00	2025-11-05 18:48:37.592155+00	1	1
\.


--
-- Data for Name: successional_groups; Type: TABLE DATA; Schema: public; Owner: -
--

COPY public.successional_groups (id, name) FROM stdin;
1	Pioneer
2	Early secondary
3	Late secondary
4	Mature
\.


--
-- Data for Name: test_clock; Type: TABLE DATA; Schema: public; Owner: -
--

COPY public.test_clock (fake_time, real_time) FROM stdin;
2021-12-15 17:59:42.568389+00	2021-12-15 17:59:42.568389+00
\.


--
-- Data for Name: thumbnails; Type: TABLE DATA; Schema: public; Owner: -
--

COPY public.thumbnails (id, file_id, width, height, content_type, created_time, size, storage_url, is_full_size) FROM stdin;
\.


--
-- Data for Name: time_zones; Type: TABLE DATA; Schema: public; Owner: -
--

COPY public.time_zones (time_zone) FROM stdin;
Asia/Aden
America/Cuiaba
Etc/GMT+9
Etc/GMT+8
Africa/Nairobi
America/Marigot
Asia/Aqtau
Pacific/Kwajalein
America/El_Salvador
Asia/Pontianak
Africa/Cairo
Pacific/Pago_Pago
Africa/Mbabane
Asia/Kuching
Pacific/Honolulu
Pacific/Rarotonga
America/Guatemala
Australia/Hobart
Europe/London
America/Belize
America/Panama
Asia/Chungking
America/Managua
America/Indiana/Petersburg
Asia/Yerevan
Europe/Brussels
GMT
Europe/Warsaw
America/Chicago
Asia/Kashgar
Chile/Continental
Pacific/Yap
CET
Etc/GMT-1
Etc/GMT-0
Europe/Jersey
America/Tegucigalpa
Etc/GMT-5
Europe/Istanbul
America/Eirunepe
Etc/GMT-4
America/Miquelon
Etc/GMT-3
Europe/Luxembourg
Etc/GMT-2
Etc/GMT-9
America/Argentina/Catamarca
Etc/GMT-8
Etc/GMT-7
Etc/GMT-6
Europe/Zaporozhye
Canada/Yukon
Canada/Atlantic
Atlantic/St_Helena
Australia/Tasmania
Libya
Europe/Guernsey
America/Grand_Turk
Asia/Samarkand
America/Argentina/Cordoba
Asia/Phnom_Penh
Africa/Kigali
Asia/Almaty
US/Alaska
Asia/Dubai
Europe/Isle_of_Man
America/Araguaina
Cuba
Asia/Novosibirsk
America/Argentina/Salta
Etc/GMT+3
Africa/Tunis
Etc/GMT+2
Etc/GMT+1
Pacific/Fakaofo
Africa/Tripoli
Etc/GMT+0
Israel
Africa/Banjul
Etc/GMT+7
Indian/Comoro
Etc/GMT+6
Etc/GMT+5
Etc/GMT+4
Pacific/Port_Moresby
US/Arizona
Antarctica/Syowa
Indian/Reunion
Pacific/Palau
Europe/Kaliningrad
America/Montevideo
Africa/Windhoek
Asia/Karachi
Africa/Mogadishu
Australia/Perth
Brazil/East
Etc/GMT
Asia/Chita
Pacific/Easter
Antarctica/Davis
Antarctica/McMurdo
Asia/Macao
America/Manaus
Africa/Freetown
Europe/Bucharest
Asia/Tomsk
America/Argentina/Mendoza
Asia/Macau
Europe/Malta
Mexico/BajaSur
Pacific/Tahiti
Africa/Asmera
Europe/Busingen
America/Argentina/Rio_Gallegos
Africa/Malabo
Europe/Skopje
America/Catamarca
America/Godthab
Europe/Sarajevo
Australia/ACT
GB-Eire
Africa/Lagos
America/Cordoba
Europe/Rome
Asia/Dacca
Indian/Mauritius
Pacific/Samoa
America/Regina
America/Fort_Wayne
America/Dawson_Creek
Africa/Algiers
Europe/Mariehamn
America/St_Johns
America/St_Thomas
Europe/Zurich
America/Anguilla
Asia/Dili
America/Denver
Africa/Bamako
Europe/Saratov
GB
Mexico/General
Pacific/Wallis
Europe/Gibraltar
Africa/Conakry
Africa/Lubumbashi
Asia/Istanbul
America/Havana
NZ-CHAT
Asia/Choibalsan
America/Porto_Acre
Asia/Omsk
Europe/Vaduz
US/Michigan
Asia/Dhaka
America/Barbados
Europe/Tiraspol
Atlantic/Cape_Verde
Asia/Yekaterinburg
America/Louisville
Pacific/Johnston
Pacific/Chatham
Europe/Ljubljana
America/Sao_Paulo
Asia/Jayapura
America/Curacao
Asia/Dushanbe
America/Guyana
America/Guayaquil
America/Martinique
Portugal
Europe/Berlin
Europe/Moscow
Europe/Chisinau
America/Puerto_Rico
America/Rankin_Inlet
Pacific/Ponape
Europe/Stockholm
Europe/Budapest
America/Argentina/Jujuy
Australia/Eucla
Asia/Shanghai
Universal
Europe/Zagreb
America/Port_of_Spain
Europe/Helsinki
Asia/Beirut
Asia/Tel_Aviv
Pacific/Bougainville
US/Central
Africa/Sao_Tome
Indian/Chagos
America/Cayenne
Asia/Yakutsk
Pacific/Galapagos
Australia/North
Europe/Paris
Africa/Ndjamena
Pacific/Fiji
America/Rainy_River
Indian/Maldives
Australia/Yancowinna
SystemV/AST4
Asia/Oral
America/Yellowknife
Pacific/Enderbury
America/Juneau
Australia/Victoria
America/Indiana/Vevay
Asia/Tashkent
Asia/Jakarta
Africa/Ceuta
Asia/Barnaul
America/Recife
America/Buenos_Aires
America/Noronha
America/Swift_Current
Australia/Adelaide
America/Metlakatla
Africa/Djibouti
America/Paramaribo
Asia/Qostanay
Europe/Simferopol
Europe/Sofia
Africa/Nouakchott
Europe/Prague
America/Indiana/Vincennes
Antarctica/Mawson
America/Kralendijk
Antarctica/Troll
Europe/Samara
Indian/Christmas
America/Antigua
Pacific/Gambier
America/Indianapolis
America/Inuvik
America/Iqaluit
Pacific/Funafuti
UTC
Antarctica/Macquarie
Canada/Pacific
America/Moncton
Africa/Gaborone
Pacific/Chuuk
Asia/Pyongyang
America/St_Vincent
Asia/Gaza
Etc/Universal
PST8PDT
Atlantic/Faeroe
Asia/Qyzylorda
Canada/Newfoundland
America/Kentucky/Louisville
America/Yakutat
America/Ciudad_Juarez
Asia/Ho_Chi_Minh
Antarctica/Casey
Europe/Copenhagen
Africa/Asmara
Atlantic/Azores
Europe/Vienna
ROK
Pacific/Pitcairn
America/Mazatlan
Australia/Queensland
Pacific/Nauru
Europe/Tirane
Asia/Kolkata
SystemV/MST7
Australia/Canberra
MET
Australia/Broken_Hill
Europe/Riga
America/Dominica
Africa/Abidjan
America/Mendoza
America/Santarem
Kwajalein
America/Asuncion
Asia/Ulan_Bator
NZ
America/Boise
Australia/Currie
EST5EDT
Pacific/Guam
Pacific/Wake
Atlantic/Bermuda
America/Costa_Rica
America/Dawson
Asia/Chongqing
Eire
Europe/Amsterdam
America/Indiana/Knox
America/North_Dakota/Beulah
Africa/Accra
Atlantic/Faroe
Mexico/BajaNorte
America/Maceio
Etc/UCT
Pacific/Apia
GMT0
America/Atka
Pacific/Niue
Australia/Lord_Howe
Europe/Dublin
Pacific/Truk
MST7MDT
America/Monterrey
America/Nassau
America/Jamaica
Asia/Bishkek
America/Atikokan
Atlantic/Stanley
Australia/NSW
US/Hawaii
SystemV/CST6
Indian/Mahe
Asia/Aqtobe
America/Sitka
Asia/Vladivostok
Africa/Libreville
Africa/Maputo
Zulu
America/Kentucky/Monticello
Africa/El_Aaiun
Africa/Ouagadougou
America/Coral_Harbour
Pacific/Marquesas
Brazil/West
America/Aruba
America/North_Dakota/Center
America/Cayman
Asia/Ulaanbaatar
Asia/Baghdad
Europe/San_Marino
America/Indiana/Tell_City
America/Tijuana
Pacific/Saipan
SystemV/YST9
Africa/Douala
America/Chihuahua
America/Ojinaga
Asia/Hovd
America/Anchorage
Chile/EasterIsland
America/Halifax
Antarctica/Rothera
America/Indiana/Indianapolis
US/Mountain
Asia/Damascus
America/Argentina/San_Luis
America/Santiago
Asia/Baku
America/Argentina/Ushuaia
Atlantic/Reykjavik
Africa/Brazzaville
Africa/Porto-Novo
America/La_Paz
Antarctica/DumontDUrville
Asia/Taipei
Antarctica/South_Pole
Asia/Manila
Asia/Bangkok
Africa/Dar_es_Salaam
Poland
Atlantic/Madeira
Antarctica/Palmer
America/Thunder_Bay
Africa/Addis_Ababa
Asia/Yangon
Europe/Uzhgorod
Brazil/DeNoronha
Asia/Ashkhabad
Etc/Zulu
America/Indiana/Marengo
America/Creston
America/Punta_Arenas
America/Mexico_City
Antarctica/Vostok
Asia/Jerusalem
Europe/Andorra
US/Samoa
PRC
Asia/Vientiane
Pacific/Kiritimati
America/Matamoros
America/Blanc-Sablon
Asia/Riyadh
Iceland
Pacific/Pohnpei
Asia/Ujung_Pandang
Atlantic/South_Georgia
Europe/Lisbon
Asia/Harbin
Europe/Oslo
Asia/Novokuznetsk
CST6CDT
Atlantic/Canary
America/Knox_IN
Asia/Kuwait
SystemV/HST10
Pacific/Efate
Africa/Lome
America/Bogota
America/Menominee
America/Adak
Pacific/Norfolk
Europe/Kirov
America/Resolute
Pacific/Kanton
Pacific/Tarawa
Africa/Kampala
Asia/Krasnoyarsk
Greenwich
SystemV/EST5
America/Edmonton
Europe/Podgorica
Australia/South
Canada/Central
Africa/Bujumbura
America/Santo_Domingo
US/Eastern
Europe/Minsk
Pacific/Auckland
Africa/Casablanca
America/Glace_Bay
Canada/Eastern
Asia/Qatar
Europe/Kiev
Singapore
Asia/Magadan
SystemV/PST8
America/Port-au-Prince
Europe/Belfast
America/St_Barthelemy
Asia/Ashgabat
Africa/Luanda
America/Nipigon
Atlantic/Jan_Mayen
Brazil/Acre
Asia/Muscat
Asia/Bahrain
Europe/Vilnius
America/Fortaleza
Etc/GMT0
US/East-Indiana
America/Hermosillo
America/Cancun
Africa/Maseru
Pacific/Kosrae
Africa/Kinshasa
Asia/Kathmandu
Asia/Seoul
Australia/Sydney
America/Lima
Australia/LHI
America/St_Lucia
Europe/Madrid
America/Bahia_Banderas
America/Montserrat
Asia/Brunei
America/Santa_Isabel
Canada/Mountain
America/Cambridge_Bay
Asia/Colombo
Australia/West
Indian/Antananarivo
Australia/Brisbane
Indian/Mayotte
US/Indiana-Starke
Asia/Urumqi
US/Aleutian
Europe/Volgograd
America/Lower_Princes
America/Vancouver
Africa/Blantyre
America/Rio_Branco
America/Danmarkshavn
America/Detroit
America/Thule
Africa/Lusaka
Asia/Hong_Kong
Iran
America/Argentina/La_Rioja
Africa/Dakar
SystemV/CST6CDT
America/Tortola
America/Porto_Velho
Asia/Sakhalin
Etc/GMT+10
America/Scoresbysund
Asia/Kamchatka
Asia/Thimbu
Africa/Harare
Etc/GMT+12
Etc/GMT+11
Navajo
America/Nome
Europe/Tallinn
Turkey
Africa/Khartoum
Africa/Johannesburg
Africa/Bangui
Europe/Belgrade
Jamaica
Africa/Bissau
Asia/Tehran
WET
Europe/Astrakhan
Africa/Juba
America/Campo_Grande
America/Belem
Etc/Greenwich
Asia/Saigon
America/Ensenada
Pacific/Midway
America/Jujuy
Africa/Timbuktu
America/Bahia
America/Goose_Bay
America/Virgin
America/Pangnirtung
Asia/Katmandu
America/Phoenix
Africa/Niamey
America/Whitehorse
Pacific/Noumea
Asia/Tbilisi
Europe/Kyiv
America/Montreal
Asia/Makassar
America/Argentina/San_Juan
Hongkong
UCT
Asia/Nicosia
America/Indiana/Winamac
SystemV/MST7MDT
America/Argentina/ComodRivadavia
America/Boa_Vista
America/Grenada
Asia/Atyrau
Australia/Darwin
Asia/Khandyga
Asia/Kuala_Lumpur
Asia/Famagusta
Asia/Thimphu
Asia/Rangoon
Europe/Bratislava
Asia/Calcutta
America/Argentina/Tucuman
Asia/Kabul
Indian/Cocos
Japan
Pacific/Tongatapu
America/New_York
Etc/GMT-12
Etc/GMT-11
America/Nuuk
Etc/GMT-10
SystemV/YST9YDT
Europe/Ulyanovsk
Etc/GMT-14
Etc/GMT-13
W-SU
America/Merida
EET
America/Rosario
Canada/Saskatchewan
America/St_Kitts
Arctic/Longyearbyen
America/Fort_Nelson
America/Caracas
America/Guadeloupe
Asia/Hebron
Indian/Kerguelen
SystemV/PST8PDT
Africa/Monrovia
Asia/Ust-Nera
Egypt
Asia/Srednekolymsk
America/North_Dakota/New_Salem
Asia/Anadyr
Australia/Melbourne
Asia/Irkutsk
America/Shiprock
America/Winnipeg
Europe/Vatican
Asia/Amman
Etc/UTC
SystemV/AST4ADT
Asia/Tokyo
America/Toronto
Asia/Singapore
Australia/Lindeman
America/Los_Angeles
SystemV/EST5EDT
Pacific/Majuro
America/Argentina/Buenos_Aires
Europe/Nicosia
Pacific/Guadalcanal
Europe/Athens
US/Pacific
Europe/Monaco
Z
\.


--
-- Data for Name: timeseries; Type: TABLE DATA; Schema: public; Owner: -
--

COPY public.timeseries (id, type_id, device_id, name, units, decimal_places, created_time, modified_time, created_by, modified_by, retention_days) FROM stdin;
\.


--
-- Data for Name: timeseries_types; Type: TABLE DATA; Schema: public; Owner: -
--

COPY public.timeseries_types (id, name) FROM stdin;
1	Numeric
2	Text
\.


--
-- Data for Name: timeseries_values; Type: TABLE DATA; Schema: public; Owner: -
--

COPY public.timeseries_values (timeseries_id, created_time, value) FROM stdin;
\.


--
-- Data for Name: upload_problem_types; Type: TABLE DATA; Schema: public; Owner: -
--

COPY public.upload_problem_types (id, name) FROM stdin;
1	Unrecognized Value
2	Missing Required Value
3	Duplicate Value
4	Malformed Value
\.


--
-- Data for Name: upload_problems; Type: TABLE DATA; Schema: public; Owner: -
--

COPY public.upload_problems (id, upload_id, type_id, is_error, "position", field, message, value) FROM stdin;
\.


--
-- Data for Name: upload_statuses; Type: TABLE DATA; Schema: public; Owner: -
--

COPY public.upload_statuses (id, name, finished) FROM stdin;
1	Receiving	f
2	Validating	f
3	Processing	f
4	Completed	t
5	Processing Failed	t
6	Invalid	t
7	Receiving Failed	t
8	Awaiting Validation	f
9	Awaiting User Action	f
10	Awaiting Processing	f
\.


--
-- Data for Name: upload_types; Type: TABLE DATA; Schema: public; Owner: -
--

COPY public.upload_types (id, name, expire_files) FROM stdin;
1	Species CSV	t
2	Accession CSV	t
3	Seedling Batch CSV	t
\.


--
-- Data for Name: uploads; Type: TABLE DATA; Schema: public; Owner: -
--

COPY public.uploads (id, created_by, created_time, filename, storage_url, content_type, type_id, status_id, organization_id, facility_id, locale) FROM stdin;
\.


--
-- Data for Name: user_disclaimers; Type: TABLE DATA; Schema: public; Owner: -
--

COPY public.user_disclaimers (disclaimer_id, user_id, accepted_on) FROM stdin;
\.


--
-- Data for Name: user_global_roles; Type: TABLE DATA; Schema: public; Owner: -
--

COPY public.user_global_roles (user_id, global_role_id) FROM stdin;
1	1
6	4
\.


--
-- Data for Name: user_preferences; Type: TABLE DATA; Schema: public; Owner: -
--

COPY public.user_preferences (user_id, organization_id, preferences) FROM stdin;
4	\N	{"preferredWeightSystem": "metric"}
5	\N	{"lastVisitedOrg": 1, "preferredWeightSystem": "metric"}
5	1	{"lastPlantingSiteSelected": -1}
1	1	{"lastPlantingSiteSelected": -1, "plants.dashboard.lastVisitedPlantingSite": {"plantingSiteId": 1}, "plants.observations.lastVisitedPlantingSite": {"plantingSiteId": -1}}
6	\N	{"lastVisitedOrg": 1, "preferredWeightSystem": "metric"}
6	1	{"lastPlantingSiteSelected": -1}
1	\N	{"lastVisitedOrg": 1, "preferredWeightSystem": "metric", "dont-show-site-boundary-instructions": true, "dont-show-site-zone-boundaries-instructions": true}
\.


--
-- Data for Name: user_types; Type: TABLE DATA; Schema: public; Owner: -
--

COPY public.user_types (id, name) FROM stdin;
1	Individual
3	Device Manager
4	System
5	Funder
\.


--
-- Data for Name: users; Type: TABLE DATA; Schema: public; Owner: -
--

COPY public.users (id, auth_id, email, first_name, last_name, created_time, modified_time, user_type_id, last_activity_time, email_notifications_enabled, deleted_time, time_zone, locale, country_code, cookies_consented, cookies_consented_time) FROM stdin;
2	DISABLED	system	Terraware	System	2022-10-25 17:51:42.24661+00	2022-10-25 17:51:42.24661+00	4	\N	f	\N	\N	\N	\N	\N	\N
3	\N	pending@terraformation.com	\N	\N	2025-05-21 21:42:18.239617+00	2025-05-21 21:42:18.23963+00	5	\N	f	\N	\N	\N	\N	\N	\N
4	157cf509-d3e6-4bde-9e0d-d4ac07e2b721	funder@terraformation.com	Test	Funder	2025-05-21 21:42:25.83028+00	2025-05-21 21:45:27.385204+00	5	2025-05-21 21:46:29.411+00	f	\N	America/Los_Angeles	\N	\N	\N	\N
5	2cd6d1dd-3135-4ef8-a817-fc6f207d1ab1	contributor@terraformation.com	Contributor	User	2025-07-11 21:45:26.864778+00	2025-07-11 21:48:32.894439+00	1	2025-07-11 21:48:35.525+00	f	\N	America/Los_Angeles	\N	\N	\N	\N
6	38256d2c-c181-46a3-84fe-2add28c6c57a	readonly@terraformation.com	Read	Only	2025-07-11 23:00:24.169033+00	2025-07-11 23:01:58.394435+00	1	2025-07-11 23:04:59.783+00	f	\N	America/Los_Angeles	\N	\N	\N	\N
1	0d04525c-7933-4cec-9647-7b6ac2642838	superadmin@terraformation.com	Super	Admin	2021-12-15 17:59:59.069723+00	2021-12-15 17:59:59.069723+00	1	2026-02-05 21:11:46.445+00	f	\N	Etc/UTC	\N	\N	t	2025-06-11 21:53:16.594086+00
\.


--
-- Data for Name: vector_store; Type: TABLE DATA; Schema: public; Owner: -
--

COPY public.vector_store (id, content, metadata, embedding) FROM stdin;
\.


--
-- Data for Name: wood_density_levels; Type: TABLE DATA; Schema: public; Owner: -
--

COPY public.wood_density_levels (id, name) FROM stdin;
1	Species
2	Genus
3	Family
\.


--
-- Data for Name: accession_collectors; Type: TABLE DATA; Schema: seedbank; Owner: -
--

COPY seedbank.accession_collectors (accession_id, "position", name) FROM stdin;
\.


--
-- Data for Name: accession_photos; Type: TABLE DATA; Schema: seedbank; Owner: -
--

COPY seedbank.accession_photos (accession_id, file_id) FROM stdin;
1002	1001
1002	1002
\.


--
-- Data for Name: accession_quantity_history; Type: TABLE DATA; Schema: seedbank; Owner: -
--

COPY seedbank.accession_quantity_history (id, accession_id, history_type_id, created_by, created_time, remaining_quantity, remaining_units_id, notes) FROM stdin;
1	1	1	1	2025-11-05 20:13:35.622314+00	500	2	\N
\.


--
-- Data for Name: accession_quantity_history_types; Type: TABLE DATA; Schema: seedbank; Owner: -
--

COPY seedbank.accession_quantity_history_types (id, name) FROM stdin;
1	Observed
2	Computed
\.


--
-- Data for Name: accession_state_history; Type: TABLE DATA; Schema: seedbank; Owner: -
--

COPY seedbank.accession_state_history (accession_id, updated_time, old_state_id, new_state_id, reason, updated_by) FROM stdin;
1000	2022-10-25 17:51:45.051912+00	30	40	Accession has been edited	2
1002	2022-10-25 17:51:45.114536+00	30	40	Accession has been edited	2
1	2025-11-05 20:12:54.834567+00	\N	5	Accession created	1
\.


--
-- Data for Name: accession_states; Type: TABLE DATA; Schema: seedbank; Owner: -
--

COPY seedbank.accession_states (id, name, active) FROM stdin;
5	Awaiting Check-In	t
10	Pending	t
15	Awaiting Processing	t
20	Processing	t
30	Processed	t
40	Drying	t
50	Dried	t
60	In Storage	t
70	Withdrawn	f
75	Used Up	f
80	Nursery	f
\.


--
-- Data for Name: accessions; Type: TABLE DATA; Schema: seedbank; Owner: -
--

COPY seedbank.accessions (id, facility_id, number, collected_date, received_date, state_id, founder_id, trees_collected_from, subset_weight, subset_count, est_seed_count, drying_end_date, processing_notes, sub_location_id, created_time, collection_site_name, collection_site_landowner, total_viability_percent, remaining_grams, remaining_quantity, remaining_units_id, subset_weight_grams, subset_weight_quantity, subset_weight_units_id, modified_time, created_by, modified_by, species_id, collection_site_city, collection_site_country_code, collection_site_country_subdivision, collection_site_notes, collection_source_id, data_source_id, latest_observed_quantity, latest_observed_units_id, latest_observed_time, est_weight_grams, est_weight_quantity, est_weight_units_id, total_withdrawn_count, total_withdrawn_weight_grams, total_withdrawn_weight_quantity, total_withdrawn_weight_units_id, project_id) FROM stdin;
1000	100	XYZ	\N	\N	40	\N	1	\N	\N	\N	\N	\N	\N	2021-01-03 15:31:20+00	\N	\N	\N	\N	\N	\N	\N	\N	\N	2022-10-25 17:51:45.063084+00	1	2	1	\N	\N	\N	\N	\N	1	\N	\N	\N	\N	\N	\N	\N	\N	\N	\N	\N
1001	100	ABCDEFG	\N	\N	20	\N	2	\N	\N	\N	\N	\N	\N	2021-01-10 13:08:11+00	\N	\N	\N	\N	\N	\N	\N	\N	\N	2022-10-25 17:51:45.090985+00	1	2	2	\N	\N	\N	\N	\N	1	\N	\N	\N	\N	\N	\N	\N	\N	\N	\N	\N
1002	100	AAF4D49R3E	\N	\N	40	\N	1	\N	\N	\N	\N	\N	\N	2021-01-03 15:31:20+00	\N	\N	\N	\N	\N	\N	\N	\N	\N	2022-10-25 17:51:45.115307+00	1	2	1	\N	\N	\N	\N	\N	2	\N	\N	\N	\N	\N	\N	\N	\N	\N	\N	\N
1	101	26-1-2-001	2026-01-01	2026-01-01	5	\N	\N	\N	10	500	\N	\N	\N	2026-01-01 20:12:54.827407+00	\N	\N	\N	500	500	2	10	10	2	2026-01-01 20:12:54.827407+00	1	1	1	\N	\N	\N	\N	\N	1	500	2	2025-11-05 20:13:35.620915+00	500	500	2	\N	\N	\N	\N	\N
\.


--
-- Data for Name: bags; Type: TABLE DATA; Schema: seedbank; Owner: -
--

COPY seedbank.bags (id, accession_id, bag_number) FROM stdin;
1001	1002	ABCD001237
1002	1002	ABCD001238
\.


--
-- Data for Name: collection_sources; Type: TABLE DATA; Schema: seedbank; Owner: -
--

COPY seedbank.collection_sources (id, name) FROM stdin;
1	Wild
2	Reintroduced
3	Cultivated
4	Other
\.


--
-- Data for Name: data_sources; Type: TABLE DATA; Schema: seedbank; Owner: -
--

COPY seedbank.data_sources (id, name) FROM stdin;
1	Web
2	Seed Collector App
3	File Import
\.


--
-- Data for Name: geolocations; Type: TABLE DATA; Schema: seedbank; Owner: -
--

COPY seedbank.geolocations (id, accession_id, created_time, latitude, longitude, gps_accuracy) FROM stdin;
1001	1002	2021-02-12 17:21:33.62729+00	9.0300000	-79.5300000	\N
\.


--
-- Data for Name: seed_quantity_units; Type: TABLE DATA; Schema: seedbank; Owner: -
--

COPY seedbank.seed_quantity_units (id, name) FROM stdin;
1	Seeds
2	Grams
3	Milligrams
4	Kilograms
5	Ounces
6	Pounds
\.


--
-- Data for Name: viability_test_results; Type: TABLE DATA; Schema: seedbank; Owner: -
--

COPY seedbank.viability_test_results (id, test_id, recording_date, seeds_germinated) FROM stdin;
\.


--
-- Data for Name: viability_test_seed_types; Type: TABLE DATA; Schema: seedbank; Owner: -
--

COPY seedbank.viability_test_seed_types (id, name) FROM stdin;
1	Fresh
2	Stored
\.


--
-- Data for Name: viability_test_substrates; Type: TABLE DATA; Schema: seedbank; Owner: -
--

COPY seedbank.viability_test_substrates (id, name) FROM stdin;
1	Nursery Media
2	Agar
3	Paper
4	Other
5	Sand
6	Media Mix
7	Soil
8	Moss
9	Perlite/Vermiculite
10	None
\.


--
-- Data for Name: viability_test_types; Type: TABLE DATA; Schema: seedbank; Owner: -
--

COPY seedbank.viability_test_types (id, name) FROM stdin;
1	Lab
2	Nursery
3	Cut
\.


--
-- Data for Name: viability_tests; Type: TABLE DATA; Schema: seedbank; Owner: -
--

COPY seedbank.viability_tests (id, accession_id, test_type, start_date, seed_type_id, substrate_id, treatment_id, seeds_sown, notes, staff_responsible, total_seeds_germinated, total_percent_germinated, end_date, seeds_compromised, seeds_empty, seeds_filled) FROM stdin;
\.


--
-- Data for Name: withdrawal_purposes; Type: TABLE DATA; Schema: seedbank; Owner: -
--

COPY seedbank.withdrawal_purposes (id, name) FROM stdin;
6	Other
7	Viability Testing
8	Out-planting
9	Nursery
\.


--
-- Data for Name: withdrawals; Type: TABLE DATA; Schema: seedbank; Owner: -
--

COPY seedbank.withdrawals (id, accession_id, date, purpose_id, destination, staff_responsible, created_time, updated_time, notes, viability_test_id, withdrawn_grams, withdrawn_quantity, withdrawn_units_id, estimated_count, estimated_weight_quantity, estimated_weight_units_id, created_by, withdrawn_by, batch_id) FROM stdin;
\.


--
-- Data for Name: geocode_settings; Type: TABLE DATA; Schema: tiger; Owner: -
--

COPY tiger.geocode_settings (name, setting, unit, category, short_desc) FROM stdin;
\.


--
-- Data for Name: pagc_gaz; Type: TABLE DATA; Schema: tiger; Owner: -
--

COPY tiger.pagc_gaz (id, seq, word, stdword, token, is_custom) FROM stdin;
\.


--
-- Data for Name: pagc_lex; Type: TABLE DATA; Schema: tiger; Owner: -
--

COPY tiger.pagc_lex (id, seq, word, stdword, token, is_custom) FROM stdin;
\.


--
-- Data for Name: pagc_rules; Type: TABLE DATA; Schema: tiger; Owner: -
--

COPY tiger.pagc_rules (id, rule, is_custom) FROM stdin;
\.


--
-- Data for Name: topology; Type: TABLE DATA; Schema: topology; Owner: -
--

COPY topology.topology (id, name, srid, "precision", hasz) FROM stdin;
\.


--
-- Data for Name: layer; Type: TABLE DATA; Schema: topology; Owner: -
--

COPY topology.layer (topology_id, layer_id, schema_name, table_name, feature_column, feature_type, level, child_id) FROM stdin;
\.


--
-- Data for Name: biomass_forest_types; Type: TABLE DATA; Schema: tracking; Owner: -
--

COPY tracking.biomass_forest_types (id, name) FROM stdin;
1	Terrestrial
2	Mangrove
\.


--
-- Data for Name: deliveries; Type: TABLE DATA; Schema: tracking; Owner: -
--

COPY tracking.deliveries (id, withdrawal_id, planting_site_id, created_by, created_time, modified_by, modified_time, reassigned_by, reassigned_time) FROM stdin;
1	1	2	1	2025-05-29 18:49:06.017294+00	1	2025-05-29 18:49:06.017294+00	\N	\N
2	2	3	1	2025-05-29 18:49:17.969801+00	1	2025-05-29 18:49:17.969801+00	\N	\N
\.


--
-- Data for Name: draft_planting_sites; Type: TABLE DATA; Schema: tracking; Owner: -
--

COPY tracking.draft_planting_sites (id, organization_id, project_id, name, description, time_zone, num_strata, num_substrata, data, created_by, created_time, modified_by, modified_time) FROM stdin;
\.


--
-- Data for Name: mangrove_tides; Type: TABLE DATA; Schema: tracking; Owner: -
--

COPY tracking.mangrove_tides (id, name) FROM stdin;
1	Low
2	High
\.


--
-- Data for Name: monitoring_plot_histories; Type: TABLE DATA; Schema: tracking; Owner: -
--

COPY tracking.monitoring_plot_histories (id, monitoring_plot_id, substratum_id, planting_site_id, substratum_history_id, planting_site_history_id, created_by, created_time) FROM stdin;
1	5162	7	3	7	3	1	2025-05-29 18:50:07.453112+00
2	5163	7	3	7	3	1	2025-05-29 18:50:07.479146+00
3	5164	7	3	7	3	1	2025-05-29 18:50:07.483888+00
4	5165	7	3	7	3	1	2025-05-29 18:50:07.487967+00
5	5166	7	3	7	3	1	2025-05-29 18:50:07.491594+00
6	5167	7	3	7	3	1	2025-05-29 18:50:07.495625+00
7	5168	7	3	7	3	1	2025-05-29 18:50:07.499319+00
8	5169	7	3	7	3	1	2025-05-29 18:50:07.502742+00
9	5170	8	3	8	3	1	2025-05-29 18:50:07.525231+00
10	5171	8	3	8	3	1	2025-05-29 18:50:07.531902+00
11	5172	8	3	8	3	1	2025-05-29 18:50:07.537179+00
12	5173	8	3	8	3	1	2025-05-29 18:50:07.542573+00
13	5174	8	3	8	3	1	2025-05-29 18:50:07.549173+00
14	5175	8	3	8	3	1	2025-05-29 18:50:07.555824+00
15	5176	8	3	8	3	1	2025-05-29 18:50:07.561879+00
16	5177	8	3	8	3	1	2025-05-29 18:50:07.569794+00
17	5178	9	3	9	3	1	2025-05-29 18:50:07.595451+00
18	5179	9	3	9	3	1	2025-05-29 18:50:07.659034+00
19	5180	9	3	9	3	1	2025-05-29 18:50:07.664713+00
20	5181	9	3	9	3	1	2025-05-29 18:50:07.67013+00
21	5182	9	3	9	3	1	2025-05-29 18:50:07.674458+00
22	5183	9	3	9	3	1	2025-05-29 18:50:07.679145+00
23	5184	9	3	9	3	1	2025-05-29 18:50:07.683523+00
24	5185	9	3	9	3	1	2025-05-29 18:50:07.687943+00
25	5186	7	3	7	3	1	2025-05-29 18:50:07.743795+00
26	5187	7	3	7	3	1	2025-05-29 18:50:07.764124+00
27	5188	7	3	7	3	1	2025-05-29 18:50:07.786189+00
28	5189	8	3	8	3	1	2025-05-29 18:50:07.868623+00
29	5190	8	3	8	3	1	2025-05-29 18:50:07.889255+00
30	5191	8	3	8	3	1	2025-05-29 18:50:07.908185+00
31	5192	9	3	9	3	1	2025-05-29 18:50:07.957077+00
32	5193	9	3	9	3	1	2025-05-29 18:50:07.975396+00
33	5194	9	3	9	3	1	2025-05-29 18:50:08.002837+00
34	5195	7	3	7	3	1	2025-06-16 21:44:02.21858+00
35	5196	7	3	7	3	1	2025-06-16 21:44:02.237017+00
36	5197	7	3	7	3	1	2025-06-16 21:44:02.248099+00
37	5198	8	3	8	3	1	2025-06-16 21:44:02.287353+00
38	5199	8	3	8	3	1	2025-06-16 21:44:02.29822+00
39	5200	8	3	8	3	1	2025-06-16 21:44:02.308233+00
40	5201	9	3	9	3	1	2025-06-16 21:44:02.339132+00
41	5202	9	3	9	3	1	2025-06-16 21:44:02.351778+00
42	5203	9	3	9	3	1	2025-06-16 21:44:02.364665+00
43	5204	7	3	7	3	1	2025-06-16 21:44:04.201923+00
44	5205	7	3	7	3	1	2025-06-16 21:44:04.211919+00
45	5206	7	3	7	3	1	2025-06-16 21:44:04.220568+00
46	5207	8	3	8	3	1	2025-06-16 21:44:04.245542+00
47	5208	8	3	8	3	1	2025-06-16 21:44:04.254634+00
48	5209	8	3	8	3	1	2025-06-16 21:44:04.262575+00
49	5210	9	3	9	3	1	2025-06-16 21:44:04.285352+00
50	5211	9	3	9	3	1	2025-06-16 21:44:04.293898+00
51	5212	9	3	9	3	1	2025-06-16 21:44:04.301864+00
52	5213	5	2	5	2	2	2025-11-05 17:26:51.01276+00
53	5214	5	2	5	2	2	2025-11-05 17:26:51.030483+00
54	5215	5	2	5	2	2	2025-11-05 17:26:51.033646+00
55	5216	5	2	5	2	2	2025-11-05 17:26:51.036801+00
56	5217	5	2	5	2	2	2025-11-05 17:26:51.039852+00
57	5218	5	2	5	2	2	2025-11-05 17:26:51.042497+00
58	5219	5	2	5	2	2	2025-11-05 17:26:51.044689+00
59	5220	5	2	5	2	2	2025-11-05 17:26:51.046778+00
60	5221	6	2	6	2	2	2025-11-05 17:26:51.055311+00
61	5222	6	2	6	2	2	2025-11-05 17:26:51.057648+00
62	5223	6	2	6	2	2	2025-11-05 17:26:51.060961+00
63	5224	6	2	6	2	2	2025-11-05 17:26:51.062862+00
64	5225	6	2	6	2	2	2025-11-05 17:26:51.065103+00
65	5226	6	2	6	2	2	2025-11-05 17:26:51.066956+00
66	5227	6	2	6	2	2	2025-11-05 17:26:51.068909+00
67	5228	6	2	6	2	2	2025-11-05 17:26:51.070754+00
68	5229	5	2	5	2	2	2025-11-05 17:26:51.094537+00
69	5230	5	2	5	2	2	2025-11-05 17:26:51.103333+00
70	5231	5	2	5	2	2	2025-11-05 17:26:51.112915+00
71	5232	6	2	6	2	2	2025-11-05 17:26:51.144467+00
72	5233	6	2	6	2	2	2025-11-05 17:26:51.151729+00
73	5234	6	2	6	2	2	2025-11-05 17:26:51.157905+00
\.


--
-- Data for Name: monitoring_plot_overlaps; Type: TABLE DATA; Schema: tracking; Owner: -
--

COPY tracking.monitoring_plot_overlaps (monitoring_plot_id, overlaps_plot_id) FROM stdin;
\.


--
-- Data for Name: monitoring_plots; Type: TABLE DATA; Schema: tracking; Owner: -
--

COPY tracking.monitoring_plots (id, substratum_id, created_by, created_time, modified_by, modified_time, boundary, permanent_index, is_available, size_meters, planting_site_id, is_ad_hoc, organization_id, plot_number, elevation_meters) FROM stdin;
5212	9	1	2025-06-16 21:44:04.295093+00	1	2025-06-16 21:44:04.295093+00	0103000020E6100000010000000500000098B5A005B1384340B1453E9B35532F40AB3EEB30BA384340B1453E9B35532F40AB3EEB30BA384340FA30432459532F4098B5A005B1384340FA30432459532F4098B5A005B1384340B1453E9B35532F40	\N	t	30	3	f	1	51	1049.4
5211	9	1	2025-06-16 21:44:04.286711+00	1	2025-06-16 21:44:04.286711+00	0103000020E61000000100000005000000BEBBE2F64F3D43401253F70AD85A2F4016DE5822593D43401253F70AD85A2F4016DE5822593D43409A13F993FB5A2F40BEBBE2F64F3D43409A13F993FB5A2F40BEBBE2F64F3D43401253F70AD85A2F40	\N	t	30	3	f	1	50	1672.8
5210	9	1	2025-06-16 21:44:04.276925+00	1	2025-06-16 21:44:04.276925+00	0103000020E61000000100000005000000D58F3D8CAF36434029F4FED7444C2F40B18060B7B836434029F4FED7444C2F40B18060B7B8364340E2BF0661684C2F40D58F3D8CAF364340E2BF0661684C2F40D58F3D8CAF36434029F4FED7444C2F40	\N	t	30	3	f	1	49	1409.7
5209	8	1	2025-06-16 21:44:04.255848+00	1	2025-06-16 21:44:04.255848+00	0103000020E610000001000000050000002338ABFEA73843409F6CE0BF716D2F4087C58B2AB13843409F6CE0BF716D2F4087C58B2AB1384340FE72DA48956D2F402338ABFEA7384340FE72DA48956D2F402338ABFEA73843409F6CE0BF716D2F40	\N	t	30	3	f	1	48	1208.6
5208	8	1	2025-06-16 21:44:04.247058+00	1	2025-06-16 21:44:04.247058+00	0103000020E6100000010000000500000070CCD3B83A394340142D3830396B2F4030A1A7E443394340142D3830396B2F4030A1A7E443394340DD1F33B95C6B2F4070CCD3B83A394340DD1F33B95C6B2F4070CCD3B83A394340142D3830396B2F40	\N	t	30	3	f	1	47	1252.6
5207	8	1	2025-06-16 21:44:04.237485+00	1	2025-06-16 21:44:04.237485+00	0103000020E61000000100000005000000F549787155384340E2032E42806B2F40BCB54D9D5E384340E2032E42806B2F40BCB54D9D5E3843401FD928CBA36B2F40F5497871553843401FD928CBA36B2F40F549787155384340E2032E42806B2F40	\N	t	30	3	f	1	46	1311.4
5206	7	1	2025-06-16 21:44:04.213343+00	1	2025-06-16 21:44:04.213343+00	0103000020E61000000100000005000000BDE30E40323A4340AEE80D97F3602F40B8EFA76B3B3A4340AEE80D97F3602F40B8EFA76B3B3A43401E200D2017612F40BDE30E40323A43401E200D2017612F40BDE30E40323A4340AEE80D97F3602F40	\N	t	30	3	f	1	45	1709.0
5205	7	1	2025-06-16 21:44:04.203697+00	1	2025-06-16 21:44:04.203697+00	0103000020E610000001000000050000009C952CB230384340868E0B12ED5C2F40039EAEDD39384340868E0B12ED5C2F40039EAEDD39384340D2710C9B105D2F409C952CB230384340D2710C9B105D2F409C952CB230384340868E0B12ED5C2F40	\N	t	30	3	f	1	44	1492.1
5204	7	1	2025-06-16 21:44:04.192841+00	1	2025-06-16 21:44:04.192841+00	0103000020E61000000100000005000000BA8CC677B9374340AFE1AE0EF5562F40797B26A3C2374340AFE1AE0EF5562F40797B26A3C23743400D3FB29718572F40BA8CC677B93743400D3FB29718572F40BA8CC677B9374340AFE1AE0EF5562F40	\N	t	30	3	f	1	43	1287.9
5203	9	1	2025-06-16 21:44:02.35374+00	1	2025-06-16 21:44:02.35374+00	0103000020E6100000010000000500000052EFCFA367384340A0DD2C0E1A4D2F4001A0F7CE70384340A0DD2C0E1A4D2F4001A0F7CE70384340FE5034973D4D2F4052EFCFA367384340FE5034973D4D2F4052EFCFA367384340A0DD2C0E1A4D2F40	\N	t	30	3	f	1	42	1197.4
5202	9	1	2025-06-16 21:44:02.340894+00	1	2025-06-16 21:44:02.340894+00	0103000020E61000000100000005000000E737AEA1603B4340A0DD2C0E1A4D2F4096E8D5CC693B4340A0DD2C0E1A4D2F4096E8D5CC693B4340FE5034973D4D2F40E737AEA1603B4340FE5034973D4D2F40E737AEA1603B4340A0DD2C0E1A4D2F40	\N	t	30	3	f	1	41	1379.2
5201	9	1	2025-06-16 21:44:02.328271+00	1	2025-06-16 21:44:02.328271+00	0103000020E610000001000000050000007C7E89C28D3A4340CA524A32A84D2F40CB59B4ED963A4340CA524A32A84D2F40CB59B4ED963A4340468B51BBCB4D2F407C7E89C28D3A4340468B51BBCB4D2F407C7E89C28D3A4340CA524A32A84D2F40	\N	t	30	3	f	1	40	1183.6
5200	8	1	2025-06-16 21:44:02.29991+00	1	2025-06-16 21:44:02.29991+00	0103000020E610000001000000050000001DC250F8A738434080398517DD682F40CC131724B138434080398517DD682F40CC131724B1384340672781A000692F401DC250F8A7384340672781A000692F401DC250F8A738434080398517DD682F40	\N	t	30	3	f	1	39	1493.5
5199	8	1	2025-06-16 21:44:02.289268+00	1	2025-06-16 21:44:02.289268+00	0103000020E61000000100000005000000FFF8E61743384340B28467D6D5692F40DDDAB2434C384340B28467D6D5692F40DDDAB2434C384340360B635FF9692F40FFF8E61743384340360B635FF9692F40FFF8E61743384340B28467D6D5692F40	\N	t	30	3	f	1	38	1360.6
5198	8	1	2025-06-16 21:44:02.277437+00	1	2025-06-16 21:44:02.277437+00	0103000020E610000001000000050000008ED809BA3A39434045571EDDEA6B2F40E6A6E1E54339434045571EDDEA6B2F40E6A6E1E5433943402E0019660E6C2F408ED809BA3A3943402E0019660E6C2F408ED809BA3A39434045571EDDEA6B2F40	\N	t	30	3	f	1	37	1217.9
5197	7	1	2025-06-16 21:44:02.238697+00	1	2025-06-16 21:44:02.238697+00	0103000020E610000001000000050000004D100895E93A434033B3ED5D265A2F407D3B7AC0F23A434033B3ED5D265A2F407D3B7AC0F23A434077BDEFE6495A2F404D100895E93A434077BDEFE6495A2F404D100895E93A434033B3ED5D265A2F40	\N	t	30	3	f	1	36	1805.0
5196	7	1	2025-06-16 21:44:02.227247+00	1	2025-06-16 21:44:02.227247+00	0103000020E6100000010000000500000091820D5EB33B4340327911E32C5E2F4009AF9689BC3B4340327911E32C5E2F4009AF9689BC3B4340BED7116C505E2F4091820D5EB33B4340BED7116C505E2F4091820D5EB33B4340327911E32C5E2F40	\N	t	30	3	f	1	35	1799.3
5195	7	1	2025-06-16 21:44:02.166928+00	1	2025-06-16 21:44:02.166928+00	0103000020E61000000100000005000000EB23FD28973A43406BCDE6808F642F40D5D4AA54A03A43406BCDE6808F642F40D5D4AA54A03A43401C85E409B3642F40EB23FD28973A43401C85E409B3642F40EB23FD28973A43406BCDE6808F642F40	\N	t	30	3	f	1	34	1614.1
5194	9	1	2025-05-29 18:50:07.978125+00	1	2025-05-29 18:50:07.978125+00	0103000020E6100000010000000500000005B5BBAD7A39434039EB9C6B9A4A2F40A826D5D88339434039EB9C6B9A4A2F40A826D5D8833943409A67A5F4BD4A2F4005B5BBAD7A3943409A67A5F4BD4A2F4005B5BBAD7A39434039EB9C6B9A4A2F40	\N	t	30	3	f	1	33	995.3
5193	9	1	2025-05-29 18:50:07.959631+00	1	2025-05-29 18:50:07.959631+00	0103000020E61000000100000005000000B56B073A0B3743407457FAC81A482F40959F1265143743407457FAC81A482F40959F126514374340C2DC03523E482F40B56B073A0B374340C2DC03523E482F40B56B073A0B3743407457FAC81A482F40	\N	t	30	3	f	1	32	1446.9
5192	9	1	2025-05-29 18:50:07.941462+00	1	2025-05-29 18:50:07.941462+00	0103000020E6100000010000000500000017746DF3AC3F43408494ED9320512F40431BAC1EB63F43408494ED9320512F40431BAC1EB63F4340CA5CF31C44512F4017746DF3AC3F4340CA5CF31C44512F4017746DF3AC3F43408494ED9320512F40	\N	t	30	3	f	1	31	1898.0
5191	8	1	2025-05-29 18:50:07.892117+00	1	2025-05-29 18:50:07.892117+00	0103000020E610000001000000050000005F470ECE9E384340370B635FF9692F40B5F4DAF9A7384340370B635FF9692F40B5F4DAF9A7384340F6825EE81C6A2F405F470ECE9E384340F6825EE81C6A2F405F470ECE9E384340370B635FF9692F40	\N	t	30	3	f	1	30	1426.0
5190	8	1	2025-05-29 18:50:07.872472+00	1	2025-05-29 18:50:07.872472+00	0103000020E610000001000000050000000D73AA2FE83843402E0019660E6C2F40EC0C835BF13843402E0019660E6C2F40EC0C835BF1384340549A13EF316C2F400D73AA2FE8384340549A13EF316C2F400D73AA2FE83843402E0019660E6C2F40	\N	t	30	3	f	1	29	1276.3
5189	8	1	2025-05-29 18:50:07.842821+00	1	2025-05-29 18:50:07.842821+00	0103000020E6100000010000000500000088B47CDDCB3743405D318D0596682F40576F4109D53743405D318D0596682F40576F4109D5374340D13C898EB9682F4088B47CDDCB374340D13C898EB9682F4088B47CDDCB3743405D318D0596682F40	\N	t	30	3	f	1	28	1572.6
5188	7	1	2025-05-29 18:50:07.767445+00	1	2025-05-29 18:50:07.767445+00	0103000020E610000001000000050000003F068ED043394340EB19124FD75F2F40A2B820FC4C394340EB19124FD75F2F40A2B820FC4C39434068C711D8FA5F2F403F068ED04339434068C711D8FA5F2F403F068ED043394340EB19124FD75F2F40	\N	t	30	3	f	1	27	1762.8
5187	7	1	2025-05-29 18:50:07.747218+00	1	2025-05-29 18:50:07.747218+00	0103000020E61000000100000005000000F4D9A239153843405682BE87A4662F4016755C651E3843405682BE87A4662F4016755C651E3843408B5CBB10C8662F40F4D9A239153843408B5CBB10C8662F40F4D9A239153843405682BE87A4662F40	\N	t	30	3	f	1	26	1599.6
5186	7	1	2025-05-29 18:50:07.725735+00	1	2025-05-29 18:50:07.725735+00	0103000020E610000001000000050000005B606645423743406E72E94BDF592F4082F5D6704B3743406E72E94BDF592F4082F5D6704B374340329AEBD4025A2F405B60664542374340329AEBD4025A2F405B606645423743406E72E94BDF592F40	\N	t	30	3	f	1	25	1683.1
5185	9	1	2025-05-29 18:50:07.571168+00	1	2025-05-29 18:50:07.571168+00	0103000020E610000001000000050000003FE47254853B4340E0F08F8C0B4F2F4067AAA57F8E3B4340E0F08F8C0B4F2F4067AAA57F8E3B4340189696152F4F2F403FE47254853B4340189696152F4F2F403FE47254853B4340E0F08F8C0B4F2F40	8	t	30	3	f	1	24	1566.9
5184	9	1	2025-05-29 18:50:07.571168+00	1	2025-05-29 18:50:07.571168+00	0103000020E61000000100000005000000FE77721FA737434081807507E0542F403B83C64AB037434081807507E0542F403B83C64AB0374340F4BA799003552F40FE77721FA7374340F4BA799003552F40FE77721FA737434081807507E0542F40	7	t	30	3	f	1	23	1181.8
5183	9	1	2025-05-29 18:50:07.571168+00	1	2025-05-29 18:50:07.571168+00	0103000020E61000000100000005000000E7E8B53E453B4340AC8DB5203C572F40856D176A4E3B4340AC8DB5203C572F40856D176A4E3B43408CCDB8A95F572F40E7E8B53E453B43408CCDB8A95F572F40E7E8B53E453B4340AC8DB5203C572F40	6	t	30	3	f	1	22	1643.4
5182	9	1	2025-05-29 18:50:07.571168+00	1	2025-05-29 18:50:07.571168+00	0103000020E61000000100000005000000585CC7EB183D4340F33FE02751592F407AC53417223D4340F33FE02751592F407AC53417223D4340B0A2E2B074592F40585CC7EB183D4340B0A2E2B074592F40585CC7EB183D4340F33FE02751592F40	5	t	30	3	f	1	21	1658.6
5181	9	1	2025-05-29 18:50:07.571168+00	1	2025-05-29 18:50:07.571168+00	0103000020E6100000010000000500000080E8D9AAB43D434023C1FE2E8B512F40FBEF1AD6BD3D434023C1FE2E8B512F40FBEF1AD6BD3D4340335D04B8AE512F4080E8D9AAB43D4340335D04B8AE512F4080E8D9AAB43D434023C1FE2E8B512F40	4	t	30	3	f	1	20	1777.2
5180	9	1	2025-05-29 18:50:07.571168+00	1	2025-05-29 18:50:07.571168+00	0103000020E610000001000000050000007D33C37182374340580364E351542F404713149D8B374340580364E351542F404713149D8B374340BF78686C75542F407D33C37182374340BF78686C75542F407D33C37182374340580364E351542F40	3	t	30	3	f	1	19	1221.4
5179	9	1	2025-05-29 18:50:07.571168+00	1	2025-05-29 18:50:07.571168+00	0103000020E6100000010000000500000075FC1B86063D43401F028E3DB5552F40FEC874B10F3D43401F028E3DB5552F40FEC874B10F3D434026E491C6D8552F4075FC1B86063D434026E491C6D8552F4075FC1B86063D43401F028E3DB5552F40	2	t	30	3	f	1	18	1704.3
5178	9	1	2025-05-29 18:50:07.571168+00	1	2025-05-29 18:50:07.571168+00	0103000020E61000000100000005000000E458B6081F39434022E0D56F92502F400AD5F1332839434022E0D56F92502F400AD5F1332839434053E3DBF8B5502F40E458B6081F39434053E3DBF8B5502F40E458B6081F39434022E0D56F92502F40	1	t	30	3	f	1	17	1034.3
5177	8	1	2025-05-29 18:50:07.503738+00	1	2025-05-29 18:50:07.503738+00	0103000020E61000000100000005000000C6EA931584394340EBEB5971406A2F40102F62418D394340EBEB5971406A2F40102F62418D3943401F4655FA636A2F40C6EA9315843943401F4655FA636A2F40C6EA931584394340EBEB5971406A2F40	8	t	30	3	f	1	16	1261.3
5176	8	1	2025-05-29 18:50:07.503738+00	1	2025-05-29 18:50:07.503738+00	0103000020E61000000100000005000000CD4B026E9639434034CE4B0CAB6A2F408DF2D2999F39434034CE4B0CAB6A2F408DF2D2999F39434013FC4695CE6A2F40CD4B026E9639434013FC4695CE6A2F40CD4B026E9639434034CE4B0CAB6A2F40	7	t	30	3	f	1	15	1222.2
5175	8	1	2025-05-29 18:50:07.503738+00	1	2025-05-29 18:50:07.503738+00	0103000020E6100000010000000500000091DF85BA3A394340529A13EF316C2F40F9445FE643394340529A13EF316C2F40F9445FE643394340B1250E78556C2F4091DF85BA3A394340B1250E78556C2F4091DF85BA3A394340529A13EF316C2F40	6	t	30	3	f	1	14	1210.1
5174	8	1	2025-05-29 18:50:07.503738+00	1	2025-05-29 18:50:07.503738+00	0103000020E6100000010000000500000065A3D685B93743402417917C72682F40C5929AB1C23743402417917C72682F40C5929AB1C23743405F318D0596682F4065A3D685B93743405F318D0596682F4065A3D685B93743402417917C72682F40	5	t	30	3	f	1	13	1580.0
5173	8	1	2025-05-29 18:50:07.503738+00	1	2025-05-29 18:50:07.503738+00	0103000020E61000000100000005000000A772044B83384340EBEB5971406A2F40F1B6D2768C384340EBEB5971406A2F40F1B6D2768C3843401F4655FA636A2F40A772044B833843401F4655FA636A2F40A772044B83384340EBEB5971406A2F40	4	t	30	3	f	1	12	1419.8
5172	8	1	2025-05-29 18:50:07.503738+00	1	2025-05-29 18:50:07.503738+00	0103000020E61000000100000005000000BD808CDECB374340B28467D6D5692F409B62580AD5374340B28467D6D5692F409B62580AD5374340360B635FF9692F40BD808CDECB374340360B635FF9692F40BD808CDECB374340B28467D6D5692F40	3	t	30	3	f	1	11	1433.1
5171	8	1	2025-05-29 18:50:07.503738+00	1	2025-05-29 18:50:07.503738+00	0103000020E610000001000000050000004D513D98273843407957E6364E6D2F4020131DC4303843407957E6364E6D2F4020131DC4303843409F6CE0BF716D2F404D513D98273843409F6CE0BF716D2F404D513D98273843407957E6364E6D2F40	2	t	30	3	f	1	10	1237.4
5170	8	1	2025-05-29 18:50:07.503738+00	1	2025-05-29 18:50:07.503738+00	0103000020E61000000100000005000000B56D2DAECC3843409F6CE0BF716D2F4019FB0DDAD53843409F6CE0BF716D2F4019FB0DDAD5384340FE72DA48956D2F40B56D2DAECC384340FE72DA48956D2F40B56D2DAECC3843409F6CE0BF716D2F40	1	t	30	3	f	1	9	1207.2
5169	7	1	2025-05-29 18:50:07.377632+00	1	2025-05-29 18:50:07.377632+00	0103000020E61000000100000005000000B9D07C8C173B43406BCDE6808F642F40A3812AB8203B43406BCDE6808F642F40A3812AB8203B43401C85E409B3642F40B9D07C8C173B43401C85E409B3642F40B9D07C8C173B43406BCDE6808F642F40	8	t	30	3	f	1	8	1660.5
5168	7	1	2025-05-29 18:50:07.377632+00	1	2025-05-29 18:50:07.377632+00	0103000020E610000001000000050000004542D03F0B3743408ECDB8A95F572F40D391326B143743408ECDB8A95F572F40D391326B14374340B4FEBB3283572F404542D03F0B374340B4FEBB3283572F404542D03F0B3743408ECDB8A95F572F40	7	t	30	3	f	1	7	1551.2
5167	7	1	2025-05-29 18:50:07.377632+00	1	2025-05-29 18:50:07.377632+00	0103000020E610000001000000050000005B2D543EE13B4340256611611E602F401E76E869EA3B4340256611611E602F401E76E869EA3B43401EF610EA41602F405B2D543EE13B43401EF610EA41602F405B2D543EE13B4340256611611E602F40	6	t	30	3	f	1	6	1754.3
5166	7	1	2025-05-29 18:50:07.377632+00	1	2025-05-29 18:50:07.377632+00	0103000020E6100000010000000500000009B776DEE8394340D29A1207BB5E2F401410030AF2394340D29A1207BB5E2F401410030AF239434056BE1290DE5E2F4009B776DEE839434056BE1290DE5E2F4009B776DEE8394340D29A1207BB5E2F40	5	t	30	3	f	1	5	1754.6
5165	7	1	2025-05-29 18:50:07.377632+00	1	2025-05-29 18:50:07.377632+00	0103000020E61000000100000005000000E0178735053B43401A85E409B3642F401C9435610E3B43401A85E409B3642F401C9435610E3B4340072EE292D6642F40E0178735053B4340072EE292D6642F40E0178735053B43401A85E409B3642F40	4	t	30	3	f	1	4	1657.2
5164	7	1	2025-05-29 18:50:07.377632+00	1	2025-05-29 18:50:07.377632+00	0103000020E6100000010000000500000044969A3E4F3C43405F460D24345D2F40E1341E6A583C43405F460D24345D2F40E1341E6A583C43402D0C0EAD575D2F4044969A3E4F3C43402D0C0EAD575D2F4044969A3E4F3C43405F460D24345D2F40	3	t	30	3	f	1	3	1803.1
5163	7	1	2025-05-29 18:50:07.377632+00	1	2025-05-29 18:50:07.377632+00	0103000020E61000000100000005000000213FD4BD4D3A434058BE1290DE5E2F40536361E9563A434058BE1290DE5E2F40536361E9563A43401DD31219025F2F40213FD4BD4D3A43401DD31219025F2F40213FD4BD4D3A434058BE1290DE5E2F40	2	t	30	3	f	1	2	1764.6
5162	7	1	2025-05-29 18:50:07.377632+00	1	2025-05-29 18:50:07.377632+00	0103000020E6100000010000000500000006648944833843402BD0DA2D41652F40940D3B708C3843402BD0DA2D41652F40940D3B708C384340053ED8B664652F400664894483384340053ED8B664652F4006648944833843402BD0DA2D41652F40	1	t	30	3	f	1	1	1585.9
5213	5	2	2025-11-05 17:26:50.428064+00	2	2025-11-05 17:26:50.428064+00	0103000020E61000000100000005000000858446BF245043406AEF313563612F40D40EE2EA2D5043406AEF313563612F40D40EE2EA2D50434081F830BE86612F40858446BF2450434081F830BE86612F40858446BF245043406AEF313563612F40	1	t	30	2	f	1	52	1487.8
5214	5	2	2025-11-05 17:26:50.428064+00	2	2025-11-05 17:26:50.428064+00	0103000020E610000001000000050000001F57D364A6524340801DB9C9DD552F402C0B2D90AF524340801DB9C9DD552F402C0B2D90AF524340B2EEBC5201562F401F57D364A6524340B2EEBC5201562F401F57D364A6524340801DB9C9DD552F40	2	t	30	2	f	1	53	1671.2
5215	5	2	2025-11-05 17:26:50.428064+00	2	2025-11-05 17:26:50.428064+00	0103000020E6100000010000000500000069CC7B71F7504340E364C46448562F402DE1D79C00514340E364C46448562F402DE1D79C00514340E109C8ED6B562F4069CC7B71F7504340E109C8ED6B562F4069CC7B71F7504340E364C46448562F40	3	t	30	2	f	1	54	1794.2
5216	5	2	2025-11-05 17:26:50.428064+00	2	2025-11-05 17:26:50.428064+00	0103000020E6100000010000000500000005A1385D025343409F7B349AF8602F40AAC9D1880B5343409F7B349AF8602F40AAC9D1880B534340FCB033231C612F4005A1385D02534340FCB033231C612F4005A1385D025343409F7B349AF8602F40	4	t	30	2	f	1	55	1562.7
5217	5	2	2025-11-05 17:26:50.428064+00	2	2025-11-05 17:26:50.428064+00	0103000020E6100000010000000500000049715606C94F4340789337ED46602F40E6A1EB31D24F4340789337ED46602F40E6A1EB31D24F43409C1237766A602F4049715606C94F43409C1237766A602F4049715606C94F4340789337ED46602F40	5	t	30	2	f	1	56	1460.6
5218	5	2	2025-11-05 17:26:50.428064+00	2	2025-11-05 17:26:50.428064+00	0103000020E61000000100000005000000F9E8F1384B524340D20D347B5A6C2F40A136CC6454524340D20D347B5A6C2F40A136CC645452434053882E047E6C2F40F9E8F1384B52434053882E047E6C2F40F9E8F1384B524340D20D347B5A6C2F40	6	t	30	2	f	1	57	1707.4
5219	5	2	2025-11-05 17:26:50.428064+00	2	2025-11-05 17:26:50.428064+00	0103000020E61000000100000005000000D45929F9765043409E3F0F0E02512F40D6526724805043409E3F0F0E02512F40D6526724805043408B14159725512F40D45929F9765043408B14159725512F40D45929F9765043409E3F0F0E02512F40	7	t	30	2	f	1	58	1540.2
5220	5	2	2025-11-05 17:26:50.428064+00	2	2025-11-05 17:26:50.428064+00	0103000020E6100000010000000500000083E25438DF5443409F7B349AF8602F40280BEE63E85443409F7B349AF8602F40280BEE63E8544340FCB033231C612F4083E25438DF544340FCB033231C612F4083E25438DF5443409F7B349AF8602F40	8	t	30	2	f	1	59	1559.6
5221	6	2	2025-11-05 17:26:51.047328+00	2	2025-11-05 17:26:51.047328+00	0103000020E6100000010000000500000040564DB16B4D4340FF50E947CF572F404723B2DC744D4340FF50E947CF572F404723B2DC744D4340D653ECD0F2572F4040564DB16B4D4340D653ECD0F2572F4040564DB16B4D4340FF50E947CF572F40	1	t	30	2	f	1	60	1643.1
5222	6	2	2025-11-05 17:26:51.047328+00	2	2025-11-05 17:26:51.047328+00	0103000020E610000001000000050000004B64E7420F4C4340C65702190F592F401254536E184C4340C65702190F592F401254536E184C4340EED504A232592F404B64E7420F4C4340EED504A232592F404B64E7420F4C4340C65702190F592F40	2	t	30	2	f	1	61	1825.6
5223	6	2	2025-11-05 17:26:51.047328+00	2	2025-11-05 17:26:51.047328+00	0103000020E6100000010000000500000082CB164A334B434026FF9150B7692F409BFEE1753C4B434026FF9150B7692F409BFEE1753C4B43405A928DD9DA692F4082CB164A334B43405A928DD9DA692F4082CB164A334B434026FF9150B7692F40	3	t	30	2	f	1	62	1453.2
5224	6	2	2025-11-05 17:26:51.047328+00	2	2025-11-05 17:26:51.047328+00	0103000020E6100000010000000500000048BD9A52054B43407651AD2E73552F40A710F27D0E4B43407651AD2E73552F40A710F27D0E4B4340E14EB1B796552F4048BD9A52054B4340E14EB1B796552F4048BD9A52054B43407651AD2E73552F40	4	t	30	2	f	1	63	2045.0
5225	6	2	2025-11-05 17:26:51.047328+00	2	2025-11-05 17:26:51.047328+00	0103000020E610000001000000050000003F50BB13D94C434081F830BE86612F40C9A5573FE24C434081F830BE86612F40C9A5573FE24C4340DAF22F47AA612F403F50BB13D94C4340DAF22F47AA612F403F50BB13D94C434081F830BE86612F40	5	t	30	2	f	1	64	1462.5
5226	6	2	2025-11-05 17:26:51.047328+00	2	2025-11-05 17:26:51.047328+00	0103000020E6100000010000000500000064C1B17E214C43408AE41E52264C2F403504D4A92A4C43408AE41E52264C2F403504D4A92A4C4340E6BC26DB494C2F4064C1B17E214C4340E6BC26DB494C2F4064C1B17E214C43408AE41E52264C2F40	6	t	30	2	f	1	65	2011.9
5227	6	2	2025-11-05 17:26:51.047328+00	2	2025-11-05 17:26:51.047328+00	0103000020E6100000010000000500000071E397C98F4C43406EAC9A3E70692F409E7F61F5984C43406EAC9A3E70692F409E7F61F5984C43402D5D96C793692F4071E397C98F4C43402D5D96C793692F4071E397C98F4C43406EAC9A3E70692F40	7	t	30	2	f	1	66	1549.1
5228	6	2	2025-11-05 17:26:51.047328+00	2	2025-11-05 17:26:51.047328+00	0103000020E610000001000000050000002CF3963C054B434022DC77B2C3452F408FD194670E4B434022DC77B2C3452F408FD194670E4B43408359823BE7452F402CF3963C054B43408359823BE7452F402CF3963C054B434022DC77B2C3452F40	8	t	30	2	f	1	67	2048.6
5229	5	2	2025-11-05 17:26:51.085497+00	2	2025-11-05 17:26:51.085497+00	0103000020E6100000010000000500000043BD9206EF5143409E27CFFFB2562F40C732F131F85143409E27CFFFB2562F40C732F131F851434063A0D288D6562F4043BD9206EF51434063A0D288D6562F4043BD9206EF5143409E27CFFFB2562F40	\N	t	30	2	f	1	68	1704.3
5230	5	2	2025-11-05 17:26:51.096062+00	2	2025-11-05 17:26:51.096062+00	0103000020E610000001000000050000000E76DD2F09504340DF1E39819C5E2F409A20695B12504340DF1E39819C5E2F409A20695B12504340114F390AC05E2F400E76DD2F09504340114F390AC05E2F400E76DD2F09504340DF1E39819C5E2F40	\N	t	30	2	f	1	69	1490.2
5231	5	2	2025-11-05 17:26:51.104047+00	2	2025-11-05 17:26:51.104047+00	0103000020E61000000100000005000000CBACD2A5315543402F8A3539805D2F4048FE57D13A5543402F8A3539805D2F4048FE57D13A5543406B3036C2A35D2F40CBACD2A5315543406B3036C2A35D2F40CBACD2A5315543402F8A3539805D2F40	\N	t	30	2	f	1	70	1668.1
5232	6	2	2025-11-05 17:26:51.137567+00	2	2025-11-05 17:26:51.137567+00	0103000020E61000000100000005000000B0E0B0524F4C4340D643BCE57B4A2F4053A4C97D584C4340D643BCE57B4A2F4053A4C97D584C4340DCCCC46E9F4A2F40B0E0B0524F4C4340DCCCC46E9F4A2F40B0E0B0524F4C4340D643BCE57B4A2F40	\N	t	30	2	f	1	71	2083.6
5233	6	2	2025-11-05 17:26:51.14512+00	2	2025-11-05 17:26:51.14512+00	0103000020E61000000100000005000000F763F99AAC4E4340DF09C8ED6B562F40A54356C6B54E4340DF09C8ED6B562F40A54356C6B54E43401DA0CB768F562F40F763F99AAC4E43401DA0CB768F562F40F763F99AAC4E4340DF09C8ED6B562F40	\N	t	30	2	f	1	72	1499.2
5234	6	2	2025-11-05 17:26:51.152427+00	2	2025-11-05 17:26:51.152427+00	0103000020E61000000100000005000000F3C018632B4D4340A6ED3D76B44C2F40492E3E8E344D4340A6ED3D76B44C2F40492E3E8E344D4340208B45FFD74C2F40F3C018632B4D4340208B45FFD74C2F40F3C018632B4D4340A6ED3D76B44C2F40	\N	t	30	2	f	1	73	1809.5
\.


--
-- Data for Name: observable_conditions; Type: TABLE DATA; Schema: tracking; Owner: -
--

COPY tracking.observable_conditions (id, name) FROM stdin;
1	AnimalDamage
2	FastGrowth
3	FavorableWeather
4	Fungus
5	Pests
6	SeedProduction
7	UnfavorableWeather
8	NaturalRegenerationWoody
9	Logging
10	Fire
11	Mining
12	Grazing
13	Infrastructure
14	ElectricalLines
15	SoilErosion
16	DifficultAccessibility
17	Contamination
18	SteepSlope
19	WaterBodies
\.


--
-- Data for Name: observation_biomass_details; Type: TABLE DATA; Schema: tracking; Owner: -
--

COPY tracking.observation_biomass_details (observation_id, monitoring_plot_id, description, forest_type_id, small_trees_count_low, small_trees_count_high, herbaceous_cover_percent, soil_assessment, water_depth_cm, salinity_ppt, ph, tide_id, tide_time) FROM stdin;
\.


--
-- Data for Name: observation_biomass_quadrat_details; Type: TABLE DATA; Schema: tracking; Owner: -
--

COPY tracking.observation_biomass_quadrat_details (observation_id, monitoring_plot_id, position_id, description) FROM stdin;
\.


--
-- Data for Name: observation_biomass_quadrat_species; Type: TABLE DATA; Schema: tracking; Owner: -
--

COPY tracking.observation_biomass_quadrat_species (observation_id, monitoring_plot_id, position_id, biomass_species_id, abundance_percent) FROM stdin;
\.


--
-- Data for Name: observation_biomass_species; Type: TABLE DATA; Schema: tracking; Owner: -
--

COPY tracking.observation_biomass_species (id, observation_id, monitoring_plot_id, species_id, scientific_name, common_name, is_invasive, is_threatened) FROM stdin;
\.


--
-- Data for Name: observation_media_files; Type: TABLE DATA; Schema: tracking; Owner: -
--

COPY tracking.observation_media_files (file_id, observation_id, monitoring_plot_id, position_id, type_id, caption, is_original) FROM stdin;
\.


--
-- Data for Name: observation_media_types; Type: TABLE DATA; Schema: tracking; Owner: -
--

COPY tracking.observation_media_types (id, name) FROM stdin;
1	Plot
2	Quadrat
3	Soil
\.


--
-- Data for Name: observation_plot_conditions; Type: TABLE DATA; Schema: tracking; Owner: -
--

COPY tracking.observation_plot_conditions (observation_id, monitoring_plot_id, condition_id) FROM stdin;
\.


--
-- Data for Name: observation_plot_positions; Type: TABLE DATA; Schema: tracking; Owner: -
--

COPY tracking.observation_plot_positions (id, name) FROM stdin;
1	SouthwestCorner
2	SoutheastCorner
3	NortheastCorner
4	NorthwestCorner
\.


--
-- Data for Name: observation_plot_statuses; Type: TABLE DATA; Schema: tracking; Owner: -
--

COPY tracking.observation_plot_statuses (id, name) FROM stdin;
1	Unclaimed
2	Claimed
3	Completed
4	Not Observed
\.


--
-- Data for Name: observation_plots; Type: TABLE DATA; Schema: tracking; Owner: -
--

COPY tracking.observation_plots (observation_id, monitoring_plot_id, claimed_by, claimed_time, completed_by, completed_time, created_by, created_time, is_permanent, modified_by, modified_time, observed_time, notes, status_id, monitoring_plot_history_id) FROM stdin;
1	5162	1	2025-05-29 18:50:21.438088+00	1	2025-05-29 18:50:21.980998+00	1	2025-05-29 18:50:07.800992+00	t	1	2025-05-29 18:50:07.800992+00	2025-05-29 18:50:21+00	Notes for plot 5162	3	1
1	5176	1	2025-05-29 18:50:25.400224+00	1	2025-05-29 18:50:25.536528+00	1	2025-05-29 18:50:07.916665+00	t	1	2025-05-29 18:50:07.916665+00	2025-05-29 18:50:25+00	Notes for plot 5176	3	15
1	5163	1	2025-05-29 18:50:22.012068+00	1	2025-05-29 18:50:22.379399+00	1	2025-05-29 18:50:07.800992+00	t	1	2025-05-29 18:50:07.800992+00	2025-05-29 18:50:21+00	Notes for plot 5163	3	2
1	5187	1	2025-05-29 18:50:28.08228+00	1	2025-05-29 18:50:28.245736+00	1	2025-05-29 18:50:07.83326+00	f	1	2025-05-29 18:50:07.83326+00	2025-05-29 18:50:28+00	Notes for plot 5187	3	26
1	5164	1	2025-05-29 18:50:22.401065+00	1	2025-05-29 18:50:22.62732+00	1	2025-05-29 18:50:07.800992+00	t	1	2025-05-29 18:50:07.800992+00	2025-05-29 18:50:22+00	Notes for plot 5164	3	3
1	5177	1	2025-05-29 18:50:25.557083+00	1	2025-05-29 18:50:25.876968+00	1	2025-05-29 18:50:07.916665+00	t	1	2025-05-29 18:50:07.916665+00	2025-05-29 18:50:25+00	Notes for plot 5177	3	16
1	5165	1	2025-05-29 18:50:22.650766+00	1	2025-05-29 18:50:23.027168+00	1	2025-05-29 18:50:07.800992+00	t	1	2025-05-29 18:50:07.800992+00	2025-05-29 18:50:22+00	Notes for plot 5165	3	4
1	5166	1	2025-05-29 18:50:23.048321+00	1	2025-05-29 18:50:23.16745+00	1	2025-05-29 18:50:07.800992+00	t	1	2025-05-29 18:50:07.800992+00	2025-05-29 18:50:23+00	Notes for plot 5166	3	5
1	5178	1	2025-05-29 18:50:25.899348+00	1	2025-05-29 18:50:26.169584+00	1	2025-05-29 18:50:08.009903+00	t	1	2025-05-29 18:50:08.009903+00	2025-05-29 18:50:25+00	Notes for plot 5178	3	17
1	5167	1	2025-05-29 18:50:23.191633+00	1	2025-05-29 18:50:23.600872+00	1	2025-05-29 18:50:07.800992+00	t	1	2025-05-29 18:50:07.800992+00	2025-05-29 18:50:23+00	Notes for plot 5167	3	6
1	5188	1	2025-05-29 18:50:28.264594+00	1	2025-05-29 18:50:28.378951+00	1	2025-05-29 18:50:07.83326+00	f	1	2025-05-29 18:50:07.83326+00	2025-05-29 18:50:28+00	Notes for plot 5188	3	27
1	5168	1	2025-05-29 18:50:23.638452+00	1	2025-05-29 18:50:23.915694+00	1	2025-05-29 18:50:07.800992+00	t	1	2025-05-29 18:50:07.800992+00	2025-05-29 18:50:23+00	Notes for plot 5168	3	7
1	5179	1	2025-05-29 18:50:26.190544+00	1	2025-05-29 18:50:26.345946+00	1	2025-05-29 18:50:08.009903+00	t	1	2025-05-29 18:50:08.009903+00	2025-05-29 18:50:26+00	Notes for plot 5179	3	18
1	5169	1	2025-05-29 18:50:23.936794+00	1	2025-05-29 18:50:24.079529+00	1	2025-05-29 18:50:07.800992+00	t	1	2025-05-29 18:50:07.800992+00	2025-05-29 18:50:23+00	Notes for plot 5169	3	8
1	5170	1	2025-05-29 18:50:24.10296+00	1	2025-05-29 18:50:24.287407+00	1	2025-05-29 18:50:07.916665+00	t	1	2025-05-29 18:50:07.916665+00	2025-05-29 18:50:24+00	Notes for plot 5170	3	9
1	5180	1	2025-05-29 18:50:26.365404+00	1	2025-05-29 18:50:26.624017+00	1	2025-05-29 18:50:08.009903+00	t	1	2025-05-29 18:50:08.009903+00	2025-05-29 18:50:26+00	Notes for plot 5180	3	19
1	5171	1	2025-05-29 18:50:24.307833+00	1	2025-05-29 18:50:24.55938+00	1	2025-05-29 18:50:07.916665+00	t	1	2025-05-29 18:50:07.916665+00	2025-05-29 18:50:24+00	Notes for plot 5171	3	10
1	5189	1	2025-05-29 18:50:28.39784+00	1	2025-05-29 18:50:28.527832+00	1	2025-05-29 18:50:07.931507+00	f	1	2025-05-29 18:50:07.931507+00	2025-05-29 18:50:28+00	Notes for plot 5189	3	28
1	5172	1	2025-05-29 18:50:24.579509+00	1	2025-05-29 18:50:24.767302+00	1	2025-05-29 18:50:07.916665+00	t	1	2025-05-29 18:50:07.916665+00	2025-05-29 18:50:24+00	Notes for plot 5172	3	11
1	5181	1	2025-05-29 18:50:26.644098+00	1	2025-05-29 18:50:26.924512+00	1	2025-05-29 18:50:08.009903+00	t	1	2025-05-29 18:50:08.009903+00	2025-05-29 18:50:26+00	Notes for plot 5181	3	20
1	5173	1	2025-05-29 18:50:24.786596+00	1	2025-05-29 18:50:24.972195+00	1	2025-05-29 18:50:07.916665+00	t	1	2025-05-29 18:50:07.916665+00	2025-05-29 18:50:24+00	Notes for plot 5173	3	12
1	5174	1	2025-05-29 18:50:24.99114+00	1	2025-05-29 18:50:25.150482+00	1	2025-05-29 18:50:07.916665+00	t	1	2025-05-29 18:50:07.916665+00	2025-05-29 18:50:24+00	Notes for plot 5174	3	13
1	5190	1	2025-05-29 18:50:28.54975+00	1	2025-05-29 18:50:28.748804+00	1	2025-05-29 18:50:07.931507+00	f	1	2025-05-29 18:50:07.931507+00	2025-05-29 18:50:28+00	Notes for plot 5190	3	29
1	5175	1	2025-05-29 18:50:25.171058+00	1	2025-05-29 18:50:25.377991+00	1	2025-05-29 18:50:07.916665+00	t	1	2025-05-29 18:50:07.916665+00	2025-05-29 18:50:25+00	Notes for plot 5175	3	14
1	5182	1	2025-05-29 18:50:26.944145+00	1	2025-05-29 18:50:27.21994+00	1	2025-05-29 18:50:08.009903+00	t	1	2025-05-29 18:50:08.009903+00	2025-05-29 18:50:26+00	Notes for plot 5182	3	21
1	5183	1	2025-05-29 18:50:27.23968+00	1	2025-05-29 18:50:27.462219+00	1	2025-05-29 18:50:08.009903+00	t	1	2025-05-29 18:50:08.009903+00	2025-05-29 18:50:27+00	Notes for plot 5183	3	22
1	5191	1	2025-05-29 18:50:28.768513+00	1	2025-05-29 18:50:28.878519+00	1	2025-05-29 18:50:07.931507+00	f	1	2025-05-29 18:50:07.931507+00	2025-05-29 18:50:28+00	Notes for plot 5191	3	30
1	5184	1	2025-05-29 18:50:27.482098+00	1	2025-05-29 18:50:27.711742+00	1	2025-05-29 18:50:08.009903+00	t	1	2025-05-29 18:50:08.009903+00	2025-05-29 18:50:27+00	Notes for plot 5184	3	23
1	5185	1	2025-05-29 18:50:27.730399+00	1	2025-05-29 18:50:27.944181+00	1	2025-05-29 18:50:08.009903+00	t	1	2025-05-29 18:50:08.009903+00	2025-05-29 18:50:27+00	Notes for plot 5185	3	24
1	5186	1	2025-05-29 18:50:27.964418+00	1	2025-05-29 18:50:28.063844+00	1	2025-05-29 18:50:07.83326+00	f	1	2025-05-29 18:50:07.83326+00	2025-05-29 18:50:27+00	Notes for plot 5186	3	25
1	5192	1	2025-05-29 18:50:28.89741+00	1	2025-05-29 18:50:28.997598+00	1	2025-05-29 18:50:08.024321+00	f	1	2025-05-29 18:50:08.024321+00	2025-05-29 18:50:28+00	Notes for plot 5192	3	31
1	5193	1	2025-05-29 18:50:29.017594+00	1	2025-05-29 18:50:29.25423+00	1	2025-05-29 18:50:08.024321+00	f	1	2025-05-29 18:50:08.024321+00	2025-05-29 18:50:29+00	Notes for plot 5193	3	32
1	5194	1	2025-05-29 18:50:29.27518+00	1	2025-05-29 18:50:29.365383+00	1	2025-05-29 18:50:08.024321+00	f	1	2025-05-29 18:50:08.024321+00	2025-05-29 18:50:29+00	Notes for plot 5194	3	33
2	5162	\N	\N	\N	\N	1	2025-06-16 21:44:02.255935+00	t	1	2025-06-16 21:44:02.255935+00	\N	\N	1	1
2	5163	\N	\N	\N	\N	1	2025-06-16 21:44:02.255935+00	t	1	2025-06-16 21:44:02.255935+00	\N	\N	1	2
2	5164	\N	\N	\N	\N	1	2025-06-16 21:44:02.255935+00	t	1	2025-06-16 21:44:02.255935+00	\N	\N	1	3
2	5165	\N	\N	\N	\N	1	2025-06-16 21:44:02.255935+00	t	1	2025-06-16 21:44:02.255935+00	\N	\N	1	4
2	5166	\N	\N	\N	\N	1	2025-06-16 21:44:02.255935+00	t	1	2025-06-16 21:44:02.255935+00	\N	\N	1	5
2	5167	\N	\N	\N	\N	1	2025-06-16 21:44:02.255935+00	t	1	2025-06-16 21:44:02.255935+00	\N	\N	1	6
2	5168	\N	\N	\N	\N	1	2025-06-16 21:44:02.255935+00	t	1	2025-06-16 21:44:02.255935+00	\N	\N	1	7
2	5169	\N	\N	\N	\N	1	2025-06-16 21:44:02.255935+00	t	1	2025-06-16 21:44:02.255935+00	\N	\N	1	8
2	5195	\N	\N	\N	\N	1	2025-06-16 21:44:02.265322+00	f	1	2025-06-16 21:44:02.265322+00	\N	\N	1	34
2	5196	\N	\N	\N	\N	1	2025-06-16 21:44:02.265322+00	f	1	2025-06-16 21:44:02.265322+00	\N	\N	1	35
2	5197	\N	\N	\N	\N	1	2025-06-16 21:44:02.265322+00	f	1	2025-06-16 21:44:02.265322+00	\N	\N	1	36
2	5170	\N	\N	\N	\N	1	2025-06-16 21:44:02.31157+00	t	1	2025-06-16 21:44:02.31157+00	\N	\N	1	9
2	5171	\N	\N	\N	\N	1	2025-06-16 21:44:02.31157+00	t	1	2025-06-16 21:44:02.31157+00	\N	\N	1	10
2	5172	\N	\N	\N	\N	1	2025-06-16 21:44:02.31157+00	t	1	2025-06-16 21:44:02.31157+00	\N	\N	1	11
2	5173	\N	\N	\N	\N	1	2025-06-16 21:44:02.31157+00	t	1	2025-06-16 21:44:02.31157+00	\N	\N	1	12
2	5174	\N	\N	\N	\N	1	2025-06-16 21:44:02.31157+00	t	1	2025-06-16 21:44:02.31157+00	\N	\N	1	13
2	5175	\N	\N	\N	\N	1	2025-06-16 21:44:02.31157+00	t	1	2025-06-16 21:44:02.31157+00	\N	\N	1	14
2	5176	\N	\N	\N	\N	1	2025-06-16 21:44:02.31157+00	t	1	2025-06-16 21:44:02.31157+00	\N	\N	1	15
2	5177	\N	\N	\N	\N	1	2025-06-16 21:44:02.31157+00	t	1	2025-06-16 21:44:02.31157+00	\N	\N	1	16
2	5198	\N	\N	\N	\N	1	2025-06-16 21:44:02.317447+00	f	1	2025-06-16 21:44:02.317447+00	\N	\N	1	37
2	5199	\N	\N	\N	\N	1	2025-06-16 21:44:02.317447+00	f	1	2025-06-16 21:44:02.317447+00	\N	\N	1	38
2	5200	\N	\N	\N	\N	1	2025-06-16 21:44:02.317447+00	f	1	2025-06-16 21:44:02.317447+00	\N	\N	1	39
2	5178	\N	\N	\N	\N	1	2025-06-16 21:44:02.368801+00	t	1	2025-06-16 21:44:02.368801+00	\N	\N	1	17
2	5179	\N	\N	\N	\N	1	2025-06-16 21:44:02.368801+00	t	1	2025-06-16 21:44:02.368801+00	\N	\N	1	18
2	5180	\N	\N	\N	\N	1	2025-06-16 21:44:02.368801+00	t	1	2025-06-16 21:44:02.368801+00	\N	\N	1	19
2	5181	\N	\N	\N	\N	1	2025-06-16 21:44:02.368801+00	t	1	2025-06-16 21:44:02.368801+00	\N	\N	1	20
2	5182	\N	\N	\N	\N	1	2025-06-16 21:44:02.368801+00	t	1	2025-06-16 21:44:02.368801+00	\N	\N	1	21
2	5183	\N	\N	\N	\N	1	2025-06-16 21:44:02.368801+00	t	1	2025-06-16 21:44:02.368801+00	\N	\N	1	22
2	5184	\N	\N	\N	\N	1	2025-06-16 21:44:02.368801+00	t	1	2025-06-16 21:44:02.368801+00	\N	\N	1	23
2	5185	\N	\N	\N	\N	1	2025-06-16 21:44:02.368801+00	t	1	2025-06-16 21:44:02.368801+00	\N	\N	1	24
2	5201	\N	\N	\N	\N	1	2025-06-16 21:44:02.376337+00	f	1	2025-06-16 21:44:02.376337+00	\N	\N	1	40
2	5202	\N	\N	\N	\N	1	2025-06-16 21:44:02.376337+00	f	1	2025-06-16 21:44:02.376337+00	\N	\N	1	41
2	5203	\N	\N	\N	\N	1	2025-06-16 21:44:02.376337+00	f	1	2025-06-16 21:44:02.376337+00	\N	\N	1	42
3	5162	\N	\N	\N	\N	1	2025-06-16 21:44:04.223951+00	t	1	2025-06-16 21:44:04.223951+00	\N	\N	1	1
3	5163	\N	\N	\N	\N	1	2025-06-16 21:44:04.223951+00	t	1	2025-06-16 21:44:04.223951+00	\N	\N	1	2
3	5164	\N	\N	\N	\N	1	2025-06-16 21:44:04.223951+00	t	1	2025-06-16 21:44:04.223951+00	\N	\N	1	3
3	5165	\N	\N	\N	\N	1	2025-06-16 21:44:04.223951+00	t	1	2025-06-16 21:44:04.223951+00	\N	\N	1	4
3	5166	\N	\N	\N	\N	1	2025-06-16 21:44:04.223951+00	t	1	2025-06-16 21:44:04.223951+00	\N	\N	1	5
3	5167	\N	\N	\N	\N	1	2025-06-16 21:44:04.223951+00	t	1	2025-06-16 21:44:04.223951+00	\N	\N	1	6
3	5168	\N	\N	\N	\N	1	2025-06-16 21:44:04.223951+00	t	1	2025-06-16 21:44:04.223951+00	\N	\N	1	7
3	5169	\N	\N	\N	\N	1	2025-06-16 21:44:04.223951+00	t	1	2025-06-16 21:44:04.223951+00	\N	\N	1	8
3	5204	\N	\N	\N	\N	1	2025-06-16 21:44:04.228911+00	f	1	2025-06-16 21:44:04.228911+00	\N	\N	1	43
3	5205	\N	\N	\N	\N	1	2025-06-16 21:44:04.228911+00	f	1	2025-06-16 21:44:04.228911+00	\N	\N	1	44
3	5206	\N	\N	\N	\N	1	2025-06-16 21:44:04.228911+00	f	1	2025-06-16 21:44:04.228911+00	\N	\N	1	45
3	5170	\N	\N	\N	\N	1	2025-06-16 21:44:04.265433+00	t	1	2025-06-16 21:44:04.265433+00	\N	\N	1	9
3	5171	\N	\N	\N	\N	1	2025-06-16 21:44:04.265433+00	t	1	2025-06-16 21:44:04.265433+00	\N	\N	1	10
3	5172	\N	\N	\N	\N	1	2025-06-16 21:44:04.265433+00	t	1	2025-06-16 21:44:04.265433+00	\N	\N	1	11
3	5173	\N	\N	\N	\N	1	2025-06-16 21:44:04.265433+00	t	1	2025-06-16 21:44:04.265433+00	\N	\N	1	12
3	5174	\N	\N	\N	\N	1	2025-06-16 21:44:04.265433+00	t	1	2025-06-16 21:44:04.265433+00	\N	\N	1	13
3	5175	\N	\N	\N	\N	1	2025-06-16 21:44:04.265433+00	t	1	2025-06-16 21:44:04.265433+00	\N	\N	1	14
3	5176	\N	\N	\N	\N	1	2025-06-16 21:44:04.265433+00	t	1	2025-06-16 21:44:04.265433+00	\N	\N	1	15
3	5177	\N	\N	\N	\N	1	2025-06-16 21:44:04.265433+00	t	1	2025-06-16 21:44:04.265433+00	\N	\N	1	16
3	5207	\N	\N	\N	\N	1	2025-06-16 21:44:04.270569+00	f	1	2025-06-16 21:44:04.270569+00	\N	\N	1	46
3	5208	\N	\N	\N	\N	1	2025-06-16 21:44:04.270569+00	f	1	2025-06-16 21:44:04.270569+00	\N	\N	1	47
3	5209	\N	\N	\N	\N	1	2025-06-16 21:44:04.270569+00	f	1	2025-06-16 21:44:04.270569+00	\N	\N	1	48
3	5178	\N	\N	\N	\N	1	2025-06-16 21:44:04.304892+00	t	1	2025-06-16 21:44:04.304892+00	\N	\N	1	17
3	5179	\N	\N	\N	\N	1	2025-06-16 21:44:04.304892+00	t	1	2025-06-16 21:44:04.304892+00	\N	\N	1	18
3	5180	\N	\N	\N	\N	1	2025-06-16 21:44:04.304892+00	t	1	2025-06-16 21:44:04.304892+00	\N	\N	1	19
3	5181	\N	\N	\N	\N	1	2025-06-16 21:44:04.304892+00	t	1	2025-06-16 21:44:04.304892+00	\N	\N	1	20
3	5182	\N	\N	\N	\N	1	2025-06-16 21:44:04.304892+00	t	1	2025-06-16 21:44:04.304892+00	\N	\N	1	21
3	5183	\N	\N	\N	\N	1	2025-06-16 21:44:04.304892+00	t	1	2025-06-16 21:44:04.304892+00	\N	\N	1	22
3	5184	\N	\N	\N	\N	1	2025-06-16 21:44:04.304892+00	t	1	2025-06-16 21:44:04.304892+00	\N	\N	1	23
3	5185	\N	\N	\N	\N	1	2025-06-16 21:44:04.304892+00	t	1	2025-06-16 21:44:04.304892+00	\N	\N	1	24
3	5210	\N	\N	\N	\N	1	2025-06-16 21:44:04.310304+00	f	1	2025-06-16 21:44:04.310304+00	\N	\N	1	49
3	5211	\N	\N	\N	\N	1	2025-06-16 21:44:04.310304+00	f	1	2025-06-16 21:44:04.310304+00	\N	\N	1	50
3	5212	\N	\N	\N	\N	1	2025-06-16 21:44:04.310304+00	f	1	2025-06-16 21:44:04.310304+00	\N	\N	1	51
4	5213	\N	\N	\N	\N	2	2025-11-05 17:26:51.11778+00	t	2	2025-11-05 17:26:51.11778+00	\N	\N	1	52
4	5214	\N	\N	\N	\N	2	2025-11-05 17:26:51.11778+00	t	2	2025-11-05 17:26:51.11778+00	\N	\N	1	53
4	5215	\N	\N	\N	\N	2	2025-11-05 17:26:51.11778+00	t	2	2025-11-05 17:26:51.11778+00	\N	\N	1	54
4	5216	\N	\N	\N	\N	2	2025-11-05 17:26:51.11778+00	t	2	2025-11-05 17:26:51.11778+00	\N	\N	1	55
4	5217	\N	\N	\N	\N	2	2025-11-05 17:26:51.11778+00	t	2	2025-11-05 17:26:51.11778+00	\N	\N	1	56
4	5218	\N	\N	\N	\N	2	2025-11-05 17:26:51.11778+00	t	2	2025-11-05 17:26:51.11778+00	\N	\N	1	57
4	5219	\N	\N	\N	\N	2	2025-11-05 17:26:51.11778+00	t	2	2025-11-05 17:26:51.11778+00	\N	\N	1	58
4	5220	\N	\N	\N	\N	2	2025-11-05 17:26:51.11778+00	t	2	2025-11-05 17:26:51.11778+00	\N	\N	1	59
4	5229	\N	\N	\N	\N	2	2025-11-05 17:26:51.131168+00	f	2	2025-11-05 17:26:51.131168+00	\N	\N	1	68
4	5230	\N	\N	\N	\N	2	2025-11-05 17:26:51.131168+00	f	2	2025-11-05 17:26:51.131168+00	\N	\N	1	69
4	5231	\N	\N	\N	\N	2	2025-11-05 17:26:51.131168+00	f	2	2025-11-05 17:26:51.131168+00	\N	\N	1	70
4	5221	\N	\N	\N	\N	2	2025-11-05 17:26:51.159853+00	t	2	2025-11-05 17:26:51.159853+00	\N	\N	1	60
4	5222	\N	\N	\N	\N	2	2025-11-05 17:26:51.159853+00	t	2	2025-11-05 17:26:51.159853+00	\N	\N	1	61
4	5223	\N	\N	\N	\N	2	2025-11-05 17:26:51.159853+00	t	2	2025-11-05 17:26:51.159853+00	\N	\N	1	62
4	5224	\N	\N	\N	\N	2	2025-11-05 17:26:51.159853+00	t	2	2025-11-05 17:26:51.159853+00	\N	\N	1	63
4	5225	\N	\N	\N	\N	2	2025-11-05 17:26:51.159853+00	t	2	2025-11-05 17:26:51.159853+00	\N	\N	1	64
4	5226	\N	\N	\N	\N	2	2025-11-05 17:26:51.159853+00	t	2	2025-11-05 17:26:51.159853+00	\N	\N	1	65
4	5227	\N	\N	\N	\N	2	2025-11-05 17:26:51.159853+00	t	2	2025-11-05 17:26:51.159853+00	\N	\N	1	66
4	5228	\N	\N	\N	\N	2	2025-11-05 17:26:51.159853+00	t	2	2025-11-05 17:26:51.159853+00	\N	\N	1	67
4	5232	\N	\N	\N	\N	2	2025-11-05 17:26:51.163982+00	f	2	2025-11-05 17:26:51.163982+00	\N	\N	1	71
4	5233	\N	\N	\N	\N	2	2025-11-05 17:26:51.163982+00	f	2	2025-11-05 17:26:51.163982+00	\N	\N	1	72
4	5234	\N	\N	\N	\N	2	2025-11-05 17:26:51.163982+00	f	2	2025-11-05 17:26:51.163982+00	\N	\N	1	73
\.


--
-- Data for Name: observation_requested_substrata; Type: TABLE DATA; Schema: tracking; Owner: -
--

COPY tracking.observation_requested_substrata (observation_id, substratum_id) FROM stdin;
1	7
1	8
1	9
2	7
2	8
2	9
3	7
3	8
3	9
4	5
4	6
\.


--
-- Data for Name: observation_states; Type: TABLE DATA; Schema: tracking; Owner: -
--

COPY tracking.observation_states (id, name) FROM stdin;
1	Upcoming
2	InProgress
3	Completed
4	Overdue
5	Abandoned
\.


--
-- Data for Name: observation_types; Type: TABLE DATA; Schema: tracking; Owner: -
--

COPY tracking.observation_types (id, name) FROM stdin;
1	Monitoring
2	Biomass Measurements
\.


--
-- Data for Name: observations; Type: TABLE DATA; Schema: tracking; Owner: -
--

COPY tracking.observations (id, planting_site_id, created_time, start_date, end_date, completed_time, state_id, upcoming_notification_sent_time, planting_site_history_id, observation_type_id, is_ad_hoc) FROM stdin;
1	3	2025-05-29 18:49:46.313164+00	2025-05-29	2025-05-31	2025-05-29 18:50:29.365383+00	3	\N	3	1	f
2	3	2025-06-16 21:43:40.947422+00	2025-01-01	2025-02-01	\N	4	\N	3	1	f
3	3	2025-06-16 21:43:56.140711+00	2025-04-01	2025-05-01	\N	4	\N	3	1	f
4	2	2025-06-16 21:47:18.147489+00	2025-06-16	2025-07-16	\N	4	\N	2	1	f
\.


--
-- Data for Name: observed_plot_coordinates; Type: TABLE DATA; Schema: tracking; Owner: -
--

COPY tracking.observed_plot_coordinates (id, observation_id, monitoring_plot_id, position_id, gps_coordinates) FROM stdin;
\.


--
-- Data for Name: observed_plot_species_totals; Type: TABLE DATA; Schema: tracking; Owner: -
--

COPY tracking.observed_plot_species_totals (observation_id, monitoring_plot_id, species_id, species_name, certainty_id, total_live, total_dead, total_existing, permanent_live, survival_rate) FROM stdin;
1	5162	4	\N	1	15	1	1	15	\N
1	5162	2	\N	1	15	3	1	15	\N
1	5162	3	\N	1	14	3	3	14	\N
1	5162	1	\N	1	13	3	2	13	\N
1	5162	\N	Other 3	2	1	0	0	1	\N
1	5162	\N	Other 1	2	3	0	0	3	\N
1	5162	\N	\N	3	6	0	0	6	\N
1	5162	\N	Other 2	2	1	0	0	1	\N
1	5163	4	\N	1	28	2	3	28	\N
1	5163	1	\N	1	26	1	2	26	\N
1	5163	3	\N	1	19	1	5	19	\N
1	5163	\N	Other 2	2	2	0	0	2	\N
1	5163	\N	Other 1	2	2	0	0	2	\N
1	5163	2	\N	1	20	1	0	20	\N
1	5163	\N	\N	3	3	0	0	3	\N
1	5163	\N	Other 5	2	1	0	0	1	\N
1	5164	2	\N	1	10	2	2	10	\N
1	5164	3	\N	1	13	1	2	13	\N
1	5164	\N	\N	3	3	0	0	3	\N
1	5164	4	\N	1	7	0	2	7	\N
1	5164	1	\N	1	8	0	1	8	\N
1	5164	\N	Other 2	2	0	1	0	0	\N
1	5164	\N	Other 3	2	1	0	0	1	\N
1	5164	\N	Other 1	2	1	0	0	1	\N
1	5165	2	\N	1	44	4	5	44	\N
1	5165	1	\N	1	34	3	6	34	\N
1	5165	3	\N	1	32	4	5	32	\N
1	5165	4	\N	1	32	2	6	32	\N
1	5165	\N	\N	3	7	1	2	7	\N
1	5165	\N	Other 5	2	3	0	0	3	\N
1	5165	\N	Other 4	2	2	0	0	2	\N
1	5165	\N	Other 2	2	2	0	0	2	\N
1	5165	\N	Other 1	2	1	0	0	1	\N
1	5165	\N	Other 3	2	1	0	0	1	\N
1	5166	\N	Other 1	2	2	0	0	2	\N
1	5166	4	\N	1	7	1	2	7	\N
1	5166	3	\N	1	12	0	0	12	\N
1	5166	2	\N	1	2	2	0	2	\N
1	5166	1	\N	1	2	2	0	2	\N
1	5167	1	\N	1	29	3	5	29	\N
1	5167	2	\N	1	39	4	0	39	\N
1	5167	3	\N	1	28	3	4	28	\N
1	5167	4	\N	1	39	9	6	39	\N
1	5167	\N	\N	3	8	3	1	8	\N
1	5167	\N	Other 1	2	2	0	0	2	\N
1	5167	\N	Other 4	2	3	0	0	3	\N
1	5167	\N	Other 5	2	1	0	1	1	\N
1	5167	\N	Other 2	2	2	0	1	2	\N
1	5167	\N	Other 3	2	1	0	0	1	\N
1	5168	2	\N	1	21	4	4	21	\N
1	5168	1	\N	1	29	4	2	29	\N
1	5168	\N	Other 2	2	1	0	0	1	\N
1	5168	3	\N	1	18	4	6	18	\N
1	5168	4	\N	1	22	3	5	22	\N
1	5168	\N	Other 3	2	1	1	0	1	\N
1	5168	\N	Other 4	2	2	0	1	2	\N
1	5168	\N	Other 5	2	2	0	0	2	\N
1	5168	\N	\N	3	5	0	1	5	\N
1	5169	2	\N	1	11	1	1	11	\N
1	5169	1	\N	1	7	0	4	7	\N
1	5169	4	\N	1	8	0	1	8	\N
1	5169	\N	Other 4	2	1	0	0	1	\N
1	5169	\N	\N	3	2	1	0	2	\N
1	5169	3	\N	1	4	2	1	4	\N
1	5169	\N	Other 5	2	1	0	0	1	\N
1	5169	\N	Other 2	2	1	0	0	1	\N
1	5170	2	\N	1	24	0	5	24	\N
1	5170	3	\N	1	21	4	4	21	\N
1	5170	4	\N	1	23	1	1	23	\N
1	5170	\N	\N	3	4	2	1	4	\N
1	5170	1	\N	1	16	1	0	16	\N
1	5170	\N	Other 1	2	1	0	0	1	\N
1	5170	\N	Other 3	2	1	0	0	1	\N
1	5171	4	\N	1	27	2	4	27	\N
1	5171	1	\N	1	21	6	3	21	\N
1	5171	2	\N	1	19	3	2	19	\N
1	5171	\N	Other 1	2	2	1	0	2	\N
1	5171	\N	Other 2	2	0	1	1	0	\N
1	5171	\N	\N	3	6	0	2	6	\N
1	5171	3	\N	1	31	2	3	31	\N
1	5171	\N	Other 3	2	1	0	0	1	\N
1	5172	1	\N	1	30	2	3	30	\N
1	5172	3	\N	1	25	2	6	25	\N
1	5172	\N	\N	3	7	1	1	7	\N
1	5172	\N	Other 2	2	1	0	0	1	\N
1	5172	2	\N	1	23	4	2	23	\N
1	5172	4	\N	1	22	0	1	22	\N
1	5172	\N	Other 4	2	2	0	0	2	\N
1	5173	2	\N	1	11	0	2	11	\N
1	5173	4	\N	1	19	0	5	19	\N
1	5173	1	\N	1	15	2	1	15	\N
1	5173	3	\N	1	17	1	4	17	\N
1	5173	\N	Other 3	2	2	0	0	2	\N
1	5173	\N	\N	3	1	0	1	1	\N
1	5173	\N	Other 2	2	1	0	0	1	\N
1	5174	2	\N	1	12	0	1	12	\N
1	5174	1	\N	1	13	0	2	13	\N
1	5174	\N	Other 4	2	2	0	0	2	\N
1	5174	3	\N	1	10	2	1	10	\N
1	5174	\N	Other 3	2	2	0	0	2	\N
1	5174	4	\N	1	6	1	0	6	\N
1	5174	\N	Other 1	2	1	0	0	1	\N
1	5174	\N	\N	3	2	2	1	2	\N
1	5174	\N	Other 2	2	1	0	0	1	\N
1	5175	\N	Other 3	2	1	0	0	1	\N
1	5175	2	\N	1	17	2	3	17	\N
1	5175	1	\N	1	15	3	2	15	\N
1	5175	3	\N	1	16	1	2	16	\N
1	5175	4	\N	1	13	2	2	13	\N
1	5175	\N	\N	3	1	0	0	1	\N
1	5175	\N	Other 1	2	2	0	0	2	\N
1	5175	\N	Other 2	2	1	0	1	1	\N
1	5175	\N	Other 5	2	2	0	0	2	\N
1	5176	4	\N	1	7	0	2	7	\N
1	5176	3	\N	1	11	3	1	11	\N
1	5176	2	\N	1	4	2	0	4	\N
1	5176	\N	Other 4	2	1	0	0	1	\N
1	5176	\N	Other 3	2	0	1	0	0	\N
1	5176	1	\N	1	7	1	0	7	\N
1	5176	\N	\N	3	1	0	1	1	\N
1	5176	\N	Other 1	2	1	0	0	1	\N
1	5177	4	\N	1	33	5	6	33	\N
1	5177	1	\N	1	28	2	4	28	\N
1	5177	3	\N	1	40	4	1	40	\N
1	5177	2	\N	1	36	2	5	36	\N
1	5177	\N	\N	3	9	1	0	9	\N
1	5177	\N	Other 5	2	7	0	0	7	\N
1	5177	\N	Other 3	2	2	0	0	2	\N
1	5177	\N	Other 4	2	1	1	0	1	\N
1	5177	\N	Other 1	2	0	1	0	0	\N
1	5177	\N	Other 2	2	1	0	0	1	\N
1	5178	2	\N	1	33	1	3	33	\N
1	5178	1	\N	1	39	3	4	39	\N
1	5178	\N	\N	3	7	0	0	7	\N
1	5178	3	\N	1	29	2	3	29	\N
1	5178	4	\N	1	32	5	3	32	\N
1	5178	\N	Other 1	2	3	0	0	3	\N
1	5178	\N	Other 5	2	1	0	0	1	\N
1	5178	\N	Other 3	2	1	0	1	1	\N
1	5178	\N	Other 4	2	1	0	0	1	\N
1	5179	3	\N	1	19	1	0	19	\N
1	5179	1	\N	1	10	1	2	10	\N
1	5179	4	\N	1	9	1	1	9	\N
1	5179	2	\N	1	11	1	2	11	\N
1	5179	\N	\N	3	2	0	1	2	\N
1	5179	\N	Other 1	2	1	0	0	1	\N
1	5180	1	\N	1	31	4	1	31	\N
1	5180	2	\N	1	35	1	4	35	\N
1	5180	\N	\N	3	14	2	1	14	\N
1	5180	4	\N	1	27	3	3	27	\N
1	5180	3	\N	1	21	3	6	21	\N
1	5180	\N	Other 4	2	1	0	2	1	\N
1	5180	\N	Other 5	2	1	0	0	1	\N
1	5180	\N	Other 3	2	1	0	0	1	\N
1	5181	3	\N	1	32	1	6	32	\N
1	5181	4	\N	1	40	7	4	40	\N
1	5181	2	\N	1	25	6	2	25	\N
1	5181	1	\N	1	44	6	4	44	\N
1	5181	\N	\N	3	5	1	0	5	\N
1	5181	\N	Other 4	2	1	1	0	1	\N
1	5181	\N	Other 3	2	1	1	0	1	\N
1	5181	\N	Other 2	2	1	1	0	1	\N
1	5181	\N	Other 5	2	3	1	0	3	\N
1	5182	3	\N	1	37	1	2	37	\N
1	5182	2	\N	1	29	3	7	29	\N
1	5182	1	\N	1	32	2	2	32	\N
1	5182	4	\N	1	42	5	0	42	\N
1	5182	\N	\N	3	6	0	1	6	\N
1	5182	\N	Other 4	2	5	0	2	5	\N
1	5182	\N	Other 3	2	2	0	0	2	\N
1	5182	\N	Other 5	2	1	0	0	1	\N
1	5182	\N	Other 2	2	1	0	1	1	\N
1	5182	\N	Other 1	2	3	0	0	3	\N
1	5183	4	\N	1	29	7	7	29	\N
1	5183	2	\N	1	28	3	5	28	\N
1	5183	1	\N	1	32	3	2	32	\N
1	5183	3	\N	1	28	3	2	28	\N
1	5183	\N	\N	3	10	0	1	10	\N
1	5183	\N	Other 3	2	1	0	0	1	\N
1	5183	\N	Other 4	2	4	0	0	4	\N
1	5184	2	\N	1	33	2	1	33	\N
1	5184	4	\N	1	22	8	5	22	\N
1	5184	1	\N	1	22	4	2	22	\N
1	5184	3	\N	1	23	5	1	23	\N
1	5184	\N	Other 4	2	0	1	0	0	\N
1	5184	\N	Other 2	2	1	0	0	1	\N
1	5184	\N	Other 1	2	1	0	0	1	\N
1	5184	\N	\N	3	5	1	0	5	\N
1	5184	\N	Other 5	2	1	0	0	1	\N
1	5184	\N	Other 3	2	1	0	0	1	\N
1	5185	3	\N	1	20	2	2	20	\N
1	5185	1	\N	1	35	5	3	35	\N
1	5185	4	\N	1	23	3	5	23	\N
1	5185	2	\N	1	23	3	3	23	\N
1	5185	\N	Other 5	2	1	0	1	1	\N
1	5185	\N	Other 4	2	3	0	0	3	\N
1	5185	\N	Other 1	2	2	0	0	2	\N
1	5185	\N	\N	3	2	1	0	2	\N
1	5185	\N	Other 3	2	3	0	0	3	\N
1	5186	3	\N	1	7	0	0	0	\N
1	5186	4	\N	1	7	1	0	0	\N
1	5186	\N	Other 1	2	1	0	0	0	\N
1	5186	1	\N	1	8	1	0	0	\N
1	5186	2	\N	1	1	0	1	0	\N
1	5186	\N	\N	3	1	0	0	0	\N
1	5187	1	\N	1	16	5	0	0	\N
1	5187	4	\N	1	18	2	3	0	\N
1	5187	3	\N	1	19	1	2	0	\N
1	5187	2	\N	1	17	3	4	0	\N
1	5187	\N	Other 2	2	3	0	0	0	\N
1	5187	\N	Other 4	2	1	0	0	0	\N
1	5187	\N	\N	3	3	0	0	0	\N
1	5187	\N	Other 5	2	1	0	0	0	\N
1	5187	\N	Other 1	2	1	0	0	0	\N
1	5187	\N	Other 3	2	1	0	0	0	\N
1	5188	1	\N	1	10	3	1	0	\N
1	5188	4	\N	1	10	3	2	0	\N
1	5188	2	\N	1	17	1	1	0	\N
1	5188	3	\N	1	11	0	1	0	\N
1	5188	\N	Other 4	2	2	1	0	0	\N
1	5188	\N	Other 5	2	3	0	0	0	\N
1	5188	\N	\N	3	2	0	0	0	\N
1	5189	3	\N	1	16	1	3	0	\N
1	5189	1	\N	1	14	1	3	0	\N
1	5189	2	\N	1	11	1	2	0	\N
1	5189	\N	\N	3	4	0	1	0	\N
1	5189	4	\N	1	10	1	1	0	\N
1	5189	\N	Other 2	2	2	0	0	0	\N
1	5189	\N	Other 4	2	1	0	0	0	\N
1	5189	\N	Other 5	2	1	0	0	0	\N
1	5190	2	\N	1	30	3	6	0	\N
1	5190	3	\N	1	30	2	5	0	\N
1	5190	4	\N	1	26	3	6	0	\N
1	5190	\N	Other 5	2	3	0	0	0	\N
1	5190	\N	\N	3	5	2	0	0	\N
1	5190	1	\N	1	33	1	4	0	\N
1	5190	\N	Other 4	2	1	0	0	0	\N
1	5190	\N	Other 2	2	1	0	0	0	\N
1	5190	\N	Other 3	2	2	0	0	0	\N
1	5191	1	\N	1	14	2	0	0	\N
1	5191	3	\N	1	15	5	1	0	\N
1	5191	2	\N	1	10	0	0	0	\N
1	5191	4	\N	1	14	0	1	0	\N
1	5191	\N	Other 2	2	1	0	0	0	\N
1	5191	\N	\N	3	2	0	0	0	\N
1	5191	\N	Other 3	2	1	0	0	0	\N
1	5192	3	\N	1	12	1	1	0	\N
1	5192	4	\N	1	14	0	4	0	\N
1	5192	1	\N	1	13	4	2	0	\N
1	5192	2	\N	1	11	1	1	0	\N
1	5192	\N	\N	3	2	0	0	0	\N
1	5192	\N	Other 5	2	0	0	1	0	\N
1	5192	\N	Other 1	2	0	0	1	0	\N
1	5193	2	\N	1	44	4	1	0	\N
1	5193	3	\N	1	30	5	4	0	\N
1	5193	\N	\N	3	9	3	0	0	\N
1	5193	4	\N	1	31	2	3	0	\N
1	5193	1	\N	1	26	8	1	0	\N
1	5193	\N	Other 5	2	4	0	0	0	\N
1	5193	\N	Other 3	2	3	0	0	0	\N
1	5193	\N	Other 4	2	0	0	1	0	\N
1	5193	\N	Other 1	2	1	0	0	0	\N
1	5193	\N	Other 2	2	1	0	0	0	\N
1	5194	1	\N	1	14	0	2	0	\N
1	5194	3	\N	1	15	1	0	0	\N
1	5194	2	\N	1	9	0	1	0	\N
1	5194	4	\N	1	9	1	1	0	\N
1	5194	\N	\N	3	3	1	0	0	\N
2	5162	1	\N	1	0	0	0	0	\N
2	5162	2	\N	1	0	0	0	0	\N
2	5162	3	\N	1	0	0	0	0	\N
2	5162	4	\N	1	0	0	0	0	\N
2	5163	1	\N	1	0	0	0	0	\N
2	5163	2	\N	1	0	0	0	0	\N
2	5163	3	\N	1	0	0	0	0	\N
2	5163	4	\N	1	0	0	0	0	\N
2	5164	2	\N	1	0	0	0	0	\N
2	5164	3	\N	1	0	0	0	0	\N
2	5164	\N	Other 2	2	0	0	0	0	\N
2	5165	1	\N	1	0	0	0	0	\N
2	5165	2	\N	1	0	0	0	0	\N
2	5165	3	\N	1	0	0	0	0	\N
2	5165	4	\N	1	0	0	0	0	\N
2	5165	\N	\N	3	0	0	0	0	\N
2	5166	1	\N	1	0	0	0	0	\N
2	5166	2	\N	1	0	0	0	0	\N
2	5166	4	\N	1	0	0	0	0	\N
2	5167	1	\N	1	0	0	0	0	\N
2	5167	2	\N	1	0	0	0	0	\N
2	5167	3	\N	1	0	0	0	0	\N
2	5167	4	\N	1	0	0	0	0	\N
2	5167	\N	\N	3	0	0	0	0	\N
2	5168	1	\N	1	0	0	0	0	\N
2	5168	2	\N	1	0	0	0	0	\N
2	5168	3	\N	1	0	0	0	0	\N
2	5168	4	\N	1	0	0	0	0	\N
2	5168	\N	Other 3	2	0	0	0	0	\N
2	5169	2	\N	1	0	0	0	0	\N
2	5169	3	\N	1	0	0	0	0	\N
2	5169	\N	\N	3	0	0	0	0	\N
2	5170	1	\N	1	0	0	0	0	\N
2	5170	3	\N	1	0	0	0	0	\N
2	5170	4	\N	1	0	0	0	0	\N
2	5170	\N	\N	3	0	0	0	0	\N
2	5171	1	\N	1	0	0	0	0	\N
2	5171	2	\N	1	0	0	0	0	\N
2	5171	3	\N	1	0	0	0	0	\N
2	5171	4	\N	1	0	0	0	0	\N
2	5171	\N	Other 1	2	0	0	0	0	\N
2	5171	\N	Other 2	2	0	0	0	0	\N
2	5172	1	\N	1	0	0	0	0	\N
2	5172	2	\N	1	0	0	0	0	\N
2	5172	3	\N	1	0	0	0	0	\N
2	5172	\N	\N	3	0	0	0	0	\N
2	5173	1	\N	1	0	0	0	0	\N
2	5173	3	\N	1	0	0	0	0	\N
2	5174	3	\N	1	0	0	0	0	\N
2	5174	4	\N	1	0	0	0	0	\N
2	5174	\N	\N	3	0	0	0	0	\N
2	5175	1	\N	1	0	0	0	0	\N
2	5175	2	\N	1	0	0	0	0	\N
2	5175	3	\N	1	0	0	0	0	\N
2	5175	4	\N	1	0	0	0	0	\N
2	5176	1	\N	1	0	0	0	0	\N
2	5176	2	\N	1	0	0	0	0	\N
2	5176	3	\N	1	0	0	0	0	\N
2	5176	\N	Other 3	2	0	0	0	0	\N
2	5177	1	\N	1	0	0	0	0	\N
2	5177	2	\N	1	0	0	0	0	\N
2	5177	3	\N	1	0	0	0	0	\N
2	5177	4	\N	1	0	0	0	0	\N
2	5177	\N	Other 1	2	0	0	0	0	\N
2	5177	\N	Other 4	2	0	0	0	0	\N
2	5177	\N	\N	3	0	0	0	0	\N
2	5178	1	\N	1	0	0	0	0	\N
2	5178	2	\N	1	0	0	0	0	\N
2	5178	3	\N	1	0	0	0	0	\N
2	5178	4	\N	1	0	0	0	0	\N
2	5179	1	\N	1	0	0	0	0	\N
2	5179	2	\N	1	0	0	0	0	\N
2	5179	3	\N	1	0	0	0	0	\N
2	5179	4	\N	1	0	0	0	0	\N
2	5180	1	\N	1	0	0	0	0	\N
2	5180	2	\N	1	0	0	0	0	\N
2	5180	3	\N	1	0	0	0	0	\N
2	5180	4	\N	1	0	0	0	0	\N
2	5180	\N	\N	3	0	0	0	0	\N
2	5181	1	\N	1	0	0	0	0	\N
2	5181	2	\N	1	0	0	0	0	\N
2	5181	3	\N	1	0	0	0	0	\N
2	5181	4	\N	1	0	0	0	0	\N
2	5181	\N	Other 2	2	0	0	0	0	\N
2	5181	\N	Other 3	2	0	0	0	0	\N
2	5181	\N	Other 4	2	0	0	0	0	\N
2	5181	\N	Other 5	2	0	0	0	0	\N
2	5181	\N	\N	3	0	0	0	0	\N
2	5182	1	\N	1	0	0	0	0	\N
2	5182	2	\N	1	0	0	0	0	\N
2	5182	3	\N	1	0	0	0	0	\N
2	5182	4	\N	1	0	0	0	0	\N
2	5183	1	\N	1	0	0	0	0	\N
2	5183	2	\N	1	0	0	0	0	\N
2	5183	3	\N	1	0	0	0	0	\N
2	5183	4	\N	1	0	0	0	0	\N
2	5184	1	\N	1	0	0	0	0	\N
2	5184	2	\N	1	0	0	0	0	\N
2	5184	3	\N	1	0	0	0	0	\N
2	5184	4	\N	1	0	0	0	0	\N
2	5184	\N	Other 4	2	0	0	0	0	\N
2	5184	\N	\N	3	0	0	0	0	\N
2	5185	1	\N	1	0	0	0	0	\N
2	5185	2	\N	1	0	0	0	0	\N
2	5185	3	\N	1	0	0	0	0	\N
2	5185	4	\N	1	0	0	0	0	\N
2	5185	\N	\N	3	0	0	0	0	\N
3	5162	1	\N	1	0	0	0	0	\N
3	5162	2	\N	1	0	0	0	0	\N
3	5162	3	\N	1	0	0	0	0	\N
3	5162	4	\N	1	0	0	0	0	\N
3	5163	1	\N	1	0	0	0	0	\N
3	5163	2	\N	1	0	0	0	0	\N
3	5163	3	\N	1	0	0	0	0	\N
3	5163	4	\N	1	0	0	0	0	\N
3	5164	2	\N	1	0	0	0	0	\N
3	5164	3	\N	1	0	0	0	0	\N
3	5164	\N	Other 2	2	0	0	0	0	\N
3	5165	1	\N	1	0	0	0	0	\N
3	5165	2	\N	1	0	0	0	0	\N
3	5165	3	\N	1	0	0	0	0	\N
3	5165	4	\N	1	0	0	0	0	\N
3	5165	\N	\N	3	0	0	0	0	\N
3	5166	1	\N	1	0	0	0	0	\N
3	5166	2	\N	1	0	0	0	0	\N
3	5166	4	\N	1	0	0	0	0	\N
3	5167	1	\N	1	0	0	0	0	\N
3	5167	2	\N	1	0	0	0	0	\N
3	5167	3	\N	1	0	0	0	0	\N
3	5167	4	\N	1	0	0	0	0	\N
3	5167	\N	\N	3	0	0	0	0	\N
3	5168	1	\N	1	0	0	0	0	\N
3	5168	2	\N	1	0	0	0	0	\N
3	5168	3	\N	1	0	0	0	0	\N
3	5168	4	\N	1	0	0	0	0	\N
3	5168	\N	Other 3	2	0	0	0	0	\N
3	5169	2	\N	1	0	0	0	0	\N
3	5169	3	\N	1	0	0	0	0	\N
3	5169	\N	\N	3	0	0	0	0	\N
3	5170	1	\N	1	0	0	0	0	\N
3	5170	3	\N	1	0	0	0	0	\N
3	5170	4	\N	1	0	0	0	0	\N
3	5170	\N	\N	3	0	0	0	0	\N
3	5171	1	\N	1	0	0	0	0	\N
3	5171	2	\N	1	0	0	0	0	\N
3	5171	3	\N	1	0	0	0	0	\N
3	5171	4	\N	1	0	0	0	0	\N
3	5171	\N	Other 1	2	0	0	0	0	\N
3	5171	\N	Other 2	2	0	0	0	0	\N
3	5172	1	\N	1	0	0	0	0	\N
3	5172	2	\N	1	0	0	0	0	\N
3	5172	3	\N	1	0	0	0	0	\N
3	5172	\N	\N	3	0	0	0	0	\N
3	5173	1	\N	1	0	0	0	0	\N
3	5173	3	\N	1	0	0	0	0	\N
3	5174	3	\N	1	0	0	0	0	\N
3	5174	4	\N	1	0	0	0	0	\N
3	5174	\N	\N	3	0	0	0	0	\N
3	5175	1	\N	1	0	0	0	0	\N
3	5175	2	\N	1	0	0	0	0	\N
3	5175	3	\N	1	0	0	0	0	\N
3	5175	4	\N	1	0	0	0	0	\N
3	5176	1	\N	1	0	0	0	0	\N
3	5176	2	\N	1	0	0	0	0	\N
3	5176	3	\N	1	0	0	0	0	\N
3	5176	\N	Other 3	2	0	0	0	0	\N
3	5177	1	\N	1	0	0	0	0	\N
3	5177	2	\N	1	0	0	0	0	\N
3	5177	3	\N	1	0	0	0	0	\N
3	5177	4	\N	1	0	0	0	0	\N
3	5177	\N	Other 1	2	0	0	0	0	\N
3	5177	\N	Other 4	2	0	0	0	0	\N
3	5177	\N	\N	3	0	0	0	0	\N
3	5178	1	\N	1	0	0	0	0	\N
3	5178	2	\N	1	0	0	0	0	\N
3	5178	3	\N	1	0	0	0	0	\N
3	5178	4	\N	1	0	0	0	0	\N
3	5179	1	\N	1	0	0	0	0	\N
3	5179	2	\N	1	0	0	0	0	\N
3	5179	3	\N	1	0	0	0	0	\N
3	5179	4	\N	1	0	0	0	0	\N
3	5180	1	\N	1	0	0	0	0	\N
3	5180	2	\N	1	0	0	0	0	\N
3	5180	3	\N	1	0	0	0	0	\N
3	5180	4	\N	1	0	0	0	0	\N
3	5180	\N	\N	3	0	0	0	0	\N
3	5181	1	\N	1	0	0	0	0	\N
3	5181	2	\N	1	0	0	0	0	\N
3	5181	3	\N	1	0	0	0	0	\N
3	5181	4	\N	1	0	0	0	0	\N
3	5181	\N	Other 2	2	0	0	0	0	\N
3	5181	\N	Other 3	2	0	0	0	0	\N
3	5181	\N	Other 4	2	0	0	0	0	\N
3	5181	\N	Other 5	2	0	0	0	0	\N
3	5181	\N	\N	3	0	0	0	0	\N
3	5182	1	\N	1	0	0	0	0	\N
3	5182	2	\N	1	0	0	0	0	\N
3	5182	3	\N	1	0	0	0	0	\N
3	5182	4	\N	1	0	0	0	0	\N
3	5183	1	\N	1	0	0	0	0	\N
3	5183	2	\N	1	0	0	0	0	\N
3	5183	3	\N	1	0	0	0	0	\N
3	5183	4	\N	1	0	0	0	0	\N
3	5184	1	\N	1	0	0	0	0	\N
3	5184	2	\N	1	0	0	0	0	\N
3	5184	3	\N	1	0	0	0	0	\N
3	5184	4	\N	1	0	0	0	0	\N
3	5184	\N	Other 4	2	0	0	0	0	\N
3	5184	\N	\N	3	0	0	0	0	\N
3	5185	1	\N	1	0	0	0	0	\N
3	5185	2	\N	1	0	0	0	0	\N
3	5185	3	\N	1	0	0	0	0	\N
3	5185	4	\N	1	0	0	0	0	\N
3	5185	\N	\N	3	0	0	0	0	\N
\.


--
-- Data for Name: observed_site_species_totals; Type: TABLE DATA; Schema: tracking; Owner: -
--

COPY tracking.observed_site_species_totals (observation_id, planting_site_id, species_id, species_name, certainty_id, total_live, total_dead, total_existing, permanent_live, survival_rate) FROM stdin;
1	3	\N	Other 1	2	31	2	1	28	\N
1	3	\N	Other 3	2	31	3	1	24	\N
1	3	1	\N	1	686	86	70	538	\N
1	3	4	\N	1	671	81	96	532	\N
1	3	\N	Other 5	2	37	1	3	25	\N
1	3	2	\N	1	675	67	77	525	\N
1	3	3	\N	1	675	71	87	520	\N
1	3	\N	Other 4	2	34	4	6	29	\N
1	3	\N	\N	3	147	22	16	116	\N
1	3	\N	Other 2	2	25	3	4	17	\N
2	3	3	\N	1	0	0	0	0	\N
2	3	\N	Other 5	2	0	0	0	0	\N
2	3	\N	\N	3	0	0	0	0	\N
2	3	4	\N	1	0	0	0	0	\N
2	3	\N	Other 2	2	0	0	0	0	\N
2	3	\N	Other 4	2	0	0	0	0	\N
2	3	2	\N	1	0	0	0	0	\N
2	3	1	\N	1	0	0	0	0	\N
2	3	\N	Other 1	2	0	0	0	0	\N
2	3	\N	Other 3	2	0	0	0	0	\N
3	3	3	\N	1	0	0	0	0	\N
3	3	\N	Other 5	2	0	0	0	0	\N
3	3	\N	\N	3	0	0	0	0	\N
3	3	4	\N	1	0	0	0	0	\N
3	3	\N	Other 2	2	0	0	0	0	\N
3	3	\N	Other 4	2	0	0	0	0	\N
3	3	2	\N	1	0	0	0	0	\N
3	3	1	\N	1	0	0	0	0	\N
3	3	\N	Other 1	2	0	0	0	0	\N
3	3	\N	Other 3	2	0	0	0	0	\N
\.


--
-- Data for Name: observed_stratum_species_totals; Type: TABLE DATA; Schema: tracking; Owner: -
--

COPY tracking.observed_stratum_species_totals (observation_id, stratum_id, species_id, species_name, certainty_id, total_live, total_dead, total_existing, permanent_live, survival_rate) FROM stdin;
1	5	\N	Other 1	2	13	0	0	11	\N
1	7	\N	Other 1	2	11	0	1	10	\N
1	6	\N	Other 1	2	7	2	0	7	\N
1	5	\N	Other 3	2	6	1	0	5	\N
1	7	\N	Other 3	2	13	1	1	10	\N
1	6	\N	Other 3	2	12	1	0	9	\N
1	5	1	\N	1	182	25	23	148	\N
1	7	1	\N	1	298	40	25	245	\N
1	6	1	\N	1	206	21	22	145	\N
1	5	4	\N	1	193	24	31	158	\N
1	7	4	\N	1	278	42	36	224	\N
1	6	4	\N	1	200	15	29	150	\N
1	7	\N	Other 5	2	12	1	2	8	\N
1	5	\N	Other 5	2	12	0	1	8	\N
1	6	\N	Other 5	2	13	0	0	9	\N
1	5	2	\N	1	197	25	19	162	\N
1	7	2	\N	1	281	25	30	217	\N
1	6	2	\N	1	197	17	28	146	\N
1	5	3	\N	1	177	19	29	140	\N
1	7	3	\N	1	266	25	27	209	\N
1	6	3	\N	1	232	27	31	171	\N
1	5	\N	Other 4	2	11	1	1	8	\N
1	7	\N	Other 4	2	15	2	5	15	\N
1	6	\N	Other 4	2	8	1	0	6	\N
1	5	\N	\N	3	40	5	4	34	\N
1	7	\N	\N	3	65	9	4	51	\N
1	6	\N	\N	3	42	8	8	31	\N
1	7	\N	Other 2	2	4	1	1	3	\N
1	6	\N	Other 2	2	9	1	2	5	\N
1	5	\N	Other 2	2	12	1	1	9	\N
2	5	1	\N	1	0	0	0	0	\N
2	5	2	\N	1	0	0	0	0	\N
2	5	3	\N	1	0	0	0	0	\N
2	5	4	\N	1	0	0	0	0	\N
2	6	1	\N	1	0	0	0	0	\N
2	6	2	\N	1	0	0	0	0	\N
2	6	3	\N	1	0	0	0	0	\N
2	6	4	\N	1	0	0	0	0	\N
2	7	1	\N	1	0	0	0	0	\N
2	7	2	\N	1	0	0	0	0	\N
2	7	3	\N	1	0	0	0	0	\N
2	7	4	\N	1	0	0	0	0	\N
2	5	\N	Other 2	2	0	0	0	0	\N
2	5	\N	Other 3	2	0	0	0	0	\N
2	6	\N	Other 1	2	0	0	0	0	\N
2	6	\N	Other 2	2	0	0	0	0	\N
2	6	\N	Other 3	2	0	0	0	0	\N
2	6	\N	Other 4	2	0	0	0	0	\N
2	7	\N	Other 2	2	0	0	0	0	\N
2	7	\N	Other 3	2	0	0	0	0	\N
2	7	\N	Other 4	2	0	0	0	0	\N
2	7	\N	Other 5	2	0	0	0	0	\N
2	5	\N	\N	3	0	0	0	0	\N
2	6	\N	\N	3	0	0	0	0	\N
2	7	\N	\N	3	0	0	0	0	\N
3	5	1	\N	1	0	0	0	0	\N
3	5	2	\N	1	0	0	0	0	\N
3	5	3	\N	1	0	0	0	0	\N
3	5	4	\N	1	0	0	0	0	\N
3	6	1	\N	1	0	0	0	0	\N
3	6	2	\N	1	0	0	0	0	\N
3	6	3	\N	1	0	0	0	0	\N
3	6	4	\N	1	0	0	0	0	\N
3	7	1	\N	1	0	0	0	0	\N
3	7	2	\N	1	0	0	0	0	\N
3	7	3	\N	1	0	0	0	0	\N
3	7	4	\N	1	0	0	0	0	\N
3	5	\N	Other 2	2	0	0	0	0	\N
3	5	\N	Other 3	2	0	0	0	0	\N
3	6	\N	Other 1	2	0	0	0	0	\N
3	6	\N	Other 2	2	0	0	0	0	\N
3	6	\N	Other 3	2	0	0	0	0	\N
3	6	\N	Other 4	2	0	0	0	0	\N
3	7	\N	Other 2	2	0	0	0	0	\N
3	7	\N	Other 3	2	0	0	0	0	\N
3	7	\N	Other 4	2	0	0	0	0	\N
3	7	\N	Other 5	2	0	0	0	0	\N
3	5	\N	\N	3	0	0	0	0	\N
3	6	\N	\N	3	0	0	0	0	\N
3	7	\N	\N	3	0	0	0	0	\N
\.


--
-- Data for Name: observed_substratum_species_totals; Type: TABLE DATA; Schema: tracking; Owner: -
--

COPY tracking.observed_substratum_species_totals (observation_id, substratum_id, species_id, species_name, certainty_id, total_live, total_dead, total_existing, permanent_live, survival_rate) FROM stdin;
1	7	\N	Other 1	2	13	0	0	11	\N
1	7	\N	Other 3	2	6	1	0	5	\N
1	7	1	\N	1	182	25	23	148	\N
1	7	4	\N	1	193	24	31	158	\N
1	9	\N	Other 5	2	12	1	2	8	\N
1	7	2	\N	1	197	25	19	162	\N
1	7	3	\N	1	177	19	29	140	\N
1	9	\N	Other 3	2	13	1	1	10	\N
1	7	\N	Other 4	2	11	1	1	8	\N
1	7	\N	Other 5	2	12	0	1	8	\N
1	9	\N	Other 4	2	15	2	5	15	\N
1	7	\N	\N	3	40	5	4	34	\N
1	9	\N	Other 1	2	11	0	1	10	\N
1	9	\N	Other 2	2	4	1	1	3	\N
1	9	1	\N	1	298	40	25	245	\N
1	9	3	\N	1	266	25	27	209	\N
1	9	2	\N	1	281	25	30	217	\N
1	9	4	\N	1	278	42	36	224	\N
1	9	\N	\N	3	65	9	4	51	\N
1	8	\N	Other 5	2	13	0	0	9	\N
1	8	\N	Other 4	2	8	1	0	6	\N
1	8	1	\N	1	206	21	22	145	\N
1	8	3	\N	1	232	27	31	171	\N
1	8	2	\N	1	197	17	28	146	\N
1	8	4	\N	1	200	15	29	150	\N
1	8	\N	Other 2	2	9	1	2	5	\N
1	8	\N	\N	3	42	8	8	31	\N
1	8	\N	Other 3	2	12	1	0	9	\N
1	8	\N	Other 1	2	7	2	0	7	\N
1	7	\N	Other 2	2	12	1	1	9	\N
2	7	1	\N	1	0	0	0	0	\N
2	7	2	\N	1	0	0	0	0	\N
2	7	3	\N	1	0	0	0	0	\N
2	7	4	\N	1	0	0	0	0	\N
2	8	1	\N	1	0	0	0	0	\N
2	8	2	\N	1	0	0	0	0	\N
2	8	3	\N	1	0	0	0	0	\N
2	8	4	\N	1	0	0	0	0	\N
2	9	1	\N	1	0	0	0	0	\N
2	9	2	\N	1	0	0	0	0	\N
2	9	3	\N	1	0	0	0	0	\N
2	9	4	\N	1	0	0	0	0	\N
2	7	\N	Other 2	2	0	0	0	0	\N
2	7	\N	Other 3	2	0	0	0	0	\N
2	8	\N	Other 1	2	0	0	0	0	\N
2	8	\N	Other 2	2	0	0	0	0	\N
2	8	\N	Other 3	2	0	0	0	0	\N
2	8	\N	Other 4	2	0	0	0	0	\N
2	9	\N	Other 2	2	0	0	0	0	\N
2	9	\N	Other 3	2	0	0	0	0	\N
2	9	\N	Other 4	2	0	0	0	0	\N
2	9	\N	Other 5	2	0	0	0	0	\N
2	7	\N	\N	3	0	0	0	0	\N
2	8	\N	\N	3	0	0	0	0	\N
2	9	\N	\N	3	0	0	0	0	\N
3	7	1	\N	1	0	0	0	0	\N
3	7	2	\N	1	0	0	0	0	\N
3	7	3	\N	1	0	0	0	0	\N
3	7	4	\N	1	0	0	0	0	\N
3	8	1	\N	1	0	0	0	0	\N
3	8	2	\N	1	0	0	0	0	\N
3	8	3	\N	1	0	0	0	0	\N
3	8	4	\N	1	0	0	0	0	\N
3	9	1	\N	1	0	0	0	0	\N
3	9	2	\N	1	0	0	0	0	\N
3	9	3	\N	1	0	0	0	0	\N
3	9	4	\N	1	0	0	0	0	\N
3	7	\N	Other 2	2	0	0	0	0	\N
3	7	\N	Other 3	2	0	0	0	0	\N
3	8	\N	Other 1	2	0	0	0	0	\N
3	8	\N	Other 2	2	0	0	0	0	\N
3	8	\N	Other 3	2	0	0	0	0	\N
3	8	\N	Other 4	2	0	0	0	0	\N
3	9	\N	Other 2	2	0	0	0	0	\N
3	9	\N	Other 3	2	0	0	0	0	\N
3	9	\N	Other 4	2	0	0	0	0	\N
3	9	\N	Other 5	2	0	0	0	0	\N
3	7	\N	\N	3	0	0	0	0	\N
3	8	\N	\N	3	0	0	0	0	\N
3	9	\N	\N	3	0	0	0	0	\N
\.


--
-- Data for Name: planting_seasons; Type: TABLE DATA; Schema: tracking; Owner: -
--

COPY tracking.planting_seasons (id, planting_site_id, start_date, start_time, end_date, end_time, is_active) FROM stdin;
\.


--
-- Data for Name: planting_site_histories; Type: TABLE DATA; Schema: tracking; Owner: -
--

COPY tracking.planting_site_histories (id, planting_site_id, created_by, created_time, boundary, grid_origin, exclusion, area_ha) FROM stdin;
1	1	1	2024-03-06 18:56:18.746285+00	0106000020E6100000010000000103000000010000000A0000009AA10A279D5E52C02623D2801A2E3540B0A2E4BF7E5E52C01720C558172F35400D257257055E52C0E83555C52230354051849A399B5D52C03437BAEA1E303540ADEFC023285D52C000AB47E68B2F35405D68E789F35C52C075DDE42FF62D3540893021FA325D52C01631D195552C3540525064146B5E52C025E929772C2C354069731F55925E52C0C5C49FB6642C35409AA10A279D5E52C02623D2801A2E3540	0101000020E61000009AA10A279D5E52C025E929772C2C3540	0106000020E6100000140000000103000000010000004F000000883021FA325D52C01E31D195552C354013982916395D52C0CF5E68C46A2C354079FC35FF3F5D52C0A5A3E28A842C354039BBDD50445D52C0A1D2268AA12C3540969AB179465D52C07E526589BE2C354040401611495D52C0523638FAE12C3540E6E57AA84B5D52C023D334400A2D3540B7382DF44C5D52C011DBC0E9302D3540A6A422FA4F5D52C0394F72685C2D35400384F622525D52C0292C8C67792D35407A7C0D06565D52C0C68C5FADA12D35402422729D585D52C0CEA2A373BB2D3540FDF95CA95E5D52C0276D72ABDB2D35401A98D823655D52C04167E538F22D35403736549E6B5D52C0E8AD7E9B0D2E354083811DCD705D52C088014DC5252E35401793776A765D52C0326217EF3D2E35401B18B02A7B5D52C0B264678A5C2E35404D4A369F7E5D52C082ECDB096B2E35408901F5D3865D52C0A14CE6DD8C2E3540AA9F704E8D5D52C0336401A4A62E3540F2EA397D925D52C0B70AD0BFB62E3540057AE3BDA05D52C004D50E3EE22E35401184543EAA5D52C0680A1B04FC2E3540A195AEDBAF5D52C0D9D340BC0D2F3540F565B0CAB95D52C0C410E6C8322F3540B7A990DCC25D52C09B7A84F24A2F35404BBBEA79C85D52C0ABA1E171592F3540B5A42F23D45D52C0D3AB9770762F354033227FC6DC5D52C01DDF0DC5892F354058453301E85D52C03567E0B59E2F354097812AF6F45D52C08E502A18BA2F3540BCA4DE30005E52C09E9CB241D22F3540F25B9D65085E52C02FB8BEF9E32F3540FAE0D5250D5E52C0BEF99407EC2F3540A1D09BCD145E52C03AF7D5B600303540ED679216105E52C0D3A388190B3035406D54B4480C5E52C09A54E286FA2F3540EED664A5035E52C0BEF99407EC2F3540FCE536DFFB5D52C055D5894FDA2F3540230E4CD3F55D52C021AB976CCD2F3540A590FC2FED5D52C0252D6DDFB62F35409A868BAFE35D52C089A95B27A52F35405ECFCC7ADB5D52C035EF05A8962F354028180E46D35D52C0FD8EF0EF842F3540F2604F11CB5D52C0180FD937732F35404436B2B9C35D52C0756FBF7F612F3540F8EAE88ABE5D52C099126300532F354006FABAC4B65D52C096E725733C2F3540E95B3F4AB05D52C07DFA25902F2F3540F76A1184A85D52C0A3FBA33B1C2F35404A40742CA15D52C03EEFFD11042F35402DA2F8B19A5D52C04B21F34BEA2E354054CA0DA6945D52C0FC1368F7D62E35404B45D5E58F5D52C06721FE77C82E354000FA0BB78A5D52C0C1D4ABEAB12E354070E8B119855D52C021403E6BA32E3540DBD6577C7F5D52C089EEA916902E35404AC5FDDE795D52C061084F89792E3540B7B3A341745D52C02C142CC35F2E35403EBB8C5E705D52C0D65E2CD24A2E3540C3C2757B6C5D52C00646010C312E354033B11BDE665D52C040CA34E2182E35401613A063605D52C05434B8620A2E3540820146C65A5D52C05B582CF2E62D354036B67C97555D52C0A6C053C8CE2D354090101800535D52C0CEA2A373BB2D354000FFBD624D5D52C0B0A37B83892D35408406A77F495D52C04BF39A4B692D35401193C85C4A5D52C06ADF4D77472D3540969AB179465D52C0964296F81B2D354039BBDD50445D52C0DB7E3724FA2C3540DBDB0928425D52C08AAE0425DD2C354079FC35FF3F5D52C027A230B4B92C354047CAAF8A3C5D52C09FF089189B2C354013982916395D52C0579BB1C3872C35403BC03E0A335D52C0835075E07A2C35400E8333D02E5D52C0A687F1ED702C3540883021FA325D52C01E31D195552C35400103000000010000000B000000F0FA48EC595E52C0073835051C2E3540B4215CCF585E52C0AD090C8A1C2E35402AF3343A595E52C0F25092C5192E354059F8ECB0595E52C01E61EF85172E3540B0025D9E5A5E52C0CA059472152E3540F145640E5C5E52C02867A906132E354098F029965D5E52C02843A0E90F2E3540D3C916B35E5E52C0115D06C7102E35402FF385D15D5E52C0CF2DBDED142E3540AAE35D6D5C5E52C0B5FD36B2172E3540F0FA48EC595E52C0073835051C2E35400103000000010000000A00000053DCA3DA4C5E52C0336B9498692E35406A6423944D5E52C03191A1916C2E35403525B0A64D5E52C0AD741FBB6E2E3540D4A6C9CB4D5E52C013F58B3E722E354004E63CB94D5E52C0B7182807762E3540229D30ED4C5E52C0C741B7D6762E3540CF117EE94B5E52C052C30968742E354060CFD7B14B5E52C058802CB4712E3540A1D20AFC4B5E52C01C4ED1D66C2E354053DCA3DA4C5E52C0336B9498692E3540010300000001000000090000002AEB5951335E52C0FC0E3450CB2D354083BB1361345E52C056066413C22D3540B0A3F0E8345E52C056066413C22D3540922E179E355E52C0F0544EBCC22D3540325C8780365E52C0EAA23865C32D3540ECFED0AD365E52C075845FFEC92D3540BF16F425365E52C0599CB145CF2D3540B0A3F0E8345E52C0599CB145CF2D35402AEB5951335E52C0FC0E3450CB2D35400103000000010000001700000071F933B2255E52C0751B816A222F354018297AA2245E52C065953AE1152F3540C7C9EDC1265E52C0F263973D132F3540D93CF1FE275E52C05E3180E6132F35404280AE4B2A5E52C0B1C6C5EB112F3540E2AD1E2E2B5E52C0CFDC50F60D2F354051F3B1882B5E52C072250AAF082F35404BF1DB7A2D5E52C091B4062BFA2E354095BFBF7C305E52C037BDA54AEE2E3540A732C3B9315E52C0B5E6A208E72E354083BB1361345E52C04CDB15BCE32E35405F446408375E52C0E2E5B95FE62E35405F446408375E52C004A26045F02E3540BF16F425365E52C06D57D63AF42E3540C1A79C04315E52C01888D87CFB2E3540B33499C72F5E52C0F73DC367032F35403FEF056D2F5E52C01C8322480F2F3540130729E52E5E52C005D480281B2F3540C33845E32B5E52C0A4D223502C2F354067F75DA4275E52C01BEB0B3B342F3540D1CBC3CF245E52C03F993AE9322F354009B67665235E52C06C3FAF9C2F2F354071F933B2255E52C0751B816A222F35400103000000010000000F0000005C7F3F1A225E52C011E1B27E3F2D3540AB0AF21D235E52C0B16A8C8C392D3540A5DB7DA3245E52C02F9C4DA13A2D3540F66630A7255E52C07337CB77382D35403999D76B245E52C0DFA4F669342D354069D84A59245E52C073BCCF772E2D3540A0AC0929265E52C0332A4D4E2C2D35402B3BEF76275E52C08A6A9F322E2D3540BCC9D4C4285E52C0A5187993362D3540D151547E295E52C0F74F1D5C3A2D3540551C7A6F2A5E52C0772B35A8412D3540F5CC070F295E52C050651CAF482D354092B9D551275E52C0CF1FEC69482D3540F66630A7255E52C04B4E5B9A472D35405C7F3F1A225E52C011E1B27E3F2D35400103000000010000000A0000001F43DEE92D5E52C016F07C39492D3540EF036BFC2D5E52C0A64DF6BC422D3540B1D1C3372F5E52C0D0BC9532422D354062DB5C16305E52C0BB4300103D2D354017E5F5F4305E52C0F74F1D5C3A2D3540AB379B9F325E52C049626F403C2D35407AF827B2325E52C0A64DF6BC422D354050E8283F315E52C05935AD7E492D354073CE90ED2E5E52C0DCD1CE1D4B2D35401F43DEE92D5E52C016F07C39492D35400103000000010000000A0000008EC966303D5E52C01A9D6F1A182D3540D5B6624D3D5E52C010497F80102D3540E36B52C13D5E52C0C72E346F0B2D3540926519573F5E52C0C04ACDF1052D35407497EC95405E52C0FB908EE6082D3540814CDC09415E52C094862C3C0F2D354034AAF078405E52C0C80C54AE172D3540144011913F5E52C00F8D5FB41F2D35408EC966303D5E52C0B22E83531C2D35408EC966303D5E52C01A9D6F1A182D354001030000000100000009000000AC6E3481675E52C0162B1DDC152D35400C41C49E665E52C04F781206062D35400C41C49E665E52C04FD8E26CFF2C35405B0FA8A0695E52C0A3AAF7C3FE2C35407DF5AE1A6C5E52C0BC878F10022D3540440BFC846D5E52C0F3CC419F0C2D3540500DD2926B5E52C001949FD1192D3540BBE137BE685E52C0DDCA4B751C2D3540AC6E3481675E52C0162B1DDC152D354001030000000100000007000000419ACE556A5E52C026AFA003C82D35408EF95A36685E52C0793C0DB7C42D3540BBE137BE685E52C0C0668FC1C02D3540FB3C18836A5E52C07B202723BC2D3540C25265ED6B5E52C0DC7511CCBC2D35405F80D5CF6C5E52C025C4BA6FBF2D3540419ACE556A5E52C026AFA003C82D3540010300000001000000080000002AB69DE9655E52C0D6D24492D22D3540958A0315635E52C0AFD313CFDB2D35402D4746C8605E52C060F6D7DED52D35402D4746C8605E52C0EE587040D12D3540C874B6AA615E52C021531EF9CB2D3540214570BA625E52C026CA49A7CA2D3540B7700A8F655E52C0EE587040D12D35402AB69DE9655E52C0D6D24492D22D354001030000000100000008000000BE72E09C635E52C08D1B6828BA2D3540552F2350615E52C037CA3C7ABB2D354073A4FC9A605E52C037CA3C7ABB2D35407AA6D2A85E5E52C0DA4215E1B42D35407AA6D2A85E5E52C055C46B3DB22D35400ED26C7D615E52C0AF3B2E4DAC2D354007D0966F635E52C07C9DAC42B02D3540BE72E09C635E52C08D1B6828BA2D354001030000000100000008000000E358E716665E52C005435C10A32D35404E2D4D42635E52C04EE89C15A12D3540214570BA625E52C0A386DD1A9F2D3540214570BA625E52C05733747C9A2D3540DCE7B9E7625E52C0DFAE603A932D3540A3FD0652645E52C002334BE3932D3540E358E716665E52C05733747C9A2D3540E358E716665E52C005435C10A32D3540010300000001000000090000006B33CF6B5D5E52C07FB6358C942D3540F8ED3B115D5E52C05A1E1E209D2D3540CB055F895C5E52C0955C87BEA12D3540D60735975A5E52C06F263162A42D35409AAC54D2585E52C04EE89C15A12D3540534F9EFF585E52C03B3CCAD8972D35408FAA7EC45A5E52C0DFAE603A932D3540F8ED3B115D5E52C0022A7691922D35406B33CF6B5D5E52C07FB6358C942D3540010300000001000000590000001CE51A5EEA5D52C0DAA0646C3D2C35400E92C21CEA5D52C0040E7627502C35408D753C8FE95D52C096898F9E5F2C35408D753C8FE95D52C0DB184A45752C35401D04DB52EC5D52C0BD0B7FAC822C35407B2FDB20F25D52C00578832B932C35401A699E35F85D52C055B5B592A02C3540B669552FFD5D52C073C8C609B02C3540546A0C29025E52C0A93DD680BF2C3540A423F4C0055E52C0843BA317D32C3540FADCDB58095E52C083D7871DF52C35403AEB9E9F095E52C0C7BB4DB4082D35405CDC245F045E52C08F41BD72212D3540BEA2614AFE5D52C01B5204CA2C2D3540FA125593F15D52C0781B7A92252D35400E92C21CEA5D52C01D0AB8FB112D354085D76C91DC5D52C09160F364FE2C35409E56DA1AD55D52C0504ED274002D35400A2A6C59C55D52C0EA9F6423172D354026E2E5FDBE5D52C09FF8AFF1312D354087A822E9B85D52C01B7F5C07562D3540297D221BB35D52C0791D8BDD712D3540830A53EBAB5D52C06F04C6AB8C2D35409050B459A35D52C0867416FB962D354019DCBF3C8D5D52C03C4E8654812D3540E1A1452E825D52C0F5137D6E632D3540FD59BFD27B5D52C0BD943929392D3540544CB385805D52C06352751B162D3540F985769A865D52C07E6B1455FC2C3540E1A1452E825D52C0739B0067DD2C3540268451AD775D52C031BB5641B72C3540BBE638A96F5D52C04EA7245B992C3540AA3B14586C5D52C0FAA6BD8C7E2C354021E681AF6A5D52C0C01C80A6602C35403DFA3090695D52C06B4BBA644E2C3540376A989E6C5D52C04143A5FD4D2C3540F9BBEFD46E5D52C0B372C6056D2C3540C11F45C4705D52C0ED5240CC862C3540CE915DFA725D52C070E4633B952C3540E6758E66775D52C0376946CAA72C35407E7645607C5D52C0FCB14649B82C3540544CB385805D52C0A32345C8C82C3540B13EA738855D52C0334EF06EDE2C3540B877B353865D52C060FD7DA6E52C354001F88ED0885D52C061C2C17C012D354079A2FC27875D52C051460BD40C2D354022B00875825D52C06E06CE6A202D354086AF517B7D5D52C060715B19372D3540DA683913815D52C03DBE4B98472D3540EA135E64845D52C08F5A4B0F572D3540C822D8A4895D52C05E8D159E692D35405EEA82838D5D52C0791D8BDD712D3540F3B12D62915D52C0ED9A1115792D354054163A4B985D52C03C4E8654812D3540733377D29D5D52C0A97B4074852D3540D45E77A0A35D52C0CA8BFA93892D3540A5FBD8AAA65D52C0CA8BFA93892D3540F6B4C042AA5D52C038BE974C802D3540CA51224DAD5D52C03515BFC56E2D3540A2609C8DB25D52C022FFA0E7512D3540806F16CEB75D52C0BDB017393B2D3540D528FE65BB5D52C01B5204CA2C2D35402D1BF218C05D52C06CC321431B2D354003F15F3EC45D52C068A4FADB0D2D3540611C600CCA5D52C04FD8E26CFF2C35408DABB5C9D15D52C04AC1A80DF32C3540237360A8D55D52C04AC1A80DF32C35405874CE9BDF5D52C04AC1A80DF32C3540B79FCE69E55D52C0D9ED453DF92C3540DCF5170CEC5D52C0B3139094042D3540F3D94878F05D52C0EC5AD9EB0F2D35400ABE79E4F45D52C0A2EB532B182D354021A2AA50F95D52C099C9DE621F2D35407D949E03FE5D52C06E06CE6A202D3540CE4D869B015E52C059354333192D354097B1DB8A035E52C0BA842CC40A2D35405CDC245F045E52C0E46E3545FA2C3540DCBF9ED1035E52C0BD1E2CCEEA2C35408706B739005E52C069BE4147D92C3540364DCFA1FC5D52C0B0D024D8CA2C35401A699E35F85D52C0E9992659BA2C3540BC3D9E67F25D52C028CCB611B12C354016CBCE37EB5D52C00E3F66BAA52C3540F1748595E45D52C0F2175443962C35408B1079ACDD5D52C0F25C9E9C802C3540B201FF6BD85D52C09DF5D5FD6B2C35409E56DA1AD55D52C04DF0EB6E592C354065BF3287D25D52C0C5A27490402C35401CE51A5EEA5D52C0DAA0646C3D2C35400103000000010000000C0000007F1978A7435D52C0866C0B347E2E3540F83E806D435D52C0EA17D41C712E3540C30674C4435D52C0DAC5696C6F2E3540C30674C4435D52C0FFB12A5B6A2E35406183B033495D52C00E1910EF692E354008C887554A5D52C0B6ABEE88712E3540E9F95A944B5D52C0CD2E7DDE772E3540FAAE4A084C5D52C05BC4146D822E3540C0DA8B384A5D52C03A19918F8C2E3540A9384703455D52C06F1727DF8A2E35407F1978A7435D52C06EF4E8CD852E35407F1978A7435D52C0866C0B347E2E35400103000000010000000D00000078B8E398855D52C037BB655D472F3540FD01230F825D52C03A4D4E06482F3540E38C49C4825D52C08F0D96C93E2F3540D88A73B6845D52C039E0C535362F354054413440885D52C000E3DD4A2E2F3540859A3EF78B5D52C00D9352BC232F35400051FF808F5D52C0FF48AFD6192F354008C22CB0925D52C0F263973D132F3540E04A7D57955D52C018CA5138152F35403F1D0D75945D52C0E2A0AF18212F35402D39DC08905D52C01D213BA72B2F3540859A3EF78B5D52C0F639DD8C352F354078B8E398855D52C037BB655D472F35400103000000010000000E0000001306CF2A7E5D52C09D191BDC572F3540427F5491795D52C080075C65642F354093DEE071775D52C096ED11A26D2F3540538300AD755D52C00C1ECB9C6F2F3540DDCC3F23725D52C0DEC9253B742F3540AFE4629B715D52C03DA96C40722F35404F12D37D725D52C0AF8629F96C2F354071F8D9F7745D52C098B0A26A622F3540C6C89307765D52C06983767A5C2F3540BCC6BDF9775D52C02B194A8A562F354051F257CE7A5D52C0BC4C7BF64D2F35402C7BA8757D5D52C059DE36AF482F354095BE65C27F5D52C07C8DF0A94A2F35401306CF2A7E5D52C09D191BDC572F35400103000000010000000D000000B2750B7A6C5D52C037AA6882792F3540CBEAE4C46B5D52C09B3E1DBF822F354062A72778695D52C045E247AF882F35408C1ED7D0665D52C0F848729F8E2F3540F7F23CFC635D52C080729C8F942F35404E549FEA5F5D52C04B2667239D2F35400486BBE85C5D52C05E0EF06FA02F35409140288E5C5D52C04B2667239D2F3540A82459FA605D52C06E461343912F3540AC958629645D52C045E247AF882F35405F36FA48665D52C08D26D6B9842F354062A72778695D52C0D4B2DA777D2F3540B2750B7A6C5D52C037AA6882792F35400103000000010000000D0000005B0F4B404F5D52C0914600DDBD2F35400F474B124C5D52C044D424CDB92F3540C5DBFEB14D5D52C0857672FEAA2F35400137DF764F5D52C0B6801960A62F35404092BF3B515D52C0FD65C0C1A12F3540B84880C5545D52C0698537759E2F3540071764C7575D52C04B2667239D2F3540168A6704595D52C029564FCC9D2F3540CF2CB131595D52C0C1CAE9B1A72F354094D1D06C575D52C0B2965AA7AB2F3540E5305D4D555D52C08847CB9CAF2F3540EB32335B535D52C017DD3B92B32F35405B0F4B404F5D52C0914600DDBD2F3540	358.1
2	2	1	2025-05-29 18:45:59.772576+00	0106000020E61000000100000001030000000100000005000000D0381DA8C3484340889607A5E6662F4004177F2C4C4A4340C837B10F44432F40B81F8361AB564340F815919EAA592F400038BABB2B514340F83E6571B5722F40D0381DA8C3484340889607A5E6662F40	0101000020E6100000D0381DA8C3484340C837B10F44432F40	\N	6788.4
3	3	1	2025-05-29 18:47:48.579314+00	0106000020E6100000010000000103000000010000000500000084021CDBBE374340E0B4497C6D742F40D4F9485E6F3643409002C09245472F40C83EA43D20414340301B61F209502F405C1AD258783B434020F4AE18F6632F4084021CDBBE374340E0B4497C6D742F40	0101000020E6100000D4F9485E6F3643409002C09245472F40	\N	4091.0
\.


--
-- Data for Name: planting_site_notifications; Type: TABLE DATA; Schema: tracking; Owner: -
--

COPY tracking.planting_site_notifications (id, planting_site_id, notification_type_id, notification_number, sent_time) FROM stdin;
1	1	23	1	2024-03-06 18:59:51.272857+00
2	1	23	2	2024-06-11 22:00:00.182883+00
3	1	24	2	2025-05-13 20:45:12.95997+00
4	2	23	1	2025-06-16 21:46:26.60773+00
5	3	23	1	2025-06-16 21:46:26.648404+00
6	2	19	1	2025-06-16 21:46:26.654357+00
7	2	24	2	2025-11-05 17:26:50.346788+00
8	3	24	2	2025-11-05 17:26:51.240847+00
9	2	23	2	2025-11-05 17:26:51.246581+00
10	3	23	2	2025-11-05 17:26:51.255475+00
\.


--
-- Data for Name: planting_site_populations; Type: TABLE DATA; Schema: tracking; Owner: -
--

COPY tracking.planting_site_populations (planting_site_id, species_id, total_plants, plants_since_last_observation) FROM stdin;
2	3	100	100
3	3	100	0
\.


--
-- Data for Name: planting_sites; Type: TABLE DATA; Schema: tracking; Owner: -
--

COPY tracking.planting_sites (id, organization_id, name, description, boundary, created_by, created_time, modified_by, modified_time, time_zone, area_ha, project_id, exclusion, grid_origin, country_code, survival_rate_includes_temp_plots) FROM stdin;
1	1	Planting Site	\N	0106000020E6100000010000000103000000010000000A0000009AA10A279D5E52C02623D2801A2E3540B0A2E4BF7E5E52C01720C558172F35400D257257055E52C0E83555C52230354051849A399B5D52C03437BAEA1E303540ADEFC023285D52C000AB47E68B2F35405D68E789F35C52C075DDE42FF62D3540893021FA325D52C01631D195552C3540525064146B5E52C025E929772C2C354069731F55925E52C0C5C49FB6642C35409AA10A279D5E52C02623D2801A2E3540	1	2024-03-06 18:56:18.746285+00	1	2024-03-06 18:56:18.746285+00	\N	374.1	\N	0106000020E6100000140000000103000000010000004F000000883021FA325D52C01E31D195552C354013982916395D52C0CF5E68C46A2C354079FC35FF3F5D52C0A5A3E28A842C354039BBDD50445D52C0A1D2268AA12C3540969AB179465D52C07E526589BE2C354040401611495D52C0523638FAE12C3540E6E57AA84B5D52C023D334400A2D3540B7382DF44C5D52C011DBC0E9302D3540A6A422FA4F5D52C0394F72685C2D35400384F622525D52C0292C8C67792D35407A7C0D06565D52C0C68C5FADA12D35402422729D585D52C0CEA2A373BB2D3540FDF95CA95E5D52C0276D72ABDB2D35401A98D823655D52C04167E538F22D35403736549E6B5D52C0E8AD7E9B0D2E354083811DCD705D52C088014DC5252E35401793776A765D52C0326217EF3D2E35401B18B02A7B5D52C0B264678A5C2E35404D4A369F7E5D52C082ECDB096B2E35408901F5D3865D52C0A14CE6DD8C2E3540AA9F704E8D5D52C0336401A4A62E3540F2EA397D925D52C0B70AD0BFB62E3540057AE3BDA05D52C004D50E3EE22E35401184543EAA5D52C0680A1B04FC2E3540A195AEDBAF5D52C0D9D340BC0D2F3540F565B0CAB95D52C0C410E6C8322F3540B7A990DCC25D52C09B7A84F24A2F35404BBBEA79C85D52C0ABA1E171592F3540B5A42F23D45D52C0D3AB9770762F354033227FC6DC5D52C01DDF0DC5892F354058453301E85D52C03567E0B59E2F354097812AF6F45D52C08E502A18BA2F3540BCA4DE30005E52C09E9CB241D22F3540F25B9D65085E52C02FB8BEF9E32F3540FAE0D5250D5E52C0BEF99407EC2F3540A1D09BCD145E52C03AF7D5B600303540ED679216105E52C0D3A388190B3035406D54B4480C5E52C09A54E286FA2F3540EED664A5035E52C0BEF99407EC2F3540FCE536DFFB5D52C055D5894FDA2F3540230E4CD3F55D52C021AB976CCD2F3540A590FC2FED5D52C0252D6DDFB62F35409A868BAFE35D52C089A95B27A52F35405ECFCC7ADB5D52C035EF05A8962F354028180E46D35D52C0FD8EF0EF842F3540F2604F11CB5D52C0180FD937732F35404436B2B9C35D52C0756FBF7F612F3540F8EAE88ABE5D52C099126300532F354006FABAC4B65D52C096E725733C2F3540E95B3F4AB05D52C07DFA25902F2F3540F76A1184A85D52C0A3FBA33B1C2F35404A40742CA15D52C03EEFFD11042F35402DA2F8B19A5D52C04B21F34BEA2E354054CA0DA6945D52C0FC1368F7D62E35404B45D5E58F5D52C06721FE77C82E354000FA0BB78A5D52C0C1D4ABEAB12E354070E8B119855D52C021403E6BA32E3540DBD6577C7F5D52C089EEA916902E35404AC5FDDE795D52C061084F89792E3540B7B3A341745D52C02C142CC35F2E35403EBB8C5E705D52C0D65E2CD24A2E3540C3C2757B6C5D52C00646010C312E354033B11BDE665D52C040CA34E2182E35401613A063605D52C05434B8620A2E3540820146C65A5D52C05B582CF2E62D354036B67C97555D52C0A6C053C8CE2D354090101800535D52C0CEA2A373BB2D354000FFBD624D5D52C0B0A37B83892D35408406A77F495D52C04BF39A4B692D35401193C85C4A5D52C06ADF4D77472D3540969AB179465D52C0964296F81B2D354039BBDD50445D52C0DB7E3724FA2C3540DBDB0928425D52C08AAE0425DD2C354079FC35FF3F5D52C027A230B4B92C354047CAAF8A3C5D52C09FF089189B2C354013982916395D52C0579BB1C3872C35403BC03E0A335D52C0835075E07A2C35400E8333D02E5D52C0A687F1ED702C3540883021FA325D52C01E31D195552C35400103000000010000000B000000F0FA48EC595E52C0073835051C2E3540B4215CCF585E52C0AD090C8A1C2E35402AF3343A595E52C0F25092C5192E354059F8ECB0595E52C01E61EF85172E3540B0025D9E5A5E52C0CA059472152E3540F145640E5C5E52C02867A906132E354098F029965D5E52C02843A0E90F2E3540D3C916B35E5E52C0115D06C7102E35402FF385D15D5E52C0CF2DBDED142E3540AAE35D6D5C5E52C0B5FD36B2172E3540F0FA48EC595E52C0073835051C2E35400103000000010000000A00000053DCA3DA4C5E52C0336B9498692E35406A6423944D5E52C03191A1916C2E35403525B0A64D5E52C0AD741FBB6E2E3540D4A6C9CB4D5E52C013F58B3E722E354004E63CB94D5E52C0B7182807762E3540229D30ED4C5E52C0C741B7D6762E3540CF117EE94B5E52C052C30968742E354060CFD7B14B5E52C058802CB4712E3540A1D20AFC4B5E52C01C4ED1D66C2E354053DCA3DA4C5E52C0336B9498692E3540010300000001000000090000002AEB5951335E52C0FC0E3450CB2D354083BB1361345E52C056066413C22D3540B0A3F0E8345E52C056066413C22D3540922E179E355E52C0F0544EBCC22D3540325C8780365E52C0EAA23865C32D3540ECFED0AD365E52C075845FFEC92D3540BF16F425365E52C0599CB145CF2D3540B0A3F0E8345E52C0599CB145CF2D35402AEB5951335E52C0FC0E3450CB2D35400103000000010000001700000071F933B2255E52C0751B816A222F354018297AA2245E52C065953AE1152F3540C7C9EDC1265E52C0F263973D132F3540D93CF1FE275E52C05E3180E6132F35404280AE4B2A5E52C0B1C6C5EB112F3540E2AD1E2E2B5E52C0CFDC50F60D2F354051F3B1882B5E52C072250AAF082F35404BF1DB7A2D5E52C091B4062BFA2E354095BFBF7C305E52C037BDA54AEE2E3540A732C3B9315E52C0B5E6A208E72E354083BB1361345E52C04CDB15BCE32E35405F446408375E52C0E2E5B95FE62E35405F446408375E52C004A26045F02E3540BF16F425365E52C06D57D63AF42E3540C1A79C04315E52C01888D87CFB2E3540B33499C72F5E52C0F73DC367032F35403FEF056D2F5E52C01C8322480F2F3540130729E52E5E52C005D480281B2F3540C33845E32B5E52C0A4D223502C2F354067F75DA4275E52C01BEB0B3B342F3540D1CBC3CF245E52C03F993AE9322F354009B67665235E52C06C3FAF9C2F2F354071F933B2255E52C0751B816A222F35400103000000010000000F0000005C7F3F1A225E52C011E1B27E3F2D3540AB0AF21D235E52C0B16A8C8C392D3540A5DB7DA3245E52C02F9C4DA13A2D3540F66630A7255E52C07337CB77382D35403999D76B245E52C0DFA4F669342D354069D84A59245E52C073BCCF772E2D3540A0AC0929265E52C0332A4D4E2C2D35402B3BEF76275E52C08A6A9F322E2D3540BCC9D4C4285E52C0A5187993362D3540D151547E295E52C0F74F1D5C3A2D3540551C7A6F2A5E52C0772B35A8412D3540F5CC070F295E52C050651CAF482D354092B9D551275E52C0CF1FEC69482D3540F66630A7255E52C04B4E5B9A472D35405C7F3F1A225E52C011E1B27E3F2D35400103000000010000000A0000001F43DEE92D5E52C016F07C39492D3540EF036BFC2D5E52C0A64DF6BC422D3540B1D1C3372F5E52C0D0BC9532422D354062DB5C16305E52C0BB4300103D2D354017E5F5F4305E52C0F74F1D5C3A2D3540AB379B9F325E52C049626F403C2D35407AF827B2325E52C0A64DF6BC422D354050E8283F315E52C05935AD7E492D354073CE90ED2E5E52C0DCD1CE1D4B2D35401F43DEE92D5E52C016F07C39492D35400103000000010000000A0000008EC966303D5E52C01A9D6F1A182D3540D5B6624D3D5E52C010497F80102D3540E36B52C13D5E52C0C72E346F0B2D3540926519573F5E52C0C04ACDF1052D35407497EC95405E52C0FB908EE6082D3540814CDC09415E52C094862C3C0F2D354034AAF078405E52C0C80C54AE172D3540144011913F5E52C00F8D5FB41F2D35408EC966303D5E52C0B22E83531C2D35408EC966303D5E52C01A9D6F1A182D354001030000000100000009000000AC6E3481675E52C0162B1DDC152D35400C41C49E665E52C04F781206062D35400C41C49E665E52C04FD8E26CFF2C35405B0FA8A0695E52C0A3AAF7C3FE2C35407DF5AE1A6C5E52C0BC878F10022D3540440BFC846D5E52C0F3CC419F0C2D3540500DD2926B5E52C001949FD1192D3540BBE137BE685E52C0DDCA4B751C2D3540AC6E3481675E52C0162B1DDC152D354001030000000100000007000000419ACE556A5E52C026AFA003C82D35408EF95A36685E52C0793C0DB7C42D3540BBE137BE685E52C0C0668FC1C02D3540FB3C18836A5E52C07B202723BC2D3540C25265ED6B5E52C0DC7511CCBC2D35405F80D5CF6C5E52C025C4BA6FBF2D3540419ACE556A5E52C026AFA003C82D3540010300000001000000080000002AB69DE9655E52C0D6D24492D22D3540958A0315635E52C0AFD313CFDB2D35402D4746C8605E52C060F6D7DED52D35402D4746C8605E52C0EE587040D12D3540C874B6AA615E52C021531EF9CB2D3540214570BA625E52C026CA49A7CA2D3540B7700A8F655E52C0EE587040D12D35402AB69DE9655E52C0D6D24492D22D354001030000000100000008000000BE72E09C635E52C08D1B6828BA2D3540552F2350615E52C037CA3C7ABB2D354073A4FC9A605E52C037CA3C7ABB2D35407AA6D2A85E5E52C0DA4215E1B42D35407AA6D2A85E5E52C055C46B3DB22D35400ED26C7D615E52C0AF3B2E4DAC2D354007D0966F635E52C07C9DAC42B02D3540BE72E09C635E52C08D1B6828BA2D354001030000000100000008000000E358E716665E52C005435C10A32D35404E2D4D42635E52C04EE89C15A12D3540214570BA625E52C0A386DD1A9F2D3540214570BA625E52C05733747C9A2D3540DCE7B9E7625E52C0DFAE603A932D3540A3FD0652645E52C002334BE3932D3540E358E716665E52C05733747C9A2D3540E358E716665E52C005435C10A32D3540010300000001000000090000006B33CF6B5D5E52C07FB6358C942D3540F8ED3B115D5E52C05A1E1E209D2D3540CB055F895C5E52C0955C87BEA12D3540D60735975A5E52C06F263162A42D35409AAC54D2585E52C04EE89C15A12D3540534F9EFF585E52C03B3CCAD8972D35408FAA7EC45A5E52C0DFAE603A932D3540F8ED3B115D5E52C0022A7691922D35406B33CF6B5D5E52C07FB6358C942D3540010300000001000000590000001CE51A5EEA5D52C0DAA0646C3D2C35400E92C21CEA5D52C0040E7627502C35408D753C8FE95D52C096898F9E5F2C35408D753C8FE95D52C0DB184A45752C35401D04DB52EC5D52C0BD0B7FAC822C35407B2FDB20F25D52C00578832B932C35401A699E35F85D52C055B5B592A02C3540B669552FFD5D52C073C8C609B02C3540546A0C29025E52C0A93DD680BF2C3540A423F4C0055E52C0843BA317D32C3540FADCDB58095E52C083D7871DF52C35403AEB9E9F095E52C0C7BB4DB4082D35405CDC245F045E52C08F41BD72212D3540BEA2614AFE5D52C01B5204CA2C2D3540FA125593F15D52C0781B7A92252D35400E92C21CEA5D52C01D0AB8FB112D354085D76C91DC5D52C09160F364FE2C35409E56DA1AD55D52C0504ED274002D35400A2A6C59C55D52C0EA9F6423172D354026E2E5FDBE5D52C09FF8AFF1312D354087A822E9B85D52C01B7F5C07562D3540297D221BB35D52C0791D8BDD712D3540830A53EBAB5D52C06F04C6AB8C2D35409050B459A35D52C0867416FB962D354019DCBF3C8D5D52C03C4E8654812D3540E1A1452E825D52C0F5137D6E632D3540FD59BFD27B5D52C0BD943929392D3540544CB385805D52C06352751B162D3540F985769A865D52C07E6B1455FC2C3540E1A1452E825D52C0739B0067DD2C3540268451AD775D52C031BB5641B72C3540BBE638A96F5D52C04EA7245B992C3540AA3B14586C5D52C0FAA6BD8C7E2C354021E681AF6A5D52C0C01C80A6602C35403DFA3090695D52C06B4BBA644E2C3540376A989E6C5D52C04143A5FD4D2C3540F9BBEFD46E5D52C0B372C6056D2C3540C11F45C4705D52C0ED5240CC862C3540CE915DFA725D52C070E4633B952C3540E6758E66775D52C0376946CAA72C35407E7645607C5D52C0FCB14649B82C3540544CB385805D52C0A32345C8C82C3540B13EA738855D52C0334EF06EDE2C3540B877B353865D52C060FD7DA6E52C354001F88ED0885D52C061C2C17C012D354079A2FC27875D52C051460BD40C2D354022B00875825D52C06E06CE6A202D354086AF517B7D5D52C060715B19372D3540DA683913815D52C03DBE4B98472D3540EA135E64845D52C08F5A4B0F572D3540C822D8A4895D52C05E8D159E692D35405EEA82838D5D52C0791D8BDD712D3540F3B12D62915D52C0ED9A1115792D354054163A4B985D52C03C4E8654812D3540733377D29D5D52C0A97B4074852D3540D45E77A0A35D52C0CA8BFA93892D3540A5FBD8AAA65D52C0CA8BFA93892D3540F6B4C042AA5D52C038BE974C802D3540CA51224DAD5D52C03515BFC56E2D3540A2609C8DB25D52C022FFA0E7512D3540806F16CEB75D52C0BDB017393B2D3540D528FE65BB5D52C01B5204CA2C2D35402D1BF218C05D52C06CC321431B2D354003F15F3EC45D52C068A4FADB0D2D3540611C600CCA5D52C04FD8E26CFF2C35408DABB5C9D15D52C04AC1A80DF32C3540237360A8D55D52C04AC1A80DF32C35405874CE9BDF5D52C04AC1A80DF32C3540B79FCE69E55D52C0D9ED453DF92C3540DCF5170CEC5D52C0B3139094042D3540F3D94878F05D52C0EC5AD9EB0F2D35400ABE79E4F45D52C0A2EB532B182D354021A2AA50F95D52C099C9DE621F2D35407D949E03FE5D52C06E06CE6A202D3540CE4D869B015E52C059354333192D354097B1DB8A035E52C0BA842CC40A2D35405CDC245F045E52C0E46E3545FA2C3540DCBF9ED1035E52C0BD1E2CCEEA2C35408706B739005E52C069BE4147D92C3540364DCFA1FC5D52C0B0D024D8CA2C35401A699E35F85D52C0E9992659BA2C3540BC3D9E67F25D52C028CCB611B12C354016CBCE37EB5D52C00E3F66BAA52C3540F1748595E45D52C0F2175443962C35408B1079ACDD5D52C0F25C9E9C802C3540B201FF6BD85D52C09DF5D5FD6B2C35409E56DA1AD55D52C04DF0EB6E592C354065BF3287D25D52C0C5A27490402C35401CE51A5EEA5D52C0DAA0646C3D2C35400103000000010000000C0000007F1978A7435D52C0866C0B347E2E3540F83E806D435D52C0EA17D41C712E3540C30674C4435D52C0DAC5696C6F2E3540C30674C4435D52C0FFB12A5B6A2E35406183B033495D52C00E1910EF692E354008C887554A5D52C0B6ABEE88712E3540E9F95A944B5D52C0CD2E7DDE772E3540FAAE4A084C5D52C05BC4146D822E3540C0DA8B384A5D52C03A19918F8C2E3540A9384703455D52C06F1727DF8A2E35407F1978A7435D52C06EF4E8CD852E35407F1978A7435D52C0866C0B347E2E35400103000000010000000D00000078B8E398855D52C037BB655D472F3540FD01230F825D52C03A4D4E06482F3540E38C49C4825D52C08F0D96C93E2F3540D88A73B6845D52C039E0C535362F354054413440885D52C000E3DD4A2E2F3540859A3EF78B5D52C00D9352BC232F35400051FF808F5D52C0FF48AFD6192F354008C22CB0925D52C0F263973D132F3540E04A7D57955D52C018CA5138152F35403F1D0D75945D52C0E2A0AF18212F35402D39DC08905D52C01D213BA72B2F3540859A3EF78B5D52C0F639DD8C352F354078B8E398855D52C037BB655D472F35400103000000010000000E0000001306CF2A7E5D52C09D191BDC572F3540427F5491795D52C080075C65642F354093DEE071775D52C096ED11A26D2F3540538300AD755D52C00C1ECB9C6F2F3540DDCC3F23725D52C0DEC9253B742F3540AFE4629B715D52C03DA96C40722F35404F12D37D725D52C0AF8629F96C2F354071F8D9F7745D52C098B0A26A622F3540C6C89307765D52C06983767A5C2F3540BCC6BDF9775D52C02B194A8A562F354051F257CE7A5D52C0BC4C7BF64D2F35402C7BA8757D5D52C059DE36AF482F354095BE65C27F5D52C07C8DF0A94A2F35401306CF2A7E5D52C09D191BDC572F35400103000000010000000D000000B2750B7A6C5D52C037AA6882792F3540CBEAE4C46B5D52C09B3E1DBF822F354062A72778695D52C045E247AF882F35408C1ED7D0665D52C0F848729F8E2F3540F7F23CFC635D52C080729C8F942F35404E549FEA5F5D52C04B2667239D2F35400486BBE85C5D52C05E0EF06FA02F35409140288E5C5D52C04B2667239D2F3540A82459FA605D52C06E461343912F3540AC958629645D52C045E247AF882F35405F36FA48665D52C08D26D6B9842F354062A72778695D52C0D4B2DA777D2F3540B2750B7A6C5D52C037AA6882792F35400103000000010000000D0000005B0F4B404F5D52C0914600DDBD2F35400F474B124C5D52C044D424CDB92F3540C5DBFEB14D5D52C0857672FEAA2F35400137DF764F5D52C0B6801960A62F35404092BF3B515D52C0FD65C0C1A12F3540B84880C5545D52C0698537759E2F3540071764C7575D52C04B2667239D2F3540168A6704595D52C029564FCC9D2F3540CF2CB131595D52C0C1CAE9B1A72F354094D1D06C575D52C0B2965AA7AB2F3540E5305D4D555D52C08847CB9CAF2F3540EB32335B535D52C017DD3B92B32F35405B0F4B404F5D52C0914600DDBD2F3540	0101000020E61000009AA10A279D5E52C025E929772C2C3540	\N	f
2	1	PS1	\N	0106000020E61000000100000001030000000100000005000000D0381DA8C3484340889607A5E6662F4004177F2C4C4A4340C837B10F44432F40B81F8361AB564340F815919EAA592F400038BABB2B514340F83E6571B5722F40D0381DA8C3484340889607A5E6662F40	1	2025-05-29 18:45:59.772576+00	1	2025-05-29 20:34:23.36261+00	\N	6788.4	3	\N	0101000020E6100000D0381DA8C3484340C837B10F44432F40	ER	f
3	1	PS2	\N	0106000020E6100000010000000103000000010000000500000084021CDBBE374340E0B4497C6D742F40D4F9485E6F3643409002C09245472F40C83EA43D20414340301B61F209502F405C1AD258783B434020F4AE18F6632F4084021CDBBE374340E0B4497C6D742F40	1	2025-05-29 18:47:48.579314+00	1	2025-05-29 20:34:32.772807+00	\N	4091.0	3	\N	0101000020E6100000D4F9485E6F3643409002C09245472F40	ER	f
\.


--
-- Data for Name: planting_types; Type: TABLE DATA; Schema: tracking; Owner: -
--

COPY tracking.planting_types (id, name) FROM stdin;
1	Delivery
2	Reassignment From
3	Reassignment To
4	Undo
\.


--
-- Data for Name: plantings; Type: TABLE DATA; Schema: tracking; Owner: -
--

COPY tracking.plantings (id, delivery_id, planting_type_id, planting_site_id, substratum_id, species_id, created_by, created_time, num_plants, notes) FROM stdin;
1	1	1	2	5	3	1	2025-05-29 18:49:06.017294+00	100	\N
2	2	1	3	7	3	1	2025-05-29 18:49:17.969801+00	100	\N
\.


--
-- Data for Name: plot_t0_densities; Type: TABLE DATA; Schema: tracking; Owner: -
--

COPY tracking.plot_t0_densities (monitoring_plot_id, species_id, plot_density, created_time, modified_time, created_by, modified_by) FROM stdin;
\.


--
-- Data for Name: plot_t0_observations; Type: TABLE DATA; Schema: tracking; Owner: -
--

COPY tracking.plot_t0_observations (monitoring_plot_id, observation_id, created_time, modified_time, created_by, modified_by) FROM stdin;
\.


--
-- Data for Name: recorded_plant_statuses; Type: TABLE DATA; Schema: tracking; Owner: -
--

COPY tracking.recorded_plant_statuses (id, name) FROM stdin;
1	Live
2	Dead
3	Existing
\.


--
-- Data for Name: recorded_plants; Type: TABLE DATA; Schema: tracking; Owner: -
--

COPY tracking.recorded_plants (id, observation_id, monitoring_plot_id, certainty_id, gps_coordinates, species_id, species_name, status_id) FROM stdin;
1	1	5162	1	0101000020E6100000000000000000F03F0000000000000040	4	\N	1
2	1	5162	1	0101000020E6100000000000000000F03F0000000000000040	2	\N	1
3	1	5162	1	0101000020E6100000000000000000F03F0000000000000040	2	\N	1
4	1	5162	1	0101000020E6100000000000000000F03F0000000000000040	3	\N	1
5	1	5162	1	0101000020E6100000000000000000F03F0000000000000040	3	\N	1
6	1	5162	1	0101000020E6100000000000000000F03F0000000000000040	1	\N	1
7	1	5162	1	0101000020E6100000000000000000F03F0000000000000040	4	\N	1
8	1	5162	1	0101000020E6100000000000000000F03F0000000000000040	2	\N	1
9	1	5162	2	0101000020E6100000000000000000F03F0000000000000040	\N	Other 3	1
10	1	5162	1	0101000020E6100000000000000000F03F0000000000000040	1	\N	1
11	1	5162	1	0101000020E6100000000000000000F03F0000000000000040	2	\N	1
12	1	5162	2	0101000020E6100000000000000000F03F0000000000000040	\N	Other 1	1
13	1	5162	1	0101000020E6100000000000000000F03F0000000000000040	3	\N	1
14	1	5162	1	0101000020E6100000000000000000F03F0000000000000040	2	\N	3
15	1	5162	1	0101000020E6100000000000000000F03F0000000000000040	4	\N	1
16	1	5162	1	0101000020E6100000000000000000F03F0000000000000040	3	\N	1
17	1	5162	1	0101000020E6100000000000000000F03F0000000000000040	2	\N	2
18	1	5162	1	0101000020E6100000000000000000F03F0000000000000040	3	\N	1
19	1	5162	2	0101000020E6100000000000000000F03F0000000000000040	\N	Other 1	1
20	1	5162	1	0101000020E6100000000000000000F03F0000000000000040	1	\N	1
21	1	5162	1	0101000020E6100000000000000000F03F0000000000000040	3	\N	1
22	1	5162	1	0101000020E6100000000000000000F03F0000000000000040	3	\N	2
23	1	5162	1	0101000020E6100000000000000000F03F0000000000000040	4	\N	2
24	1	5162	1	0101000020E6100000000000000000F03F0000000000000040	2	\N	1
25	1	5162	1	0101000020E6100000000000000000F03F0000000000000040	4	\N	1
26	1	5162	1	0101000020E6100000000000000000F03F0000000000000040	3	\N	2
27	1	5162	1	0101000020E6100000000000000000F03F0000000000000040	4	\N	1
28	1	5162	1	0101000020E6100000000000000000F03F0000000000000040	3	\N	1
29	1	5162	1	0101000020E6100000000000000000F03F0000000000000040	4	\N	1
30	1	5162	1	0101000020E6100000000000000000F03F0000000000000040	3	\N	1
31	1	5162	1	0101000020E6100000000000000000F03F0000000000000040	1	\N	2
32	1	5162	1	0101000020E6100000000000000000F03F0000000000000040	4	\N	1
33	1	5162	1	0101000020E6100000000000000000F03F0000000000000040	3	\N	1
34	1	5162	1	0101000020E6100000000000000000F03F0000000000000040	3	\N	3
35	1	5162	1	0101000020E6100000000000000000F03F0000000000000040	1	\N	2
36	1	5162	1	0101000020E6100000000000000000F03F0000000000000040	1	\N	1
37	1	5162	1	0101000020E6100000000000000000F03F0000000000000040	2	\N	1
38	1	5162	1	0101000020E6100000000000000000F03F0000000000000040	2	\N	1
39	1	5162	1	0101000020E6100000000000000000F03F0000000000000040	1	\N	1
40	1	5162	1	0101000020E6100000000000000000F03F0000000000000040	4	\N	1
41	1	5162	1	0101000020E6100000000000000000F03F0000000000000040	2	\N	2
42	1	5162	1	0101000020E6100000000000000000F03F0000000000000040	4	\N	1
43	1	5162	1	0101000020E6100000000000000000F03F0000000000000040	2	\N	2
44	1	5162	3	0101000020E6100000000000000000F03F0000000000000040	\N	\N	1
45	1	5162	3	0101000020E6100000000000000000F03F0000000000000040	\N	\N	1
46	1	5162	1	0101000020E6100000000000000000F03F0000000000000040	3	\N	1
47	1	5162	1	0101000020E6100000000000000000F03F0000000000000040	1	\N	1
48	1	5162	1	0101000020E6100000000000000000F03F0000000000000040	2	\N	1
49	1	5162	1	0101000020E6100000000000000000F03F0000000000000040	4	\N	3
50	1	5162	3	0101000020E6100000000000000000F03F0000000000000040	\N	\N	1
51	1	5162	1	0101000020E6100000000000000000F03F0000000000000040	2	\N	1
52	1	5162	2	0101000020E6100000000000000000F03F0000000000000040	\N	Other 1	1
53	1	5162	1	0101000020E6100000000000000000F03F0000000000000040	3	\N	1
54	1	5162	1	0101000020E6100000000000000000F03F0000000000000040	3	\N	1
55	1	5162	1	0101000020E6100000000000000000F03F0000000000000040	2	\N	1
56	1	5162	3	0101000020E6100000000000000000F03F0000000000000040	\N	\N	1
57	1	5162	1	0101000020E6100000000000000000F03F0000000000000040	1	\N	1
58	1	5162	1	0101000020E6100000000000000000F03F0000000000000040	4	\N	1
59	1	5162	1	0101000020E6100000000000000000F03F0000000000000040	1	\N	1
60	1	5162	1	0101000020E6100000000000000000F03F0000000000000040	3	\N	1
61	1	5162	1	0101000020E6100000000000000000F03F0000000000000040	4	\N	1
62	1	5162	1	0101000020E6100000000000000000F03F0000000000000040	1	\N	1
63	1	5162	1	0101000020E6100000000000000000F03F0000000000000040	3	\N	3
64	1	5162	1	0101000020E6100000000000000000F03F0000000000000040	3	\N	1
65	1	5162	1	0101000020E6100000000000000000F03F0000000000000040	4	\N	1
66	1	5162	2	0101000020E6100000000000000000F03F0000000000000040	\N	Other 2	1
67	1	5162	1	0101000020E6100000000000000000F03F0000000000000040	1	\N	3
68	1	5162	1	0101000020E6100000000000000000F03F0000000000000040	4	\N	1
69	1	5162	3	0101000020E6100000000000000000F03F0000000000000040	\N	\N	1
70	1	5162	1	0101000020E6100000000000000000F03F0000000000000040	2	\N	1
71	1	5162	1	0101000020E6100000000000000000F03F0000000000000040	1	\N	1
72	1	5162	1	0101000020E6100000000000000000F03F0000000000000040	2	\N	1
73	1	5162	1	0101000020E6100000000000000000F03F0000000000000040	1	\N	3
74	1	5162	1	0101000020E6100000000000000000F03F0000000000000040	3	\N	2
75	1	5162	1	0101000020E6100000000000000000F03F0000000000000040	1	\N	1
76	1	5162	1	0101000020E6100000000000000000F03F0000000000000040	4	\N	1
77	1	5162	1	0101000020E6100000000000000000F03F0000000000000040	1	\N	2
78	1	5162	1	0101000020E6100000000000000000F03F0000000000000040	2	\N	1
79	1	5162	1	0101000020E6100000000000000000F03F0000000000000040	3	\N	3
80	1	5162	3	0101000020E6100000000000000000F03F0000000000000040	\N	\N	1
81	1	5162	1	0101000020E6100000000000000000F03F0000000000000040	4	\N	1
82	1	5162	1	0101000020E6100000000000000000F03F0000000000000040	2	\N	1
83	1	5162	1	0101000020E6100000000000000000F03F0000000000000040	1	\N	1
84	1	5162	1	0101000020E6100000000000000000F03F0000000000000040	1	\N	1
85	1	5162	1	0101000020E6100000000000000000F03F0000000000000040	2	\N	1
86	1	5163	1	0101000020E6100000000000000000F03F0000000000000040	4	\N	2
87	1	5163	1	0101000020E6100000000000000000F03F0000000000000040	1	\N	1
88	1	5163	1	0101000020E6100000000000000000F03F0000000000000040	3	\N	1
89	1	5163	1	0101000020E6100000000000000000F03F0000000000000040	3	\N	1
90	1	5163	1	0101000020E6100000000000000000F03F0000000000000040	1	\N	3
91	1	5163	1	0101000020E6100000000000000000F03F0000000000000040	3	\N	1
92	1	5163	1	0101000020E6100000000000000000F03F0000000000000040	3	\N	1
93	1	5163	1	0101000020E6100000000000000000F03F0000000000000040	3	\N	1
94	1	5163	2	0101000020E6100000000000000000F03F0000000000000040	\N	Other 2	1
95	1	5163	2	0101000020E6100000000000000000F03F0000000000000040	\N	Other 1	1
96	1	5163	1	0101000020E6100000000000000000F03F0000000000000040	3	\N	1
97	1	5163	1	0101000020E6100000000000000000F03F0000000000000040	4	\N	3
98	1	5163	1	0101000020E6100000000000000000F03F0000000000000040	3	\N	1
99	1	5163	1	0101000020E6100000000000000000F03F0000000000000040	1	\N	1
100	1	5163	1	0101000020E6100000000000000000F03F0000000000000040	2	\N	1
101	1	5163	1	0101000020E6100000000000000000F03F0000000000000040	4	\N	1
102	1	5163	1	0101000020E6100000000000000000F03F0000000000000040	1	\N	1
103	1	5163	1	0101000020E6100000000000000000F03F0000000000000040	3	\N	1
104	1	5163	1	0101000020E6100000000000000000F03F0000000000000040	3	\N	1
105	1	5163	1	0101000020E6100000000000000000F03F0000000000000040	2	\N	1
106	1	5163	1	0101000020E6100000000000000000F03F0000000000000040	4	\N	1
107	1	5163	1	0101000020E6100000000000000000F03F0000000000000040	1	\N	1
108	1	5163	1	0101000020E6100000000000000000F03F0000000000000040	4	\N	1
109	1	5163	1	0101000020E6100000000000000000F03F0000000000000040	1	\N	1
110	1	5163	1	0101000020E6100000000000000000F03F0000000000000040	1	\N	1
111	1	5163	3	0101000020E6100000000000000000F03F0000000000000040	\N	\N	1
112	1	5163	1	0101000020E6100000000000000000F03F0000000000000040	4	\N	1
113	1	5163	1	0101000020E6100000000000000000F03F0000000000000040	1	\N	1
114	1	5163	1	0101000020E6100000000000000000F03F0000000000000040	1	\N	1
115	1	5163	1	0101000020E6100000000000000000F03F0000000000000040	2	\N	1
116	1	5163	1	0101000020E6100000000000000000F03F0000000000000040	4	\N	1
117	1	5163	1	0101000020E6100000000000000000F03F0000000000000040	3	\N	2
118	1	5163	1	0101000020E6100000000000000000F03F0000000000000040	4	\N	1
119	1	5163	1	0101000020E6100000000000000000F03F0000000000000040	2	\N	1
120	1	5163	1	0101000020E6100000000000000000F03F0000000000000040	1	\N	1
121	1	5163	1	0101000020E6100000000000000000F03F0000000000000040	4	\N	1
122	1	5163	1	0101000020E6100000000000000000F03F0000000000000040	2	\N	1
123	1	5163	1	0101000020E6100000000000000000F03F0000000000000040	4	\N	1
124	1	5163	1	0101000020E6100000000000000000F03F0000000000000040	1	\N	1
125	1	5163	1	0101000020E6100000000000000000F03F0000000000000040	3	\N	1
126	1	5163	1	0101000020E6100000000000000000F03F0000000000000040	4	\N	1
127	1	5163	1	0101000020E6100000000000000000F03F0000000000000040	4	\N	1
128	1	5163	2	0101000020E6100000000000000000F03F0000000000000040	\N	Other 1	1
129	1	5163	1	0101000020E6100000000000000000F03F0000000000000040	3	\N	3
130	1	5163	1	0101000020E6100000000000000000F03F0000000000000040	4	\N	1
131	1	5163	1	0101000020E6100000000000000000F03F0000000000000040	1	\N	1
132	1	5163	1	0101000020E6100000000000000000F03F0000000000000040	2	\N	1
133	1	5163	1	0101000020E6100000000000000000F03F0000000000000040	3	\N	1
134	1	5163	1	0101000020E6100000000000000000F03F0000000000000040	2	\N	1
135	1	5163	1	0101000020E6100000000000000000F03F0000000000000040	1	\N	1
136	1	5163	1	0101000020E6100000000000000000F03F0000000000000040	4	\N	1
137	1	5163	1	0101000020E6100000000000000000F03F0000000000000040	3	\N	1
138	1	5163	1	0101000020E6100000000000000000F03F0000000000000040	4	\N	1
139	1	5163	1	0101000020E6100000000000000000F03F0000000000000040	1	\N	1
140	1	5163	1	0101000020E6100000000000000000F03F0000000000000040	3	\N	1
141	1	5163	1	0101000020E6100000000000000000F03F0000000000000040	2	\N	2
142	1	5163	1	0101000020E6100000000000000000F03F0000000000000040	2	\N	1
143	1	5163	1	0101000020E6100000000000000000F03F0000000000000040	4	\N	2
144	1	5163	1	0101000020E6100000000000000000F03F0000000000000040	4	\N	1
145	1	5163	2	0101000020E6100000000000000000F03F0000000000000040	\N	Other 2	1
146	1	5163	1	0101000020E6100000000000000000F03F0000000000000040	2	\N	1
147	1	5163	1	0101000020E6100000000000000000F03F0000000000000040	1	\N	1
148	1	5163	1	0101000020E6100000000000000000F03F0000000000000040	4	\N	1
149	1	5163	1	0101000020E6100000000000000000F03F0000000000000040	3	\N	1
150	1	5163	1	0101000020E6100000000000000000F03F0000000000000040	2	\N	1
151	1	5163	1	0101000020E6100000000000000000F03F0000000000000040	2	\N	1
152	1	5163	1	0101000020E6100000000000000000F03F0000000000000040	4	\N	1
153	1	5163	3	0101000020E6100000000000000000F03F0000000000000040	\N	\N	1
154	1	5163	1	0101000020E6100000000000000000F03F0000000000000040	2	\N	1
155	1	5163	1	0101000020E6100000000000000000F03F0000000000000040	2	\N	1
156	1	5163	3	0101000020E6100000000000000000F03F0000000000000040	\N	\N	1
157	1	5163	1	0101000020E6100000000000000000F03F0000000000000040	1	\N	1
158	1	5163	1	0101000020E6100000000000000000F03F0000000000000040	4	\N	1
159	1	5163	1	0101000020E6100000000000000000F03F0000000000000040	3	\N	1
160	1	5163	1	0101000020E6100000000000000000F03F0000000000000040	1	\N	1
161	1	5163	1	0101000020E6100000000000000000F03F0000000000000040	1	\N	1
162	1	5163	1	0101000020E6100000000000000000F03F0000000000000040	1	\N	1
163	1	5163	1	0101000020E6100000000000000000F03F0000000000000040	1	\N	1
164	1	5163	1	0101000020E6100000000000000000F03F0000000000000040	1	\N	1
165	1	5163	1	0101000020E6100000000000000000F03F0000000000000040	4	\N	1
166	1	5163	1	0101000020E6100000000000000000F03F0000000000000040	3	\N	1
167	1	5163	1	0101000020E6100000000000000000F03F0000000000000040	3	\N	1
168	1	5163	1	0101000020E6100000000000000000F03F0000000000000040	2	\N	1
169	1	5163	1	0101000020E6100000000000000000F03F0000000000000040	1	\N	1
170	1	5163	1	0101000020E6100000000000000000F03F0000000000000040	4	\N	1
171	1	5163	1	0101000020E6100000000000000000F03F0000000000000040	1	\N	1
172	1	5163	1	0101000020E6100000000000000000F03F0000000000000040	1	\N	1
173	1	5163	1	0101000020E6100000000000000000F03F0000000000000040	1	\N	1
174	1	5163	1	0101000020E6100000000000000000F03F0000000000000040	3	\N	3
175	1	5163	1	0101000020E6100000000000000000F03F0000000000000040	3	\N	3
176	1	5163	1	0101000020E6100000000000000000F03F0000000000000040	2	\N	1
177	1	5163	1	0101000020E6100000000000000000F03F0000000000000040	3	\N	3
178	1	5163	1	0101000020E6100000000000000000F03F0000000000000040	4	\N	3
179	1	5163	1	0101000020E6100000000000000000F03F0000000000000040	4	\N	1
180	1	5163	1	0101000020E6100000000000000000F03F0000000000000040	2	\N	1
181	1	5163	1	0101000020E6100000000000000000F03F0000000000000040	2	\N	1
182	1	5163	1	0101000020E6100000000000000000F03F0000000000000040	1	\N	1
183	1	5163	1	0101000020E6100000000000000000F03F0000000000000040	3	\N	1
184	1	5163	1	0101000020E6100000000000000000F03F0000000000000040	1	\N	3
185	1	5163	1	0101000020E6100000000000000000F03F0000000000000040	4	\N	1
186	1	5163	1	0101000020E6100000000000000000F03F0000000000000040	4	\N	3
187	1	5163	2	0101000020E6100000000000000000F03F0000000000000040	\N	Other 5	1
188	1	5163	1	0101000020E6100000000000000000F03F0000000000000040	4	\N	1
189	1	5163	1	0101000020E6100000000000000000F03F0000000000000040	1	\N	2
190	1	5163	1	0101000020E6100000000000000000F03F0000000000000040	4	\N	1
191	1	5163	1	0101000020E6100000000000000000F03F0000000000000040	4	\N	1
192	1	5163	1	0101000020E6100000000000000000F03F0000000000000040	4	\N	1
193	1	5163	1	0101000020E6100000000000000000F03F0000000000000040	4	\N	1
194	1	5163	1	0101000020E6100000000000000000F03F0000000000000040	4	\N	1
195	1	5163	1	0101000020E6100000000000000000F03F0000000000000040	3	\N	3
196	1	5163	1	0101000020E6100000000000000000F03F0000000000000040	2	\N	1
197	1	5163	1	0101000020E6100000000000000000F03F0000000000000040	2	\N	1
198	1	5163	1	0101000020E6100000000000000000F03F0000000000000040	2	\N	1
199	1	5163	1	0101000020E6100000000000000000F03F0000000000000040	3	\N	1
200	1	5163	1	0101000020E6100000000000000000F03F0000000000000040	1	\N	1
201	1	5163	1	0101000020E6100000000000000000F03F0000000000000040	4	\N	1
202	1	5164	1	0101000020E6100000000000000000F03F0000000000000040	2	\N	1
203	1	5164	1	0101000020E6100000000000000000F03F0000000000000040	3	\N	1
204	1	5164	3	0101000020E6100000000000000000F03F0000000000000040	\N	\N	1
205	1	5164	1	0101000020E6100000000000000000F03F0000000000000040	3	\N	2
206	1	5164	1	0101000020E6100000000000000000F03F0000000000000040	4	\N	1
207	1	5164	1	0101000020E6100000000000000000F03F0000000000000040	4	\N	1
208	1	5164	1	0101000020E6100000000000000000F03F0000000000000040	1	\N	1
209	1	5164	1	0101000020E6100000000000000000F03F0000000000000040	2	\N	1
210	1	5164	1	0101000020E6100000000000000000F03F0000000000000040	3	\N	3
211	1	5164	1	0101000020E6100000000000000000F03F0000000000000040	2	\N	2
212	1	5164	1	0101000020E6100000000000000000F03F0000000000000040	1	\N	1
213	1	5164	1	0101000020E6100000000000000000F03F0000000000000040	3	\N	3
214	1	5164	1	0101000020E6100000000000000000F03F0000000000000040	4	\N	1
215	1	5164	1	0101000020E6100000000000000000F03F0000000000000040	2	\N	1
216	1	5164	1	0101000020E6100000000000000000F03F0000000000000040	3	\N	1
217	1	5164	1	0101000020E6100000000000000000F03F0000000000000040	2	\N	3
218	1	5164	1	0101000020E6100000000000000000F03F0000000000000040	2	\N	1
219	1	5164	1	0101000020E6100000000000000000F03F0000000000000040	2	\N	3
220	1	5164	3	0101000020E6100000000000000000F03F0000000000000040	\N	\N	1
221	1	5164	1	0101000020E6100000000000000000F03F0000000000000040	3	\N	1
222	1	5164	1	0101000020E6100000000000000000F03F0000000000000040	1	\N	1
223	1	5164	1	0101000020E6100000000000000000F03F0000000000000040	3	\N	1
224	1	5164	1	0101000020E6100000000000000000F03F0000000000000040	2	\N	1
225	1	5164	1	0101000020E6100000000000000000F03F0000000000000040	2	\N	1
226	1	5164	1	0101000020E6100000000000000000F03F0000000000000040	1	\N	1
227	1	5164	1	0101000020E6100000000000000000F03F0000000000000040	1	\N	3
228	1	5164	1	0101000020E6100000000000000000F03F0000000000000040	3	\N	1
229	1	5164	1	0101000020E6100000000000000000F03F0000000000000040	2	\N	2
230	1	5164	1	0101000020E6100000000000000000F03F0000000000000040	4	\N	1
231	1	5164	1	0101000020E6100000000000000000F03F0000000000000040	3	\N	1
232	1	5164	1	0101000020E6100000000000000000F03F0000000000000040	4	\N	1
233	1	5164	2	0101000020E6100000000000000000F03F0000000000000040	\N	Other 2	2
234	1	5164	1	0101000020E6100000000000000000F03F0000000000000040	2	\N	1
235	1	5164	1	0101000020E6100000000000000000F03F0000000000000040	1	\N	1
236	1	5164	1	0101000020E6100000000000000000F03F0000000000000040	2	\N	1
237	1	5164	1	0101000020E6100000000000000000F03F0000000000000040	1	\N	1
238	1	5164	1	0101000020E6100000000000000000F03F0000000000000040	4	\N	1
239	1	5164	3	0101000020E6100000000000000000F03F0000000000000040	\N	\N	1
240	1	5164	2	0101000020E6100000000000000000F03F0000000000000040	\N	Other 3	1
241	1	5164	1	0101000020E6100000000000000000F03F0000000000000040	3	\N	1
242	1	5164	1	0101000020E6100000000000000000F03F0000000000000040	1	\N	1
243	1	5164	1	0101000020E6100000000000000000F03F0000000000000040	3	\N	1
244	1	5164	1	0101000020E6100000000000000000F03F0000000000000040	2	\N	1
245	1	5164	1	0101000020E6100000000000000000F03F0000000000000040	4	\N	3
246	1	5164	1	0101000020E6100000000000000000F03F0000000000000040	4	\N	1
247	1	5164	2	0101000020E6100000000000000000F03F0000000000000040	\N	Other 1	1
248	1	5164	1	0101000020E6100000000000000000F03F0000000000000040	3	\N	1
249	1	5164	1	0101000020E6100000000000000000F03F0000000000000040	2	\N	1
250	1	5164	1	0101000020E6100000000000000000F03F0000000000000040	1	\N	1
251	1	5164	1	0101000020E6100000000000000000F03F0000000000000040	3	\N	1
252	1	5164	1	0101000020E6100000000000000000F03F0000000000000040	3	\N	1
253	1	5164	1	0101000020E6100000000000000000F03F0000000000000040	4	\N	3
254	1	5164	1	0101000020E6100000000000000000F03F0000000000000040	3	\N	1
255	1	5164	1	0101000020E6100000000000000000F03F0000000000000040	3	\N	1
256	1	5165	1	0101000020E6100000000000000000F03F0000000000000040	2	\N	2
257	1	5165	1	0101000020E6100000000000000000F03F0000000000000040	1	\N	1
258	1	5165	1	0101000020E6100000000000000000F03F0000000000000040	3	\N	3
259	1	5165	1	0101000020E6100000000000000000F03F0000000000000040	3	\N	1
260	1	5165	1	0101000020E6100000000000000000F03F0000000000000040	1	\N	1
261	1	5165	1	0101000020E6100000000000000000F03F0000000000000040	4	\N	1
262	1	5165	1	0101000020E6100000000000000000F03F0000000000000040	1	\N	1
263	1	5165	1	0101000020E6100000000000000000F03F0000000000000040	3	\N	1
264	1	5165	1	0101000020E6100000000000000000F03F0000000000000040	2	\N	3
265	1	5165	1	0101000020E6100000000000000000F03F0000000000000040	1	\N	1
266	1	5165	1	0101000020E6100000000000000000F03F0000000000000040	1	\N	1
267	1	5165	1	0101000020E6100000000000000000F03F0000000000000040	3	\N	1
268	1	5165	1	0101000020E6100000000000000000F03F0000000000000040	1	\N	3
269	1	5165	1	0101000020E6100000000000000000F03F0000000000000040	2	\N	1
270	1	5165	1	0101000020E6100000000000000000F03F0000000000000040	2	\N	1
271	1	5165	1	0101000020E6100000000000000000F03F0000000000000040	4	\N	1
272	1	5165	1	0101000020E6100000000000000000F03F0000000000000040	3	\N	1
273	1	5165	1	0101000020E6100000000000000000F03F0000000000000040	4	\N	1
274	1	5165	1	0101000020E6100000000000000000F03F0000000000000040	4	\N	1
275	1	5165	1	0101000020E6100000000000000000F03F0000000000000040	3	\N	1
276	1	5165	1	0101000020E6100000000000000000F03F0000000000000040	3	\N	1
277	1	5165	1	0101000020E6100000000000000000F03F0000000000000040	4	\N	1
278	1	5165	1	0101000020E6100000000000000000F03F0000000000000040	2	\N	3
279	1	5165	1	0101000020E6100000000000000000F03F0000000000000040	1	\N	1
280	1	5165	3	0101000020E6100000000000000000F03F0000000000000040	\N	\N	1
281	1	5165	2	0101000020E6100000000000000000F03F0000000000000040	\N	Other 5	1
282	1	5165	1	0101000020E6100000000000000000F03F0000000000000040	4	\N	1
283	1	5165	1	0101000020E6100000000000000000F03F0000000000000040	4	\N	1
284	1	5165	1	0101000020E6100000000000000000F03F0000000000000040	1	\N	3
285	1	5165	1	0101000020E6100000000000000000F03F0000000000000040	2	\N	1
286	1	5165	1	0101000020E6100000000000000000F03F0000000000000040	1	\N	1
287	1	5165	1	0101000020E6100000000000000000F03F0000000000000040	3	\N	1
288	1	5165	1	0101000020E6100000000000000000F03F0000000000000040	1	\N	1
289	1	5165	1	0101000020E6100000000000000000F03F0000000000000040	2	\N	1
290	1	5165	1	0101000020E6100000000000000000F03F0000000000000040	1	\N	1
291	1	5165	1	0101000020E6100000000000000000F03F0000000000000040	3	\N	1
292	1	5165	1	0101000020E6100000000000000000F03F0000000000000040	1	\N	1
293	1	5165	1	0101000020E6100000000000000000F03F0000000000000040	3	\N	1
294	1	5165	1	0101000020E6100000000000000000F03F0000000000000040	1	\N	3
295	1	5165	1	0101000020E6100000000000000000F03F0000000000000040	1	\N	1
296	1	5165	1	0101000020E6100000000000000000F03F0000000000000040	2	\N	1
297	1	5165	1	0101000020E6100000000000000000F03F0000000000000040	3	\N	1
298	1	5165	1	0101000020E6100000000000000000F03F0000000000000040	1	\N	2
299	1	5165	3	0101000020E6100000000000000000F03F0000000000000040	\N	\N	1
300	1	5165	1	0101000020E6100000000000000000F03F0000000000000040	3	\N	1
301	1	5165	1	0101000020E6100000000000000000F03F0000000000000040	4	\N	1
302	1	5165	1	0101000020E6100000000000000000F03F0000000000000040	3	\N	1
303	1	5165	3	0101000020E6100000000000000000F03F0000000000000040	\N	\N	1
304	1	5165	1	0101000020E6100000000000000000F03F0000000000000040	3	\N	1
305	1	5165	1	0101000020E6100000000000000000F03F0000000000000040	2	\N	1
306	1	5165	1	0101000020E6100000000000000000F03F0000000000000040	2	\N	1
307	1	5165	1	0101000020E6100000000000000000F03F0000000000000040	1	\N	1
308	1	5165	1	0101000020E6100000000000000000F03F0000000000000040	2	\N	1
309	1	5165	1	0101000020E6100000000000000000F03F0000000000000040	1	\N	2
310	1	5165	1	0101000020E6100000000000000000F03F0000000000000040	2	\N	1
311	1	5165	1	0101000020E6100000000000000000F03F0000000000000040	2	\N	1
312	1	5165	1	0101000020E6100000000000000000F03F0000000000000040	4	\N	1
313	1	5165	1	0101000020E6100000000000000000F03F0000000000000040	2	\N	1
314	1	5165	3	0101000020E6100000000000000000F03F0000000000000040	\N	\N	1
315	1	5165	1	0101000020E6100000000000000000F03F0000000000000040	3	\N	1
316	1	5165	1	0101000020E6100000000000000000F03F0000000000000040	3	\N	1
317	1	5165	1	0101000020E6100000000000000000F03F0000000000000040	4	\N	1
318	1	5165	1	0101000020E6100000000000000000F03F0000000000000040	2	\N	1
319	1	5165	1	0101000020E6100000000000000000F03F0000000000000040	4	\N	1
320	1	5165	1	0101000020E6100000000000000000F03F0000000000000040	4	\N	1
321	1	5165	1	0101000020E6100000000000000000F03F0000000000000040	1	\N	3
322	1	5165	3	0101000020E6100000000000000000F03F0000000000000040	\N	\N	3
323	1	5165	1	0101000020E6100000000000000000F03F0000000000000040	3	\N	2
324	1	5165	1	0101000020E6100000000000000000F03F0000000000000040	3	\N	3
325	1	5165	1	0101000020E6100000000000000000F03F0000000000000040	1	\N	1
326	1	5165	1	0101000020E6100000000000000000F03F0000000000000040	4	\N	3
327	1	5165	1	0101000020E6100000000000000000F03F0000000000000040	2	\N	1
328	1	5165	1	0101000020E6100000000000000000F03F0000000000000040	2	\N	1
329	1	5165	1	0101000020E6100000000000000000F03F0000000000000040	2	\N	3
330	1	5165	1	0101000020E6100000000000000000F03F0000000000000040	1	\N	3
331	1	5165	1	0101000020E6100000000000000000F03F0000000000000040	4	\N	1
332	1	5165	1	0101000020E6100000000000000000F03F0000000000000040	1	\N	1
333	1	5165	1	0101000020E6100000000000000000F03F0000000000000040	1	\N	1
334	1	5165	1	0101000020E6100000000000000000F03F0000000000000040	1	\N	1
335	1	5165	1	0101000020E6100000000000000000F03F0000000000000040	1	\N	1
336	1	5165	3	0101000020E6100000000000000000F03F0000000000000040	\N	\N	2
337	1	5165	1	0101000020E6100000000000000000F03F0000000000000040	2	\N	1
338	1	5165	1	0101000020E6100000000000000000F03F0000000000000040	1	\N	1
339	1	5165	1	0101000020E6100000000000000000F03F0000000000000040	1	\N	1
340	1	5165	1	0101000020E6100000000000000000F03F0000000000000040	4	\N	3
341	1	5165	1	0101000020E6100000000000000000F03F0000000000000040	2	\N	1
342	1	5165	1	0101000020E6100000000000000000F03F0000000000000040	2	\N	1
343	1	5165	1	0101000020E6100000000000000000F03F0000000000000040	3	\N	1
344	1	5165	1	0101000020E6100000000000000000F03F0000000000000040	4	\N	1
345	1	5165	2	0101000020E6100000000000000000F03F0000000000000040	\N	Other 4	1
346	1	5165	1	0101000020E6100000000000000000F03F0000000000000040	2	\N	1
347	1	5165	1	0101000020E6100000000000000000F03F0000000000000040	3	\N	3
348	1	5165	1	0101000020E6100000000000000000F03F0000000000000040	2	\N	2
349	1	5165	1	0101000020E6100000000000000000F03F0000000000000040	2	\N	1
350	1	5165	1	0101000020E6100000000000000000F03F0000000000000040	1	\N	1
351	1	5165	2	0101000020E6100000000000000000F03F0000000000000040	\N	Other 2	1
352	1	5165	1	0101000020E6100000000000000000F03F0000000000000040	3	\N	2
353	1	5165	1	0101000020E6100000000000000000F03F0000000000000040	4	\N	1
354	1	5165	3	0101000020E6100000000000000000F03F0000000000000040	\N	\N	1
355	1	5165	1	0101000020E6100000000000000000F03F0000000000000040	2	\N	1
356	1	5165	1	0101000020E6100000000000000000F03F0000000000000040	2	\N	1
357	1	5165	1	0101000020E6100000000000000000F03F0000000000000040	1	\N	1
358	1	5165	1	0101000020E6100000000000000000F03F0000000000000040	2	\N	1
359	1	5165	1	0101000020E6100000000000000000F03F0000000000000040	3	\N	1
360	1	5165	1	0101000020E6100000000000000000F03F0000000000000040	2	\N	1
361	1	5165	1	0101000020E6100000000000000000F03F0000000000000040	2	\N	1
362	1	5165	1	0101000020E6100000000000000000F03F0000000000000040	3	\N	1
363	1	5165	1	0101000020E6100000000000000000F03F0000000000000040	3	\N	1
364	1	5165	1	0101000020E6100000000000000000F03F0000000000000040	3	\N	3
365	1	5165	1	0101000020E6100000000000000000F03F0000000000000040	3	\N	1
366	1	5165	1	0101000020E6100000000000000000F03F0000000000000040	3	\N	3
367	1	5165	3	0101000020E6100000000000000000F03F0000000000000040	\N	\N	3
368	1	5165	1	0101000020E6100000000000000000F03F0000000000000040	3	\N	1
369	1	5165	1	0101000020E6100000000000000000F03F0000000000000040	1	\N	1
370	1	5165	1	0101000020E6100000000000000000F03F0000000000000040	2	\N	2
371	1	5165	1	0101000020E6100000000000000000F03F0000000000000040	2	\N	1
372	1	5165	1	0101000020E6100000000000000000F03F0000000000000040	4	\N	1
373	1	5165	1	0101000020E6100000000000000000F03F0000000000000040	3	\N	1
374	1	5165	1	0101000020E6100000000000000000F03F0000000000000040	4	\N	1
375	1	5165	1	0101000020E6100000000000000000F03F0000000000000040	4	\N	1
376	1	5165	1	0101000020E6100000000000000000F03F0000000000000040	4	\N	1
377	1	5165	1	0101000020E6100000000000000000F03F0000000000000040	3	\N	1
378	1	5165	1	0101000020E6100000000000000000F03F0000000000000040	4	\N	1
379	1	5165	1	0101000020E6100000000000000000F03F0000000000000040	1	\N	1
380	1	5165	1	0101000020E6100000000000000000F03F0000000000000040	4	\N	2
381	1	5165	1	0101000020E6100000000000000000F03F0000000000000040	4	\N	1
382	1	5165	1	0101000020E6100000000000000000F03F0000000000000040	2	\N	1
383	1	5165	1	0101000020E6100000000000000000F03F0000000000000040	4	\N	3
384	1	5165	1	0101000020E6100000000000000000F03F0000000000000040	3	\N	1
385	1	5165	1	0101000020E6100000000000000000F03F0000000000000040	3	\N	2
386	1	5165	1	0101000020E6100000000000000000F03F0000000000000040	1	\N	1
387	1	5165	1	0101000020E6100000000000000000F03F0000000000000040	1	\N	1
388	1	5165	1	0101000020E6100000000000000000F03F0000000000000040	2	\N	1
389	1	5165	1	0101000020E6100000000000000000F03F0000000000000040	2	\N	2
390	1	5165	1	0101000020E6100000000000000000F03F0000000000000040	2	\N	1
391	1	5165	1	0101000020E6100000000000000000F03F0000000000000040	4	\N	1
392	1	5165	1	0101000020E6100000000000000000F03F0000000000000040	4	\N	1
393	1	5165	1	0101000020E6100000000000000000F03F0000000000000040	4	\N	3
394	1	5165	1	0101000020E6100000000000000000F03F0000000000000040	3	\N	1
395	1	5165	1	0101000020E6100000000000000000F03F0000000000000040	2	\N	1
396	1	5165	1	0101000020E6100000000000000000F03F0000000000000040	3	\N	2
397	1	5165	1	0101000020E6100000000000000000F03F0000000000000040	1	\N	1
398	1	5165	1	0101000020E6100000000000000000F03F0000000000000040	3	\N	1
399	1	5165	1	0101000020E6100000000000000000F03F0000000000000040	4	\N	3
400	1	5165	1	0101000020E6100000000000000000F03F0000000000000040	1	\N	1
401	1	5165	1	0101000020E6100000000000000000F03F0000000000000040	4	\N	1
402	1	5165	1	0101000020E6100000000000000000F03F0000000000000040	1	\N	1
403	1	5165	1	0101000020E6100000000000000000F03F0000000000000040	1	\N	1
404	1	5165	1	0101000020E6100000000000000000F03F0000000000000040	4	\N	3
405	1	5165	1	0101000020E6100000000000000000F03F0000000000000040	1	\N	1
406	1	5165	1	0101000020E6100000000000000000F03F0000000000000040	1	\N	2
407	1	5165	1	0101000020E6100000000000000000F03F0000000000000040	2	\N	1
408	1	5165	1	0101000020E6100000000000000000F03F0000000000000040	2	\N	1
409	1	5165	1	0101000020E6100000000000000000F03F0000000000000040	2	\N	1
410	1	5165	2	0101000020E6100000000000000000F03F0000000000000040	\N	Other 5	1
411	1	5165	1	0101000020E6100000000000000000F03F0000000000000040	3	\N	1
412	1	5165	1	0101000020E6100000000000000000F03F0000000000000040	1	\N	1
413	1	5165	1	0101000020E6100000000000000000F03F0000000000000040	1	\N	3
414	1	5165	1	0101000020E6100000000000000000F03F0000000000000040	4	\N	2
415	1	5165	2	0101000020E6100000000000000000F03F0000000000000040	\N	Other 1	1
416	1	5165	1	0101000020E6100000000000000000F03F0000000000000040	2	\N	1
417	1	5165	2	0101000020E6100000000000000000F03F0000000000000040	\N	Other 3	1
418	1	5165	1	0101000020E6100000000000000000F03F0000000000000040	2	\N	3
419	1	5165	1	0101000020E6100000000000000000F03F0000000000000040	2	\N	1
420	1	5165	1	0101000020E6100000000000000000F03F0000000000000040	2	\N	1
421	1	5165	1	0101000020E6100000000000000000F03F0000000000000040	4	\N	1
422	1	5165	1	0101000020E6100000000000000000F03F0000000000000040	2	\N	1
423	1	5165	1	0101000020E6100000000000000000F03F0000000000000040	4	\N	1
424	1	5165	1	0101000020E6100000000000000000F03F0000000000000040	2	\N	1
425	1	5165	1	0101000020E6100000000000000000F03F0000000000000040	2	\N	1
426	1	5165	1	0101000020E6100000000000000000F03F0000000000000040	2	\N	1
427	1	5165	1	0101000020E6100000000000000000F03F0000000000000040	1	\N	1
428	1	5165	1	0101000020E6100000000000000000F03F0000000000000040	1	\N	1
429	1	5165	1	0101000020E6100000000000000000F03F0000000000000040	2	\N	1
430	1	5165	1	0101000020E6100000000000000000F03F0000000000000040	2	\N	1
431	1	5165	1	0101000020E6100000000000000000F03F0000000000000040	2	\N	3
432	1	5165	1	0101000020E6100000000000000000F03F0000000000000040	1	\N	1
433	1	5165	1	0101000020E6100000000000000000F03F0000000000000040	2	\N	1
434	1	5165	1	0101000020E6100000000000000000F03F0000000000000040	4	\N	1
435	1	5165	1	0101000020E6100000000000000000F03F0000000000000040	3	\N	1
436	1	5165	1	0101000020E6100000000000000000F03F0000000000000040	4	\N	1
437	1	5165	2	0101000020E6100000000000000000F03F0000000000000040	\N	Other 5	1
438	1	5165	2	0101000020E6100000000000000000F03F0000000000000040	\N	Other 2	1
439	1	5165	1	0101000020E6100000000000000000F03F0000000000000040	4	\N	1
440	1	5165	1	0101000020E6100000000000000000F03F0000000000000040	2	\N	1
441	1	5165	1	0101000020E6100000000000000000F03F0000000000000040	3	\N	1
442	1	5165	1	0101000020E6100000000000000000F03F0000000000000040	4	\N	1
443	1	5165	1	0101000020E6100000000000000000F03F0000000000000040	4	\N	1
444	1	5165	2	0101000020E6100000000000000000F03F0000000000000040	\N	Other 4	1
445	1	5165	1	0101000020E6100000000000000000F03F0000000000000040	3	\N	1
446	1	5165	1	0101000020E6100000000000000000F03F0000000000000040	3	\N	1
447	1	5165	3	0101000020E6100000000000000000F03F0000000000000040	\N	\N	1
448	1	5165	3	0101000020E6100000000000000000F03F0000000000000040	\N	\N	1
449	1	5165	1	0101000020E6100000000000000000F03F0000000000000040	4	\N	1
450	1	5165	1	0101000020E6100000000000000000F03F0000000000000040	2	\N	1
451	1	5165	1	0101000020E6100000000000000000F03F0000000000000040	3	\N	1
452	1	5166	2	0101000020E6100000000000000000F03F0000000000000040	\N	Other 1	1
453	1	5166	1	0101000020E6100000000000000000F03F0000000000000040	4	\N	2
454	1	5166	1	0101000020E6100000000000000000F03F0000000000000040	3	\N	1
455	1	5166	1	0101000020E6100000000000000000F03F0000000000000040	4	\N	1
456	1	5166	1	0101000020E6100000000000000000F03F0000000000000040	4	\N	1
457	1	5166	1	0101000020E6100000000000000000F03F0000000000000040	4	\N	1
458	1	5166	1	0101000020E6100000000000000000F03F0000000000000040	4	\N	1
459	1	5166	1	0101000020E6100000000000000000F03F0000000000000040	4	\N	3
460	1	5166	1	0101000020E6100000000000000000F03F0000000000000040	4	\N	1
461	1	5166	1	0101000020E6100000000000000000F03F0000000000000040	4	\N	3
462	1	5166	1	0101000020E6100000000000000000F03F0000000000000040	4	\N	1
463	1	5166	1	0101000020E6100000000000000000F03F0000000000000040	2	\N	1
464	1	5166	1	0101000020E6100000000000000000F03F0000000000000040	3	\N	1
465	1	5166	1	0101000020E6100000000000000000F03F0000000000000040	3	\N	1
466	1	5166	1	0101000020E6100000000000000000F03F0000000000000040	3	\N	1
467	1	5166	1	0101000020E6100000000000000000F03F0000000000000040	1	\N	2
468	1	5166	1	0101000020E6100000000000000000F03F0000000000000040	3	\N	1
469	1	5166	1	0101000020E6100000000000000000F03F0000000000000040	4	\N	1
470	1	5166	1	0101000020E6100000000000000000F03F0000000000000040	2	\N	2
471	1	5166	1	0101000020E6100000000000000000F03F0000000000000040	1	\N	2
472	1	5166	1	0101000020E6100000000000000000F03F0000000000000040	3	\N	1
473	1	5166	1	0101000020E6100000000000000000F03F0000000000000040	3	\N	1
474	1	5166	1	0101000020E6100000000000000000F03F0000000000000040	3	\N	1
475	1	5166	2	0101000020E6100000000000000000F03F0000000000000040	\N	Other 1	1
476	1	5166	1	0101000020E6100000000000000000F03F0000000000000040	3	\N	1
477	1	5166	1	0101000020E6100000000000000000F03F0000000000000040	1	\N	1
478	1	5166	1	0101000020E6100000000000000000F03F0000000000000040	3	\N	1
479	1	5166	1	0101000020E6100000000000000000F03F0000000000000040	2	\N	1
480	1	5166	1	0101000020E6100000000000000000F03F0000000000000040	2	\N	2
481	1	5166	1	0101000020E6100000000000000000F03F0000000000000040	1	\N	1
482	1	5166	1	0101000020E6100000000000000000F03F0000000000000040	3	\N	1
483	1	5166	1	0101000020E6100000000000000000F03F0000000000000040	3	\N	1
484	1	5167	1	0101000020E6100000000000000000F03F0000000000000040	1	\N	1
485	1	5167	1	0101000020E6100000000000000000F03F0000000000000040	2	\N	1
486	1	5167	1	0101000020E6100000000000000000F03F0000000000000040	3	\N	3
487	1	5167	1	0101000020E6100000000000000000F03F0000000000000040	4	\N	1
488	1	5167	1	0101000020E6100000000000000000F03F0000000000000040	3	\N	3
489	1	5167	1	0101000020E6100000000000000000F03F0000000000000040	4	\N	1
490	1	5167	1	0101000020E6100000000000000000F03F0000000000000040	2	\N	1
491	1	5167	1	0101000020E6100000000000000000F03F0000000000000040	3	\N	1
492	1	5167	1	0101000020E6100000000000000000F03F0000000000000040	2	\N	1
493	1	5167	1	0101000020E6100000000000000000F03F0000000000000040	2	\N	1
494	1	5167	3	0101000020E6100000000000000000F03F0000000000000040	\N	\N	1
495	1	5167	1	0101000020E6100000000000000000F03F0000000000000040	2	\N	1
496	1	5167	1	0101000020E6100000000000000000F03F0000000000000040	1	\N	1
497	1	5167	1	0101000020E6100000000000000000F03F0000000000000040	3	\N	2
498	1	5167	2	0101000020E6100000000000000000F03F0000000000000040	\N	Other 1	1
499	1	5167	1	0101000020E6100000000000000000F03F0000000000000040	1	\N	1
500	1	5167	1	0101000020E6100000000000000000F03F0000000000000040	4	\N	1
501	1	5167	1	0101000020E6100000000000000000F03F0000000000000040	4	\N	1
502	1	5167	3	0101000020E6100000000000000000F03F0000000000000040	\N	\N	1
503	1	5167	1	0101000020E6100000000000000000F03F0000000000000040	4	\N	1
504	1	5167	1	0101000020E6100000000000000000F03F0000000000000040	4	\N	2
505	1	5167	1	0101000020E6100000000000000000F03F0000000000000040	4	\N	1
506	1	5167	1	0101000020E6100000000000000000F03F0000000000000040	1	\N	1
507	1	5167	1	0101000020E6100000000000000000F03F0000000000000040	2	\N	2
508	1	5167	1	0101000020E6100000000000000000F03F0000000000000040	2	\N	1
509	1	5167	1	0101000020E6100000000000000000F03F0000000000000040	4	\N	3
510	1	5167	2	0101000020E6100000000000000000F03F0000000000000040	\N	Other 4	1
511	1	5167	1	0101000020E6100000000000000000F03F0000000000000040	4	\N	1
512	1	5167	1	0101000020E6100000000000000000F03F0000000000000040	3	\N	1
513	1	5167	1	0101000020E6100000000000000000F03F0000000000000040	2	\N	1
514	1	5167	1	0101000020E6100000000000000000F03F0000000000000040	3	\N	1
515	1	5167	1	0101000020E6100000000000000000F03F0000000000000040	1	\N	1
516	1	5167	1	0101000020E6100000000000000000F03F0000000000000040	2	\N	1
517	1	5167	1	0101000020E6100000000000000000F03F0000000000000040	1	\N	1
518	1	5167	1	0101000020E6100000000000000000F03F0000000000000040	2	\N	1
519	1	5167	1	0101000020E6100000000000000000F03F0000000000000040	3	\N	1
520	1	5167	1	0101000020E6100000000000000000F03F0000000000000040	3	\N	2
521	1	5167	1	0101000020E6100000000000000000F03F0000000000000040	1	\N	1
522	1	5167	1	0101000020E6100000000000000000F03F0000000000000040	4	\N	1
523	1	5167	1	0101000020E6100000000000000000F03F0000000000000040	2	\N	1
524	1	5167	2	0101000020E6100000000000000000F03F0000000000000040	\N	Other 4	1
525	1	5167	1	0101000020E6100000000000000000F03F0000000000000040	4	\N	1
526	1	5167	1	0101000020E6100000000000000000F03F0000000000000040	1	\N	1
527	1	5167	3	0101000020E6100000000000000000F03F0000000000000040	\N	\N	2
528	1	5167	1	0101000020E6100000000000000000F03F0000000000000040	3	\N	1
529	1	5167	1	0101000020E6100000000000000000F03F0000000000000040	1	\N	1
530	1	5167	1	0101000020E6100000000000000000F03F0000000000000040	4	\N	1
531	1	5167	1	0101000020E6100000000000000000F03F0000000000000040	2	\N	1
532	1	5167	1	0101000020E6100000000000000000F03F0000000000000040	3	\N	1
533	1	5167	1	0101000020E6100000000000000000F03F0000000000000040	3	\N	1
534	1	5167	1	0101000020E6100000000000000000F03F0000000000000040	4	\N	1
535	1	5167	1	0101000020E6100000000000000000F03F0000000000000040	2	\N	1
536	1	5167	1	0101000020E6100000000000000000F03F0000000000000040	4	\N	1
537	1	5167	1	0101000020E6100000000000000000F03F0000000000000040	1	\N	2
538	1	5167	1	0101000020E6100000000000000000F03F0000000000000040	2	\N	1
539	1	5167	1	0101000020E6100000000000000000F03F0000000000000040	2	\N	1
540	1	5167	1	0101000020E6100000000000000000F03F0000000000000040	1	\N	1
541	1	5167	3	0101000020E6100000000000000000F03F0000000000000040	\N	\N	1
542	1	5167	1	0101000020E6100000000000000000F03F0000000000000040	2	\N	1
543	1	5167	1	0101000020E6100000000000000000F03F0000000000000040	1	\N	1
544	1	5167	1	0101000020E6100000000000000000F03F0000000000000040	1	\N	3
545	1	5167	1	0101000020E6100000000000000000F03F0000000000000040	3	\N	1
546	1	5167	1	0101000020E6100000000000000000F03F0000000000000040	2	\N	1
547	1	5167	1	0101000020E6100000000000000000F03F0000000000000040	4	\N	1
548	1	5167	1	0101000020E6100000000000000000F03F0000000000000040	2	\N	1
549	1	5167	1	0101000020E6100000000000000000F03F0000000000000040	2	\N	1
550	1	5167	3	0101000020E6100000000000000000F03F0000000000000040	\N	\N	1
551	1	5167	1	0101000020E6100000000000000000F03F0000000000000040	1	\N	1
552	1	5167	1	0101000020E6100000000000000000F03F0000000000000040	1	\N	1
553	1	5167	1	0101000020E6100000000000000000F03F0000000000000040	1	\N	3
554	1	5167	2	0101000020E6100000000000000000F03F0000000000000040	\N	Other 4	1
555	1	5167	1	0101000020E6100000000000000000F03F0000000000000040	3	\N	1
556	1	5167	1	0101000020E6100000000000000000F03F0000000000000040	2	\N	1
557	1	5167	1	0101000020E6100000000000000000F03F0000000000000040	3	\N	3
558	1	5167	1	0101000020E6100000000000000000F03F0000000000000040	3	\N	1
559	1	5167	2	0101000020E6100000000000000000F03F0000000000000040	\N	Other 5	3
560	1	5167	1	0101000020E6100000000000000000F03F0000000000000040	4	\N	3
561	1	5167	1	0101000020E6100000000000000000F03F0000000000000040	3	\N	1
562	1	5167	1	0101000020E6100000000000000000F03F0000000000000040	3	\N	1
563	1	5167	1	0101000020E6100000000000000000F03F0000000000000040	1	\N	3
564	1	5167	1	0101000020E6100000000000000000F03F0000000000000040	4	\N	2
565	1	5167	1	0101000020E6100000000000000000F03F0000000000000040	4	\N	1
566	1	5167	2	0101000020E6100000000000000000F03F0000000000000040	\N	Other 1	1
567	1	5167	2	0101000020E6100000000000000000F03F0000000000000040	\N	Other 2	1
568	1	5167	1	0101000020E6100000000000000000F03F0000000000000040	3	\N	1
569	1	5167	1	0101000020E6100000000000000000F03F0000000000000040	2	\N	1
570	1	5167	2	0101000020E6100000000000000000F03F0000000000000040	\N	Other 2	1
571	1	5167	1	0101000020E6100000000000000000F03F0000000000000040	2	\N	1
572	1	5167	1	0101000020E6100000000000000000F03F0000000000000040	1	\N	2
573	1	5167	1	0101000020E6100000000000000000F03F0000000000000040	2	\N	2
574	1	5167	1	0101000020E6100000000000000000F03F0000000000000040	3	\N	1
575	1	5167	2	0101000020E6100000000000000000F03F0000000000000040	\N	Other 3	1
576	1	5167	3	0101000020E6100000000000000000F03F0000000000000040	\N	\N	3
577	1	5167	1	0101000020E6100000000000000000F03F0000000000000040	1	\N	3
578	1	5167	1	0101000020E6100000000000000000F03F0000000000000040	2	\N	1
579	1	5167	1	0101000020E6100000000000000000F03F0000000000000040	2	\N	1
580	1	5167	3	0101000020E6100000000000000000F03F0000000000000040	\N	\N	1
581	1	5167	1	0101000020E6100000000000000000F03F0000000000000040	4	\N	1
582	1	5167	1	0101000020E6100000000000000000F03F0000000000000040	2	\N	1
583	1	5167	1	0101000020E6100000000000000000F03F0000000000000040	3	\N	1
584	1	5167	1	0101000020E6100000000000000000F03F0000000000000040	1	\N	1
585	1	5167	1	0101000020E6100000000000000000F03F0000000000000040	4	\N	2
586	1	5167	1	0101000020E6100000000000000000F03F0000000000000040	1	\N	1
587	1	5167	3	0101000020E6100000000000000000F03F0000000000000040	\N	\N	2
588	1	5167	1	0101000020E6100000000000000000F03F0000000000000040	3	\N	1
589	1	5167	1	0101000020E6100000000000000000F03F0000000000000040	1	\N	1
590	1	5167	3	0101000020E6100000000000000000F03F0000000000000040	\N	\N	2
591	1	5167	1	0101000020E6100000000000000000F03F0000000000000040	2	\N	1
592	1	5167	1	0101000020E6100000000000000000F03F0000000000000040	1	\N	1
593	1	5167	1	0101000020E6100000000000000000F03F0000000000000040	4	\N	1
594	1	5167	1	0101000020E6100000000000000000F03F0000000000000040	4	\N	2
595	1	5167	1	0101000020E6100000000000000000F03F0000000000000040	1	\N	1
596	1	5167	1	0101000020E6100000000000000000F03F0000000000000040	1	\N	1
597	1	5167	1	0101000020E6100000000000000000F03F0000000000000040	2	\N	1
598	1	5167	1	0101000020E6100000000000000000F03F0000000000000040	4	\N	2
599	1	5167	1	0101000020E6100000000000000000F03F0000000000000040	2	\N	1
600	1	5167	2	0101000020E6100000000000000000F03F0000000000000040	\N	Other 5	1
601	1	5167	1	0101000020E6100000000000000000F03F0000000000000040	1	\N	1
602	1	5167	1	0101000020E6100000000000000000F03F0000000000000040	3	\N	1
603	1	5167	1	0101000020E6100000000000000000F03F0000000000000040	4	\N	1
604	1	5167	1	0101000020E6100000000000000000F03F0000000000000040	4	\N	2
605	1	5167	1	0101000020E6100000000000000000F03F0000000000000040	4	\N	1
606	1	5167	1	0101000020E6100000000000000000F03F0000000000000040	4	\N	3
607	1	5167	1	0101000020E6100000000000000000F03F0000000000000040	1	\N	1
608	1	5167	1	0101000020E6100000000000000000F03F0000000000000040	4	\N	1
609	1	5167	1	0101000020E6100000000000000000F03F0000000000000040	1	\N	1
610	1	5167	1	0101000020E6100000000000000000F03F0000000000000040	4	\N	1
611	1	5167	1	0101000020E6100000000000000000F03F0000000000000040	4	\N	1
612	1	5167	1	0101000020E6100000000000000000F03F0000000000000040	4	\N	1
613	1	5167	1	0101000020E6100000000000000000F03F0000000000000040	4	\N	2
614	1	5167	1	0101000020E6100000000000000000F03F0000000000000040	3	\N	3
615	1	5167	1	0101000020E6100000000000000000F03F0000000000000040	3	\N	1
616	1	5167	1	0101000020E6100000000000000000F03F0000000000000040	4	\N	1
617	1	5167	1	0101000020E6100000000000000000F03F0000000000000040	4	\N	3
618	1	5167	1	0101000020E6100000000000000000F03F0000000000000040	1	\N	1
619	1	5167	1	0101000020E6100000000000000000F03F0000000000000040	2	\N	1
620	1	5167	1	0101000020E6100000000000000000F03F0000000000000040	1	\N	3
621	1	5167	1	0101000020E6100000000000000000F03F0000000000000040	1	\N	1
622	1	5167	1	0101000020E6100000000000000000F03F0000000000000040	2	\N	1
623	1	5167	1	0101000020E6100000000000000000F03F0000000000000040	3	\N	1
624	1	5167	1	0101000020E6100000000000000000F03F0000000000000040	3	\N	2
625	1	5167	1	0101000020E6100000000000000000F03F0000000000000040	1	\N	1
626	1	5167	1	0101000020E6100000000000000000F03F0000000000000040	1	\N	2
627	1	5167	1	0101000020E6100000000000000000F03F0000000000000040	4	\N	3
628	1	5167	1	0101000020E6100000000000000000F03F0000000000000040	4	\N	1
629	1	5167	1	0101000020E6100000000000000000F03F0000000000000040	4	\N	1
630	1	5167	1	0101000020E6100000000000000000F03F0000000000000040	2	\N	1
631	1	5167	1	0101000020E6100000000000000000F03F0000000000000040	4	\N	1
632	1	5167	1	0101000020E6100000000000000000F03F0000000000000040	4	\N	1
633	1	5167	1	0101000020E6100000000000000000F03F0000000000000040	3	\N	1
634	1	5167	1	0101000020E6100000000000000000F03F0000000000000040	4	\N	1
635	1	5167	1	0101000020E6100000000000000000F03F0000000000000040	1	\N	1
636	1	5167	1	0101000020E6100000000000000000F03F0000000000000040	2	\N	1
637	1	5167	1	0101000020E6100000000000000000F03F0000000000000040	2	\N	1
638	1	5167	1	0101000020E6100000000000000000F03F0000000000000040	2	\N	2
639	1	5167	1	0101000020E6100000000000000000F03F0000000000000040	1	\N	1
640	1	5167	1	0101000020E6100000000000000000F03F0000000000000040	4	\N	1
641	1	5167	1	0101000020E6100000000000000000F03F0000000000000040	3	\N	1
642	1	5167	1	0101000020E6100000000000000000F03F0000000000000040	2	\N	1
643	1	5167	1	0101000020E6100000000000000000F03F0000000000000040	4	\N	1
644	1	5167	3	0101000020E6100000000000000000F03F0000000000000040	\N	\N	1
645	1	5167	1	0101000020E6100000000000000000F03F0000000000000040	1	\N	1
646	1	5167	1	0101000020E6100000000000000000F03F0000000000000040	2	\N	1
647	1	5167	1	0101000020E6100000000000000000F03F0000000000000040	3	\N	1
648	1	5167	1	0101000020E6100000000000000000F03F0000000000000040	4	\N	1
649	1	5167	1	0101000020E6100000000000000000F03F0000000000000040	4	\N	1
650	1	5167	1	0101000020E6100000000000000000F03F0000000000000040	4	\N	1
651	1	5167	2	0101000020E6100000000000000000F03F0000000000000040	\N	Other 2	3
652	1	5167	1	0101000020E6100000000000000000F03F0000000000000040	4	\N	1
653	1	5167	1	0101000020E6100000000000000000F03F0000000000000040	4	\N	1
654	1	5167	3	0101000020E6100000000000000000F03F0000000000000040	\N	\N	1
655	1	5167	1	0101000020E6100000000000000000F03F0000000000000040	3	\N	1
656	1	5167	1	0101000020E6100000000000000000F03F0000000000000040	4	\N	2
657	1	5167	1	0101000020E6100000000000000000F03F0000000000000040	4	\N	1
658	1	5167	1	0101000020E6100000000000000000F03F0000000000000040	4	\N	1
659	1	5167	1	0101000020E6100000000000000000F03F0000000000000040	2	\N	2
660	1	5167	1	0101000020E6100000000000000000F03F0000000000000040	2	\N	1
661	1	5167	1	0101000020E6100000000000000000F03F0000000000000040	3	\N	1
662	1	5167	1	0101000020E6100000000000000000F03F0000000000000040	3	\N	1
663	1	5167	1	0101000020E6100000000000000000F03F0000000000000040	4	\N	3
664	1	5167	1	0101000020E6100000000000000000F03F0000000000000040	2	\N	1
665	1	5167	1	0101000020E6100000000000000000F03F0000000000000040	4	\N	1
666	1	5167	1	0101000020E6100000000000000000F03F0000000000000040	2	\N	1
667	1	5167	1	0101000020E6100000000000000000F03F0000000000000040	2	\N	1
668	1	5167	1	0101000020E6100000000000000000F03F0000000000000040	3	\N	1
669	1	5167	1	0101000020E6100000000000000000F03F0000000000000040	2	\N	1
670	1	5167	1	0101000020E6100000000000000000F03F0000000000000040	3	\N	1
671	1	5167	3	0101000020E6100000000000000000F03F0000000000000040	\N	\N	1
672	1	5167	1	0101000020E6100000000000000000F03F0000000000000040	4	\N	1
673	1	5167	1	0101000020E6100000000000000000F03F0000000000000040	3	\N	1
674	1	5167	1	0101000020E6100000000000000000F03F0000000000000040	4	\N	2
675	1	5167	1	0101000020E6100000000000000000F03F0000000000000040	1	\N	1
676	1	5168	1	0101000020E6100000000000000000F03F0000000000000040	2	\N	3
677	1	5168	1	0101000020E6100000000000000000F03F0000000000000040	1	\N	2
678	1	5168	2	0101000020E6100000000000000000F03F0000000000000040	\N	Other 2	1
679	1	5168	1	0101000020E6100000000000000000F03F0000000000000040	2	\N	1
680	1	5168	1	0101000020E6100000000000000000F03F0000000000000040	3	\N	1
681	1	5168	1	0101000020E6100000000000000000F03F0000000000000040	1	\N	1
682	1	5168	1	0101000020E6100000000000000000F03F0000000000000040	4	\N	2
683	1	5168	1	0101000020E6100000000000000000F03F0000000000000040	1	\N	1
684	1	5168	1	0101000020E6100000000000000000F03F0000000000000040	3	\N	1
685	1	5168	1	0101000020E6100000000000000000F03F0000000000000040	4	\N	3
686	1	5168	1	0101000020E6100000000000000000F03F0000000000000040	3	\N	2
687	1	5168	1	0101000020E6100000000000000000F03F0000000000000040	1	\N	1
688	1	5168	1	0101000020E6100000000000000000F03F0000000000000040	4	\N	1
689	1	5168	1	0101000020E6100000000000000000F03F0000000000000040	1	\N	1
690	1	5168	1	0101000020E6100000000000000000F03F0000000000000040	4	\N	1
691	1	5168	2	0101000020E6100000000000000000F03F0000000000000040	\N	Other 3	1
692	1	5168	1	0101000020E6100000000000000000F03F0000000000000040	4	\N	1
693	1	5168	1	0101000020E6100000000000000000F03F0000000000000040	2	\N	1
694	1	5168	1	0101000020E6100000000000000000F03F0000000000000040	2	\N	1
695	1	5168	1	0101000020E6100000000000000000F03F0000000000000040	4	\N	1
696	1	5168	1	0101000020E6100000000000000000F03F0000000000000040	2	\N	1
697	1	5168	1	0101000020E6100000000000000000F03F0000000000000040	3	\N	1
698	1	5168	1	0101000020E6100000000000000000F03F0000000000000040	4	\N	3
699	1	5168	1	0101000020E6100000000000000000F03F0000000000000040	2	\N	1
700	1	5168	1	0101000020E6100000000000000000F03F0000000000000040	2	\N	3
701	1	5168	1	0101000020E6100000000000000000F03F0000000000000040	3	\N	1
702	1	5168	1	0101000020E6100000000000000000F03F0000000000000040	4	\N	2
703	1	5168	1	0101000020E6100000000000000000F03F0000000000000040	2	\N	1
704	1	5168	1	0101000020E6100000000000000000F03F0000000000000040	2	\N	1
705	1	5168	2	0101000020E6100000000000000000F03F0000000000000040	\N	Other 4	1
706	1	5168	1	0101000020E6100000000000000000F03F0000000000000040	3	\N	1
707	1	5168	1	0101000020E6100000000000000000F03F0000000000000040	1	\N	1
708	1	5168	1	0101000020E6100000000000000000F03F0000000000000040	1	\N	1
709	1	5168	2	0101000020E6100000000000000000F03F0000000000000040	\N	Other 5	1
710	1	5168	1	0101000020E6100000000000000000F03F0000000000000040	1	\N	1
711	1	5168	1	0101000020E6100000000000000000F03F0000000000000040	3	\N	1
712	1	5168	1	0101000020E6100000000000000000F03F0000000000000040	3	\N	2
713	1	5168	1	0101000020E6100000000000000000F03F0000000000000040	3	\N	3
714	1	5168	1	0101000020E6100000000000000000F03F0000000000000040	3	\N	3
715	1	5168	3	0101000020E6100000000000000000F03F0000000000000040	\N	\N	1
716	1	5168	1	0101000020E6100000000000000000F03F0000000000000040	2	\N	2
717	1	5168	1	0101000020E6100000000000000000F03F0000000000000040	1	\N	1
718	1	5168	1	0101000020E6100000000000000000F03F0000000000000040	1	\N	2
719	1	5168	1	0101000020E6100000000000000000F03F0000000000000040	3	\N	1
720	1	5168	3	0101000020E6100000000000000000F03F0000000000000040	\N	\N	1
721	1	5168	1	0101000020E6100000000000000000F03F0000000000000040	3	\N	1
722	1	5168	1	0101000020E6100000000000000000F03F0000000000000040	4	\N	3
723	1	5168	1	0101000020E6100000000000000000F03F0000000000000040	3	\N	3
724	1	5168	1	0101000020E6100000000000000000F03F0000000000000040	2	\N	1
725	1	5168	1	0101000020E6100000000000000000F03F0000000000000040	1	\N	1
726	1	5168	1	0101000020E6100000000000000000F03F0000000000000040	3	\N	1
727	1	5168	1	0101000020E6100000000000000000F03F0000000000000040	4	\N	1
728	1	5168	1	0101000020E6100000000000000000F03F0000000000000040	1	\N	2
729	1	5168	1	0101000020E6100000000000000000F03F0000000000000040	1	\N	3
730	1	5168	1	0101000020E6100000000000000000F03F0000000000000040	1	\N	1
731	1	5168	1	0101000020E6100000000000000000F03F0000000000000040	2	\N	1
732	1	5168	1	0101000020E6100000000000000000F03F0000000000000040	3	\N	1
733	1	5168	1	0101000020E6100000000000000000F03F0000000000000040	4	\N	1
734	1	5168	1	0101000020E6100000000000000000F03F0000000000000040	1	\N	1
735	1	5168	1	0101000020E6100000000000000000F03F0000000000000040	3	\N	2
736	1	5168	1	0101000020E6100000000000000000F03F0000000000000040	3	\N	1
737	1	5168	1	0101000020E6100000000000000000F03F0000000000000040	4	\N	1
738	1	5168	1	0101000020E6100000000000000000F03F0000000000000040	1	\N	1
739	1	5168	1	0101000020E6100000000000000000F03F0000000000000040	2	\N	1
740	1	5168	1	0101000020E6100000000000000000F03F0000000000000040	1	\N	1
741	1	5168	1	0101000020E6100000000000000000F03F0000000000000040	4	\N	1
742	1	5168	1	0101000020E6100000000000000000F03F0000000000000040	2	\N	1
743	1	5168	1	0101000020E6100000000000000000F03F0000000000000040	1	\N	1
744	1	5168	2	0101000020E6100000000000000000F03F0000000000000040	\N	Other 3	2
745	1	5168	1	0101000020E6100000000000000000F03F0000000000000040	2	\N	1
746	1	5168	1	0101000020E6100000000000000000F03F0000000000000040	2	\N	2
747	1	5168	1	0101000020E6100000000000000000F03F0000000000000040	4	\N	1
748	1	5168	1	0101000020E6100000000000000000F03F0000000000000040	1	\N	1
749	1	5168	2	0101000020E6100000000000000000F03F0000000000000040	\N	Other 5	1
750	1	5168	1	0101000020E6100000000000000000F03F0000000000000040	4	\N	1
751	1	5168	1	0101000020E6100000000000000000F03F0000000000000040	1	\N	1
752	1	5168	1	0101000020E6100000000000000000F03F0000000000000040	2	\N	1
753	1	5168	1	0101000020E6100000000000000000F03F0000000000000040	4	\N	3
754	1	5168	1	0101000020E6100000000000000000F03F0000000000000040	1	\N	1
755	1	5168	1	0101000020E6100000000000000000F03F0000000000000040	3	\N	1
756	1	5168	1	0101000020E6100000000000000000F03F0000000000000040	1	\N	1
757	1	5168	1	0101000020E6100000000000000000F03F0000000000000040	2	\N	2
758	1	5168	1	0101000020E6100000000000000000F03F0000000000000040	1	\N	1
759	1	5168	1	0101000020E6100000000000000000F03F0000000000000040	1	\N	1
760	1	5168	1	0101000020E6100000000000000000F03F0000000000000040	3	\N	1
761	1	5168	1	0101000020E6100000000000000000F03F0000000000000040	3	\N	2
762	1	5168	1	0101000020E6100000000000000000F03F0000000000000040	1	\N	1
763	1	5168	1	0101000020E6100000000000000000F03F0000000000000040	2	\N	1
764	1	5168	1	0101000020E6100000000000000000F03F0000000000000040	1	\N	1
765	1	5168	1	0101000020E6100000000000000000F03F0000000000000040	4	\N	1
766	1	5168	1	0101000020E6100000000000000000F03F0000000000000040	4	\N	3
767	1	5168	1	0101000020E6100000000000000000F03F0000000000000040	2	\N	1
768	1	5168	1	0101000020E6100000000000000000F03F0000000000000040	3	\N	1
769	1	5168	3	0101000020E6100000000000000000F03F0000000000000040	\N	\N	1
770	1	5168	1	0101000020E6100000000000000000F03F0000000000000040	4	\N	1
771	1	5168	1	0101000020E6100000000000000000F03F0000000000000040	1	\N	1
772	1	5168	1	0101000020E6100000000000000000F03F0000000000000040	3	\N	3
773	1	5168	1	0101000020E6100000000000000000F03F0000000000000040	1	\N	1
774	1	5168	1	0101000020E6100000000000000000F03F0000000000000040	3	\N	3
775	1	5168	1	0101000020E6100000000000000000F03F0000000000000040	1	\N	3
776	1	5168	1	0101000020E6100000000000000000F03F0000000000000040	2	\N	1
777	1	5168	1	0101000020E6100000000000000000F03F0000000000000040	1	\N	2
778	1	5168	1	0101000020E6100000000000000000F03F0000000000000040	3	\N	1
779	1	5168	1	0101000020E6100000000000000000F03F0000000000000040	1	\N	1
780	1	5168	1	0101000020E6100000000000000000F03F0000000000000040	3	\N	1
781	1	5168	1	0101000020E6100000000000000000F03F0000000000000040	1	\N	1
782	1	5168	1	0101000020E6100000000000000000F03F0000000000000040	3	\N	3
783	1	5168	3	0101000020E6100000000000000000F03F0000000000000040	\N	\N	1
784	1	5168	1	0101000020E6100000000000000000F03F0000000000000040	4	\N	1
785	1	5168	1	0101000020E6100000000000000000F03F0000000000000040	4	\N	2
786	1	5168	1	0101000020E6100000000000000000F03F0000000000000040	3	\N	1
787	1	5168	1	0101000020E6100000000000000000F03F0000000000000040	2	\N	1
788	1	5168	2	0101000020E6100000000000000000F03F0000000000000040	\N	Other 4	3
789	1	5168	1	0101000020E6100000000000000000F03F0000000000000040	2	\N	1
790	1	5168	3	0101000020E6100000000000000000F03F0000000000000040	\N	\N	1
791	1	5168	1	0101000020E6100000000000000000F03F0000000000000040	1	\N	1
792	1	5168	1	0101000020E6100000000000000000F03F0000000000000040	4	\N	1
793	1	5168	1	0101000020E6100000000000000000F03F0000000000000040	3	\N	1
794	1	5168	1	0101000020E6100000000000000000F03F0000000000000040	4	\N	1
795	1	5168	2	0101000020E6100000000000000000F03F0000000000000040	\N	Other 4	1
796	1	5168	1	0101000020E6100000000000000000F03F0000000000000040	2	\N	1
797	1	5168	1	0101000020E6100000000000000000F03F0000000000000040	2	\N	3
798	1	5168	1	0101000020E6100000000000000000F03F0000000000000040	4	\N	1
799	1	5168	1	0101000020E6100000000000000000F03F0000000000000040	4	\N	1
800	1	5168	3	0101000020E6100000000000000000F03F0000000000000040	\N	\N	3
801	1	5168	1	0101000020E6100000000000000000F03F0000000000000040	2	\N	2
802	1	5168	1	0101000020E6100000000000000000F03F0000000000000040	2	\N	1
803	1	5168	1	0101000020E6100000000000000000F03F0000000000000040	1	\N	1
804	1	5168	1	0101000020E6100000000000000000F03F0000000000000040	4	\N	1
805	1	5168	1	0101000020E6100000000000000000F03F0000000000000040	4	\N	1
806	1	5168	1	0101000020E6100000000000000000F03F0000000000000040	1	\N	1
807	1	5168	1	0101000020E6100000000000000000F03F0000000000000040	2	\N	3
808	1	5168	1	0101000020E6100000000000000000F03F0000000000000040	4	\N	1
809	1	5168	1	0101000020E6100000000000000000F03F0000000000000040	4	\N	1
810	1	5168	1	0101000020E6100000000000000000F03F0000000000000040	2	\N	1
811	1	5168	1	0101000020E6100000000000000000F03F0000000000000040	4	\N	1
812	1	5169	1	0101000020E6100000000000000000F03F0000000000000040	2	\N	1
813	1	5169	1	0101000020E6100000000000000000F03F0000000000000040	1	\N	3
814	1	5169	1	0101000020E6100000000000000000F03F0000000000000040	4	\N	1
815	1	5169	1	0101000020E6100000000000000000F03F0000000000000040	2	\N	1
816	1	5169	1	0101000020E6100000000000000000F03F0000000000000040	1	\N	1
817	1	5169	1	0101000020E6100000000000000000F03F0000000000000040	4	\N	1
818	1	5169	1	0101000020E6100000000000000000F03F0000000000000040	1	\N	1
819	1	5169	1	0101000020E6100000000000000000F03F0000000000000040	2	\N	1
820	1	5169	2	0101000020E6100000000000000000F03F0000000000000040	\N	Other 4	1
821	1	5169	3	0101000020E6100000000000000000F03F0000000000000040	\N	\N	1
822	1	5169	3	0101000020E6100000000000000000F03F0000000000000040	\N	\N	2
823	1	5169	1	0101000020E6100000000000000000F03F0000000000000040	2	\N	1
824	1	5169	1	0101000020E6100000000000000000F03F0000000000000040	1	\N	1
825	1	5169	1	0101000020E6100000000000000000F03F0000000000000040	2	\N	1
826	1	5169	1	0101000020E6100000000000000000F03F0000000000000040	4	\N	1
827	1	5169	1	0101000020E6100000000000000000F03F0000000000000040	1	\N	3
828	1	5169	1	0101000020E6100000000000000000F03F0000000000000040	1	\N	1
829	1	5169	1	0101000020E6100000000000000000F03F0000000000000040	3	\N	2
830	1	5169	1	0101000020E6100000000000000000F03F0000000000000040	3	\N	1
831	1	5169	1	0101000020E6100000000000000000F03F0000000000000040	4	\N	1
832	1	5169	2	0101000020E6100000000000000000F03F0000000000000040	\N	Other 5	1
833	1	5169	1	0101000020E6100000000000000000F03F0000000000000040	1	\N	1
834	1	5169	1	0101000020E6100000000000000000F03F0000000000000040	1	\N	3
835	1	5169	3	0101000020E6100000000000000000F03F0000000000000040	\N	\N	1
836	1	5169	1	0101000020E6100000000000000000F03F0000000000000040	3	\N	1
837	1	5169	1	0101000020E6100000000000000000F03F0000000000000040	4	\N	1
838	1	5169	1	0101000020E6100000000000000000F03F0000000000000040	4	\N	1
839	1	5169	2	0101000020E6100000000000000000F03F0000000000000040	\N	Other 2	1
840	1	5169	1	0101000020E6100000000000000000F03F0000000000000040	3	\N	2
841	1	5169	1	0101000020E6100000000000000000F03F0000000000000040	2	\N	2
842	1	5169	1	0101000020E6100000000000000000F03F0000000000000040	1	\N	3
843	1	5169	1	0101000020E6100000000000000000F03F0000000000000040	2	\N	1
844	1	5169	1	0101000020E6100000000000000000F03F0000000000000040	1	\N	1
845	1	5169	1	0101000020E6100000000000000000F03F0000000000000040	3	\N	3
846	1	5169	1	0101000020E6100000000000000000F03F0000000000000040	2	\N	1
847	1	5169	1	0101000020E6100000000000000000F03F0000000000000040	4	\N	1
848	1	5169	1	0101000020E6100000000000000000F03F0000000000000040	2	\N	1
849	1	5169	1	0101000020E6100000000000000000F03F0000000000000040	4	\N	1
850	1	5169	1	0101000020E6100000000000000000F03F0000000000000040	2	\N	1
851	1	5169	1	0101000020E6100000000000000000F03F0000000000000040	4	\N	3
852	1	5169	1	0101000020E6100000000000000000F03F0000000000000040	3	\N	1
853	1	5169	1	0101000020E6100000000000000000F03F0000000000000040	2	\N	1
854	1	5169	1	0101000020E6100000000000000000F03F0000000000000040	1	\N	1
855	1	5169	1	0101000020E6100000000000000000F03F0000000000000040	3	\N	1
856	1	5169	1	0101000020E6100000000000000000F03F0000000000000040	2	\N	3
857	1	5169	1	0101000020E6100000000000000000F03F0000000000000040	2	\N	1
858	1	5170	1	0101000020E6100000000000000000F03F0000000000000040	2	\N	1
859	1	5170	1	0101000020E6100000000000000000F03F0000000000000040	3	\N	1
860	1	5170	1	0101000020E6100000000000000000F03F0000000000000040	4	\N	1
861	1	5170	3	0101000020E6100000000000000000F03F0000000000000040	\N	\N	2
862	1	5170	1	0101000020E6100000000000000000F03F0000000000000040	3	\N	1
863	1	5170	1	0101000020E6100000000000000000F03F0000000000000040	1	\N	1
864	1	5170	1	0101000020E6100000000000000000F03F0000000000000040	1	\N	1
865	1	5170	1	0101000020E6100000000000000000F03F0000000000000040	4	\N	1
866	1	5170	1	0101000020E6100000000000000000F03F0000000000000040	4	\N	1
867	1	5170	3	0101000020E6100000000000000000F03F0000000000000040	\N	\N	1
868	1	5170	1	0101000020E6100000000000000000F03F0000000000000040	1	\N	1
869	1	5170	1	0101000020E6100000000000000000F03F0000000000000040	4	\N	1
870	1	5170	1	0101000020E6100000000000000000F03F0000000000000040	4	\N	1
871	1	5170	1	0101000020E6100000000000000000F03F0000000000000040	4	\N	1
872	1	5170	1	0101000020E6100000000000000000F03F0000000000000040	2	\N	1
873	1	5170	3	0101000020E6100000000000000000F03F0000000000000040	\N	\N	3
874	1	5170	1	0101000020E6100000000000000000F03F0000000000000040	3	\N	2
875	1	5170	1	0101000020E6100000000000000000F03F0000000000000040	3	\N	1
876	1	5170	1	0101000020E6100000000000000000F03F0000000000000040	3	\N	1
877	1	5170	1	0101000020E6100000000000000000F03F0000000000000040	4	\N	1
878	1	5170	2	0101000020E6100000000000000000F03F0000000000000040	\N	Other 1	1
879	1	5170	1	0101000020E6100000000000000000F03F0000000000000040	4	\N	1
880	1	5170	1	0101000020E6100000000000000000F03F0000000000000040	4	\N	1
881	1	5170	1	0101000020E6100000000000000000F03F0000000000000040	4	\N	1
882	1	5170	1	0101000020E6100000000000000000F03F0000000000000040	3	\N	1
883	1	5170	1	0101000020E6100000000000000000F03F0000000000000040	3	\N	1
884	1	5170	1	0101000020E6100000000000000000F03F0000000000000040	3	\N	1
885	1	5170	1	0101000020E6100000000000000000F03F0000000000000040	3	\N	1
886	1	5170	1	0101000020E6100000000000000000F03F0000000000000040	4	\N	1
887	1	5170	1	0101000020E6100000000000000000F03F0000000000000040	1	\N	1
888	1	5170	1	0101000020E6100000000000000000F03F0000000000000040	3	\N	2
889	1	5170	1	0101000020E6100000000000000000F03F0000000000000040	3	\N	1
890	1	5170	1	0101000020E6100000000000000000F03F0000000000000040	4	\N	1
891	1	5170	3	0101000020E6100000000000000000F03F0000000000000040	\N	\N	1
892	1	5170	1	0101000020E6100000000000000000F03F0000000000000040	3	\N	1
893	1	5170	1	0101000020E6100000000000000000F03F0000000000000040	3	\N	3
894	1	5170	1	0101000020E6100000000000000000F03F0000000000000040	3	\N	1
895	1	5170	1	0101000020E6100000000000000000F03F0000000000000040	2	\N	1
896	1	5170	1	0101000020E6100000000000000000F03F0000000000000040	2	\N	1
897	1	5170	1	0101000020E6100000000000000000F03F0000000000000040	3	\N	3
898	1	5170	1	0101000020E6100000000000000000F03F0000000000000040	2	\N	1
899	1	5170	1	0101000020E6100000000000000000F03F0000000000000040	3	\N	2
900	1	5170	1	0101000020E6100000000000000000F03F0000000000000040	3	\N	1
901	1	5170	1	0101000020E6100000000000000000F03F0000000000000040	3	\N	1
902	1	5170	1	0101000020E6100000000000000000F03F0000000000000040	1	\N	1
903	1	5170	1	0101000020E6100000000000000000F03F0000000000000040	4	\N	1
904	1	5170	1	0101000020E6100000000000000000F03F0000000000000040	4	\N	1
905	1	5170	1	0101000020E6100000000000000000F03F0000000000000040	1	\N	1
906	1	5170	1	0101000020E6100000000000000000F03F0000000000000040	2	\N	1
907	1	5170	1	0101000020E6100000000000000000F03F0000000000000040	1	\N	2
908	1	5170	3	0101000020E6100000000000000000F03F0000000000000040	\N	\N	1
909	1	5170	1	0101000020E6100000000000000000F03F0000000000000040	4	\N	1
910	1	5170	1	0101000020E6100000000000000000F03F0000000000000040	2	\N	3
911	1	5170	1	0101000020E6100000000000000000F03F0000000000000040	3	\N	1
912	1	5170	1	0101000020E6100000000000000000F03F0000000000000040	3	\N	1
913	1	5170	1	0101000020E6100000000000000000F03F0000000000000040	2	\N	1
914	1	5170	1	0101000020E6100000000000000000F03F0000000000000040	2	\N	1
915	1	5170	1	0101000020E6100000000000000000F03F0000000000000040	2	\N	1
916	1	5170	1	0101000020E6100000000000000000F03F0000000000000040	2	\N	1
917	1	5170	1	0101000020E6100000000000000000F03F0000000000000040	3	\N	1
918	1	5170	1	0101000020E6100000000000000000F03F0000000000000040	2	\N	1
919	1	5170	1	0101000020E6100000000000000000F03F0000000000000040	4	\N	1
920	1	5170	1	0101000020E6100000000000000000F03F0000000000000040	2	\N	1
921	1	5170	1	0101000020E6100000000000000000F03F0000000000000040	4	\N	1
922	1	5170	1	0101000020E6100000000000000000F03F0000000000000040	2	\N	1
923	1	5170	1	0101000020E6100000000000000000F03F0000000000000040	4	\N	1
924	1	5170	1	0101000020E6100000000000000000F03F0000000000000040	2	\N	1
925	1	5170	1	0101000020E6100000000000000000F03F0000000000000040	1	\N	1
926	1	5170	1	0101000020E6100000000000000000F03F0000000000000040	2	\N	1
927	1	5170	3	0101000020E6100000000000000000F03F0000000000000040	\N	\N	2
928	1	5170	1	0101000020E6100000000000000000F03F0000000000000040	1	\N	1
929	1	5170	1	0101000020E6100000000000000000F03F0000000000000040	4	\N	1
930	1	5170	1	0101000020E6100000000000000000F03F0000000000000040	3	\N	1
931	1	5170	1	0101000020E6100000000000000000F03F0000000000000040	1	\N	1
932	1	5170	1	0101000020E6100000000000000000F03F0000000000000040	4	\N	1
933	1	5170	1	0101000020E6100000000000000000F03F0000000000000040	2	\N	1
934	1	5170	1	0101000020E6100000000000000000F03F0000000000000040	1	\N	1
935	1	5170	1	0101000020E6100000000000000000F03F0000000000000040	2	\N	1
936	1	5170	1	0101000020E6100000000000000000F03F0000000000000040	4	\N	1
937	1	5170	1	0101000020E6100000000000000000F03F0000000000000040	3	\N	3
938	1	5170	1	0101000020E6100000000000000000F03F0000000000000040	2	\N	1
939	1	5170	1	0101000020E6100000000000000000F03F0000000000000040	1	\N	1
940	1	5170	1	0101000020E6100000000000000000F03F0000000000000040	3	\N	2
941	1	5170	1	0101000020E6100000000000000000F03F0000000000000040	1	\N	1
942	1	5170	1	0101000020E6100000000000000000F03F0000000000000040	2	\N	1
943	1	5170	1	0101000020E6100000000000000000F03F0000000000000040	3	\N	3
944	1	5170	1	0101000020E6100000000000000000F03F0000000000000040	4	\N	1
945	1	5170	1	0101000020E6100000000000000000F03F0000000000000040	2	\N	3
946	1	5170	2	0101000020E6100000000000000000F03F0000000000000040	\N	Other 3	1
947	1	5170	1	0101000020E6100000000000000000F03F0000000000000040	2	\N	1
948	1	5170	1	0101000020E6100000000000000000F03F0000000000000040	2	\N	1
949	1	5170	1	0101000020E6100000000000000000F03F0000000000000040	1	\N	1
950	1	5170	1	0101000020E6100000000000000000F03F0000000000000040	3	\N	1
951	1	5170	1	0101000020E6100000000000000000F03F0000000000000040	3	\N	1
952	1	5170	1	0101000020E6100000000000000000F03F0000000000000040	2	\N	3
953	1	5170	1	0101000020E6100000000000000000F03F0000000000000040	2	\N	3
954	1	5170	1	0101000020E6100000000000000000F03F0000000000000040	1	\N	1
955	1	5170	1	0101000020E6100000000000000000F03F0000000000000040	4	\N	1
956	1	5170	1	0101000020E6100000000000000000F03F0000000000000040	2	\N	1
957	1	5170	1	0101000020E6100000000000000000F03F0000000000000040	1	\N	1
958	1	5170	1	0101000020E6100000000000000000F03F0000000000000040	3	\N	1
959	1	5170	1	0101000020E6100000000000000000F03F0000000000000040	3	\N	1
960	1	5170	1	0101000020E6100000000000000000F03F0000000000000040	2	\N	3
961	1	5170	1	0101000020E6100000000000000000F03F0000000000000040	4	\N	3
962	1	5170	3	0101000020E6100000000000000000F03F0000000000000040	\N	\N	1
963	1	5170	1	0101000020E6100000000000000000F03F0000000000000040	2	\N	1
964	1	5170	1	0101000020E6100000000000000000F03F0000000000000040	1	\N	1
965	1	5170	1	0101000020E6100000000000000000F03F0000000000000040	4	\N	2
966	1	5170	1	0101000020E6100000000000000000F03F0000000000000040	2	\N	1
967	1	5171	1	0101000020E6100000000000000000F03F0000000000000040	4	\N	1
968	1	5171	1	0101000020E6100000000000000000F03F0000000000000040	1	\N	1
969	1	5171	1	0101000020E6100000000000000000F03F0000000000000040	1	\N	2
970	1	5171	1	0101000020E6100000000000000000F03F0000000000000040	2	\N	1
971	1	5171	2	0101000020E6100000000000000000F03F0000000000000040	\N	Other 1	2
972	1	5171	2	0101000020E6100000000000000000F03F0000000000000040	\N	Other 2	2
973	1	5171	1	0101000020E6100000000000000000F03F0000000000000040	4	\N	1
974	1	5171	1	0101000020E6100000000000000000F03F0000000000000040	2	\N	1
975	1	5171	3	0101000020E6100000000000000000F03F0000000000000040	\N	\N	1
976	1	5171	1	0101000020E6100000000000000000F03F0000000000000040	1	\N	1
977	1	5171	1	0101000020E6100000000000000000F03F0000000000000040	4	\N	2
978	1	5171	1	0101000020E6100000000000000000F03F0000000000000040	1	\N	3
979	1	5171	3	0101000020E6100000000000000000F03F0000000000000040	\N	\N	1
980	1	5171	1	0101000020E6100000000000000000F03F0000000000000040	4	\N	1
981	1	5171	1	0101000020E6100000000000000000F03F0000000000000040	4	\N	1
982	1	5171	2	0101000020E6100000000000000000F03F0000000000000040	\N	Other 1	1
983	1	5171	1	0101000020E6100000000000000000F03F0000000000000040	3	\N	1
984	1	5171	1	0101000020E6100000000000000000F03F0000000000000040	2	\N	1
985	1	5171	1	0101000020E6100000000000000000F03F0000000000000040	1	\N	3
986	1	5171	1	0101000020E6100000000000000000F03F0000000000000040	3	\N	1
987	1	5171	1	0101000020E6100000000000000000F03F0000000000000040	4	\N	1
988	1	5171	1	0101000020E6100000000000000000F03F0000000000000040	4	\N	1
989	1	5171	1	0101000020E6100000000000000000F03F0000000000000040	3	\N	1
990	1	5171	1	0101000020E6100000000000000000F03F0000000000000040	3	\N	1
991	1	5171	1	0101000020E6100000000000000000F03F0000000000000040	1	\N	1
992	1	5171	1	0101000020E6100000000000000000F03F0000000000000040	3	\N	1
993	1	5171	1	0101000020E6100000000000000000F03F0000000000000040	3	\N	1
994	1	5171	1	0101000020E6100000000000000000F03F0000000000000040	2	\N	1
995	1	5171	1	0101000020E6100000000000000000F03F0000000000000040	4	\N	1
996	1	5171	1	0101000020E6100000000000000000F03F0000000000000040	3	\N	1
997	1	5171	1	0101000020E6100000000000000000F03F0000000000000040	3	\N	1
998	1	5171	1	0101000020E6100000000000000000F03F0000000000000040	3	\N	1
999	1	5171	1	0101000020E6100000000000000000F03F0000000000000040	4	\N	1
1000	1	5171	1	0101000020E6100000000000000000F03F0000000000000040	3	\N	2
1001	1	5171	1	0101000020E6100000000000000000F03F0000000000000040	3	\N	1
1002	1	5171	1	0101000020E6100000000000000000F03F0000000000000040	2	\N	2
1003	1	5171	1	0101000020E6100000000000000000F03F0000000000000040	4	\N	1
1004	1	5171	1	0101000020E6100000000000000000F03F0000000000000040	1	\N	1
1005	1	5171	1	0101000020E6100000000000000000F03F0000000000000040	2	\N	1
1006	1	5171	1	0101000020E6100000000000000000F03F0000000000000040	2	\N	1
1007	1	5171	1	0101000020E6100000000000000000F03F0000000000000040	4	\N	1
1008	1	5171	1	0101000020E6100000000000000000F03F0000000000000040	4	\N	1
1009	1	5171	1	0101000020E6100000000000000000F03F0000000000000040	2	\N	1
1010	1	5171	1	0101000020E6100000000000000000F03F0000000000000040	4	\N	1
1011	1	5171	1	0101000020E6100000000000000000F03F0000000000000040	3	\N	1
1012	1	5171	1	0101000020E6100000000000000000F03F0000000000000040	1	\N	1
1013	1	5171	1	0101000020E6100000000000000000F03F0000000000000040	1	\N	1
1014	1	5171	1	0101000020E6100000000000000000F03F0000000000000040	4	\N	1
1015	1	5171	1	0101000020E6100000000000000000F03F0000000000000040	3	\N	1
1016	1	5171	1	0101000020E6100000000000000000F03F0000000000000040	4	\N	1
1017	1	5171	1	0101000020E6100000000000000000F03F0000000000000040	2	\N	1
1018	1	5171	1	0101000020E6100000000000000000F03F0000000000000040	2	\N	2
1019	1	5171	3	0101000020E6100000000000000000F03F0000000000000040	\N	\N	1
1020	1	5171	3	0101000020E6100000000000000000F03F0000000000000040	\N	\N	1
1021	1	5171	1	0101000020E6100000000000000000F03F0000000000000040	3	\N	1
1022	1	5171	1	0101000020E6100000000000000000F03F0000000000000040	2	\N	1
1023	1	5171	1	0101000020E6100000000000000000F03F0000000000000040	1	\N	1
1024	1	5171	3	0101000020E6100000000000000000F03F0000000000000040	\N	\N	1
1025	1	5171	1	0101000020E6100000000000000000F03F0000000000000040	1	\N	1
1026	1	5171	3	0101000020E6100000000000000000F03F0000000000000040	\N	\N	3
1027	1	5171	1	0101000020E6100000000000000000F03F0000000000000040	3	\N	1
1028	1	5171	1	0101000020E6100000000000000000F03F0000000000000040	2	\N	1
1029	1	5171	1	0101000020E6100000000000000000F03F0000000000000040	1	\N	2
1030	1	5171	1	0101000020E6100000000000000000F03F0000000000000040	4	\N	1
1031	1	5171	1	0101000020E6100000000000000000F03F0000000000000040	3	\N	1
1032	1	5171	1	0101000020E6100000000000000000F03F0000000000000040	2	\N	3
1033	1	5171	1	0101000020E6100000000000000000F03F0000000000000040	4	\N	3
1034	1	5171	1	0101000020E6100000000000000000F03F0000000000000040	4	\N	3
1035	1	5171	1	0101000020E6100000000000000000F03F0000000000000040	4	\N	1
1036	1	5171	1	0101000020E6100000000000000000F03F0000000000000040	3	\N	1
1037	1	5171	1	0101000020E6100000000000000000F03F0000000000000040	2	\N	1
1038	1	5171	3	0101000020E6100000000000000000F03F0000000000000040	\N	\N	3
1039	1	5171	1	0101000020E6100000000000000000F03F0000000000000040	1	\N	2
1040	1	5171	1	0101000020E6100000000000000000F03F0000000000000040	1	\N	1
1041	1	5171	1	0101000020E6100000000000000000F03F0000000000000040	4	\N	1
1042	1	5171	1	0101000020E6100000000000000000F03F0000000000000040	2	\N	1
1043	1	5171	1	0101000020E6100000000000000000F03F0000000000000040	1	\N	1
1044	1	5171	1	0101000020E6100000000000000000F03F0000000000000040	3	\N	3
1045	1	5171	1	0101000020E6100000000000000000F03F0000000000000040	1	\N	1
1046	1	5171	1	0101000020E6100000000000000000F03F0000000000000040	3	\N	1
1047	1	5171	1	0101000020E6100000000000000000F03F0000000000000040	3	\N	1
1048	1	5171	1	0101000020E6100000000000000000F03F0000000000000040	2	\N	1
1049	1	5171	1	0101000020E6100000000000000000F03F0000000000000040	2	\N	3
1050	1	5171	1	0101000020E6100000000000000000F03F0000000000000040	3	\N	2
1051	1	5171	1	0101000020E6100000000000000000F03F0000000000000040	1	\N	1
1052	1	5171	1	0101000020E6100000000000000000F03F0000000000000040	3	\N	1
1053	1	5171	2	0101000020E6100000000000000000F03F0000000000000040	\N	Other 3	1
1054	1	5171	1	0101000020E6100000000000000000F03F0000000000000040	1	\N	1
1055	1	5171	1	0101000020E6100000000000000000F03F0000000000000040	1	\N	2
1056	1	5171	1	0101000020E6100000000000000000F03F0000000000000040	4	\N	1
1057	1	5171	1	0101000020E6100000000000000000F03F0000000000000040	4	\N	1
1058	1	5171	1	0101000020E6100000000000000000F03F0000000000000040	3	\N	3
1059	1	5171	1	0101000020E6100000000000000000F03F0000000000000040	2	\N	1
1060	1	5171	1	0101000020E6100000000000000000F03F0000000000000040	4	\N	1
1061	1	5171	1	0101000020E6100000000000000000F03F0000000000000040	4	\N	1
1062	1	5171	1	0101000020E6100000000000000000F03F0000000000000040	2	\N	1
1063	1	5171	1	0101000020E6100000000000000000F03F0000000000000040	2	\N	1
1064	1	5171	1	0101000020E6100000000000000000F03F0000000000000040	3	\N	1
1065	1	5171	1	0101000020E6100000000000000000F03F0000000000000040	3	\N	1
1066	1	5171	1	0101000020E6100000000000000000F03F0000000000000040	1	\N	1
1067	1	5171	1	0101000020E6100000000000000000F03F0000000000000040	1	\N	1
1068	1	5171	1	0101000020E6100000000000000000F03F0000000000000040	3	\N	1
1069	1	5171	3	0101000020E6100000000000000000F03F0000000000000040	\N	\N	1
1070	1	5171	1	0101000020E6100000000000000000F03F0000000000000040	3	\N	3
1071	1	5171	1	0101000020E6100000000000000000F03F0000000000000040	1	\N	2
1072	1	5171	1	0101000020E6100000000000000000F03F0000000000000040	4	\N	3
1073	1	5171	1	0101000020E6100000000000000000F03F0000000000000040	1	\N	2
1074	1	5171	1	0101000020E6100000000000000000F03F0000000000000040	3	\N	1
1075	1	5171	1	0101000020E6100000000000000000F03F0000000000000040	4	\N	1
1076	1	5171	1	0101000020E6100000000000000000F03F0000000000000040	4	\N	1
1077	1	5171	2	0101000020E6100000000000000000F03F0000000000000040	\N	Other 2	3
1078	1	5171	1	0101000020E6100000000000000000F03F0000000000000040	3	\N	1
1079	1	5171	1	0101000020E6100000000000000000F03F0000000000000040	3	\N	1
1080	1	5171	1	0101000020E6100000000000000000F03F0000000000000040	3	\N	1
1081	1	5171	1	0101000020E6100000000000000000F03F0000000000000040	1	\N	1
1082	1	5171	1	0101000020E6100000000000000000F03F0000000000000040	4	\N	1
1083	1	5171	2	0101000020E6100000000000000000F03F0000000000000040	\N	Other 1	1
1084	1	5171	1	0101000020E6100000000000000000F03F0000000000000040	1	\N	1
1085	1	5171	1	0101000020E6100000000000000000F03F0000000000000040	1	\N	1
1086	1	5171	1	0101000020E6100000000000000000F03F0000000000000040	4	\N	2
1087	1	5171	1	0101000020E6100000000000000000F03F0000000000000040	4	\N	3
1088	1	5171	1	0101000020E6100000000000000000F03F0000000000000040	1	\N	1
1089	1	5171	1	0101000020E6100000000000000000F03F0000000000000040	1	\N	3
1090	1	5171	1	0101000020E6100000000000000000F03F0000000000000040	3	\N	1
1091	1	5171	1	0101000020E6100000000000000000F03F0000000000000040	2	\N	2
1092	1	5171	1	0101000020E6100000000000000000F03F0000000000000040	3	\N	1
1093	1	5171	1	0101000020E6100000000000000000F03F0000000000000040	1	\N	1
1094	1	5171	1	0101000020E6100000000000000000F03F0000000000000040	4	\N	1
1095	1	5171	1	0101000020E6100000000000000000F03F0000000000000040	2	\N	1
1096	1	5171	1	0101000020E6100000000000000000F03F0000000000000040	2	\N	1
1097	1	5171	1	0101000020E6100000000000000000F03F0000000000000040	3	\N	1
1098	1	5171	1	0101000020E6100000000000000000F03F0000000000000040	2	\N	1
1099	1	5171	1	0101000020E6100000000000000000F03F0000000000000040	4	\N	1
1100	1	5171	1	0101000020E6100000000000000000F03F0000000000000040	1	\N	1
1101	1	5171	1	0101000020E6100000000000000000F03F0000000000000040	3	\N	1
1102	1	5171	1	0101000020E6100000000000000000F03F0000000000000040	4	\N	1
1103	1	5171	1	0101000020E6100000000000000000F03F0000000000000040	3	\N	1
1104	1	5172	1	0101000020E6100000000000000000F03F0000000000000040	1	\N	1
1105	1	5172	1	0101000020E6100000000000000000F03F0000000000000040	3	\N	1
1106	1	5172	3	0101000020E6100000000000000000F03F0000000000000040	\N	\N	1
1107	1	5172	1	0101000020E6100000000000000000F03F0000000000000040	3	\N	1
1108	1	5172	1	0101000020E6100000000000000000F03F0000000000000040	3	\N	1
1109	1	5172	2	0101000020E6100000000000000000F03F0000000000000040	\N	Other 2	1
1110	1	5172	1	0101000020E6100000000000000000F03F0000000000000040	2	\N	2
1111	1	5172	1	0101000020E6100000000000000000F03F0000000000000040	2	\N	3
1112	1	5172	1	0101000020E6100000000000000000F03F0000000000000040	4	\N	1
1113	1	5172	1	0101000020E6100000000000000000F03F0000000000000040	3	\N	1
1114	1	5172	1	0101000020E6100000000000000000F03F0000000000000040	3	\N	3
1115	1	5172	1	0101000020E6100000000000000000F03F0000000000000040	1	\N	1
1116	1	5172	1	0101000020E6100000000000000000F03F0000000000000040	2	\N	1
1117	1	5172	1	0101000020E6100000000000000000F03F0000000000000040	4	\N	1
1118	1	5172	1	0101000020E6100000000000000000F03F0000000000000040	4	\N	1
1119	1	5172	1	0101000020E6100000000000000000F03F0000000000000040	3	\N	3
1120	1	5172	1	0101000020E6100000000000000000F03F0000000000000040	2	\N	2
1121	1	5172	1	0101000020E6100000000000000000F03F0000000000000040	4	\N	1
1122	1	5172	1	0101000020E6100000000000000000F03F0000000000000040	3	\N	1
1123	1	5172	1	0101000020E6100000000000000000F03F0000000000000040	1	\N	1
1124	1	5172	3	0101000020E6100000000000000000F03F0000000000000040	\N	\N	1
1125	1	5172	1	0101000020E6100000000000000000F03F0000000000000040	3	\N	1
1126	1	5172	1	0101000020E6100000000000000000F03F0000000000000040	1	\N	3
1127	1	5172	1	0101000020E6100000000000000000F03F0000000000000040	1	\N	1
1128	1	5172	1	0101000020E6100000000000000000F03F0000000000000040	1	\N	1
1129	1	5172	1	0101000020E6100000000000000000F03F0000000000000040	2	\N	1
1130	1	5172	3	0101000020E6100000000000000000F03F0000000000000040	\N	\N	1
1131	1	5172	3	0101000020E6100000000000000000F03F0000000000000040	\N	\N	1
1132	1	5172	1	0101000020E6100000000000000000F03F0000000000000040	1	\N	1
1133	1	5172	1	0101000020E6100000000000000000F03F0000000000000040	2	\N	1
1134	1	5172	1	0101000020E6100000000000000000F03F0000000000000040	3	\N	3
1135	1	5172	1	0101000020E6100000000000000000F03F0000000000000040	3	\N	1
1136	1	5172	1	0101000020E6100000000000000000F03F0000000000000040	4	\N	1
1137	1	5172	1	0101000020E6100000000000000000F03F0000000000000040	1	\N	1
1138	1	5172	1	0101000020E6100000000000000000F03F0000000000000040	1	\N	1
1139	1	5172	1	0101000020E6100000000000000000F03F0000000000000040	2	\N	1
1140	1	5172	1	0101000020E6100000000000000000F03F0000000000000040	4	\N	1
1141	1	5172	1	0101000020E6100000000000000000F03F0000000000000040	2	\N	1
1142	1	5172	1	0101000020E6100000000000000000F03F0000000000000040	4	\N	1
1143	1	5172	1	0101000020E6100000000000000000F03F0000000000000040	1	\N	1
1144	1	5172	1	0101000020E6100000000000000000F03F0000000000000040	1	\N	1
1145	1	5172	1	0101000020E6100000000000000000F03F0000000000000040	4	\N	1
1146	1	5172	1	0101000020E6100000000000000000F03F0000000000000040	1	\N	1
1147	1	5172	1	0101000020E6100000000000000000F03F0000000000000040	4	\N	1
1148	1	5172	1	0101000020E6100000000000000000F03F0000000000000040	2	\N	2
1149	1	5172	1	0101000020E6100000000000000000F03F0000000000000040	2	\N	1
1150	1	5172	1	0101000020E6100000000000000000F03F0000000000000040	3	\N	1
1151	1	5172	1	0101000020E6100000000000000000F03F0000000000000040	3	\N	1
1152	1	5172	1	0101000020E6100000000000000000F03F0000000000000040	4	\N	1
1153	1	5172	1	0101000020E6100000000000000000F03F0000000000000040	1	\N	2
1154	1	5172	1	0101000020E6100000000000000000F03F0000000000000040	1	\N	1
1155	1	5172	1	0101000020E6100000000000000000F03F0000000000000040	3	\N	2
1156	1	5172	1	0101000020E6100000000000000000F03F0000000000000040	3	\N	1
1157	1	5172	1	0101000020E6100000000000000000F03F0000000000000040	3	\N	1
1158	1	5172	1	0101000020E6100000000000000000F03F0000000000000040	1	\N	1
1159	1	5172	1	0101000020E6100000000000000000F03F0000000000000040	4	\N	1
1160	1	5172	1	0101000020E6100000000000000000F03F0000000000000040	1	\N	1
1161	1	5172	2	0101000020E6100000000000000000F03F0000000000000040	\N	Other 4	1
1162	1	5172	1	0101000020E6100000000000000000F03F0000000000000040	3	\N	3
1163	1	5172	1	0101000020E6100000000000000000F03F0000000000000040	1	\N	2
1164	1	5172	1	0101000020E6100000000000000000F03F0000000000000040	4	\N	1
1165	1	5172	1	0101000020E6100000000000000000F03F0000000000000040	4	\N	1
1166	1	5172	1	0101000020E6100000000000000000F03F0000000000000040	4	\N	1
1167	1	5172	1	0101000020E6100000000000000000F03F0000000000000040	2	\N	1
1168	1	5172	3	0101000020E6100000000000000000F03F0000000000000040	\N	\N	3
1169	1	5172	1	0101000020E6100000000000000000F03F0000000000000040	4	\N	1
1170	1	5172	1	0101000020E6100000000000000000F03F0000000000000040	2	\N	1
1171	1	5172	1	0101000020E6100000000000000000F03F0000000000000040	4	\N	1
1172	1	5172	1	0101000020E6100000000000000000F03F0000000000000040	1	\N	1
1173	1	5172	1	0101000020E6100000000000000000F03F0000000000000040	2	\N	1
1174	1	5172	1	0101000020E6100000000000000000F03F0000000000000040	2	\N	1
1175	1	5172	1	0101000020E6100000000000000000F03F0000000000000040	1	\N	3
1176	1	5172	1	0101000020E6100000000000000000F03F0000000000000040	1	\N	1
1177	1	5172	1	0101000020E6100000000000000000F03F0000000000000040	1	\N	1
1178	1	5172	1	0101000020E6100000000000000000F03F0000000000000040	3	\N	1
1179	1	5172	1	0101000020E6100000000000000000F03F0000000000000040	1	\N	1
1180	1	5172	1	0101000020E6100000000000000000F03F0000000000000040	3	\N	1
1181	1	5172	1	0101000020E6100000000000000000F03F0000000000000040	2	\N	3
1182	1	5172	1	0101000020E6100000000000000000F03F0000000000000040	3	\N	1
1183	1	5172	2	0101000020E6100000000000000000F03F0000000000000040	\N	Other 4	1
1184	1	5172	1	0101000020E6100000000000000000F03F0000000000000040	4	\N	1
1185	1	5172	3	0101000020E6100000000000000000F03F0000000000000040	\N	\N	1
1186	1	5172	1	0101000020E6100000000000000000F03F0000000000000040	3	\N	1
1187	1	5172	1	0101000020E6100000000000000000F03F0000000000000040	2	\N	1
1188	1	5172	1	0101000020E6100000000000000000F03F0000000000000040	1	\N	1
1189	1	5172	1	0101000020E6100000000000000000F03F0000000000000040	4	\N	1
1190	1	5172	1	0101000020E6100000000000000000F03F0000000000000040	1	\N	1
1191	1	5172	1	0101000020E6100000000000000000F03F0000000000000040	2	\N	1
1192	1	5172	1	0101000020E6100000000000000000F03F0000000000000040	3	\N	1
1193	1	5172	1	0101000020E6100000000000000000F03F0000000000000040	4	\N	1
1194	1	5172	1	0101000020E6100000000000000000F03F0000000000000040	1	\N	1
1195	1	5172	1	0101000020E6100000000000000000F03F0000000000000040	3	\N	1
1196	1	5172	1	0101000020E6100000000000000000F03F0000000000000040	1	\N	1
1197	1	5172	1	0101000020E6100000000000000000F03F0000000000000040	2	\N	1
1198	1	5172	1	0101000020E6100000000000000000F03F0000000000000040	2	\N	1
1199	1	5172	1	0101000020E6100000000000000000F03F0000000000000040	2	\N	1
1200	1	5172	1	0101000020E6100000000000000000F03F0000000000000040	2	\N	1
1201	1	5172	1	0101000020E6100000000000000000F03F0000000000000040	4	\N	1
1202	1	5172	1	0101000020E6100000000000000000F03F0000000000000040	1	\N	1
1203	1	5172	1	0101000020E6100000000000000000F03F0000000000000040	3	\N	1
1204	1	5172	1	0101000020E6100000000000000000F03F0000000000000040	2	\N	1
1205	1	5172	1	0101000020E6100000000000000000F03F0000000000000040	3	\N	1
1206	1	5172	1	0101000020E6100000000000000000F03F0000000000000040	1	\N	1
1207	1	5172	1	0101000020E6100000000000000000F03F0000000000000040	3	\N	3
1208	1	5172	1	0101000020E6100000000000000000F03F0000000000000040	1	\N	3
1209	1	5172	1	0101000020E6100000000000000000F03F0000000000000040	1	\N	1
1210	1	5172	1	0101000020E6100000000000000000F03F0000000000000040	1	\N	1
1211	1	5172	1	0101000020E6100000000000000000F03F0000000000000040	1	\N	1
1212	1	5172	1	0101000020E6100000000000000000F03F0000000000000040	4	\N	3
1213	1	5172	1	0101000020E6100000000000000000F03F0000000000000040	1	\N	1
1214	1	5172	1	0101000020E6100000000000000000F03F0000000000000040	2	\N	1
1215	1	5172	1	0101000020E6100000000000000000F03F0000000000000040	2	\N	1
1216	1	5172	1	0101000020E6100000000000000000F03F0000000000000040	2	\N	2
1217	1	5172	1	0101000020E6100000000000000000F03F0000000000000040	1	\N	1
1218	1	5172	1	0101000020E6100000000000000000F03F0000000000000040	3	\N	1
1219	1	5172	1	0101000020E6100000000000000000F03F0000000000000040	4	\N	1
1220	1	5172	1	0101000020E6100000000000000000F03F0000000000000040	3	\N	1
1221	1	5172	1	0101000020E6100000000000000000F03F0000000000000040	3	\N	1
1222	1	5172	1	0101000020E6100000000000000000F03F0000000000000040	2	\N	1
1223	1	5172	1	0101000020E6100000000000000000F03F0000000000000040	3	\N	1
1224	1	5172	1	0101000020E6100000000000000000F03F0000000000000040	1	\N	1
1225	1	5172	1	0101000020E6100000000000000000F03F0000000000000040	3	\N	1
1226	1	5172	1	0101000020E6100000000000000000F03F0000000000000040	2	\N	1
1227	1	5172	3	0101000020E6100000000000000000F03F0000000000000040	\N	\N	1
1228	1	5172	1	0101000020E6100000000000000000F03F0000000000000040	4	\N	1
1229	1	5172	1	0101000020E6100000000000000000F03F0000000000000040	2	\N	1
1230	1	5172	1	0101000020E6100000000000000000F03F0000000000000040	3	\N	1
1231	1	5172	1	0101000020E6100000000000000000F03F0000000000000040	2	\N	1
1232	1	5172	3	0101000020E6100000000000000000F03F0000000000000040	\N	\N	1
1233	1	5172	1	0101000020E6100000000000000000F03F0000000000000040	3	\N	3
1234	1	5172	3	0101000020E6100000000000000000F03F0000000000000040	\N	\N	2
1235	1	5172	1	0101000020E6100000000000000000F03F0000000000000040	3	\N	2
1236	1	5173	1	0101000020E6100000000000000000F03F0000000000000040	2	\N	3
1237	1	5173	1	0101000020E6100000000000000000F03F0000000000000040	2	\N	1
1238	1	5173	1	0101000020E6100000000000000000F03F0000000000000040	4	\N	3
1239	1	5173	1	0101000020E6100000000000000000F03F0000000000000040	1	\N	1
1240	1	5173	1	0101000020E6100000000000000000F03F0000000000000040	1	\N	1
1241	1	5173	1	0101000020E6100000000000000000F03F0000000000000040	4	\N	1
1242	1	5173	1	0101000020E6100000000000000000F03F0000000000000040	4	\N	3
1243	1	5173	1	0101000020E6100000000000000000F03F0000000000000040	3	\N	1
1244	1	5173	1	0101000020E6100000000000000000F03F0000000000000040	4	\N	1
1245	1	5173	1	0101000020E6100000000000000000F03F0000000000000040	4	\N	1
1246	1	5173	1	0101000020E6100000000000000000F03F0000000000000040	4	\N	1
1247	1	5173	1	0101000020E6100000000000000000F03F0000000000000040	1	\N	1
1248	1	5173	1	0101000020E6100000000000000000F03F0000000000000040	2	\N	1
1249	1	5173	1	0101000020E6100000000000000000F03F0000000000000040	2	\N	1
1250	1	5173	1	0101000020E6100000000000000000F03F0000000000000040	1	\N	1
1251	1	5173	1	0101000020E6100000000000000000F03F0000000000000040	1	\N	1
1252	1	5173	1	0101000020E6100000000000000000F03F0000000000000040	3	\N	1
1253	1	5173	1	0101000020E6100000000000000000F03F0000000000000040	3	\N	1
1254	1	5173	1	0101000020E6100000000000000000F03F0000000000000040	3	\N	1
1255	1	5173	1	0101000020E6100000000000000000F03F0000000000000040	2	\N	1
1256	1	5173	1	0101000020E6100000000000000000F03F0000000000000040	4	\N	1
1257	1	5173	1	0101000020E6100000000000000000F03F0000000000000040	2	\N	1
1258	1	5173	1	0101000020E6100000000000000000F03F0000000000000040	4	\N	3
1259	1	5173	1	0101000020E6100000000000000000F03F0000000000000040	4	\N	1
1260	1	5173	1	0101000020E6100000000000000000F03F0000000000000040	3	\N	1
1261	1	5173	1	0101000020E6100000000000000000F03F0000000000000040	1	\N	1
1262	1	5173	1	0101000020E6100000000000000000F03F0000000000000040	1	\N	1
1263	1	5173	2	0101000020E6100000000000000000F03F0000000000000040	\N	Other 3	1
1264	1	5173	1	0101000020E6100000000000000000F03F0000000000000040	1	\N	2
1265	1	5173	1	0101000020E6100000000000000000F03F0000000000000040	2	\N	1
1266	1	5173	1	0101000020E6100000000000000000F03F0000000000000040	3	\N	1
1267	1	5173	1	0101000020E6100000000000000000F03F0000000000000040	4	\N	1
1268	1	5173	2	0101000020E6100000000000000000F03F0000000000000040	\N	Other 3	1
1269	1	5173	1	0101000020E6100000000000000000F03F0000000000000040	4	\N	1
1270	1	5173	1	0101000020E6100000000000000000F03F0000000000000040	4	\N	1
1271	1	5173	1	0101000020E6100000000000000000F03F0000000000000040	4	\N	1
1272	1	5173	1	0101000020E6100000000000000000F03F0000000000000040	4	\N	1
1273	1	5173	1	0101000020E6100000000000000000F03F0000000000000040	3	\N	1
1274	1	5173	1	0101000020E6100000000000000000F03F0000000000000040	3	\N	1
1275	1	5173	1	0101000020E6100000000000000000F03F0000000000000040	3	\N	1
1276	1	5173	1	0101000020E6100000000000000000F03F0000000000000040	3	\N	3
1277	1	5173	1	0101000020E6100000000000000000F03F0000000000000040	1	\N	2
1278	1	5173	1	0101000020E6100000000000000000F03F0000000000000040	1	\N	3
1279	1	5173	3	0101000020E6100000000000000000F03F0000000000000040	\N	\N	3
1280	1	5173	1	0101000020E6100000000000000000F03F0000000000000040	3	\N	1
1281	1	5173	1	0101000020E6100000000000000000F03F0000000000000040	2	\N	1
1282	1	5173	1	0101000020E6100000000000000000F03F0000000000000040	2	\N	3
1283	1	5173	1	0101000020E6100000000000000000F03F0000000000000040	3	\N	1
1284	1	5173	1	0101000020E6100000000000000000F03F0000000000000040	4	\N	1
1285	1	5173	2	0101000020E6100000000000000000F03F0000000000000040	\N	Other 2	1
1286	1	5173	1	0101000020E6100000000000000000F03F0000000000000040	4	\N	1
1287	1	5173	1	0101000020E6100000000000000000F03F0000000000000040	3	\N	3
1288	1	5173	1	0101000020E6100000000000000000F03F0000000000000040	4	\N	1
1289	1	5173	1	0101000020E6100000000000000000F03F0000000000000040	3	\N	3
1290	1	5173	1	0101000020E6100000000000000000F03F0000000000000040	2	\N	1
1291	1	5173	1	0101000020E6100000000000000000F03F0000000000000040	2	\N	1
1292	1	5173	1	0101000020E6100000000000000000F03F0000000000000040	1	\N	1
1293	1	5173	1	0101000020E6100000000000000000F03F0000000000000040	1	\N	1
1294	1	5173	1	0101000020E6100000000000000000F03F0000000000000040	3	\N	1
1295	1	5173	1	0101000020E6100000000000000000F03F0000000000000040	1	\N	1
1296	1	5173	1	0101000020E6100000000000000000F03F0000000000000040	3	\N	1
1297	1	5173	1	0101000020E6100000000000000000F03F0000000000000040	3	\N	3
1298	1	5173	1	0101000020E6100000000000000000F03F0000000000000040	4	\N	1
1299	1	5173	1	0101000020E6100000000000000000F03F0000000000000040	2	\N	1
1300	1	5173	1	0101000020E6100000000000000000F03F0000000000000040	3	\N	1
1301	1	5173	1	0101000020E6100000000000000000F03F0000000000000040	3	\N	1
1302	1	5173	3	0101000020E6100000000000000000F03F0000000000000040	\N	\N	1
1303	1	5173	1	0101000020E6100000000000000000F03F0000000000000040	4	\N	3
1304	1	5173	1	0101000020E6100000000000000000F03F0000000000000040	1	\N	1
1305	1	5173	1	0101000020E6100000000000000000F03F0000000000000040	3	\N	1
1306	1	5173	1	0101000020E6100000000000000000F03F0000000000000040	1	\N	1
1307	1	5173	1	0101000020E6100000000000000000F03F0000000000000040	4	\N	1
1308	1	5173	1	0101000020E6100000000000000000F03F0000000000000040	1	\N	1
1309	1	5173	1	0101000020E6100000000000000000F03F0000000000000040	4	\N	1
1310	1	5173	1	0101000020E6100000000000000000F03F0000000000000040	4	\N	1
1311	1	5173	1	0101000020E6100000000000000000F03F0000000000000040	1	\N	1
1312	1	5173	1	0101000020E6100000000000000000F03F0000000000000040	2	\N	1
1313	1	5173	1	0101000020E6100000000000000000F03F0000000000000040	4	\N	1
1314	1	5173	1	0101000020E6100000000000000000F03F0000000000000040	3	\N	1
1315	1	5173	1	0101000020E6100000000000000000F03F0000000000000040	1	\N	1
1316	1	5173	1	0101000020E6100000000000000000F03F0000000000000040	4	\N	3
1317	1	5173	1	0101000020E6100000000000000000F03F0000000000000040	3	\N	2
1318	1	5174	1	0101000020E6100000000000000000F03F0000000000000040	2	\N	1
1319	1	5174	1	0101000020E6100000000000000000F03F0000000000000040	1	\N	1
1320	1	5174	1	0101000020E6100000000000000000F03F0000000000000040	2	\N	1
1321	1	5174	2	0101000020E6100000000000000000F03F0000000000000040	\N	Other 4	1
1322	1	5174	1	0101000020E6100000000000000000F03F0000000000000040	2	\N	1
1323	1	5174	1	0101000020E6100000000000000000F03F0000000000000040	3	\N	1
1324	1	5174	1	0101000020E6100000000000000000F03F0000000000000040	1	\N	1
1325	1	5174	2	0101000020E6100000000000000000F03F0000000000000040	\N	Other 3	1
1326	1	5174	1	0101000020E6100000000000000000F03F0000000000000040	3	\N	1
1327	1	5174	1	0101000020E6100000000000000000F03F0000000000000040	4	\N	1
1328	1	5174	1	0101000020E6100000000000000000F03F0000000000000040	1	\N	1
1329	1	5174	1	0101000020E6100000000000000000F03F0000000000000040	1	\N	3
1330	1	5174	1	0101000020E6100000000000000000F03F0000000000000040	1	\N	1
1331	1	5174	1	0101000020E6100000000000000000F03F0000000000000040	2	\N	3
1332	1	5174	2	0101000020E6100000000000000000F03F0000000000000040	\N	Other 1	1
1333	1	5174	1	0101000020E6100000000000000000F03F0000000000000040	1	\N	1
1334	1	5174	3	0101000020E6100000000000000000F03F0000000000000040	\N	\N	1
1335	1	5174	3	0101000020E6100000000000000000F03F0000000000000040	\N	\N	2
1336	1	5174	1	0101000020E6100000000000000000F03F0000000000000040	2	\N	1
1337	1	5174	1	0101000020E6100000000000000000F03F0000000000000040	4	\N	1
1338	1	5174	3	0101000020E6100000000000000000F03F0000000000000040	\N	\N	2
1339	1	5174	1	0101000020E6100000000000000000F03F0000000000000040	4	\N	1
1340	1	5174	1	0101000020E6100000000000000000F03F0000000000000040	3	\N	1
1341	1	5174	1	0101000020E6100000000000000000F03F0000000000000040	4	\N	1
1342	1	5174	2	0101000020E6100000000000000000F03F0000000000000040	\N	Other 4	1
1343	1	5174	1	0101000020E6100000000000000000F03F0000000000000040	3	\N	1
1344	1	5174	1	0101000020E6100000000000000000F03F0000000000000040	2	\N	1
1345	1	5174	1	0101000020E6100000000000000000F03F0000000000000040	3	\N	1
1346	1	5174	1	0101000020E6100000000000000000F03F0000000000000040	2	\N	1
1347	1	5174	1	0101000020E6100000000000000000F03F0000000000000040	3	\N	2
1348	1	5174	1	0101000020E6100000000000000000F03F0000000000000040	3	\N	1
1349	1	5174	1	0101000020E6100000000000000000F03F0000000000000040	1	\N	1
1350	1	5174	1	0101000020E6100000000000000000F03F0000000000000040	1	\N	1
1351	1	5174	1	0101000020E6100000000000000000F03F0000000000000040	3	\N	3
1352	1	5174	1	0101000020E6100000000000000000F03F0000000000000040	1	\N	1
1353	1	5174	1	0101000020E6100000000000000000F03F0000000000000040	1	\N	1
1354	1	5174	1	0101000020E6100000000000000000F03F0000000000000040	1	\N	1
1355	1	5174	1	0101000020E6100000000000000000F03F0000000000000040	1	\N	1
1356	1	5174	1	0101000020E6100000000000000000F03F0000000000000040	4	\N	2
1357	1	5174	1	0101000020E6100000000000000000F03F0000000000000040	2	\N	1
1358	1	5174	1	0101000020E6100000000000000000F03F0000000000000040	2	\N	1
1359	1	5174	1	0101000020E6100000000000000000F03F0000000000000040	1	\N	1
1360	1	5174	1	0101000020E6100000000000000000F03F0000000000000040	3	\N	1
1361	1	5174	1	0101000020E6100000000000000000F03F0000000000000040	2	\N	1
1362	1	5174	3	0101000020E6100000000000000000F03F0000000000000040	\N	\N	1
1363	1	5174	1	0101000020E6100000000000000000F03F0000000000000040	3	\N	1
1364	1	5174	1	0101000020E6100000000000000000F03F0000000000000040	2	\N	1
1365	1	5174	3	0101000020E6100000000000000000F03F0000000000000040	\N	\N	3
1366	1	5174	2	0101000020E6100000000000000000F03F0000000000000040	\N	Other 3	1
1367	1	5174	1	0101000020E6100000000000000000F03F0000000000000040	2	\N	1
1368	1	5174	1	0101000020E6100000000000000000F03F0000000000000040	4	\N	1
1369	1	5174	2	0101000020E6100000000000000000F03F0000000000000040	\N	Other 2	1
1370	1	5174	1	0101000020E6100000000000000000F03F0000000000000040	1	\N	1
1371	1	5174	1	0101000020E6100000000000000000F03F0000000000000040	3	\N	2
1372	1	5174	1	0101000020E6100000000000000000F03F0000000000000040	1	\N	3
1373	1	5174	1	0101000020E6100000000000000000F03F0000000000000040	2	\N	1
1374	1	5174	1	0101000020E6100000000000000000F03F0000000000000040	3	\N	1
1375	1	5174	1	0101000020E6100000000000000000F03F0000000000000040	4	\N	1
1376	1	5174	1	0101000020E6100000000000000000F03F0000000000000040	3	\N	1
1377	1	5175	2	0101000020E6100000000000000000F03F0000000000000040	\N	Other 3	1
1378	1	5175	1	0101000020E6100000000000000000F03F0000000000000040	2	\N	1
1379	1	5175	1	0101000020E6100000000000000000F03F0000000000000040	1	\N	3
1380	1	5175	1	0101000020E6100000000000000000F03F0000000000000040	2	\N	1
1381	1	5175	1	0101000020E6100000000000000000F03F0000000000000040	3	\N	2
1382	1	5175	1	0101000020E6100000000000000000F03F0000000000000040	3	\N	1
1383	1	5175	1	0101000020E6100000000000000000F03F0000000000000040	4	\N	2
1384	1	5175	1	0101000020E6100000000000000000F03F0000000000000040	3	\N	1
1385	1	5175	1	0101000020E6100000000000000000F03F0000000000000040	3	\N	1
1386	1	5175	1	0101000020E6100000000000000000F03F0000000000000040	4	\N	1
1387	1	5175	3	0101000020E6100000000000000000F03F0000000000000040	\N	\N	1
1388	1	5175	1	0101000020E6100000000000000000F03F0000000000000040	1	\N	2
1389	1	5175	1	0101000020E6100000000000000000F03F0000000000000040	2	\N	1
1390	1	5175	1	0101000020E6100000000000000000F03F0000000000000040	2	\N	1
1391	1	5175	1	0101000020E6100000000000000000F03F0000000000000040	4	\N	1
1392	1	5175	1	0101000020E6100000000000000000F03F0000000000000040	2	\N	1
1393	1	5175	1	0101000020E6100000000000000000F03F0000000000000040	3	\N	1
1394	1	5175	1	0101000020E6100000000000000000F03F0000000000000040	1	\N	1
1395	1	5175	1	0101000020E6100000000000000000F03F0000000000000040	1	\N	3
1396	1	5175	1	0101000020E6100000000000000000F03F0000000000000040	1	\N	1
1397	1	5175	1	0101000020E6100000000000000000F03F0000000000000040	4	\N	3
1398	1	5175	2	0101000020E6100000000000000000F03F0000000000000040	\N	Other 1	1
1399	1	5175	1	0101000020E6100000000000000000F03F0000000000000040	3	\N	1
1400	1	5175	1	0101000020E6100000000000000000F03F0000000000000040	4	\N	1
1401	1	5175	1	0101000020E6100000000000000000F03F0000000000000040	2	\N	1
1402	1	5175	1	0101000020E6100000000000000000F03F0000000000000040	3	\N	1
1403	1	5175	1	0101000020E6100000000000000000F03F0000000000000040	2	\N	1
1404	1	5175	1	0101000020E6100000000000000000F03F0000000000000040	4	\N	1
1405	1	5175	1	0101000020E6100000000000000000F03F0000000000000040	4	\N	1
1406	1	5175	1	0101000020E6100000000000000000F03F0000000000000040	4	\N	3
1407	1	5175	1	0101000020E6100000000000000000F03F0000000000000040	1	\N	1
1408	1	5175	1	0101000020E6100000000000000000F03F0000000000000040	4	\N	1
1409	1	5175	1	0101000020E6100000000000000000F03F0000000000000040	2	\N	3
1410	1	5175	1	0101000020E6100000000000000000F03F0000000000000040	1	\N	1
1411	1	5175	1	0101000020E6100000000000000000F03F0000000000000040	3	\N	3
1412	1	5175	1	0101000020E6100000000000000000F03F0000000000000040	3	\N	3
1413	1	5175	1	0101000020E6100000000000000000F03F0000000000000040	2	\N	1
1414	1	5175	1	0101000020E6100000000000000000F03F0000000000000040	3	\N	1
1415	1	5175	1	0101000020E6100000000000000000F03F0000000000000040	4	\N	1
1416	1	5175	1	0101000020E6100000000000000000F03F0000000000000040	1	\N	1
1417	1	5175	1	0101000020E6100000000000000000F03F0000000000000040	2	\N	1
1418	1	5175	1	0101000020E6100000000000000000F03F0000000000000040	2	\N	1
1419	1	5175	1	0101000020E6100000000000000000F03F0000000000000040	2	\N	1
1420	1	5175	1	0101000020E6100000000000000000F03F0000000000000040	2	\N	1
1421	1	5175	1	0101000020E6100000000000000000F03F0000000000000040	3	\N	1
1422	1	5175	1	0101000020E6100000000000000000F03F0000000000000040	2	\N	2
1423	1	5175	1	0101000020E6100000000000000000F03F0000000000000040	4	\N	1
1424	1	5175	1	0101000020E6100000000000000000F03F0000000000000040	1	\N	1
1425	1	5175	2	0101000020E6100000000000000000F03F0000000000000040	\N	Other 2	3
1426	1	5175	1	0101000020E6100000000000000000F03F0000000000000040	4	\N	1
1427	1	5175	1	0101000020E6100000000000000000F03F0000000000000040	3	\N	1
1428	1	5175	2	0101000020E6100000000000000000F03F0000000000000040	\N	Other 1	1
1429	1	5175	1	0101000020E6100000000000000000F03F0000000000000040	1	\N	1
1430	1	5175	1	0101000020E6100000000000000000F03F0000000000000040	4	\N	1
1431	1	5175	1	0101000020E6100000000000000000F03F0000000000000040	1	\N	1
1432	1	5175	1	0101000020E6100000000000000000F03F0000000000000040	4	\N	2
1433	1	5175	1	0101000020E6100000000000000000F03F0000000000000040	2	\N	1
1434	1	5175	1	0101000020E6100000000000000000F03F0000000000000040	2	\N	1
1435	1	5175	1	0101000020E6100000000000000000F03F0000000000000040	3	\N	1
1436	1	5175	2	0101000020E6100000000000000000F03F0000000000000040	\N	Other 2	1
1437	1	5175	1	0101000020E6100000000000000000F03F0000000000000040	4	\N	1
1438	1	5175	1	0101000020E6100000000000000000F03F0000000000000040	1	\N	1
1439	1	5175	1	0101000020E6100000000000000000F03F0000000000000040	2	\N	3
1440	1	5175	1	0101000020E6100000000000000000F03F0000000000000040	1	\N	1
1441	1	5175	1	0101000020E6100000000000000000F03F0000000000000040	1	\N	1
1442	1	5175	1	0101000020E6100000000000000000F03F0000000000000040	3	\N	1
1443	1	5175	1	0101000020E6100000000000000000F03F0000000000000040	3	\N	1
1444	1	5175	1	0101000020E6100000000000000000F03F0000000000000040	1	\N	1
1445	1	5175	1	0101000020E6100000000000000000F03F0000000000000040	2	\N	2
1446	1	5175	1	0101000020E6100000000000000000F03F0000000000000040	2	\N	3
1447	1	5175	2	0101000020E6100000000000000000F03F0000000000000040	\N	Other 5	1
1448	1	5175	1	0101000020E6100000000000000000F03F0000000000000040	3	\N	1
1449	1	5175	1	0101000020E6100000000000000000F03F0000000000000040	3	\N	1
1450	1	5175	1	0101000020E6100000000000000000F03F0000000000000040	4	\N	1
1451	1	5175	1	0101000020E6100000000000000000F03F0000000000000040	2	\N	1
1452	1	5175	1	0101000020E6100000000000000000F03F0000000000000040	4	\N	1
1453	1	5175	1	0101000020E6100000000000000000F03F0000000000000040	1	\N	2
1454	1	5175	1	0101000020E6100000000000000000F03F0000000000000040	3	\N	1
1455	1	5175	1	0101000020E6100000000000000000F03F0000000000000040	1	\N	1
1456	1	5175	2	0101000020E6100000000000000000F03F0000000000000040	\N	Other 5	1
1457	1	5175	1	0101000020E6100000000000000000F03F0000000000000040	1	\N	1
1458	1	5175	1	0101000020E6100000000000000000F03F0000000000000040	2	\N	1
1459	1	5175	1	0101000020E6100000000000000000F03F0000000000000040	1	\N	2
1460	1	5175	1	0101000020E6100000000000000000F03F0000000000000040	3	\N	1
1461	1	5175	1	0101000020E6100000000000000000F03F0000000000000040	2	\N	1
1462	1	5175	1	0101000020E6100000000000000000F03F0000000000000040	1	\N	1
1463	1	5176	1	0101000020E6100000000000000000F03F0000000000000040	4	\N	3
1464	1	5176	1	0101000020E6100000000000000000F03F0000000000000040	3	\N	1
1465	1	5176	1	0101000020E6100000000000000000F03F0000000000000040	2	\N	1
1466	1	5176	1	0101000020E6100000000000000000F03F0000000000000040	3	\N	2
1467	1	5176	1	0101000020E6100000000000000000F03F0000000000000040	2	\N	1
1468	1	5176	2	0101000020E6100000000000000000F03F0000000000000040	\N	Other 4	1
1469	1	5176	2	0101000020E6100000000000000000F03F0000000000000040	\N	Other 3	2
1470	1	5176	1	0101000020E6100000000000000000F03F0000000000000040	3	\N	2
1471	1	5176	1	0101000020E6100000000000000000F03F0000000000000040	4	\N	1
1472	1	5176	1	0101000020E6100000000000000000F03F0000000000000040	1	\N	1
1473	1	5176	3	0101000020E6100000000000000000F03F0000000000000040	\N	\N	3
1474	1	5176	1	0101000020E6100000000000000000F03F0000000000000040	4	\N	1
1475	1	5176	1	0101000020E6100000000000000000F03F0000000000000040	1	\N	1
1476	1	5176	1	0101000020E6100000000000000000F03F0000000000000040	4	\N	1
1477	1	5176	1	0101000020E6100000000000000000F03F0000000000000040	3	\N	3
1478	1	5176	1	0101000020E6100000000000000000F03F0000000000000040	1	\N	1
1479	1	5176	1	0101000020E6100000000000000000F03F0000000000000040	3	\N	1
1480	1	5176	1	0101000020E6100000000000000000F03F0000000000000040	3	\N	1
1481	1	5176	1	0101000020E6100000000000000000F03F0000000000000040	3	\N	2
1482	1	5176	1	0101000020E6100000000000000000F03F0000000000000040	1	\N	1
1483	1	5176	1	0101000020E6100000000000000000F03F0000000000000040	3	\N	1
1484	1	5176	1	0101000020E6100000000000000000F03F0000000000000040	1	\N	1
1485	1	5176	1	0101000020E6100000000000000000F03F0000000000000040	4	\N	3
1486	1	5176	1	0101000020E6100000000000000000F03F0000000000000040	4	\N	1
1487	1	5176	1	0101000020E6100000000000000000F03F0000000000000040	3	\N	1
1488	1	5176	1	0101000020E6100000000000000000F03F0000000000000040	4	\N	1
1489	1	5176	1	0101000020E6100000000000000000F03F0000000000000040	2	\N	2
1490	1	5176	1	0101000020E6100000000000000000F03F0000000000000040	2	\N	2
1491	1	5176	1	0101000020E6100000000000000000F03F0000000000000040	3	\N	1
1492	1	5176	1	0101000020E6100000000000000000F03F0000000000000040	3	\N	1
1493	1	5176	3	0101000020E6100000000000000000F03F0000000000000040	\N	\N	1
1494	1	5176	1	0101000020E6100000000000000000F03F0000000000000040	4	\N	1
1495	1	5176	1	0101000020E6100000000000000000F03F0000000000000040	3	\N	1
1496	1	5176	1	0101000020E6100000000000000000F03F0000000000000040	1	\N	2
1497	1	5176	1	0101000020E6100000000000000000F03F0000000000000040	3	\N	1
1498	1	5176	1	0101000020E6100000000000000000F03F0000000000000040	2	\N	1
1499	1	5176	1	0101000020E6100000000000000000F03F0000000000000040	1	\N	1
1500	1	5176	1	0101000020E6100000000000000000F03F0000000000000040	2	\N	1
1501	1	5176	1	0101000020E6100000000000000000F03F0000000000000040	3	\N	1
1502	1	5176	1	0101000020E6100000000000000000F03F0000000000000040	1	\N	1
1503	1	5176	2	0101000020E6100000000000000000F03F0000000000000040	\N	Other 1	1
1504	1	5176	1	0101000020E6100000000000000000F03F0000000000000040	3	\N	1
1505	1	5176	1	0101000020E6100000000000000000F03F0000000000000040	4	\N	1
1506	1	5177	1	0101000020E6100000000000000000F03F0000000000000040	4	\N	1
1507	1	5177	1	0101000020E6100000000000000000F03F0000000000000040	1	\N	1
1508	1	5177	1	0101000020E6100000000000000000F03F0000000000000040	3	\N	1
1509	1	5177	1	0101000020E6100000000000000000F03F0000000000000040	3	\N	1
1510	1	5177	1	0101000020E6100000000000000000F03F0000000000000040	3	\N	1
1511	1	5177	1	0101000020E6100000000000000000F03F0000000000000040	3	\N	1
1512	1	5177	1	0101000020E6100000000000000000F03F0000000000000040	2	\N	3
1513	1	5177	1	0101000020E6100000000000000000F03F0000000000000040	3	\N	2
1514	1	5177	1	0101000020E6100000000000000000F03F0000000000000040	4	\N	1
1515	1	5177	1	0101000020E6100000000000000000F03F0000000000000040	3	\N	1
1516	1	5177	1	0101000020E6100000000000000000F03F0000000000000040	2	\N	1
1517	1	5177	1	0101000020E6100000000000000000F03F0000000000000040	3	\N	1
1518	1	5177	1	0101000020E6100000000000000000F03F0000000000000040	4	\N	1
1519	1	5177	1	0101000020E6100000000000000000F03F0000000000000040	3	\N	1
1520	1	5177	1	0101000020E6100000000000000000F03F0000000000000040	2	\N	1
1521	1	5177	1	0101000020E6100000000000000000F03F0000000000000040	3	\N	1
1522	1	5177	1	0101000020E6100000000000000000F03F0000000000000040	2	\N	3
1523	1	5177	1	0101000020E6100000000000000000F03F0000000000000040	2	\N	1
1524	1	5177	1	0101000020E6100000000000000000F03F0000000000000040	1	\N	1
1525	1	5177	1	0101000020E6100000000000000000F03F0000000000000040	2	\N	1
1526	1	5177	1	0101000020E6100000000000000000F03F0000000000000040	2	\N	1
1527	1	5177	1	0101000020E6100000000000000000F03F0000000000000040	3	\N	1
1528	1	5177	3	0101000020E6100000000000000000F03F0000000000000040	\N	\N	1
1529	1	5177	1	0101000020E6100000000000000000F03F0000000000000040	3	\N	3
1530	1	5177	1	0101000020E6100000000000000000F03F0000000000000040	3	\N	1
1531	1	5177	1	0101000020E6100000000000000000F03F0000000000000040	1	\N	1
1532	1	5177	1	0101000020E6100000000000000000F03F0000000000000040	4	\N	3
1533	1	5177	3	0101000020E6100000000000000000F03F0000000000000040	\N	\N	1
1534	1	5177	2	0101000020E6100000000000000000F03F0000000000000040	\N	Other 5	1
1535	1	5177	1	0101000020E6100000000000000000F03F0000000000000040	1	\N	1
1536	1	5177	1	0101000020E6100000000000000000F03F0000000000000040	3	\N	1
1537	1	5177	1	0101000020E6100000000000000000F03F0000000000000040	4	\N	1
1538	1	5177	1	0101000020E6100000000000000000F03F0000000000000040	4	\N	1
1539	1	5177	1	0101000020E6100000000000000000F03F0000000000000040	1	\N	1
1540	1	5177	1	0101000020E6100000000000000000F03F0000000000000040	4	\N	1
1541	1	5177	1	0101000020E6100000000000000000F03F0000000000000040	3	\N	1
1542	1	5177	1	0101000020E6100000000000000000F03F0000000000000040	1	\N	1
1543	1	5177	1	0101000020E6100000000000000000F03F0000000000000040	3	\N	1
1544	1	5177	3	0101000020E6100000000000000000F03F0000000000000040	\N	\N	1
1545	1	5177	1	0101000020E6100000000000000000F03F0000000000000040	1	\N	3
1546	1	5177	1	0101000020E6100000000000000000F03F0000000000000040	3	\N	1
1547	1	5177	1	0101000020E6100000000000000000F03F0000000000000040	4	\N	1
1548	1	5177	1	0101000020E6100000000000000000F03F0000000000000040	4	\N	1
1549	1	5177	1	0101000020E6100000000000000000F03F0000000000000040	1	\N	1
1550	1	5177	1	0101000020E6100000000000000000F03F0000000000000040	1	\N	1
1551	1	5177	1	0101000020E6100000000000000000F03F0000000000000040	2	\N	1
1552	1	5177	1	0101000020E6100000000000000000F03F0000000000000040	1	\N	3
1553	1	5177	1	0101000020E6100000000000000000F03F0000000000000040	4	\N	1
1554	1	5177	1	0101000020E6100000000000000000F03F0000000000000040	2	\N	1
1555	1	5177	1	0101000020E6100000000000000000F03F0000000000000040	2	\N	2
1556	1	5177	1	0101000020E6100000000000000000F03F0000000000000040	4	\N	1
1557	1	5177	1	0101000020E6100000000000000000F03F0000000000000040	4	\N	1
1558	1	5177	1	0101000020E6100000000000000000F03F0000000000000040	4	\N	1
1559	1	5177	1	0101000020E6100000000000000000F03F0000000000000040	3	\N	1
1560	1	5177	1	0101000020E6100000000000000000F03F0000000000000040	4	\N	1
1561	1	5177	1	0101000020E6100000000000000000F03F0000000000000040	2	\N	3
1562	1	5177	1	0101000020E6100000000000000000F03F0000000000000040	2	\N	1
1563	1	5177	1	0101000020E6100000000000000000F03F0000000000000040	3	\N	1
1564	1	5177	1	0101000020E6100000000000000000F03F0000000000000040	2	\N	1
1565	1	5177	1	0101000020E6100000000000000000F03F0000000000000040	4	\N	1
1566	1	5177	1	0101000020E6100000000000000000F03F0000000000000040	4	\N	1
1567	1	5177	1	0101000020E6100000000000000000F03F0000000000000040	3	\N	1
1568	1	5177	1	0101000020E6100000000000000000F03F0000000000000040	3	\N	2
1569	1	5177	1	0101000020E6100000000000000000F03F0000000000000040	2	\N	1
1570	1	5177	1	0101000020E6100000000000000000F03F0000000000000040	1	\N	1
1571	1	5177	1	0101000020E6100000000000000000F03F0000000000000040	2	\N	1
1572	1	5177	1	0101000020E6100000000000000000F03F0000000000000040	2	\N	1
1573	1	5177	1	0101000020E6100000000000000000F03F0000000000000040	4	\N	1
1574	1	5177	1	0101000020E6100000000000000000F03F0000000000000040	2	\N	1
1575	1	5177	1	0101000020E6100000000000000000F03F0000000000000040	1	\N	1
1576	1	5177	1	0101000020E6100000000000000000F03F0000000000000040	1	\N	1
1577	1	5177	1	0101000020E6100000000000000000F03F0000000000000040	3	\N	1
1578	1	5177	1	0101000020E6100000000000000000F03F0000000000000040	1	\N	1
1579	1	5177	1	0101000020E6100000000000000000F03F0000000000000040	2	\N	1
1580	1	5177	2	0101000020E6100000000000000000F03F0000000000000040	\N	Other 3	1
1581	1	5177	1	0101000020E6100000000000000000F03F0000000000000040	3	\N	1
1582	1	5177	1	0101000020E6100000000000000000F03F0000000000000040	2	\N	1
1583	1	5177	1	0101000020E6100000000000000000F03F0000000000000040	2	\N	1
1584	1	5177	1	0101000020E6100000000000000000F03F0000000000000040	1	\N	1
1585	1	5177	1	0101000020E6100000000000000000F03F0000000000000040	4	\N	1
1586	1	5177	2	0101000020E6100000000000000000F03F0000000000000040	\N	Other 5	1
1587	1	5177	1	0101000020E6100000000000000000F03F0000000000000040	1	\N	1
1588	1	5177	1	0101000020E6100000000000000000F03F0000000000000040	3	\N	1
1589	1	5177	1	0101000020E6100000000000000000F03F0000000000000040	1	\N	1
1590	1	5177	1	0101000020E6100000000000000000F03F0000000000000040	3	\N	1
1591	1	5177	1	0101000020E6100000000000000000F03F0000000000000040	2	\N	1
1592	1	5177	1	0101000020E6100000000000000000F03F0000000000000040	4	\N	1
1593	1	5177	1	0101000020E6100000000000000000F03F0000000000000040	4	\N	1
1594	1	5177	1	0101000020E6100000000000000000F03F0000000000000040	4	\N	2
1595	1	5177	1	0101000020E6100000000000000000F03F0000000000000040	2	\N	3
1596	1	5177	1	0101000020E6100000000000000000F03F0000000000000040	2	\N	1
1597	1	5177	1	0101000020E6100000000000000000F03F0000000000000040	4	\N	2
1598	1	5177	1	0101000020E6100000000000000000F03F0000000000000040	4	\N	1
1599	1	5177	1	0101000020E6100000000000000000F03F0000000000000040	3	\N	1
1600	1	5177	1	0101000020E6100000000000000000F03F0000000000000040	2	\N	1
1601	1	5177	1	0101000020E6100000000000000000F03F0000000000000040	3	\N	1
1602	1	5177	1	0101000020E6100000000000000000F03F0000000000000040	3	\N	1
1603	1	5177	2	0101000020E6100000000000000000F03F0000000000000040	\N	Other 4	1
1604	1	5177	1	0101000020E6100000000000000000F03F0000000000000040	4	\N	1
1605	1	5177	1	0101000020E6100000000000000000F03F0000000000000040	2	\N	1
1606	1	5177	1	0101000020E6100000000000000000F03F0000000000000040	1	\N	1
1607	1	5177	1	0101000020E6100000000000000000F03F0000000000000040	3	\N	1
1608	1	5177	1	0101000020E6100000000000000000F03F0000000000000040	1	\N	1
1609	1	5177	1	0101000020E6100000000000000000F03F0000000000000040	3	\N	1
1610	1	5177	1	0101000020E6100000000000000000F03F0000000000000040	4	\N	3
1611	1	5177	1	0101000020E6100000000000000000F03F0000000000000040	1	\N	1
1612	1	5177	1	0101000020E6100000000000000000F03F0000000000000040	3	\N	1
1613	1	5177	1	0101000020E6100000000000000000F03F0000000000000040	2	\N	1
1614	1	5177	1	0101000020E6100000000000000000F03F0000000000000040	1	\N	1
1615	1	5177	1	0101000020E6100000000000000000F03F0000000000000040	1	\N	1
1616	1	5177	2	0101000020E6100000000000000000F03F0000000000000040	\N	Other 4	2
1617	1	5177	2	0101000020E6100000000000000000F03F0000000000000040	\N	Other 5	1
1618	1	5177	1	0101000020E6100000000000000000F03F0000000000000040	3	\N	1
1619	1	5177	1	0101000020E6100000000000000000F03F0000000000000040	2	\N	1
1620	1	5177	1	0101000020E6100000000000000000F03F0000000000000040	1	\N	1
1621	1	5177	3	0101000020E6100000000000000000F03F0000000000000040	\N	\N	1
1622	1	5177	1	0101000020E6100000000000000000F03F0000000000000040	2	\N	1
1623	1	5177	1	0101000020E6100000000000000000F03F0000000000000040	3	\N	2
1624	1	5177	1	0101000020E6100000000000000000F03F0000000000000040	2	\N	1
1625	1	5177	1	0101000020E6100000000000000000F03F0000000000000040	3	\N	1
1626	1	5177	1	0101000020E6100000000000000000F03F0000000000000040	2	\N	1
1627	1	5177	1	0101000020E6100000000000000000F03F0000000000000040	1	\N	1
1628	1	5177	1	0101000020E6100000000000000000F03F0000000000000040	4	\N	1
1629	1	5177	1	0101000020E6100000000000000000F03F0000000000000040	4	\N	1
1630	1	5177	2	0101000020E6100000000000000000F03F0000000000000040	\N	Other 5	1
1631	1	5177	1	0101000020E6100000000000000000F03F0000000000000040	2	\N	1
1632	1	5177	1	0101000020E6100000000000000000F03F0000000000000040	2	\N	2
1633	1	5177	1	0101000020E6100000000000000000F03F0000000000000040	1	\N	1
1634	1	5177	3	0101000020E6100000000000000000F03F0000000000000040	\N	\N	1
1635	1	5177	1	0101000020E6100000000000000000F03F0000000000000040	4	\N	1
1636	1	5177	2	0101000020E6100000000000000000F03F0000000000000040	\N	Other 1	2
1637	1	5177	1	0101000020E6100000000000000000F03F0000000000000040	1	\N	2
1638	1	5177	1	0101000020E6100000000000000000F03F0000000000000040	4	\N	2
1639	1	5177	2	0101000020E6100000000000000000F03F0000000000000040	\N	Other 5	1
1640	1	5177	1	0101000020E6100000000000000000F03F0000000000000040	3	\N	1
1641	1	5177	1	0101000020E6100000000000000000F03F0000000000000040	2	\N	1
1642	1	5177	2	0101000020E6100000000000000000F03F0000000000000040	\N	Other 5	1
1643	1	5177	1	0101000020E6100000000000000000F03F0000000000000040	2	\N	1
1644	1	5177	1	0101000020E6100000000000000000F03F0000000000000040	2	\N	1
1645	1	5177	3	0101000020E6100000000000000000F03F0000000000000040	\N	\N	1
1646	1	5177	1	0101000020E6100000000000000000F03F0000000000000040	3	\N	1
1647	1	5177	1	0101000020E6100000000000000000F03F0000000000000040	4	\N	3
1648	1	5177	1	0101000020E6100000000000000000F03F0000000000000040	2	\N	1
1649	1	5177	1	0101000020E6100000000000000000F03F0000000000000040	4	\N	3
1650	1	5177	1	0101000020E6100000000000000000F03F0000000000000040	4	\N	1
1651	1	5177	1	0101000020E6100000000000000000F03F0000000000000040	1	\N	1
1652	1	5177	1	0101000020E6100000000000000000F03F0000000000000040	4	\N	1
1653	1	5177	1	0101000020E6100000000000000000F03F0000000000000040	3	\N	1
1654	1	5177	1	0101000020E6100000000000000000F03F0000000000000040	3	\N	1
1655	1	5177	1	0101000020E6100000000000000000F03F0000000000000040	2	\N	1
1656	1	5177	1	0101000020E6100000000000000000F03F0000000000000040	2	\N	1
1657	1	5177	1	0101000020E6100000000000000000F03F0000000000000040	1	\N	3
1658	1	5177	1	0101000020E6100000000000000000F03F0000000000000040	1	\N	1
1659	1	5177	1	0101000020E6100000000000000000F03F0000000000000040	1	\N	2
1660	1	5177	1	0101000020E6100000000000000000F03F0000000000000040	2	\N	1
1661	1	5177	3	0101000020E6100000000000000000F03F0000000000000040	\N	\N	1
1662	1	5177	1	0101000020E6100000000000000000F03F0000000000000040	3	\N	1
1663	1	5177	1	0101000020E6100000000000000000F03F0000000000000040	3	\N	1
1664	1	5177	2	0101000020E6100000000000000000F03F0000000000000040	\N	Other 5	1
1665	1	5177	1	0101000020E6100000000000000000F03F0000000000000040	1	\N	3
1666	1	5177	3	0101000020E6100000000000000000F03F0000000000000040	\N	\N	1
1667	1	5177	1	0101000020E6100000000000000000F03F0000000000000040	3	\N	1
1668	1	5177	1	0101000020E6100000000000000000F03F0000000000000040	4	\N	1
1669	1	5177	1	0101000020E6100000000000000000F03F0000000000000040	3	\N	1
1670	1	5177	1	0101000020E6100000000000000000F03F0000000000000040	4	\N	2
1671	1	5177	2	0101000020E6100000000000000000F03F0000000000000040	\N	Other 3	1
1672	1	5177	3	0101000020E6100000000000000000F03F0000000000000040	\N	\N	2
1673	1	5177	1	0101000020E6100000000000000000F03F0000000000000040	2	\N	1
1674	1	5177	1	0101000020E6100000000000000000F03F0000000000000040	2	\N	1
1675	1	5177	1	0101000020E6100000000000000000F03F0000000000000040	4	\N	3
1676	1	5177	1	0101000020E6100000000000000000F03F0000000000000040	4	\N	1
1677	1	5177	1	0101000020E6100000000000000000F03F0000000000000040	3	\N	2
1678	1	5177	1	0101000020E6100000000000000000F03F0000000000000040	1	\N	1
1679	1	5177	1	0101000020E6100000000000000000F03F0000000000000040	4	\N	1
1680	1	5177	1	0101000020E6100000000000000000F03F0000000000000040	2	\N	3
1681	1	5177	1	0101000020E6100000000000000000F03F0000000000000040	4	\N	2
1682	1	5177	1	0101000020E6100000000000000000F03F0000000000000040	4	\N	1
1683	1	5177	1	0101000020E6100000000000000000F03F0000000000000040	4	\N	1
1684	1	5177	1	0101000020E6100000000000000000F03F0000000000000040	3	\N	1
1685	1	5177	1	0101000020E6100000000000000000F03F0000000000000040	3	\N	1
1686	1	5177	2	0101000020E6100000000000000000F03F0000000000000040	\N	Other 2	1
1687	1	5177	3	0101000020E6100000000000000000F03F0000000000000040	\N	\N	1
1688	1	5177	1	0101000020E6100000000000000000F03F0000000000000040	3	\N	1
1689	1	5177	1	0101000020E6100000000000000000F03F0000000000000040	4	\N	1
1690	1	5177	1	0101000020E6100000000000000000F03F0000000000000040	1	\N	1
1691	1	5177	1	0101000020E6100000000000000000F03F0000000000000040	4	\N	1
1692	1	5177	1	0101000020E6100000000000000000F03F0000000000000040	4	\N	3
1693	1	5177	1	0101000020E6100000000000000000F03F0000000000000040	2	\N	1
1694	1	5177	1	0101000020E6100000000000000000F03F0000000000000040	1	\N	1
1695	1	5178	1	0101000020E6100000000000000000F03F0000000000000040	2	\N	1
1696	1	5178	1	0101000020E6100000000000000000F03F0000000000000040	1	\N	1
1697	1	5178	1	0101000020E6100000000000000000F03F0000000000000040	2	\N	1
1698	1	5178	3	0101000020E6100000000000000000F03F0000000000000040	\N	\N	1
1699	1	5178	1	0101000020E6100000000000000000F03F0000000000000040	3	\N	1
1700	1	5178	1	0101000020E6100000000000000000F03F0000000000000040	1	\N	1
1701	1	5178	1	0101000020E6100000000000000000F03F0000000000000040	3	\N	1
1702	1	5178	1	0101000020E6100000000000000000F03F0000000000000040	1	\N	1
1703	1	5178	1	0101000020E6100000000000000000F03F0000000000000040	1	\N	2
1704	1	5178	1	0101000020E6100000000000000000F03F0000000000000040	1	\N	1
1705	1	5178	1	0101000020E6100000000000000000F03F0000000000000040	1	\N	1
1706	1	5178	1	0101000020E6100000000000000000F03F0000000000000040	3	\N	1
1707	1	5178	1	0101000020E6100000000000000000F03F0000000000000040	2	\N	1
1708	1	5178	1	0101000020E6100000000000000000F03F0000000000000040	2	\N	1
1709	1	5178	1	0101000020E6100000000000000000F03F0000000000000040	1	\N	1
1710	1	5178	1	0101000020E6100000000000000000F03F0000000000000040	4	\N	1
1711	1	5178	2	0101000020E6100000000000000000F03F0000000000000040	\N	Other 1	1
1712	1	5178	1	0101000020E6100000000000000000F03F0000000000000040	4	\N	1
1713	1	5178	1	0101000020E6100000000000000000F03F0000000000000040	3	\N	1
1714	1	5178	1	0101000020E6100000000000000000F03F0000000000000040	2	\N	1
1715	1	5178	1	0101000020E6100000000000000000F03F0000000000000040	4	\N	3
1716	1	5178	1	0101000020E6100000000000000000F03F0000000000000040	1	\N	1
1717	1	5178	1	0101000020E6100000000000000000F03F0000000000000040	4	\N	1
1718	1	5178	1	0101000020E6100000000000000000F03F0000000000000040	2	\N	1
1719	1	5178	1	0101000020E6100000000000000000F03F0000000000000040	2	\N	3
1720	1	5178	1	0101000020E6100000000000000000F03F0000000000000040	1	\N	1
1721	1	5178	1	0101000020E6100000000000000000F03F0000000000000040	2	\N	3
1722	1	5178	1	0101000020E6100000000000000000F03F0000000000000040	4	\N	1
1723	1	5178	1	0101000020E6100000000000000000F03F0000000000000040	4	\N	1
1724	1	5178	1	0101000020E6100000000000000000F03F0000000000000040	1	\N	1
1725	1	5178	1	0101000020E6100000000000000000F03F0000000000000040	1	\N	1
1726	1	5178	1	0101000020E6100000000000000000F03F0000000000000040	1	\N	2
1727	1	5178	1	0101000020E6100000000000000000F03F0000000000000040	4	\N	1
1728	1	5178	1	0101000020E6100000000000000000F03F0000000000000040	2	\N	1
1729	1	5178	1	0101000020E6100000000000000000F03F0000000000000040	1	\N	1
1730	1	5178	1	0101000020E6100000000000000000F03F0000000000000040	4	\N	1
1731	1	5178	1	0101000020E6100000000000000000F03F0000000000000040	1	\N	1
1732	1	5178	1	0101000020E6100000000000000000F03F0000000000000040	1	\N	1
1733	1	5178	1	0101000020E6100000000000000000F03F0000000000000040	4	\N	1
1734	1	5178	1	0101000020E6100000000000000000F03F0000000000000040	3	\N	1
1735	1	5178	1	0101000020E6100000000000000000F03F0000000000000040	1	\N	1
1736	1	5178	1	0101000020E6100000000000000000F03F0000000000000040	2	\N	1
1737	1	5178	1	0101000020E6100000000000000000F03F0000000000000040	4	\N	1
1738	1	5178	1	0101000020E6100000000000000000F03F0000000000000040	3	\N	1
1739	1	5178	1	0101000020E6100000000000000000F03F0000000000000040	4	\N	1
1740	1	5178	1	0101000020E6100000000000000000F03F0000000000000040	3	\N	2
1741	1	5178	1	0101000020E6100000000000000000F03F0000000000000040	2	\N	1
1742	1	5178	3	0101000020E6100000000000000000F03F0000000000000040	\N	\N	1
1743	1	5178	1	0101000020E6100000000000000000F03F0000000000000040	4	\N	1
1744	1	5178	1	0101000020E6100000000000000000F03F0000000000000040	4	\N	1
1745	1	5178	3	0101000020E6100000000000000000F03F0000000000000040	\N	\N	1
1746	1	5178	1	0101000020E6100000000000000000F03F0000000000000040	4	\N	1
1747	1	5178	1	0101000020E6100000000000000000F03F0000000000000040	3	\N	1
1748	1	5178	1	0101000020E6100000000000000000F03F0000000000000040	1	\N	3
1749	1	5178	1	0101000020E6100000000000000000F03F0000000000000040	1	\N	1
1750	1	5178	2	0101000020E6100000000000000000F03F0000000000000040	\N	Other 1	1
1751	1	5178	1	0101000020E6100000000000000000F03F0000000000000040	2	\N	1
1752	1	5178	1	0101000020E6100000000000000000F03F0000000000000040	4	\N	1
1753	1	5178	1	0101000020E6100000000000000000F03F0000000000000040	3	\N	1
1754	1	5178	1	0101000020E6100000000000000000F03F0000000000000040	1	\N	1
1755	1	5178	1	0101000020E6100000000000000000F03F0000000000000040	3	\N	3
1756	1	5178	1	0101000020E6100000000000000000F03F0000000000000040	1	\N	1
1757	1	5178	1	0101000020E6100000000000000000F03F0000000000000040	4	\N	1
1758	1	5178	1	0101000020E6100000000000000000F03F0000000000000040	4	\N	1
1759	1	5178	1	0101000020E6100000000000000000F03F0000000000000040	2	\N	1
1760	1	5178	1	0101000020E6100000000000000000F03F0000000000000040	2	\N	1
1761	1	5178	1	0101000020E6100000000000000000F03F0000000000000040	2	\N	1
1762	1	5178	1	0101000020E6100000000000000000F03F0000000000000040	4	\N	3
1763	1	5178	1	0101000020E6100000000000000000F03F0000000000000040	1	\N	1
1764	1	5178	1	0101000020E6100000000000000000F03F0000000000000040	2	\N	1
1765	1	5178	1	0101000020E6100000000000000000F03F0000000000000040	4	\N	2
1766	1	5178	1	0101000020E6100000000000000000F03F0000000000000040	2	\N	1
1767	1	5178	1	0101000020E6100000000000000000F03F0000000000000040	1	\N	2
1768	1	5178	1	0101000020E6100000000000000000F03F0000000000000040	3	\N	1
1769	1	5178	1	0101000020E6100000000000000000F03F0000000000000040	1	\N	1
1770	1	5178	1	0101000020E6100000000000000000F03F0000000000000040	3	\N	3
1771	1	5178	1	0101000020E6100000000000000000F03F0000000000000040	1	\N	1
1772	1	5178	1	0101000020E6100000000000000000F03F0000000000000040	1	\N	1
1773	1	5178	1	0101000020E6100000000000000000F03F0000000000000040	1	\N	1
1774	1	5178	1	0101000020E6100000000000000000F03F0000000000000040	1	\N	1
1775	1	5178	1	0101000020E6100000000000000000F03F0000000000000040	4	\N	1
1776	1	5178	1	0101000020E6100000000000000000F03F0000000000000040	2	\N	1
1777	1	5178	1	0101000020E6100000000000000000F03F0000000000000040	3	\N	1
1778	1	5178	1	0101000020E6100000000000000000F03F0000000000000040	4	\N	1
1779	1	5178	1	0101000020E6100000000000000000F03F0000000000000040	2	\N	3
1780	1	5178	1	0101000020E6100000000000000000F03F0000000000000040	1	\N	1
1781	1	5178	1	0101000020E6100000000000000000F03F0000000000000040	1	\N	1
1782	1	5178	1	0101000020E6100000000000000000F03F0000000000000040	2	\N	2
1783	1	5178	1	0101000020E6100000000000000000F03F0000000000000040	3	\N	1
1784	1	5178	1	0101000020E6100000000000000000F03F0000000000000040	3	\N	1
1785	1	5178	1	0101000020E6100000000000000000F03F0000000000000040	1	\N	1
1786	1	5178	1	0101000020E6100000000000000000F03F0000000000000040	2	\N	1
1787	1	5178	1	0101000020E6100000000000000000F03F0000000000000040	4	\N	1
1788	1	5178	1	0101000020E6100000000000000000F03F0000000000000040	2	\N	1
1789	1	5178	1	0101000020E6100000000000000000F03F0000000000000040	3	\N	1
1790	1	5178	1	0101000020E6100000000000000000F03F0000000000000040	3	\N	1
1791	1	5178	1	0101000020E6100000000000000000F03F0000000000000040	3	\N	1
1792	1	5178	1	0101000020E6100000000000000000F03F0000000000000040	4	\N	1
1793	1	5178	1	0101000020E6100000000000000000F03F0000000000000040	1	\N	1
1794	1	5178	2	0101000020E6100000000000000000F03F0000000000000040	\N	Other 5	1
1795	1	5178	1	0101000020E6100000000000000000F03F0000000000000040	1	\N	1
1796	1	5178	1	0101000020E6100000000000000000F03F0000000000000040	1	\N	1
1797	1	5178	1	0101000020E6100000000000000000F03F0000000000000040	3	\N	1
1798	1	5178	1	0101000020E6100000000000000000F03F0000000000000040	4	\N	1
1799	1	5178	1	0101000020E6100000000000000000F03F0000000000000040	3	\N	1
1800	1	5178	1	0101000020E6100000000000000000F03F0000000000000040	4	\N	2
1801	1	5178	1	0101000020E6100000000000000000F03F0000000000000040	2	\N	1
1802	1	5178	1	0101000020E6100000000000000000F03F0000000000000040	3	\N	1
1803	1	5178	1	0101000020E6100000000000000000F03F0000000000000040	1	\N	1
1804	1	5178	1	0101000020E6100000000000000000F03F0000000000000040	3	\N	1
1805	1	5178	1	0101000020E6100000000000000000F03F0000000000000040	2	\N	1
1806	1	5178	1	0101000020E6100000000000000000F03F0000000000000040	3	\N	1
1807	1	5178	1	0101000020E6100000000000000000F03F0000000000000040	4	\N	1
1808	1	5178	1	0101000020E6100000000000000000F03F0000000000000040	3	\N	1
1809	1	5178	1	0101000020E6100000000000000000F03F0000000000000040	2	\N	1
1810	1	5178	1	0101000020E6100000000000000000F03F0000000000000040	2	\N	1
1811	1	5178	1	0101000020E6100000000000000000F03F0000000000000040	1	\N	3
1812	1	5178	1	0101000020E6100000000000000000F03F0000000000000040	4	\N	2
1813	1	5178	1	0101000020E6100000000000000000F03F0000000000000040	4	\N	2
1814	1	5178	1	0101000020E6100000000000000000F03F0000000000000040	1	\N	1
1815	1	5178	1	0101000020E6100000000000000000F03F0000000000000040	1	\N	1
1816	1	5178	3	0101000020E6100000000000000000F03F0000000000000040	\N	\N	1
1817	1	5178	1	0101000020E6100000000000000000F03F0000000000000040	3	\N	2
1818	1	5178	1	0101000020E6100000000000000000F03F0000000000000040	3	\N	1
1819	1	5178	1	0101000020E6100000000000000000F03F0000000000000040	4	\N	1
1820	1	5178	1	0101000020E6100000000000000000F03F0000000000000040	4	\N	1
1821	1	5178	1	0101000020E6100000000000000000F03F0000000000000040	2	\N	1
1822	1	5178	1	0101000020E6100000000000000000F03F0000000000000040	3	\N	1
1823	1	5178	1	0101000020E6100000000000000000F03F0000000000000040	3	\N	3
1824	1	5178	2	0101000020E6100000000000000000F03F0000000000000040	\N	Other 3	3
1825	1	5178	1	0101000020E6100000000000000000F03F0000000000000040	4	\N	1
1826	1	5178	1	0101000020E6100000000000000000F03F0000000000000040	1	\N	1
1827	1	5178	1	0101000020E6100000000000000000F03F0000000000000040	4	\N	2
1828	1	5178	1	0101000020E6100000000000000000F03F0000000000000040	2	\N	1
1829	1	5178	2	0101000020E6100000000000000000F03F0000000000000040	\N	Other 4	1
1830	1	5178	3	0101000020E6100000000000000000F03F0000000000000040	\N	\N	1
1831	1	5178	1	0101000020E6100000000000000000F03F0000000000000040	1	\N	1
1832	1	5178	1	0101000020E6100000000000000000F03F0000000000000040	3	\N	1
1833	1	5178	1	0101000020E6100000000000000000F03F0000000000000040	4	\N	1
1834	1	5178	1	0101000020E6100000000000000000F03F0000000000000040	3	\N	1
1835	1	5178	1	0101000020E6100000000000000000F03F0000000000000040	4	\N	1
1836	1	5178	1	0101000020E6100000000000000000F03F0000000000000040	1	\N	1
1837	1	5178	1	0101000020E6100000000000000000F03F0000000000000040	4	\N	3
1838	1	5178	1	0101000020E6100000000000000000F03F0000000000000040	3	\N	1
1839	1	5178	1	0101000020E6100000000000000000F03F0000000000000040	1	\N	3
1840	1	5178	1	0101000020E6100000000000000000F03F0000000000000040	2	\N	1
1841	1	5178	1	0101000020E6100000000000000000F03F0000000000000040	4	\N	1
1842	1	5178	1	0101000020E6100000000000000000F03F0000000000000040	1	\N	1
1843	1	5178	1	0101000020E6100000000000000000F03F0000000000000040	1	\N	1
1844	1	5178	1	0101000020E6100000000000000000F03F0000000000000040	3	\N	1
1845	1	5178	1	0101000020E6100000000000000000F03F0000000000000040	4	\N	1
1846	1	5178	3	0101000020E6100000000000000000F03F0000000000000040	\N	\N	1
1847	1	5178	1	0101000020E6100000000000000000F03F0000000000000040	2	\N	1
1848	1	5178	1	0101000020E6100000000000000000F03F0000000000000040	4	\N	1
1849	1	5178	1	0101000020E6100000000000000000F03F0000000000000040	1	\N	1
1850	1	5178	1	0101000020E6100000000000000000F03F0000000000000040	4	\N	1
1851	1	5178	3	0101000020E6100000000000000000F03F0000000000000040	\N	\N	1
1852	1	5178	1	0101000020E6100000000000000000F03F0000000000000040	1	\N	1
1853	1	5178	1	0101000020E6100000000000000000F03F0000000000000040	2	\N	1
1854	1	5178	1	0101000020E6100000000000000000F03F0000000000000040	2	\N	1
1855	1	5178	1	0101000020E6100000000000000000F03F0000000000000040	2	\N	1
1856	1	5178	1	0101000020E6100000000000000000F03F0000000000000040	1	\N	3
1857	1	5178	1	0101000020E6100000000000000000F03F0000000000000040	2	\N	1
1858	1	5178	1	0101000020E6100000000000000000F03F0000000000000040	2	\N	1
1859	1	5178	1	0101000020E6100000000000000000F03F0000000000000040	3	\N	1
1860	1	5178	2	0101000020E6100000000000000000F03F0000000000000040	\N	Other 1	1
1861	1	5178	1	0101000020E6100000000000000000F03F0000000000000040	2	\N	1
1862	1	5178	1	0101000020E6100000000000000000F03F0000000000000040	4	\N	1
1863	1	5178	1	0101000020E6100000000000000000F03F0000000000000040	3	\N	1
1864	1	5178	1	0101000020E6100000000000000000F03F0000000000000040	2	\N	1
1865	1	5178	2	0101000020E6100000000000000000F03F0000000000000040	\N	Other 3	1
1866	1	5179	1	0101000020E6100000000000000000F03F0000000000000040	3	\N	1
1867	1	5179	1	0101000020E6100000000000000000F03F0000000000000040	3	\N	1
1868	1	5179	1	0101000020E6100000000000000000F03F0000000000000040	1	\N	1
1869	1	5179	1	0101000020E6100000000000000000F03F0000000000000040	4	\N	3
1870	1	5179	1	0101000020E6100000000000000000F03F0000000000000040	2	\N	1
1871	1	5179	1	0101000020E6100000000000000000F03F0000000000000040	4	\N	1
1872	1	5179	3	0101000020E6100000000000000000F03F0000000000000040	\N	\N	1
1873	1	5179	1	0101000020E6100000000000000000F03F0000000000000040	4	\N	1
1874	1	5179	3	0101000020E6100000000000000000F03F0000000000000040	\N	\N	1
1875	1	5179	1	0101000020E6100000000000000000F03F0000000000000040	3	\N	1
1876	1	5179	1	0101000020E6100000000000000000F03F0000000000000040	1	\N	1
1877	1	5179	1	0101000020E6100000000000000000F03F0000000000000040	3	\N	1
1878	1	5179	1	0101000020E6100000000000000000F03F0000000000000040	1	\N	1
1879	1	5179	1	0101000020E6100000000000000000F03F0000000000000040	1	\N	2
1880	1	5179	1	0101000020E6100000000000000000F03F0000000000000040	4	\N	1
1881	1	5179	2	0101000020E6100000000000000000F03F0000000000000040	\N	Other 1	1
1882	1	5179	1	0101000020E6100000000000000000F03F0000000000000040	2	\N	2
1883	1	5179	1	0101000020E6100000000000000000F03F0000000000000040	1	\N	3
1884	1	5179	1	0101000020E6100000000000000000F03F0000000000000040	2	\N	1
1885	1	5179	1	0101000020E6100000000000000000F03F0000000000000040	3	\N	1
1886	1	5179	1	0101000020E6100000000000000000F03F0000000000000040	3	\N	1
1887	1	5179	1	0101000020E6100000000000000000F03F0000000000000040	1	\N	1
1888	1	5179	1	0101000020E6100000000000000000F03F0000000000000040	1	\N	1
1889	1	5179	1	0101000020E6100000000000000000F03F0000000000000040	3	\N	1
1890	1	5179	1	0101000020E6100000000000000000F03F0000000000000040	4	\N	2
1891	1	5179	1	0101000020E6100000000000000000F03F0000000000000040	2	\N	1
1892	1	5179	1	0101000020E6100000000000000000F03F0000000000000040	4	\N	1
1893	1	5179	1	0101000020E6100000000000000000F03F0000000000000040	3	\N	1
1894	1	5179	3	0101000020E6100000000000000000F03F0000000000000040	\N	\N	3
1895	1	5179	1	0101000020E6100000000000000000F03F0000000000000040	4	\N	1
1896	1	5179	1	0101000020E6100000000000000000F03F0000000000000040	3	\N	1
1897	1	5179	1	0101000020E6100000000000000000F03F0000000000000040	1	\N	1
1898	1	5179	1	0101000020E6100000000000000000F03F0000000000000040	4	\N	1
1899	1	5179	1	0101000020E6100000000000000000F03F0000000000000040	2	\N	1
1900	1	5179	1	0101000020E6100000000000000000F03F0000000000000040	2	\N	1
1901	1	5179	1	0101000020E6100000000000000000F03F0000000000000040	3	\N	1
1902	1	5179	1	0101000020E6100000000000000000F03F0000000000000040	2	\N	1
1903	1	5179	1	0101000020E6100000000000000000F03F0000000000000040	2	\N	3
1904	1	5179	1	0101000020E6100000000000000000F03F0000000000000040	3	\N	1
1905	1	5179	1	0101000020E6100000000000000000F03F0000000000000040	4	\N	1
1906	1	5179	1	0101000020E6100000000000000000F03F0000000000000040	1	\N	1
1907	1	5179	1	0101000020E6100000000000000000F03F0000000000000040	3	\N	1
1908	1	5179	1	0101000020E6100000000000000000F03F0000000000000040	1	\N	1
1909	1	5179	1	0101000020E6100000000000000000F03F0000000000000040	3	\N	1
1910	1	5179	1	0101000020E6100000000000000000F03F0000000000000040	1	\N	3
1911	1	5179	1	0101000020E6100000000000000000F03F0000000000000040	2	\N	1
1912	1	5179	1	0101000020E6100000000000000000F03F0000000000000040	3	\N	1
1913	1	5179	1	0101000020E6100000000000000000F03F0000000000000040	2	\N	3
1914	1	5179	1	0101000020E6100000000000000000F03F0000000000000040	4	\N	1
1915	1	5179	1	0101000020E6100000000000000000F03F0000000000000040	2	\N	1
1916	1	5179	1	0101000020E6100000000000000000F03F0000000000000040	1	\N	1
1917	1	5179	1	0101000020E6100000000000000000F03F0000000000000040	4	\N	1
1918	1	5179	1	0101000020E6100000000000000000F03F0000000000000040	1	\N	1
1919	1	5179	1	0101000020E6100000000000000000F03F0000000000000040	3	\N	1
1920	1	5179	1	0101000020E6100000000000000000F03F0000000000000040	3	\N	1
1921	1	5179	1	0101000020E6100000000000000000F03F0000000000000040	3	\N	1
1922	1	5179	1	0101000020E6100000000000000000F03F0000000000000040	3	\N	1
1923	1	5179	1	0101000020E6100000000000000000F03F0000000000000040	2	\N	1
1924	1	5179	1	0101000020E6100000000000000000F03F0000000000000040	3	\N	1
1925	1	5179	1	0101000020E6100000000000000000F03F0000000000000040	2	\N	1
1926	1	5179	1	0101000020E6100000000000000000F03F0000000000000040	2	\N	1
1927	1	5179	1	0101000020E6100000000000000000F03F0000000000000040	3	\N	2
1928	1	5180	1	0101000020E6100000000000000000F03F0000000000000040	1	\N	1
1929	1	5180	1	0101000020E6100000000000000000F03F0000000000000040	2	\N	2
1930	1	5180	1	0101000020E6100000000000000000F03F0000000000000040	1	\N	1
1931	1	5180	3	0101000020E6100000000000000000F03F0000000000000040	\N	\N	1
1932	1	5180	1	0101000020E6100000000000000000F03F0000000000000040	2	\N	1
1933	1	5180	1	0101000020E6100000000000000000F03F0000000000000040	1	\N	1
1934	1	5180	1	0101000020E6100000000000000000F03F0000000000000040	4	\N	1
1935	1	5180	1	0101000020E6100000000000000000F03F0000000000000040	4	\N	1
1936	1	5180	1	0101000020E6100000000000000000F03F0000000000000040	3	\N	2
1937	1	5180	1	0101000020E6100000000000000000F03F0000000000000040	3	\N	1
1938	1	5180	1	0101000020E6100000000000000000F03F0000000000000040	3	\N	1
1939	1	5180	1	0101000020E6100000000000000000F03F0000000000000040	2	\N	1
1940	1	5180	1	0101000020E6100000000000000000F03F0000000000000040	2	\N	1
1941	1	5180	1	0101000020E6100000000000000000F03F0000000000000040	2	\N	1
1942	1	5180	1	0101000020E6100000000000000000F03F0000000000000040	1	\N	1
1943	1	5180	1	0101000020E6100000000000000000F03F0000000000000040	3	\N	1
1944	1	5180	1	0101000020E6100000000000000000F03F0000000000000040	4	\N	1
1945	1	5180	1	0101000020E6100000000000000000F03F0000000000000040	2	\N	1
1946	1	5180	1	0101000020E6100000000000000000F03F0000000000000040	1	\N	1
1947	1	5180	3	0101000020E6100000000000000000F03F0000000000000040	\N	\N	1
1948	1	5180	1	0101000020E6100000000000000000F03F0000000000000040	2	\N	1
1949	1	5180	1	0101000020E6100000000000000000F03F0000000000000040	2	\N	1
1950	1	5180	1	0101000020E6100000000000000000F03F0000000000000040	3	\N	1
1951	1	5180	1	0101000020E6100000000000000000F03F0000000000000040	1	\N	1
1952	1	5180	1	0101000020E6100000000000000000F03F0000000000000040	2	\N	1
1953	1	5180	1	0101000020E6100000000000000000F03F0000000000000040	1	\N	2
1954	1	5180	3	0101000020E6100000000000000000F03F0000000000000040	\N	\N	1
1955	1	5180	1	0101000020E6100000000000000000F03F0000000000000040	2	\N	1
1956	1	5180	1	0101000020E6100000000000000000F03F0000000000000040	4	\N	1
1957	1	5180	1	0101000020E6100000000000000000F03F0000000000000040	4	\N	1
1958	1	5180	1	0101000020E6100000000000000000F03F0000000000000040	1	\N	1
1959	1	5180	1	0101000020E6100000000000000000F03F0000000000000040	1	\N	1
1960	1	5180	1	0101000020E6100000000000000000F03F0000000000000040	2	\N	1
1961	1	5180	3	0101000020E6100000000000000000F03F0000000000000040	\N	\N	1
1962	1	5180	1	0101000020E6100000000000000000F03F0000000000000040	2	\N	1
1963	1	5180	2	0101000020E6100000000000000000F03F0000000000000040	\N	Other 4	3
1964	1	5180	1	0101000020E6100000000000000000F03F0000000000000040	3	\N	1
1965	1	5180	1	0101000020E6100000000000000000F03F0000000000000040	2	\N	1
1966	1	5180	1	0101000020E6100000000000000000F03F0000000000000040	2	\N	1
1967	1	5180	1	0101000020E6100000000000000000F03F0000000000000040	3	\N	1
1968	1	5180	1	0101000020E6100000000000000000F03F0000000000000040	4	\N	1
1969	1	5180	1	0101000020E6100000000000000000F03F0000000000000040	2	\N	1
1970	1	5180	1	0101000020E6100000000000000000F03F0000000000000040	3	\N	1
1971	1	5180	3	0101000020E6100000000000000000F03F0000000000000040	\N	\N	1
1972	1	5180	1	0101000020E6100000000000000000F03F0000000000000040	1	\N	1
1973	1	5180	1	0101000020E6100000000000000000F03F0000000000000040	1	\N	2
1974	1	5180	1	0101000020E6100000000000000000F03F0000000000000040	2	\N	1
1975	1	5180	1	0101000020E6100000000000000000F03F0000000000000040	4	\N	1
1976	1	5180	1	0101000020E6100000000000000000F03F0000000000000040	1	\N	3
1977	1	5180	3	0101000020E6100000000000000000F03F0000000000000040	\N	\N	1
1978	1	5180	1	0101000020E6100000000000000000F03F0000000000000040	4	\N	1
1979	1	5180	1	0101000020E6100000000000000000F03F0000000000000040	2	\N	1
1980	1	5180	1	0101000020E6100000000000000000F03F0000000000000040	3	\N	3
1981	1	5180	1	0101000020E6100000000000000000F03F0000000000000040	3	\N	1
1982	1	5180	1	0101000020E6100000000000000000F03F0000000000000040	1	\N	1
1983	1	5180	3	0101000020E6100000000000000000F03F0000000000000040	\N	\N	1
1984	1	5180	1	0101000020E6100000000000000000F03F0000000000000040	3	\N	1
1985	1	5180	1	0101000020E6100000000000000000F03F0000000000000040	4	\N	1
1986	1	5180	1	0101000020E6100000000000000000F03F0000000000000040	3	\N	2
1987	1	5180	1	0101000020E6100000000000000000F03F0000000000000040	3	\N	1
1988	1	5180	1	0101000020E6100000000000000000F03F0000000000000040	1	\N	1
1989	1	5180	1	0101000020E6100000000000000000F03F0000000000000040	1	\N	1
1990	1	5180	1	0101000020E6100000000000000000F03F0000000000000040	1	\N	1
1991	1	5180	3	0101000020E6100000000000000000F03F0000000000000040	\N	\N	1
1992	1	5180	3	0101000020E6100000000000000000F03F0000000000000040	\N	\N	1
1993	1	5180	1	0101000020E6100000000000000000F03F0000000000000040	1	\N	1
1994	1	5180	1	0101000020E6100000000000000000F03F0000000000000040	1	\N	1
1995	1	5180	1	0101000020E6100000000000000000F03F0000000000000040	4	\N	1
1996	1	5180	1	0101000020E6100000000000000000F03F0000000000000040	1	\N	1
1997	1	5180	1	0101000020E6100000000000000000F03F0000000000000040	2	\N	3
1998	1	5180	1	0101000020E6100000000000000000F03F0000000000000040	2	\N	1
1999	1	5180	1	0101000020E6100000000000000000F03F0000000000000040	3	\N	3
2000	1	5180	1	0101000020E6100000000000000000F03F0000000000000040	1	\N	1
2001	1	5180	1	0101000020E6100000000000000000F03F0000000000000040	4	\N	1
2002	1	5180	3	0101000020E6100000000000000000F03F0000000000000040	\N	\N	2
2003	1	5180	1	0101000020E6100000000000000000F03F0000000000000040	1	\N	1
2004	1	5180	1	0101000020E6100000000000000000F03F0000000000000040	2	\N	1
2005	1	5180	3	0101000020E6100000000000000000F03F0000000000000040	\N	\N	3
2006	1	5180	1	0101000020E6100000000000000000F03F0000000000000040	2	\N	1
2007	1	5180	1	0101000020E6100000000000000000F03F0000000000000040	1	\N	1
2008	1	5180	1	0101000020E6100000000000000000F03F0000000000000040	3	\N	1
2009	1	5180	1	0101000020E6100000000000000000F03F0000000000000040	1	\N	1
2010	1	5180	1	0101000020E6100000000000000000F03F0000000000000040	3	\N	1
2011	1	5180	3	0101000020E6100000000000000000F03F0000000000000040	\N	\N	2
2012	1	5180	1	0101000020E6100000000000000000F03F0000000000000040	2	\N	1
2013	1	5180	1	0101000020E6100000000000000000F03F0000000000000040	2	\N	1
2014	1	5180	1	0101000020E6100000000000000000F03F0000000000000040	2	\N	1
2015	1	5180	2	0101000020E6100000000000000000F03F0000000000000040	\N	Other 4	3
2016	1	5180	1	0101000020E6100000000000000000F03F0000000000000040	2	\N	1
2017	1	5180	1	0101000020E6100000000000000000F03F0000000000000040	1	\N	1
2018	1	5180	1	0101000020E6100000000000000000F03F0000000000000040	1	\N	1
2019	1	5180	1	0101000020E6100000000000000000F03F0000000000000040	4	\N	1
2020	1	5180	3	0101000020E6100000000000000000F03F0000000000000040	\N	\N	1
2021	1	5180	1	0101000020E6100000000000000000F03F0000000000000040	4	\N	1
2022	1	5180	2	0101000020E6100000000000000000F03F0000000000000040	\N	Other 5	1
2023	1	5180	1	0101000020E6100000000000000000F03F0000000000000040	3	\N	1
2024	1	5180	1	0101000020E6100000000000000000F03F0000000000000040	4	\N	3
2025	1	5180	1	0101000020E6100000000000000000F03F0000000000000040	4	\N	1
2026	1	5180	1	0101000020E6100000000000000000F03F0000000000000040	4	\N	1
2027	1	5180	1	0101000020E6100000000000000000F03F0000000000000040	2	\N	3
2028	1	5180	1	0101000020E6100000000000000000F03F0000000000000040	2	\N	1
2029	1	5180	1	0101000020E6100000000000000000F03F0000000000000040	2	\N	1
2030	1	5180	1	0101000020E6100000000000000000F03F0000000000000040	2	\N	1
2031	1	5180	1	0101000020E6100000000000000000F03F0000000000000040	2	\N	1
2032	1	5180	1	0101000020E6100000000000000000F03F0000000000000040	4	\N	1
2033	1	5180	1	0101000020E6100000000000000000F03F0000000000000040	1	\N	1
2034	1	5180	1	0101000020E6100000000000000000F03F0000000000000040	4	\N	1
2035	1	5180	1	0101000020E6100000000000000000F03F0000000000000040	2	\N	3
2036	1	5180	1	0101000020E6100000000000000000F03F0000000000000040	2	\N	1
2037	1	5180	1	0101000020E6100000000000000000F03F0000000000000040	3	\N	3
2038	1	5180	1	0101000020E6100000000000000000F03F0000000000000040	1	\N	1
2039	1	5180	1	0101000020E6100000000000000000F03F0000000000000040	3	\N	1
2040	1	5180	2	0101000020E6100000000000000000F03F0000000000000040	\N	Other 4	1
2041	1	5180	1	0101000020E6100000000000000000F03F0000000000000040	4	\N	2
2042	1	5180	1	0101000020E6100000000000000000F03F0000000000000040	4	\N	1
2043	1	5180	1	0101000020E6100000000000000000F03F0000000000000040	4	\N	3
2044	1	5180	1	0101000020E6100000000000000000F03F0000000000000040	3	\N	1
2045	1	5180	1	0101000020E6100000000000000000F03F0000000000000040	2	\N	1
2046	1	5180	1	0101000020E6100000000000000000F03F0000000000000040	1	\N	2
2047	1	5180	1	0101000020E6100000000000000000F03F0000000000000040	3	\N	1
2048	1	5180	1	0101000020E6100000000000000000F03F0000000000000040	3	\N	2
2049	1	5180	1	0101000020E6100000000000000000F03F0000000000000040	2	\N	1
2050	1	5180	1	0101000020E6100000000000000000F03F0000000000000040	1	\N	1
2051	1	5180	1	0101000020E6100000000000000000F03F0000000000000040	4	\N	1
2052	1	5180	3	0101000020E6100000000000000000F03F0000000000000040	\N	\N	1
2053	1	5180	3	0101000020E6100000000000000000F03F0000000000000040	\N	\N	1
2054	1	5180	1	0101000020E6100000000000000000F03F0000000000000040	3	\N	3
2055	1	5180	1	0101000020E6100000000000000000F03F0000000000000040	4	\N	1
2056	1	5180	1	0101000020E6100000000000000000F03F0000000000000040	2	\N	3
2057	1	5180	1	0101000020E6100000000000000000F03F0000000000000040	2	\N	1
2058	1	5180	1	0101000020E6100000000000000000F03F0000000000000040	3	\N	1
2059	1	5180	1	0101000020E6100000000000000000F03F0000000000000040	2	\N	1
2060	1	5180	1	0101000020E6100000000000000000F03F0000000000000040	4	\N	1
2061	1	5180	1	0101000020E6100000000000000000F03F0000000000000040	4	\N	2
2062	1	5180	1	0101000020E6100000000000000000F03F0000000000000040	1	\N	1
2063	1	5180	1	0101000020E6100000000000000000F03F0000000000000040	3	\N	1
2064	1	5180	1	0101000020E6100000000000000000F03F0000000000000040	2	\N	1
2065	1	5180	1	0101000020E6100000000000000000F03F0000000000000040	4	\N	1
2066	1	5180	3	0101000020E6100000000000000000F03F0000000000000040	\N	\N	1
2067	1	5180	1	0101000020E6100000000000000000F03F0000000000000040	1	\N	1
2068	1	5180	1	0101000020E6100000000000000000F03F0000000000000040	3	\N	3
2069	1	5180	2	0101000020E6100000000000000000F03F0000000000000040	\N	Other 3	1
2070	1	5180	1	0101000020E6100000000000000000F03F0000000000000040	2	\N	1
2071	1	5180	1	0101000020E6100000000000000000F03F0000000000000040	1	\N	1
2072	1	5180	3	0101000020E6100000000000000000F03F0000000000000040	\N	\N	1
2073	1	5180	1	0101000020E6100000000000000000F03F0000000000000040	4	\N	3
2074	1	5180	1	0101000020E6100000000000000000F03F0000000000000040	1	\N	1
2075	1	5180	1	0101000020E6100000000000000000F03F0000000000000040	1	\N	2
2076	1	5180	1	0101000020E6100000000000000000F03F0000000000000040	3	\N	1
2077	1	5180	1	0101000020E6100000000000000000F03F0000000000000040	4	\N	1
2078	1	5180	1	0101000020E6100000000000000000F03F0000000000000040	4	\N	1
2079	1	5180	1	0101000020E6100000000000000000F03F0000000000000040	4	\N	1
2080	1	5180	1	0101000020E6100000000000000000F03F0000000000000040	2	\N	1
2081	1	5180	1	0101000020E6100000000000000000F03F0000000000000040	3	\N	1
2082	1	5180	1	0101000020E6100000000000000000F03F0000000000000040	1	\N	1
2083	1	5180	1	0101000020E6100000000000000000F03F0000000000000040	3	\N	1
2084	1	5180	1	0101000020E6100000000000000000F03F0000000000000040	4	\N	1
2085	1	5180	1	0101000020E6100000000000000000F03F0000000000000040	4	\N	2
2086	1	5180	1	0101000020E6100000000000000000F03F0000000000000040	1	\N	1
2087	1	5180	1	0101000020E6100000000000000000F03F0000000000000040	3	\N	3
2088	1	5180	1	0101000020E6100000000000000000F03F0000000000000040	4	\N	1
2089	1	5181	1	0101000020E6100000000000000000F03F0000000000000040	3	\N	1
2090	1	5181	1	0101000020E6100000000000000000F03F0000000000000040	3	\N	2
2091	1	5181	1	0101000020E6100000000000000000F03F0000000000000040	4	\N	1
2092	1	5181	1	0101000020E6100000000000000000F03F0000000000000040	4	\N	1
2093	1	5181	1	0101000020E6100000000000000000F03F0000000000000040	4	\N	1
2094	1	5181	1	0101000020E6100000000000000000F03F0000000000000040	2	\N	1
2095	1	5181	1	0101000020E6100000000000000000F03F0000000000000040	2	\N	2
2096	1	5181	1	0101000020E6100000000000000000F03F0000000000000040	1	\N	2
2097	1	5181	1	0101000020E6100000000000000000F03F0000000000000040	1	\N	1
2098	1	5181	1	0101000020E6100000000000000000F03F0000000000000040	4	\N	2
2099	1	5181	1	0101000020E6100000000000000000F03F0000000000000040	3	\N	3
2100	1	5181	1	0101000020E6100000000000000000F03F0000000000000040	4	\N	1
2101	1	5181	1	0101000020E6100000000000000000F03F0000000000000040	4	\N	1
2102	1	5181	1	0101000020E6100000000000000000F03F0000000000000040	4	\N	1
2103	1	5181	1	0101000020E6100000000000000000F03F0000000000000040	4	\N	1
2104	1	5181	1	0101000020E6100000000000000000F03F0000000000000040	4	\N	1
2105	1	5181	1	0101000020E6100000000000000000F03F0000000000000040	4	\N	1
2106	1	5181	1	0101000020E6100000000000000000F03F0000000000000040	4	\N	1
2107	1	5181	1	0101000020E6100000000000000000F03F0000000000000040	1	\N	1
2108	1	5181	1	0101000020E6100000000000000000F03F0000000000000040	4	\N	1
2109	1	5181	1	0101000020E6100000000000000000F03F0000000000000040	2	\N	1
2110	1	5181	1	0101000020E6100000000000000000F03F0000000000000040	1	\N	1
2111	1	5181	1	0101000020E6100000000000000000F03F0000000000000040	4	\N	1
2112	1	5181	3	0101000020E6100000000000000000F03F0000000000000040	\N	\N	1
2113	1	5181	1	0101000020E6100000000000000000F03F0000000000000040	4	\N	2
2114	1	5181	2	0101000020E6100000000000000000F03F0000000000000040	\N	Other 4	1
2115	1	5181	1	0101000020E6100000000000000000F03F0000000000000040	4	\N	1
2116	1	5181	1	0101000020E6100000000000000000F03F0000000000000040	3	\N	1
2117	1	5181	1	0101000020E6100000000000000000F03F0000000000000040	4	\N	2
2118	1	5181	1	0101000020E6100000000000000000F03F0000000000000040	1	\N	1
2119	1	5181	1	0101000020E6100000000000000000F03F0000000000000040	1	\N	1
2120	1	5181	1	0101000020E6100000000000000000F03F0000000000000040	4	\N	2
2121	1	5181	1	0101000020E6100000000000000000F03F0000000000000040	1	\N	1
2122	1	5181	1	0101000020E6100000000000000000F03F0000000000000040	1	\N	1
2123	1	5181	1	0101000020E6100000000000000000F03F0000000000000040	1	\N	1
2124	1	5181	2	0101000020E6100000000000000000F03F0000000000000040	\N	Other 3	2
2125	1	5181	1	0101000020E6100000000000000000F03F0000000000000040	2	\N	1
2126	1	5181	1	0101000020E6100000000000000000F03F0000000000000040	1	\N	1
2127	1	5181	1	0101000020E6100000000000000000F03F0000000000000040	4	\N	1
2128	1	5181	1	0101000020E6100000000000000000F03F0000000000000040	2	\N	1
2129	1	5181	1	0101000020E6100000000000000000F03F0000000000000040	1	\N	1
2130	1	5181	1	0101000020E6100000000000000000F03F0000000000000040	1	\N	1
2131	1	5181	1	0101000020E6100000000000000000F03F0000000000000040	4	\N	1
2132	1	5181	1	0101000020E6100000000000000000F03F0000000000000040	1	\N	1
2133	1	5181	1	0101000020E6100000000000000000F03F0000000000000040	3	\N	1
2134	1	5181	1	0101000020E6100000000000000000F03F0000000000000040	2	\N	1
2135	1	5181	1	0101000020E6100000000000000000F03F0000000000000040	4	\N	1
2136	1	5181	1	0101000020E6100000000000000000F03F0000000000000040	4	\N	1
2137	1	5181	1	0101000020E6100000000000000000F03F0000000000000040	2	\N	1
2138	1	5181	1	0101000020E6100000000000000000F03F0000000000000040	3	\N	1
2139	1	5181	1	0101000020E6100000000000000000F03F0000000000000040	3	\N	1
2140	1	5181	1	0101000020E6100000000000000000F03F0000000000000040	3	\N	1
2141	1	5181	1	0101000020E6100000000000000000F03F0000000000000040	3	\N	1
2142	1	5181	1	0101000020E6100000000000000000F03F0000000000000040	1	\N	1
2143	1	5181	1	0101000020E6100000000000000000F03F0000000000000040	2	\N	1
2144	1	5181	1	0101000020E6100000000000000000F03F0000000000000040	4	\N	1
2145	1	5181	1	0101000020E6100000000000000000F03F0000000000000040	3	\N	1
2146	1	5181	1	0101000020E6100000000000000000F03F0000000000000040	2	\N	1
2147	1	5181	1	0101000020E6100000000000000000F03F0000000000000040	4	\N	1
2148	1	5181	1	0101000020E6100000000000000000F03F0000000000000040	2	\N	1
2149	1	5181	1	0101000020E6100000000000000000F03F0000000000000040	3	\N	1
2150	1	5181	1	0101000020E6100000000000000000F03F0000000000000040	1	\N	1
2151	1	5181	1	0101000020E6100000000000000000F03F0000000000000040	1	\N	1
2152	1	5181	1	0101000020E6100000000000000000F03F0000000000000040	4	\N	1
2153	1	5181	1	0101000020E6100000000000000000F03F0000000000000040	2	\N	1
2154	1	5181	1	0101000020E6100000000000000000F03F0000000000000040	4	\N	1
2155	1	5181	1	0101000020E6100000000000000000F03F0000000000000040	2	\N	1
2156	1	5181	1	0101000020E6100000000000000000F03F0000000000000040	2	\N	3
2157	1	5181	1	0101000020E6100000000000000000F03F0000000000000040	2	\N	1
2158	1	5181	1	0101000020E6100000000000000000F03F0000000000000040	1	\N	1
2159	1	5181	1	0101000020E6100000000000000000F03F0000000000000040	4	\N	1
2160	1	5181	1	0101000020E6100000000000000000F03F0000000000000040	3	\N	1
2161	1	5181	1	0101000020E6100000000000000000F03F0000000000000040	2	\N	2
2162	1	5181	1	0101000020E6100000000000000000F03F0000000000000040	2	\N	1
2163	1	5181	1	0101000020E6100000000000000000F03F0000000000000040	1	\N	1
2164	1	5181	1	0101000020E6100000000000000000F03F0000000000000040	4	\N	1
2165	1	5181	1	0101000020E6100000000000000000F03F0000000000000040	4	\N	1
2166	1	5181	1	0101000020E6100000000000000000F03F0000000000000040	1	\N	1
2167	1	5181	1	0101000020E6100000000000000000F03F0000000000000040	1	\N	3
2168	1	5181	1	0101000020E6100000000000000000F03F0000000000000040	3	\N	1
2169	1	5181	1	0101000020E6100000000000000000F03F0000000000000040	3	\N	1
2170	1	5181	2	0101000020E6100000000000000000F03F0000000000000040	\N	Other 3	1
2171	1	5181	1	0101000020E6100000000000000000F03F0000000000000040	3	\N	1
2172	1	5181	1	0101000020E6100000000000000000F03F0000000000000040	2	\N	1
2173	1	5181	3	0101000020E6100000000000000000F03F0000000000000040	\N	\N	1
2174	1	5181	1	0101000020E6100000000000000000F03F0000000000000040	3	\N	1
2175	1	5181	1	0101000020E6100000000000000000F03F0000000000000040	2	\N	2
2176	1	5181	1	0101000020E6100000000000000000F03F0000000000000040	4	\N	1
2177	1	5181	1	0101000020E6100000000000000000F03F0000000000000040	4	\N	1
2178	1	5181	1	0101000020E6100000000000000000F03F0000000000000040	1	\N	2
2179	1	5181	1	0101000020E6100000000000000000F03F0000000000000040	3	\N	1
2180	1	5181	1	0101000020E6100000000000000000F03F0000000000000040	2	\N	1
2181	1	5181	2	0101000020E6100000000000000000F03F0000000000000040	\N	Other 2	2
2182	1	5181	1	0101000020E6100000000000000000F03F0000000000000040	1	\N	1
2183	1	5181	1	0101000020E6100000000000000000F03F0000000000000040	3	\N	1
2184	1	5181	1	0101000020E6100000000000000000F03F0000000000000040	3	\N	3
2185	1	5181	1	0101000020E6100000000000000000F03F0000000000000040	1	\N	1
2186	1	5181	1	0101000020E6100000000000000000F03F0000000000000040	3	\N	1
2187	1	5181	1	0101000020E6100000000000000000F03F0000000000000040	2	\N	1
2188	1	5181	1	0101000020E6100000000000000000F03F0000000000000040	4	\N	1
2189	1	5181	1	0101000020E6100000000000000000F03F0000000000000040	1	\N	1
2190	1	5181	1	0101000020E6100000000000000000F03F0000000000000040	4	\N	3
2191	1	5181	1	0101000020E6100000000000000000F03F0000000000000040	1	\N	2
2192	1	5181	1	0101000020E6100000000000000000F03F0000000000000040	4	\N	3
2193	1	5181	2	0101000020E6100000000000000000F03F0000000000000040	\N	Other 5	1
2194	1	5181	1	0101000020E6100000000000000000F03F0000000000000040	2	\N	1
2195	1	5181	1	0101000020E6100000000000000000F03F0000000000000040	1	\N	1
2196	1	5181	2	0101000020E6100000000000000000F03F0000000000000040	\N	Other 5	1
2197	1	5181	1	0101000020E6100000000000000000F03F0000000000000040	1	\N	1
2198	1	5181	1	0101000020E6100000000000000000F03F0000000000000040	3	\N	1
2199	1	5181	1	0101000020E6100000000000000000F03F0000000000000040	4	\N	3
2200	1	5181	1	0101000020E6100000000000000000F03F0000000000000040	2	\N	1
2201	1	5181	1	0101000020E6100000000000000000F03F0000000000000040	3	\N	1
2202	1	5181	1	0101000020E6100000000000000000F03F0000000000000040	3	\N	1
2203	1	5181	1	0101000020E6100000000000000000F03F0000000000000040	2	\N	2
2204	1	5181	1	0101000020E6100000000000000000F03F0000000000000040	1	\N	1
2205	1	5181	3	0101000020E6100000000000000000F03F0000000000000040	\N	\N	1
2206	1	5181	1	0101000020E6100000000000000000F03F0000000000000040	1	\N	1
2207	1	5181	1	0101000020E6100000000000000000F03F0000000000000040	4	\N	1
2208	1	5181	1	0101000020E6100000000000000000F03F0000000000000040	4	\N	1
2209	1	5181	1	0101000020E6100000000000000000F03F0000000000000040	1	\N	3
2210	1	5181	1	0101000020E6100000000000000000F03F0000000000000040	4	\N	1
2211	1	5181	1	0101000020E6100000000000000000F03F0000000000000040	3	\N	1
2212	1	5181	1	0101000020E6100000000000000000F03F0000000000000040	4	\N	1
2213	1	5181	3	0101000020E6100000000000000000F03F0000000000000040	\N	\N	1
2214	1	5181	1	0101000020E6100000000000000000F03F0000000000000040	3	\N	3
2215	1	5181	1	0101000020E6100000000000000000F03F0000000000000040	1	\N	1
2216	1	5181	1	0101000020E6100000000000000000F03F0000000000000040	2	\N	1
2217	1	5181	1	0101000020E6100000000000000000F03F0000000000000040	1	\N	1
2218	1	5181	1	0101000020E6100000000000000000F03F0000000000000040	3	\N	3
2219	1	5181	1	0101000020E6100000000000000000F03F0000000000000040	1	\N	1
2220	1	5181	1	0101000020E6100000000000000000F03F0000000000000040	1	\N	1
2221	1	5181	1	0101000020E6100000000000000000F03F0000000000000040	1	\N	1
2222	1	5181	1	0101000020E6100000000000000000F03F0000000000000040	3	\N	1
2223	1	5181	1	0101000020E6100000000000000000F03F0000000000000040	1	\N	1
2224	1	5181	1	0101000020E6100000000000000000F03F0000000000000040	4	\N	1
2225	1	5181	1	0101000020E6100000000000000000F03F0000000000000040	3	\N	1
2226	1	5181	1	0101000020E6100000000000000000F03F0000000000000040	2	\N	2
2227	1	5181	2	0101000020E6100000000000000000F03F0000000000000040	\N	Other 5	2
2228	1	5181	2	0101000020E6100000000000000000F03F0000000000000040	\N	Other 4	2
2229	1	5181	1	0101000020E6100000000000000000F03F0000000000000040	1	\N	1
2230	1	5181	1	0101000020E6100000000000000000F03F0000000000000040	2	\N	1
2231	1	5181	1	0101000020E6100000000000000000F03F0000000000000040	1	\N	1
2232	1	5181	1	0101000020E6100000000000000000F03F0000000000000040	1	\N	1
2233	1	5181	1	0101000020E6100000000000000000F03F0000000000000040	1	\N	1
2234	1	5181	1	0101000020E6100000000000000000F03F0000000000000040	3	\N	1
2235	1	5181	1	0101000020E6100000000000000000F03F0000000000000040	1	\N	1
2236	1	5181	1	0101000020E6100000000000000000F03F0000000000000040	2	\N	1
2237	1	5181	1	0101000020E6100000000000000000F03F0000000000000040	1	\N	1
2238	1	5181	1	0101000020E6100000000000000000F03F0000000000000040	3	\N	1
2239	1	5181	1	0101000020E6100000000000000000F03F0000000000000040	4	\N	1
2240	1	5181	1	0101000020E6100000000000000000F03F0000000000000040	4	\N	3
2241	1	5181	1	0101000020E6100000000000000000F03F0000000000000040	4	\N	2
2242	1	5181	1	0101000020E6100000000000000000F03F0000000000000040	2	\N	3
2243	1	5181	1	0101000020E6100000000000000000F03F0000000000000040	1	\N	3
2244	1	5181	1	0101000020E6100000000000000000F03F0000000000000040	4	\N	2
2245	1	5181	1	0101000020E6100000000000000000F03F0000000000000040	4	\N	2
2246	1	5181	1	0101000020E6100000000000000000F03F0000000000000040	3	\N	1
2247	1	5181	1	0101000020E6100000000000000000F03F0000000000000040	3	\N	1
2248	1	5181	1	0101000020E6100000000000000000F03F0000000000000040	4	\N	1
2249	1	5181	1	0101000020E6100000000000000000F03F0000000000000040	4	\N	1
2250	1	5181	1	0101000020E6100000000000000000F03F0000000000000040	2	\N	1
2251	1	5181	1	0101000020E6100000000000000000F03F0000000000000040	4	\N	1
2252	1	5181	1	0101000020E6100000000000000000F03F0000000000000040	3	\N	1
2253	1	5181	1	0101000020E6100000000000000000F03F0000000000000040	4	\N	1
2254	1	5181	1	0101000020E6100000000000000000F03F0000000000000040	1	\N	1
2255	1	5181	1	0101000020E6100000000000000000F03F0000000000000040	2	\N	1
2256	1	5181	1	0101000020E6100000000000000000F03F0000000000000040	1	\N	2
2257	1	5181	1	0101000020E6100000000000000000F03F0000000000000040	2	\N	1
2258	1	5181	1	0101000020E6100000000000000000F03F0000000000000040	3	\N	1
2259	1	5181	1	0101000020E6100000000000000000F03F0000000000000040	1	\N	1
2260	1	5181	1	0101000020E6100000000000000000F03F0000000000000040	3	\N	1
2261	1	5181	1	0101000020E6100000000000000000F03F0000000000000040	3	\N	3
2262	1	5181	1	0101000020E6100000000000000000F03F0000000000000040	1	\N	1
2263	1	5181	1	0101000020E6100000000000000000F03F0000000000000040	3	\N	3
2264	1	5181	1	0101000020E6100000000000000000F03F0000000000000040	4	\N	1
2265	1	5181	1	0101000020E6100000000000000000F03F0000000000000040	2	\N	2
2266	1	5181	1	0101000020E6100000000000000000F03F0000000000000040	3	\N	1
2267	1	5181	1	0101000020E6100000000000000000F03F0000000000000040	1	\N	1
2268	1	5181	1	0101000020E6100000000000000000F03F0000000000000040	1	\N	1
2269	1	5181	1	0101000020E6100000000000000000F03F0000000000000040	1	\N	2
2270	1	5181	1	0101000020E6100000000000000000F03F0000000000000040	2	\N	1
2271	1	5181	1	0101000020E6100000000000000000F03F0000000000000040	1	\N	1
2272	1	5181	2	0101000020E6100000000000000000F03F0000000000000040	\N	Other 5	1
2273	1	5181	3	0101000020E6100000000000000000F03F0000000000000040	\N	\N	2
2274	1	5181	1	0101000020E6100000000000000000F03F0000000000000040	4	\N	1
2275	1	5181	1	0101000020E6100000000000000000F03F0000000000000040	1	\N	1
2276	1	5181	3	0101000020E6100000000000000000F03F0000000000000040	\N	\N	1
2277	1	5181	1	0101000020E6100000000000000000F03F0000000000000040	3	\N	1
2278	1	5181	2	0101000020E6100000000000000000F03F0000000000000040	\N	Other 2	1
2279	1	5181	1	0101000020E6100000000000000000F03F0000000000000040	4	\N	1
2280	1	5181	1	0101000020E6100000000000000000F03F0000000000000040	1	\N	3
2281	1	5181	1	0101000020E6100000000000000000F03F0000000000000040	1	\N	2
2282	1	5182	1	0101000020E6100000000000000000F03F0000000000000040	3	\N	1
2283	1	5182	1	0101000020E6100000000000000000F03F0000000000000040	2	\N	1
2284	1	5182	1	0101000020E6100000000000000000F03F0000000000000040	1	\N	1
2285	1	5182	1	0101000020E6100000000000000000F03F0000000000000040	4	\N	1
2286	1	5182	1	0101000020E6100000000000000000F03F0000000000000040	1	\N	1
2287	1	5182	1	0101000020E6100000000000000000F03F0000000000000040	2	\N	3
2288	1	5182	1	0101000020E6100000000000000000F03F0000000000000040	2	\N	1
2289	1	5182	1	0101000020E6100000000000000000F03F0000000000000040	1	\N	1
2290	1	5182	3	0101000020E6100000000000000000F03F0000000000000040	\N	\N	1
2291	1	5182	1	0101000020E6100000000000000000F03F0000000000000040	1	\N	1
2292	1	5182	1	0101000020E6100000000000000000F03F0000000000000040	3	\N	1
2293	1	5182	1	0101000020E6100000000000000000F03F0000000000000040	1	\N	1
2294	1	5182	1	0101000020E6100000000000000000F03F0000000000000040	2	\N	1
2295	1	5182	1	0101000020E6100000000000000000F03F0000000000000040	4	\N	1
2296	1	5182	1	0101000020E6100000000000000000F03F0000000000000040	4	\N	2
2297	1	5182	3	0101000020E6100000000000000000F03F0000000000000040	\N	\N	1
2298	1	5182	1	0101000020E6100000000000000000F03F0000000000000040	3	\N	1
2299	1	5182	1	0101000020E6100000000000000000F03F0000000000000040	4	\N	1
2300	1	5182	1	0101000020E6100000000000000000F03F0000000000000040	4	\N	1
2301	1	5182	1	0101000020E6100000000000000000F03F0000000000000040	1	\N	1
2302	1	5182	1	0101000020E6100000000000000000F03F0000000000000040	3	\N	3
2303	1	5182	1	0101000020E6100000000000000000F03F0000000000000040	3	\N	1
2304	1	5182	1	0101000020E6100000000000000000F03F0000000000000040	2	\N	3
2305	1	5182	1	0101000020E6100000000000000000F03F0000000000000040	4	\N	1
2306	1	5182	1	0101000020E6100000000000000000F03F0000000000000040	1	\N	1
2307	1	5182	1	0101000020E6100000000000000000F03F0000000000000040	2	\N	3
2308	1	5182	1	0101000020E6100000000000000000F03F0000000000000040	4	\N	1
2309	1	5182	1	0101000020E6100000000000000000F03F0000000000000040	3	\N	1
2310	1	5182	1	0101000020E6100000000000000000F03F0000000000000040	1	\N	1
2311	1	5182	1	0101000020E6100000000000000000F03F0000000000000040	2	\N	1
2312	1	5182	1	0101000020E6100000000000000000F03F0000000000000040	4	\N	1
2313	1	5182	1	0101000020E6100000000000000000F03F0000000000000040	3	\N	1
2314	1	5182	1	0101000020E6100000000000000000F03F0000000000000040	4	\N	1
2315	1	5182	1	0101000020E6100000000000000000F03F0000000000000040	3	\N	1
2316	1	5182	1	0101000020E6100000000000000000F03F0000000000000040	3	\N	1
2317	1	5182	1	0101000020E6100000000000000000F03F0000000000000040	1	\N	1
2318	1	5182	1	0101000020E6100000000000000000F03F0000000000000040	3	\N	1
2319	1	5182	1	0101000020E6100000000000000000F03F0000000000000040	3	\N	1
2320	1	5182	2	0101000020E6100000000000000000F03F0000000000000040	\N	Other 4	3
2321	1	5182	1	0101000020E6100000000000000000F03F0000000000000040	3	\N	1
2322	1	5182	1	0101000020E6100000000000000000F03F0000000000000040	1	\N	2
2323	1	5182	1	0101000020E6100000000000000000F03F0000000000000040	4	\N	2
2324	1	5182	2	0101000020E6100000000000000000F03F0000000000000040	\N	Other 4	1
2325	1	5182	1	0101000020E6100000000000000000F03F0000000000000040	1	\N	1
2326	1	5182	1	0101000020E6100000000000000000F03F0000000000000040	4	\N	1
2327	1	5182	2	0101000020E6100000000000000000F03F0000000000000040	\N	Other 4	1
2328	1	5182	2	0101000020E6100000000000000000F03F0000000000000040	\N	Other 4	1
2329	1	5182	1	0101000020E6100000000000000000F03F0000000000000040	2	\N	3
2330	1	5182	1	0101000020E6100000000000000000F03F0000000000000040	1	\N	1
2331	1	5182	1	0101000020E6100000000000000000F03F0000000000000040	3	\N	1
2332	1	5182	1	0101000020E6100000000000000000F03F0000000000000040	1	\N	1
2333	1	5182	1	0101000020E6100000000000000000F03F0000000000000040	4	\N	1
2334	1	5182	1	0101000020E6100000000000000000F03F0000000000000040	2	\N	1
2335	1	5182	1	0101000020E6100000000000000000F03F0000000000000040	4	\N	2
2336	1	5182	1	0101000020E6100000000000000000F03F0000000000000040	4	\N	1
2337	1	5182	1	0101000020E6100000000000000000F03F0000000000000040	1	\N	1
2338	1	5182	1	0101000020E6100000000000000000F03F0000000000000040	4	\N	1
2339	1	5182	1	0101000020E6100000000000000000F03F0000000000000040	4	\N	1
2340	1	5182	1	0101000020E6100000000000000000F03F0000000000000040	1	\N	1
2341	1	5182	1	0101000020E6100000000000000000F03F0000000000000040	3	\N	1
2342	1	5182	1	0101000020E6100000000000000000F03F0000000000000040	3	\N	3
2343	1	5182	1	0101000020E6100000000000000000F03F0000000000000040	3	\N	1
2344	1	5182	2	0101000020E6100000000000000000F03F0000000000000040	\N	Other 3	1
2345	1	5182	3	0101000020E6100000000000000000F03F0000000000000040	\N	\N	1
2346	1	5182	1	0101000020E6100000000000000000F03F0000000000000040	2	\N	1
2347	1	5182	1	0101000020E6100000000000000000F03F0000000000000040	2	\N	1
2348	1	5182	1	0101000020E6100000000000000000F03F0000000000000040	2	\N	1
2349	1	5182	1	0101000020E6100000000000000000F03F0000000000000040	1	\N	1
2350	1	5182	1	0101000020E6100000000000000000F03F0000000000000040	1	\N	3
2351	1	5182	1	0101000020E6100000000000000000F03F0000000000000040	3	\N	1
2352	1	5182	1	0101000020E6100000000000000000F03F0000000000000040	1	\N	1
2353	1	5182	2	0101000020E6100000000000000000F03F0000000000000040	\N	Other 4	3
2354	1	5182	1	0101000020E6100000000000000000F03F0000000000000040	1	\N	1
2355	1	5182	1	0101000020E6100000000000000000F03F0000000000000040	1	\N	1
2356	1	5182	1	0101000020E6100000000000000000F03F0000000000000040	4	\N	1
2357	1	5182	1	0101000020E6100000000000000000F03F0000000000000040	2	\N	1
2358	1	5182	1	0101000020E6100000000000000000F03F0000000000000040	3	\N	1
2359	1	5182	1	0101000020E6100000000000000000F03F0000000000000040	2	\N	1
2360	1	5182	1	0101000020E6100000000000000000F03F0000000000000040	4	\N	1
2361	1	5182	2	0101000020E6100000000000000000F03F0000000000000040	\N	Other 5	1
2362	1	5182	2	0101000020E6100000000000000000F03F0000000000000040	\N	Other 2	3
2363	1	5182	1	0101000020E6100000000000000000F03F0000000000000040	1	\N	2
2364	1	5182	1	0101000020E6100000000000000000F03F0000000000000040	2	\N	3
2365	1	5182	1	0101000020E6100000000000000000F03F0000000000000040	1	\N	1
2366	1	5182	1	0101000020E6100000000000000000F03F0000000000000040	1	\N	1
2367	1	5182	1	0101000020E6100000000000000000F03F0000000000000040	4	\N	1
2368	1	5182	1	0101000020E6100000000000000000F03F0000000000000040	4	\N	1
2369	1	5182	1	0101000020E6100000000000000000F03F0000000000000040	2	\N	1
2370	1	5182	1	0101000020E6100000000000000000F03F0000000000000040	1	\N	1
2371	1	5182	1	0101000020E6100000000000000000F03F0000000000000040	1	\N	1
2372	1	5182	1	0101000020E6100000000000000000F03F0000000000000040	2	\N	2
2373	1	5182	1	0101000020E6100000000000000000F03F0000000000000040	3	\N	1
2374	1	5182	1	0101000020E6100000000000000000F03F0000000000000040	4	\N	1
2375	1	5182	1	0101000020E6100000000000000000F03F0000000000000040	1	\N	1
2376	1	5182	1	0101000020E6100000000000000000F03F0000000000000040	1	\N	1
2377	1	5182	1	0101000020E6100000000000000000F03F0000000000000040	2	\N	1
2378	1	5182	1	0101000020E6100000000000000000F03F0000000000000040	3	\N	1
2379	1	5182	1	0101000020E6100000000000000000F03F0000000000000040	1	\N	1
2380	1	5182	1	0101000020E6100000000000000000F03F0000000000000040	2	\N	1
2381	1	5182	1	0101000020E6100000000000000000F03F0000000000000040	1	\N	1
2382	1	5182	1	0101000020E6100000000000000000F03F0000000000000040	3	\N	2
2383	1	5182	1	0101000020E6100000000000000000F03F0000000000000040	4	\N	1
2384	1	5182	1	0101000020E6100000000000000000F03F0000000000000040	2	\N	1
2385	1	5182	1	0101000020E6100000000000000000F03F0000000000000040	4	\N	2
2386	1	5182	1	0101000020E6100000000000000000F03F0000000000000040	4	\N	1
2387	1	5182	1	0101000020E6100000000000000000F03F0000000000000040	3	\N	1
2388	1	5182	1	0101000020E6100000000000000000F03F0000000000000040	4	\N	1
2389	1	5182	1	0101000020E6100000000000000000F03F0000000000000040	3	\N	1
2390	1	5182	1	0101000020E6100000000000000000F03F0000000000000040	3	\N	1
2391	1	5182	1	0101000020E6100000000000000000F03F0000000000000040	2	\N	1
2392	1	5182	1	0101000020E6100000000000000000F03F0000000000000040	1	\N	1
2393	1	5182	1	0101000020E6100000000000000000F03F0000000000000040	3	\N	1
2394	1	5182	1	0101000020E6100000000000000000F03F0000000000000040	3	\N	1
2395	1	5182	1	0101000020E6100000000000000000F03F0000000000000040	2	\N	3
2396	1	5182	1	0101000020E6100000000000000000F03F0000000000000040	2	\N	1
2397	1	5182	1	0101000020E6100000000000000000F03F0000000000000040	4	\N	1
2398	1	5182	1	0101000020E6100000000000000000F03F0000000000000040	4	\N	1
2399	1	5182	1	0101000020E6100000000000000000F03F0000000000000040	4	\N	1
2400	1	5182	1	0101000020E6100000000000000000F03F0000000000000040	4	\N	1
2401	1	5182	1	0101000020E6100000000000000000F03F0000000000000040	4	\N	1
2402	1	5182	2	0101000020E6100000000000000000F03F0000000000000040	\N	Other 3	1
2403	1	5182	1	0101000020E6100000000000000000F03F0000000000000040	1	\N	1
2404	1	5182	1	0101000020E6100000000000000000F03F0000000000000040	3	\N	1
2405	1	5182	1	0101000020E6100000000000000000F03F0000000000000040	2	\N	1
2406	1	5182	1	0101000020E6100000000000000000F03F0000000000000040	3	\N	1
2407	1	5182	1	0101000020E6100000000000000000F03F0000000000000040	4	\N	1
2408	1	5182	1	0101000020E6100000000000000000F03F0000000000000040	4	\N	1
2409	1	5182	1	0101000020E6100000000000000000F03F0000000000000040	2	\N	1
2410	1	5182	1	0101000020E6100000000000000000F03F0000000000000040	2	\N	3
2411	1	5182	1	0101000020E6100000000000000000F03F0000000000000040	2	\N	1
2412	1	5182	1	0101000020E6100000000000000000F03F0000000000000040	4	\N	1
2413	1	5182	2	0101000020E6100000000000000000F03F0000000000000040	\N	Other 1	1
2414	1	5182	2	0101000020E6100000000000000000F03F0000000000000040	\N	Other 4	1
2415	1	5182	1	0101000020E6100000000000000000F03F0000000000000040	2	\N	1
2416	1	5182	3	0101000020E6100000000000000000F03F0000000000000040	\N	\N	1
2417	1	5182	1	0101000020E6100000000000000000F03F0000000000000040	4	\N	1
2418	1	5182	1	0101000020E6100000000000000000F03F0000000000000040	3	\N	1
2419	1	5182	1	0101000020E6100000000000000000F03F0000000000000040	3	\N	1
2420	1	5182	1	0101000020E6100000000000000000F03F0000000000000040	4	\N	1
2421	1	5182	3	0101000020E6100000000000000000F03F0000000000000040	\N	\N	3
2422	1	5182	1	0101000020E6100000000000000000F03F0000000000000040	2	\N	1
2423	1	5182	1	0101000020E6100000000000000000F03F0000000000000040	3	\N	1
2424	1	5182	1	0101000020E6100000000000000000F03F0000000000000040	2	\N	1
2425	1	5182	1	0101000020E6100000000000000000F03F0000000000000040	4	\N	1
2426	1	5182	1	0101000020E6100000000000000000F03F0000000000000040	1	\N	1
2427	1	5182	1	0101000020E6100000000000000000F03F0000000000000040	3	\N	1
2428	1	5182	1	0101000020E6100000000000000000F03F0000000000000040	1	\N	1
2429	1	5182	1	0101000020E6100000000000000000F03F0000000000000040	3	\N	1
2430	1	5182	1	0101000020E6100000000000000000F03F0000000000000040	3	\N	1
2431	1	5182	1	0101000020E6100000000000000000F03F0000000000000040	2	\N	1
2432	1	5182	2	0101000020E6100000000000000000F03F0000000000000040	\N	Other 4	1
2433	1	5182	1	0101000020E6100000000000000000F03F0000000000000040	2	\N	1
2434	1	5182	1	0101000020E6100000000000000000F03F0000000000000040	3	\N	1
2435	1	5182	1	0101000020E6100000000000000000F03F0000000000000040	4	\N	1
2436	1	5182	1	0101000020E6100000000000000000F03F0000000000000040	4	\N	1
2437	1	5182	1	0101000020E6100000000000000000F03F0000000000000040	3	\N	1
2438	1	5182	1	0101000020E6100000000000000000F03F0000000000000040	2	\N	2
2439	1	5182	1	0101000020E6100000000000000000F03F0000000000000040	4	\N	1
2440	1	5182	1	0101000020E6100000000000000000F03F0000000000000040	4	\N	1
2441	1	5182	2	0101000020E6100000000000000000F03F0000000000000040	\N	Other 1	1
2442	1	5182	1	0101000020E6100000000000000000F03F0000000000000040	3	\N	1
2443	1	5182	1	0101000020E6100000000000000000F03F0000000000000040	3	\N	1
2444	1	5182	1	0101000020E6100000000000000000F03F0000000000000040	2	\N	2
2445	1	5182	1	0101000020E6100000000000000000F03F0000000000000040	1	\N	3
2446	1	5182	1	0101000020E6100000000000000000F03F0000000000000040	4	\N	1
2447	1	5182	1	0101000020E6100000000000000000F03F0000000000000040	3	\N	1
2448	1	5182	1	0101000020E6100000000000000000F03F0000000000000040	1	\N	1
2449	1	5182	3	0101000020E6100000000000000000F03F0000000000000040	\N	\N	1
2450	1	5182	1	0101000020E6100000000000000000F03F0000000000000040	4	\N	1
2451	1	5182	2	0101000020E6100000000000000000F03F0000000000000040	\N	Other 1	1
2452	1	5182	1	0101000020E6100000000000000000F03F0000000000000040	4	\N	2
2453	1	5182	1	0101000020E6100000000000000000F03F0000000000000040	4	\N	1
2454	1	5182	1	0101000020E6100000000000000000F03F0000000000000040	1	\N	1
2455	1	5182	1	0101000020E6100000000000000000F03F0000000000000040	4	\N	1
2456	1	5182	1	0101000020E6100000000000000000F03F0000000000000040	2	\N	1
2457	1	5182	1	0101000020E6100000000000000000F03F0000000000000040	2	\N	1
2458	1	5182	1	0101000020E6100000000000000000F03F0000000000000040	3	\N	1
2459	1	5182	1	0101000020E6100000000000000000F03F0000000000000040	4	\N	1
2460	1	5182	1	0101000020E6100000000000000000F03F0000000000000040	4	\N	1
2461	1	5182	1	0101000020E6100000000000000000F03F0000000000000040	2	\N	1
2462	1	5182	2	0101000020E6100000000000000000F03F0000000000000040	\N	Other 2	1
2463	1	5182	1	0101000020E6100000000000000000F03F0000000000000040	2	\N	1
2464	1	5182	3	0101000020E6100000000000000000F03F0000000000000040	\N	\N	1
2465	1	5182	1	0101000020E6100000000000000000F03F0000000000000040	2	\N	1
2466	1	5183	1	0101000020E6100000000000000000F03F0000000000000040	4	\N	2
2467	1	5183	1	0101000020E6100000000000000000F03F0000000000000040	2	\N	1
2468	1	5183	1	0101000020E6100000000000000000F03F0000000000000040	2	\N	1
2469	1	5183	1	0101000020E6100000000000000000F03F0000000000000040	1	\N	1
2470	1	5183	1	0101000020E6100000000000000000F03F0000000000000040	2	\N	1
2471	1	5183	1	0101000020E6100000000000000000F03F0000000000000040	3	\N	1
2472	1	5183	1	0101000020E6100000000000000000F03F0000000000000040	4	\N	2
2473	1	5183	1	0101000020E6100000000000000000F03F0000000000000040	1	\N	1
2474	1	5183	1	0101000020E6100000000000000000F03F0000000000000040	1	\N	1
2475	1	5183	1	0101000020E6100000000000000000F03F0000000000000040	1	\N	1
2476	1	5183	1	0101000020E6100000000000000000F03F0000000000000040	1	\N	1
2477	1	5183	1	0101000020E6100000000000000000F03F0000000000000040	1	\N	1
2478	1	5183	1	0101000020E6100000000000000000F03F0000000000000040	4	\N	1
2479	1	5183	3	0101000020E6100000000000000000F03F0000000000000040	\N	\N	1
2480	1	5183	1	0101000020E6100000000000000000F03F0000000000000040	4	\N	2
2481	1	5183	1	0101000020E6100000000000000000F03F0000000000000040	4	\N	3
2482	1	5183	1	0101000020E6100000000000000000F03F0000000000000040	4	\N	3
2483	1	5183	1	0101000020E6100000000000000000F03F0000000000000040	1	\N	2
2484	1	5183	1	0101000020E6100000000000000000F03F0000000000000040	2	\N	3
2485	1	5183	1	0101000020E6100000000000000000F03F0000000000000040	3	\N	1
2486	1	5183	1	0101000020E6100000000000000000F03F0000000000000040	4	\N	2
2487	1	5183	2	0101000020E6100000000000000000F03F0000000000000040	\N	Other 3	1
2488	1	5183	1	0101000020E6100000000000000000F03F0000000000000040	3	\N	1
2489	1	5183	1	0101000020E6100000000000000000F03F0000000000000040	2	\N	1
2490	1	5183	1	0101000020E6100000000000000000F03F0000000000000040	4	\N	3
2491	1	5183	2	0101000020E6100000000000000000F03F0000000000000040	\N	Other 4	1
2492	1	5183	1	0101000020E6100000000000000000F03F0000000000000040	2	\N	1
2493	1	5183	3	0101000020E6100000000000000000F03F0000000000000040	\N	\N	1
2494	1	5183	3	0101000020E6100000000000000000F03F0000000000000040	\N	\N	1
2495	1	5183	2	0101000020E6100000000000000000F03F0000000000000040	\N	Other 4	1
2496	1	5183	1	0101000020E6100000000000000000F03F0000000000000040	4	\N	1
2497	1	5183	1	0101000020E6100000000000000000F03F0000000000000040	4	\N	1
2498	1	5183	1	0101000020E6100000000000000000F03F0000000000000040	1	\N	1
2499	1	5183	1	0101000020E6100000000000000000F03F0000000000000040	3	\N	1
2500	1	5183	1	0101000020E6100000000000000000F03F0000000000000040	1	\N	1
2501	1	5183	1	0101000020E6100000000000000000F03F0000000000000040	4	\N	1
2502	1	5183	3	0101000020E6100000000000000000F03F0000000000000040	\N	\N	1
2503	1	5183	3	0101000020E6100000000000000000F03F0000000000000040	\N	\N	1
2504	1	5183	1	0101000020E6100000000000000000F03F0000000000000040	2	\N	1
2505	1	5183	1	0101000020E6100000000000000000F03F0000000000000040	4	\N	1
2506	1	5183	1	0101000020E6100000000000000000F03F0000000000000040	4	\N	1
2507	1	5183	1	0101000020E6100000000000000000F03F0000000000000040	2	\N	1
2508	1	5183	1	0101000020E6100000000000000000F03F0000000000000040	3	\N	1
2509	1	5183	1	0101000020E6100000000000000000F03F0000000000000040	4	\N	1
2510	1	5183	1	0101000020E6100000000000000000F03F0000000000000040	3	\N	1
2511	1	5183	1	0101000020E6100000000000000000F03F0000000000000040	2	\N	2
2512	1	5183	1	0101000020E6100000000000000000F03F0000000000000040	1	\N	1
2513	1	5183	1	0101000020E6100000000000000000F03F0000000000000040	4	\N	1
2514	1	5183	1	0101000020E6100000000000000000F03F0000000000000040	2	\N	1
2515	1	5183	1	0101000020E6100000000000000000F03F0000000000000040	2	\N	1
2516	1	5183	1	0101000020E6100000000000000000F03F0000000000000040	4	\N	1
2517	1	5183	1	0101000020E6100000000000000000F03F0000000000000040	2	\N	3
2518	1	5183	1	0101000020E6100000000000000000F03F0000000000000040	4	\N	1
2519	1	5183	1	0101000020E6100000000000000000F03F0000000000000040	4	\N	2
2520	1	5183	1	0101000020E6100000000000000000F03F0000000000000040	3	\N	2
2521	1	5183	1	0101000020E6100000000000000000F03F0000000000000040	4	\N	1
2522	1	5183	1	0101000020E6100000000000000000F03F0000000000000040	4	\N	1
2523	1	5183	1	0101000020E6100000000000000000F03F0000000000000040	3	\N	1
2524	1	5183	1	0101000020E6100000000000000000F03F0000000000000040	3	\N	3
2525	1	5183	1	0101000020E6100000000000000000F03F0000000000000040	1	\N	1
2526	1	5183	1	0101000020E6100000000000000000F03F0000000000000040	1	\N	1
2527	1	5183	1	0101000020E6100000000000000000F03F0000000000000040	4	\N	1
2528	1	5183	1	0101000020E6100000000000000000F03F0000000000000040	3	\N	3
2529	1	5183	1	0101000020E6100000000000000000F03F0000000000000040	4	\N	1
2530	1	5183	1	0101000020E6100000000000000000F03F0000000000000040	4	\N	1
2531	1	5183	1	0101000020E6100000000000000000F03F0000000000000040	1	\N	1
2532	1	5183	1	0101000020E6100000000000000000F03F0000000000000040	3	\N	1
2533	1	5183	1	0101000020E6100000000000000000F03F0000000000000040	4	\N	1
2534	1	5183	1	0101000020E6100000000000000000F03F0000000000000040	1	\N	1
2535	1	5183	1	0101000020E6100000000000000000F03F0000000000000040	3	\N	1
2536	1	5183	1	0101000020E6100000000000000000F03F0000000000000040	3	\N	1
2537	1	5183	1	0101000020E6100000000000000000F03F0000000000000040	1	\N	1
2538	1	5183	1	0101000020E6100000000000000000F03F0000000000000040	3	\N	1
2539	1	5183	1	0101000020E6100000000000000000F03F0000000000000040	3	\N	1
2540	1	5183	1	0101000020E6100000000000000000F03F0000000000000040	1	\N	1
2541	1	5183	1	0101000020E6100000000000000000F03F0000000000000040	3	\N	2
2542	1	5183	1	0101000020E6100000000000000000F03F0000000000000040	4	\N	1
2543	1	5183	1	0101000020E6100000000000000000F03F0000000000000040	4	\N	3
2544	1	5183	1	0101000020E6100000000000000000F03F0000000000000040	1	\N	1
2545	1	5183	1	0101000020E6100000000000000000F03F0000000000000040	2	\N	1
2546	1	5183	1	0101000020E6100000000000000000F03F0000000000000040	3	\N	1
2547	1	5183	1	0101000020E6100000000000000000F03F0000000000000040	2	\N	2
2548	1	5183	1	0101000020E6100000000000000000F03F0000000000000040	2	\N	1
2549	1	5183	1	0101000020E6100000000000000000F03F0000000000000040	3	\N	1
2550	1	5183	1	0101000020E6100000000000000000F03F0000000000000040	4	\N	1
2551	1	5183	1	0101000020E6100000000000000000F03F0000000000000040	2	\N	1
2552	1	5183	2	0101000020E6100000000000000000F03F0000000000000040	\N	Other 4	1
2553	1	5183	1	0101000020E6100000000000000000F03F0000000000000040	1	\N	1
2554	1	5183	1	0101000020E6100000000000000000F03F0000000000000040	2	\N	1
2555	1	5183	1	0101000020E6100000000000000000F03F0000000000000040	1	\N	1
2556	1	5183	1	0101000020E6100000000000000000F03F0000000000000040	4	\N	1
2557	1	5183	1	0101000020E6100000000000000000F03F0000000000000040	2	\N	1
2558	1	5183	1	0101000020E6100000000000000000F03F0000000000000040	4	\N	3
2559	1	5183	1	0101000020E6100000000000000000F03F0000000000000040	3	\N	1
2560	1	5183	1	0101000020E6100000000000000000F03F0000000000000040	1	\N	2
2561	1	5183	1	0101000020E6100000000000000000F03F0000000000000040	3	\N	1
2562	1	5183	1	0101000020E6100000000000000000F03F0000000000000040	3	\N	1
2563	1	5183	1	0101000020E6100000000000000000F03F0000000000000040	4	\N	1
2564	1	5183	3	0101000020E6100000000000000000F03F0000000000000040	\N	\N	1
2565	1	5183	1	0101000020E6100000000000000000F03F0000000000000040	3	\N	1
2566	1	5183	2	0101000020E6100000000000000000F03F0000000000000040	\N	Other 4	1
2567	1	5183	1	0101000020E6100000000000000000F03F0000000000000040	2	\N	1
2568	1	5183	1	0101000020E6100000000000000000F03F0000000000000040	4	\N	3
2569	1	5183	1	0101000020E6100000000000000000F03F0000000000000040	1	\N	1
2570	1	5183	1	0101000020E6100000000000000000F03F0000000000000040	2	\N	1
2571	1	5183	1	0101000020E6100000000000000000F03F0000000000000040	2	\N	3
2572	1	5183	1	0101000020E6100000000000000000F03F0000000000000040	1	\N	2
2573	1	5183	1	0101000020E6100000000000000000F03F0000000000000040	4	\N	1
2574	1	5183	1	0101000020E6100000000000000000F03F0000000000000040	4	\N	1
2575	1	5183	1	0101000020E6100000000000000000F03F0000000000000040	3	\N	1
2576	1	5183	1	0101000020E6100000000000000000F03F0000000000000040	3	\N	1
2577	1	5183	1	0101000020E6100000000000000000F03F0000000000000040	1	\N	3
2578	1	5183	1	0101000020E6100000000000000000F03F0000000000000040	4	\N	1
2579	1	5183	1	0101000020E6100000000000000000F03F0000000000000040	1	\N	1
2580	1	5183	1	0101000020E6100000000000000000F03F0000000000000040	3	\N	2
2581	1	5183	1	0101000020E6100000000000000000F03F0000000000000040	3	\N	1
2582	1	5183	1	0101000020E6100000000000000000F03F0000000000000040	3	\N	1
2583	1	5183	1	0101000020E6100000000000000000F03F0000000000000040	3	\N	1
2584	1	5183	3	0101000020E6100000000000000000F03F0000000000000040	\N	\N	1
2585	1	5183	1	0101000020E6100000000000000000F03F0000000000000040	4	\N	1
2586	1	5183	1	0101000020E6100000000000000000F03F0000000000000040	1	\N	1
2587	1	5183	1	0101000020E6100000000000000000F03F0000000000000040	2	\N	1
2588	1	5183	1	0101000020E6100000000000000000F03F0000000000000040	2	\N	3
2589	1	5183	1	0101000020E6100000000000000000F03F0000000000000040	3	\N	1
2590	1	5183	1	0101000020E6100000000000000000F03F0000000000000040	2	\N	1
2591	1	5183	1	0101000020E6100000000000000000F03F0000000000000040	4	\N	1
2592	1	5183	1	0101000020E6100000000000000000F03F0000000000000040	1	\N	1
2593	1	5183	1	0101000020E6100000000000000000F03F0000000000000040	1	\N	1
2594	1	5183	1	0101000020E6100000000000000000F03F0000000000000040	1	\N	1
2595	1	5183	1	0101000020E6100000000000000000F03F0000000000000040	2	\N	3
2596	1	5183	1	0101000020E6100000000000000000F03F0000000000000040	2	\N	1
2597	1	5183	1	0101000020E6100000000000000000F03F0000000000000040	1	\N	1
2598	1	5183	1	0101000020E6100000000000000000F03F0000000000000040	2	\N	1
2599	1	5183	3	0101000020E6100000000000000000F03F0000000000000040	\N	\N	1
2600	1	5183	1	0101000020E6100000000000000000F03F0000000000000040	2	\N	1
2601	1	5183	1	0101000020E6100000000000000000F03F0000000000000040	4	\N	3
2602	1	5183	1	0101000020E6100000000000000000F03F0000000000000040	1	\N	1
2603	1	5183	1	0101000020E6100000000000000000F03F0000000000000040	4	\N	1
2604	1	5183	1	0101000020E6100000000000000000F03F0000000000000040	3	\N	1
2605	1	5183	1	0101000020E6100000000000000000F03F0000000000000040	2	\N	1
2606	1	5183	1	0101000020E6100000000000000000F03F0000000000000040	4	\N	1
2607	1	5183	3	0101000020E6100000000000000000F03F0000000000000040	\N	\N	3
2608	1	5183	1	0101000020E6100000000000000000F03F0000000000000040	4	\N	2
2609	1	5183	1	0101000020E6100000000000000000F03F0000000000000040	3	\N	1
2610	1	5183	1	0101000020E6100000000000000000F03F0000000000000040	1	\N	1
2611	1	5183	1	0101000020E6100000000000000000F03F0000000000000040	1	\N	1
2612	1	5183	1	0101000020E6100000000000000000F03F0000000000000040	3	\N	1
2613	1	5183	1	0101000020E6100000000000000000F03F0000000000000040	1	\N	1
2614	1	5183	1	0101000020E6100000000000000000F03F0000000000000040	2	\N	2
2615	1	5183	1	0101000020E6100000000000000000F03F0000000000000040	1	\N	1
2616	1	5183	1	0101000020E6100000000000000000F03F0000000000000040	4	\N	2
2617	1	5183	3	0101000020E6100000000000000000F03F0000000000000040	\N	\N	1
2618	1	5183	1	0101000020E6100000000000000000F03F0000000000000040	1	\N	3
2619	1	5183	1	0101000020E6100000000000000000F03F0000000000000040	3	\N	1
2620	1	5183	1	0101000020E6100000000000000000F03F0000000000000040	2	\N	1
2621	1	5183	1	0101000020E6100000000000000000F03F0000000000000040	2	\N	1
2622	1	5183	1	0101000020E6100000000000000000F03F0000000000000040	4	\N	1
2623	1	5183	1	0101000020E6100000000000000000F03F0000000000000040	4	\N	1
2624	1	5183	1	0101000020E6100000000000000000F03F0000000000000040	2	\N	1
2625	1	5183	1	0101000020E6100000000000000000F03F0000000000000040	2	\N	1
2626	1	5183	1	0101000020E6100000000000000000F03F0000000000000040	2	\N	1
2627	1	5183	1	0101000020E6100000000000000000F03F0000000000000040	2	\N	1
2628	1	5183	1	0101000020E6100000000000000000F03F0000000000000040	1	\N	1
2629	1	5183	3	0101000020E6100000000000000000F03F0000000000000040	\N	\N	1
2630	1	5183	1	0101000020E6100000000000000000F03F0000000000000040	1	\N	1
2631	1	5184	1	0101000020E6100000000000000000F03F0000000000000040	2	\N	1
2632	1	5184	1	0101000020E6100000000000000000F03F0000000000000040	4	\N	1
2633	1	5184	1	0101000020E6100000000000000000F03F0000000000000040	2	\N	1
2634	1	5184	1	0101000020E6100000000000000000F03F0000000000000040	1	\N	1
2635	1	5184	1	0101000020E6100000000000000000F03F0000000000000040	2	\N	1
2636	1	5184	1	0101000020E6100000000000000000F03F0000000000000040	3	\N	1
2637	1	5184	1	0101000020E6100000000000000000F03F0000000000000040	4	\N	1
2638	1	5184	1	0101000020E6100000000000000000F03F0000000000000040	4	\N	2
2639	1	5184	1	0101000020E6100000000000000000F03F0000000000000040	4	\N	3
2640	1	5184	1	0101000020E6100000000000000000F03F0000000000000040	4	\N	2
2641	1	5184	1	0101000020E6100000000000000000F03F0000000000000040	1	\N	1
2642	1	5184	2	0101000020E6100000000000000000F03F0000000000000040	\N	Other 4	2
2643	1	5184	1	0101000020E6100000000000000000F03F0000000000000040	2	\N	1
2644	1	5184	1	0101000020E6100000000000000000F03F0000000000000040	3	\N	2
2645	1	5184	1	0101000020E6100000000000000000F03F0000000000000040	4	\N	1
2646	1	5184	1	0101000020E6100000000000000000F03F0000000000000040	2	\N	1
2647	1	5184	1	0101000020E6100000000000000000F03F0000000000000040	3	\N	2
2648	1	5184	1	0101000020E6100000000000000000F03F0000000000000040	4	\N	1
2649	1	5184	2	0101000020E6100000000000000000F03F0000000000000040	\N	Other 2	1
2650	1	5184	1	0101000020E6100000000000000000F03F0000000000000040	1	\N	2
2651	1	5184	2	0101000020E6100000000000000000F03F0000000000000040	\N	Other 1	1
2652	1	5184	1	0101000020E6100000000000000000F03F0000000000000040	1	\N	3
2653	1	5184	3	0101000020E6100000000000000000F03F0000000000000040	\N	\N	1
2654	1	5184	1	0101000020E6100000000000000000F03F0000000000000040	4	\N	1
2655	1	5184	1	0101000020E6100000000000000000F03F0000000000000040	3	\N	1
2656	1	5184	1	0101000020E6100000000000000000F03F0000000000000040	3	\N	1
2657	1	5184	1	0101000020E6100000000000000000F03F0000000000000040	1	\N	1
2658	1	5184	1	0101000020E6100000000000000000F03F0000000000000040	2	\N	1
2659	1	5184	3	0101000020E6100000000000000000F03F0000000000000040	\N	\N	1
2660	1	5184	1	0101000020E6100000000000000000F03F0000000000000040	1	\N	1
2661	1	5184	1	0101000020E6100000000000000000F03F0000000000000040	1	\N	1
2662	1	5184	1	0101000020E6100000000000000000F03F0000000000000040	1	\N	1
2663	1	5184	1	0101000020E6100000000000000000F03F0000000000000040	3	\N	1
2664	1	5184	1	0101000020E6100000000000000000F03F0000000000000040	4	\N	1
2665	1	5184	1	0101000020E6100000000000000000F03F0000000000000040	3	\N	1
2666	1	5184	1	0101000020E6100000000000000000F03F0000000000000040	2	\N	1
2667	1	5184	2	0101000020E6100000000000000000F03F0000000000000040	\N	Other 5	1
2668	1	5184	1	0101000020E6100000000000000000F03F0000000000000040	1	\N	2
2669	1	5184	1	0101000020E6100000000000000000F03F0000000000000040	2	\N	1
2670	1	5184	1	0101000020E6100000000000000000F03F0000000000000040	2	\N	1
2671	1	5184	1	0101000020E6100000000000000000F03F0000000000000040	2	\N	2
2672	1	5184	1	0101000020E6100000000000000000F03F0000000000000040	4	\N	1
2673	1	5184	1	0101000020E6100000000000000000F03F0000000000000040	4	\N	2
2674	1	5184	1	0101000020E6100000000000000000F03F0000000000000040	3	\N	1
2675	1	5184	1	0101000020E6100000000000000000F03F0000000000000040	2	\N	1
2676	1	5184	1	0101000020E6100000000000000000F03F0000000000000040	2	\N	1
2677	1	5184	1	0101000020E6100000000000000000F03F0000000000000040	1	\N	1
2678	1	5184	1	0101000020E6100000000000000000F03F0000000000000040	4	\N	1
2679	1	5184	1	0101000020E6100000000000000000F03F0000000000000040	4	\N	1
2680	1	5184	1	0101000020E6100000000000000000F03F0000000000000040	4	\N	2
2681	1	5184	1	0101000020E6100000000000000000F03F0000000000000040	2	\N	1
2682	1	5184	1	0101000020E6100000000000000000F03F0000000000000040	3	\N	1
2683	1	5184	1	0101000020E6100000000000000000F03F0000000000000040	2	\N	2
2684	1	5184	1	0101000020E6100000000000000000F03F0000000000000040	2	\N	1
2685	1	5184	1	0101000020E6100000000000000000F03F0000000000000040	4	\N	3
2686	1	5184	1	0101000020E6100000000000000000F03F0000000000000040	1	\N	1
2687	1	5184	1	0101000020E6100000000000000000F03F0000000000000040	2	\N	1
2688	1	5184	1	0101000020E6100000000000000000F03F0000000000000040	1	\N	1
2689	1	5184	1	0101000020E6100000000000000000F03F0000000000000040	4	\N	1
2690	1	5184	1	0101000020E6100000000000000000F03F0000000000000040	4	\N	3
2691	1	5184	1	0101000020E6100000000000000000F03F0000000000000040	1	\N	1
2692	1	5184	1	0101000020E6100000000000000000F03F0000000000000040	1	\N	1
2693	1	5184	1	0101000020E6100000000000000000F03F0000000000000040	3	\N	1
2694	1	5184	1	0101000020E6100000000000000000F03F0000000000000040	3	\N	1
2695	1	5184	1	0101000020E6100000000000000000F03F0000000000000040	1	\N	2
2696	1	5184	1	0101000020E6100000000000000000F03F0000000000000040	4	\N	1
2697	1	5184	1	0101000020E6100000000000000000F03F0000000000000040	4	\N	1
2698	1	5184	1	0101000020E6100000000000000000F03F0000000000000040	3	\N	2
2699	1	5184	1	0101000020E6100000000000000000F03F0000000000000040	2	\N	1
2700	1	5184	1	0101000020E6100000000000000000F03F0000000000000040	4	\N	3
2701	1	5184	1	0101000020E6100000000000000000F03F0000000000000040	2	\N	1
2702	1	5184	3	0101000020E6100000000000000000F03F0000000000000040	\N	\N	1
2703	1	5184	1	0101000020E6100000000000000000F03F0000000000000040	4	\N	3
2704	1	5184	1	0101000020E6100000000000000000F03F0000000000000040	3	\N	2
2705	1	5184	1	0101000020E6100000000000000000F03F0000000000000040	1	\N	1
2706	1	5184	1	0101000020E6100000000000000000F03F0000000000000040	3	\N	1
2707	1	5184	1	0101000020E6100000000000000000F03F0000000000000040	3	\N	1
2708	1	5184	1	0101000020E6100000000000000000F03F0000000000000040	3	\N	1
2709	1	5184	1	0101000020E6100000000000000000F03F0000000000000040	2	\N	3
2710	1	5184	1	0101000020E6100000000000000000F03F0000000000000040	2	\N	1
2711	1	5184	1	0101000020E6100000000000000000F03F0000000000000040	3	\N	1
2712	1	5184	1	0101000020E6100000000000000000F03F0000000000000040	1	\N	2
2713	1	5184	1	0101000020E6100000000000000000F03F0000000000000040	1	\N	1
2714	1	5184	1	0101000020E6100000000000000000F03F0000000000000040	3	\N	1
2715	1	5184	3	0101000020E6100000000000000000F03F0000000000000040	\N	\N	2
2716	1	5184	1	0101000020E6100000000000000000F03F0000000000000040	4	\N	1
2717	1	5184	1	0101000020E6100000000000000000F03F0000000000000040	4	\N	1
2718	1	5184	1	0101000020E6100000000000000000F03F0000000000000040	3	\N	2
2719	1	5184	1	0101000020E6100000000000000000F03F0000000000000040	2	\N	1
2720	1	5184	1	0101000020E6100000000000000000F03F0000000000000040	2	\N	1
2721	1	5184	1	0101000020E6100000000000000000F03F0000000000000040	4	\N	1
2722	1	5184	1	0101000020E6100000000000000000F03F0000000000000040	1	\N	1
2723	1	5184	1	0101000020E6100000000000000000F03F0000000000000040	2	\N	1
2724	1	5184	1	0101000020E6100000000000000000F03F0000000000000040	4	\N	2
2725	1	5184	1	0101000020E6100000000000000000F03F0000000000000040	2	\N	1
2726	1	5184	1	0101000020E6100000000000000000F03F0000000000000040	1	\N	1
2727	1	5184	1	0101000020E6100000000000000000F03F0000000000000040	2	\N	1
2728	1	5184	1	0101000020E6100000000000000000F03F0000000000000040	2	\N	1
2729	1	5184	1	0101000020E6100000000000000000F03F0000000000000040	2	\N	1
2730	1	5184	1	0101000020E6100000000000000000F03F0000000000000040	4	\N	2
2731	1	5184	1	0101000020E6100000000000000000F03F0000000000000040	1	\N	1
2732	1	5184	1	0101000020E6100000000000000000F03F0000000000000040	3	\N	1
2733	1	5184	1	0101000020E6100000000000000000F03F0000000000000040	1	\N	3
2734	1	5184	1	0101000020E6100000000000000000F03F0000000000000040	3	\N	3
2735	1	5184	1	0101000020E6100000000000000000F03F0000000000000040	2	\N	1
2736	1	5184	3	0101000020E6100000000000000000F03F0000000000000040	\N	\N	1
2737	1	5184	1	0101000020E6100000000000000000F03F0000000000000040	2	\N	1
2738	1	5184	1	0101000020E6100000000000000000F03F0000000000000040	3	\N	1
2739	1	5184	1	0101000020E6100000000000000000F03F0000000000000040	4	\N	2
2740	1	5184	1	0101000020E6100000000000000000F03F0000000000000040	3	\N	1
2741	1	5184	1	0101000020E6100000000000000000F03F0000000000000040	3	\N	1
2742	1	5184	3	0101000020E6100000000000000000F03F0000000000000040	\N	\N	1
2743	1	5184	1	0101000020E6100000000000000000F03F0000000000000040	1	\N	1
2744	1	5184	1	0101000020E6100000000000000000F03F0000000000000040	1	\N	1
2745	1	5184	2	0101000020E6100000000000000000F03F0000000000000040	\N	Other 3	1
2746	1	5184	1	0101000020E6100000000000000000F03F0000000000000040	2	\N	1
2747	1	5184	1	0101000020E6100000000000000000F03F0000000000000040	3	\N	1
2748	1	5184	1	0101000020E6100000000000000000F03F0000000000000040	2	\N	1
2749	1	5184	1	0101000020E6100000000000000000F03F0000000000000040	2	\N	1
2750	1	5184	1	0101000020E6100000000000000000F03F0000000000000040	4	\N	1
2751	1	5184	1	0101000020E6100000000000000000F03F0000000000000040	2	\N	1
2752	1	5184	1	0101000020E6100000000000000000F03F0000000000000040	4	\N	1
2753	1	5184	1	0101000020E6100000000000000000F03F0000000000000040	3	\N	1
2754	1	5184	1	0101000020E6100000000000000000F03F0000000000000040	4	\N	1
2755	1	5184	1	0101000020E6100000000000000000F03F0000000000000040	3	\N	1
2756	1	5184	1	0101000020E6100000000000000000F03F0000000000000040	4	\N	1
2757	1	5184	1	0101000020E6100000000000000000F03F0000000000000040	4	\N	1
2758	1	5184	1	0101000020E6100000000000000000F03F0000000000000040	2	\N	1
2759	1	5184	1	0101000020E6100000000000000000F03F0000000000000040	2	\N	1
2760	1	5184	1	0101000020E6100000000000000000F03F0000000000000040	2	\N	1
2761	1	5184	1	0101000020E6100000000000000000F03F0000000000000040	3	\N	1
2762	1	5184	1	0101000020E6100000000000000000F03F0000000000000040	1	\N	1
2763	1	5184	1	0101000020E6100000000000000000F03F0000000000000040	1	\N	1
2764	1	5184	1	0101000020E6100000000000000000F03F0000000000000040	4	\N	1
2765	1	5184	1	0101000020E6100000000000000000F03F0000000000000040	3	\N	1
2766	1	5184	1	0101000020E6100000000000000000F03F0000000000000040	4	\N	1
2767	1	5184	1	0101000020E6100000000000000000F03F0000000000000040	4	\N	2
2768	1	5184	1	0101000020E6100000000000000000F03F0000000000000040	1	\N	1
2769	1	5184	1	0101000020E6100000000000000000F03F0000000000000040	1	\N	1
2770	1	5185	1	0101000020E6100000000000000000F03F0000000000000040	3	\N	1
2771	1	5185	1	0101000020E6100000000000000000F03F0000000000000040	1	\N	1
2772	1	5185	1	0101000020E6100000000000000000F03F0000000000000040	4	\N	1
2773	1	5185	1	0101000020E6100000000000000000F03F0000000000000040	2	\N	2
2774	1	5185	1	0101000020E6100000000000000000F03F0000000000000040	1	\N	2
2775	1	5185	1	0101000020E6100000000000000000F03F0000000000000040	1	\N	2
2776	1	5185	1	0101000020E6100000000000000000F03F0000000000000040	1	\N	1
2777	1	5185	1	0101000020E6100000000000000000F03F0000000000000040	1	\N	1
2778	1	5185	1	0101000020E6100000000000000000F03F0000000000000040	2	\N	1
2779	1	5185	1	0101000020E6100000000000000000F03F0000000000000040	4	\N	1
2780	1	5185	1	0101000020E6100000000000000000F03F0000000000000040	1	\N	2
2781	1	5185	1	0101000020E6100000000000000000F03F0000000000000040	4	\N	1
2782	1	5185	1	0101000020E6100000000000000000F03F0000000000000040	1	\N	1
2783	1	5185	1	0101000020E6100000000000000000F03F0000000000000040	1	\N	1
2784	1	5185	1	0101000020E6100000000000000000F03F0000000000000040	3	\N	1
2785	1	5185	1	0101000020E6100000000000000000F03F0000000000000040	1	\N	1
2786	1	5185	1	0101000020E6100000000000000000F03F0000000000000040	1	\N	1
2787	1	5185	2	0101000020E6100000000000000000F03F0000000000000040	\N	Other 5	3
2788	1	5185	1	0101000020E6100000000000000000F03F0000000000000040	4	\N	1
2789	1	5185	2	0101000020E6100000000000000000F03F0000000000000040	\N	Other 4	1
2790	1	5185	2	0101000020E6100000000000000000F03F0000000000000040	\N	Other 1	1
2791	1	5185	1	0101000020E6100000000000000000F03F0000000000000040	1	\N	1
2792	1	5185	1	0101000020E6100000000000000000F03F0000000000000040	2	\N	1
2793	1	5185	1	0101000020E6100000000000000000F03F0000000000000040	4	\N	1
2794	1	5185	1	0101000020E6100000000000000000F03F0000000000000040	3	\N	2
2795	1	5185	1	0101000020E6100000000000000000F03F0000000000000040	1	\N	2
2796	1	5185	1	0101000020E6100000000000000000F03F0000000000000040	2	\N	1
2797	1	5185	1	0101000020E6100000000000000000F03F0000000000000040	4	\N	1
2798	1	5185	1	0101000020E6100000000000000000F03F0000000000000040	2	\N	3
2799	1	5185	1	0101000020E6100000000000000000F03F0000000000000040	2	\N	1
2800	1	5185	1	0101000020E6100000000000000000F03F0000000000000040	2	\N	2
2801	1	5185	2	0101000020E6100000000000000000F03F0000000000000040	\N	Other 4	1
2802	1	5185	3	0101000020E6100000000000000000F03F0000000000000040	\N	\N	1
2803	1	5185	1	0101000020E6100000000000000000F03F0000000000000040	2	\N	1
2804	1	5185	1	0101000020E6100000000000000000F03F0000000000000040	2	\N	1
2805	1	5185	1	0101000020E6100000000000000000F03F0000000000000040	1	\N	1
2806	1	5185	1	0101000020E6100000000000000000F03F0000000000000040	4	\N	3
2807	1	5185	1	0101000020E6100000000000000000F03F0000000000000040	3	\N	1
2808	1	5185	1	0101000020E6100000000000000000F03F0000000000000040	3	\N	1
2809	1	5185	1	0101000020E6100000000000000000F03F0000000000000040	2	\N	2
2810	1	5185	1	0101000020E6100000000000000000F03F0000000000000040	4	\N	1
2811	1	5185	1	0101000020E6100000000000000000F03F0000000000000040	1	\N	1
2812	1	5185	2	0101000020E6100000000000000000F03F0000000000000040	\N	Other 5	1
2813	1	5185	1	0101000020E6100000000000000000F03F0000000000000040	1	\N	2
2814	1	5185	3	0101000020E6100000000000000000F03F0000000000000040	\N	\N	2
2815	1	5185	2	0101000020E6100000000000000000F03F0000000000000040	\N	Other 3	1
2816	1	5185	1	0101000020E6100000000000000000F03F0000000000000040	1	\N	1
2817	1	5185	1	0101000020E6100000000000000000F03F0000000000000040	1	\N	3
2818	1	5185	1	0101000020E6100000000000000000F03F0000000000000040	4	\N	1
2819	1	5185	1	0101000020E6100000000000000000F03F0000000000000040	4	\N	1
2820	1	5185	1	0101000020E6100000000000000000F03F0000000000000040	1	\N	1
2821	1	5185	1	0101000020E6100000000000000000F03F0000000000000040	3	\N	1
2822	1	5185	1	0101000020E6100000000000000000F03F0000000000000040	2	\N	1
2823	1	5185	1	0101000020E6100000000000000000F03F0000000000000040	1	\N	1
2824	1	5185	1	0101000020E6100000000000000000F03F0000000000000040	3	\N	1
2825	1	5185	1	0101000020E6100000000000000000F03F0000000000000040	3	\N	3
2826	1	5185	1	0101000020E6100000000000000000F03F0000000000000040	2	\N	1
2827	1	5185	1	0101000020E6100000000000000000F03F0000000000000040	4	\N	1
2828	1	5185	1	0101000020E6100000000000000000F03F0000000000000040	4	\N	1
2829	1	5185	1	0101000020E6100000000000000000F03F0000000000000040	4	\N	3
2830	1	5185	1	0101000020E6100000000000000000F03F0000000000000040	3	\N	1
2831	1	5185	1	0101000020E6100000000000000000F03F0000000000000040	1	\N	1
2832	1	5185	1	0101000020E6100000000000000000F03F0000000000000040	1	\N	1
2833	1	5185	1	0101000020E6100000000000000000F03F0000000000000040	3	\N	1
2834	1	5185	1	0101000020E6100000000000000000F03F0000000000000040	2	\N	1
2835	1	5185	1	0101000020E6100000000000000000F03F0000000000000040	1	\N	1
2836	1	5185	1	0101000020E6100000000000000000F03F0000000000000040	4	\N	1
2837	1	5185	1	0101000020E6100000000000000000F03F0000000000000040	2	\N	1
2838	1	5185	1	0101000020E6100000000000000000F03F0000000000000040	4	\N	1
2839	1	5185	1	0101000020E6100000000000000000F03F0000000000000040	4	\N	1
2840	1	5185	1	0101000020E6100000000000000000F03F0000000000000040	1	\N	1
2841	1	5185	1	0101000020E6100000000000000000F03F0000000000000040	3	\N	1
2842	1	5185	1	0101000020E6100000000000000000F03F0000000000000040	2	\N	1
2843	1	5185	1	0101000020E6100000000000000000F03F0000000000000040	1	\N	1
2844	1	5185	1	0101000020E6100000000000000000F03F0000000000000040	3	\N	1
2845	1	5185	1	0101000020E6100000000000000000F03F0000000000000040	3	\N	1
2846	1	5185	1	0101000020E6100000000000000000F03F0000000000000040	4	\N	2
2847	1	5185	1	0101000020E6100000000000000000F03F0000000000000040	4	\N	3
2848	1	5185	1	0101000020E6100000000000000000F03F0000000000000040	1	\N	1
2849	1	5185	2	0101000020E6100000000000000000F03F0000000000000040	\N	Other 3	1
2850	1	5185	1	0101000020E6100000000000000000F03F0000000000000040	4	\N	3
2851	1	5185	1	0101000020E6100000000000000000F03F0000000000000040	2	\N	1
2852	1	5185	1	0101000020E6100000000000000000F03F0000000000000040	2	\N	1
2853	1	5185	1	0101000020E6100000000000000000F03F0000000000000040	2	\N	3
2854	1	5185	1	0101000020E6100000000000000000F03F0000000000000040	2	\N	1
2855	1	5185	1	0101000020E6100000000000000000F03F0000000000000040	2	\N	1
2856	1	5185	1	0101000020E6100000000000000000F03F0000000000000040	1	\N	1
2857	1	5185	1	0101000020E6100000000000000000F03F0000000000000040	4	\N	2
2858	1	5185	1	0101000020E6100000000000000000F03F0000000000000040	1	\N	1
2859	1	5185	1	0101000020E6100000000000000000F03F0000000000000040	3	\N	1
2860	1	5185	1	0101000020E6100000000000000000F03F0000000000000040	2	\N	1
2861	1	5185	1	0101000020E6100000000000000000F03F0000000000000040	1	\N	1
2862	1	5185	1	0101000020E6100000000000000000F03F0000000000000040	2	\N	1
2863	1	5185	1	0101000020E6100000000000000000F03F0000000000000040	3	\N	1
2864	1	5185	1	0101000020E6100000000000000000F03F0000000000000040	1	\N	1
2865	1	5185	1	0101000020E6100000000000000000F03F0000000000000040	4	\N	2
2866	1	5185	1	0101000020E6100000000000000000F03F0000000000000040	2	\N	1
2867	1	5185	1	0101000020E6100000000000000000F03F0000000000000040	2	\N	1
2868	1	5185	1	0101000020E6100000000000000000F03F0000000000000040	3	\N	2
2869	1	5185	2	0101000020E6100000000000000000F03F0000000000000040	\N	Other 4	1
2870	1	5185	1	0101000020E6100000000000000000F03F0000000000000040	1	\N	1
2871	1	5185	1	0101000020E6100000000000000000F03F0000000000000040	4	\N	1
2872	1	5185	1	0101000020E6100000000000000000F03F0000000000000040	1	\N	1
2873	1	5185	1	0101000020E6100000000000000000F03F0000000000000040	3	\N	3
2874	1	5185	1	0101000020E6100000000000000000F03F0000000000000040	2	\N	1
2875	1	5185	1	0101000020E6100000000000000000F03F0000000000000040	1	\N	3
2876	1	5185	1	0101000020E6100000000000000000F03F0000000000000040	4	\N	1
2877	1	5185	1	0101000020E6100000000000000000F03F0000000000000040	3	\N	1
2878	1	5185	1	0101000020E6100000000000000000F03F0000000000000040	4	\N	3
2879	1	5185	1	0101000020E6100000000000000000F03F0000000000000040	1	\N	1
2880	1	5185	1	0101000020E6100000000000000000F03F0000000000000040	3	\N	1
2881	1	5185	1	0101000020E6100000000000000000F03F0000000000000040	4	\N	1
2882	1	5185	1	0101000020E6100000000000000000F03F0000000000000040	4	\N	1
2883	1	5185	1	0101000020E6100000000000000000F03F0000000000000040	3	\N	1
2884	1	5185	1	0101000020E6100000000000000000F03F0000000000000040	1	\N	1
2885	1	5185	2	0101000020E6100000000000000000F03F0000000000000040	\N	Other 3	1
2886	1	5185	1	0101000020E6100000000000000000F03F0000000000000040	1	\N	1
2887	1	5185	1	0101000020E6100000000000000000F03F0000000000000040	1	\N	3
2888	1	5185	1	0101000020E6100000000000000000F03F0000000000000040	4	\N	1
2889	1	5185	1	0101000020E6100000000000000000F03F0000000000000040	1	\N	1
2890	1	5185	1	0101000020E6100000000000000000F03F0000000000000040	1	\N	1
2891	1	5185	1	0101000020E6100000000000000000F03F0000000000000040	2	\N	1
2892	1	5185	1	0101000020E6100000000000000000F03F0000000000000040	3	\N	1
2893	1	5185	1	0101000020E6100000000000000000F03F0000000000000040	2	\N	1
2894	1	5185	1	0101000020E6100000000000000000F03F0000000000000040	1	\N	1
2895	1	5185	1	0101000020E6100000000000000000F03F0000000000000040	3	\N	1
2896	1	5185	1	0101000020E6100000000000000000F03F0000000000000040	1	\N	1
2897	1	5185	1	0101000020E6100000000000000000F03F0000000000000040	4	\N	1
2898	1	5185	1	0101000020E6100000000000000000F03F0000000000000040	1	\N	1
2899	1	5185	1	0101000020E6100000000000000000F03F0000000000000040	1	\N	1
2900	1	5185	2	0101000020E6100000000000000000F03F0000000000000040	\N	Other 1	1
2901	1	5185	1	0101000020E6100000000000000000F03F0000000000000040	4	\N	1
2902	1	5185	1	0101000020E6100000000000000000F03F0000000000000040	1	\N	1
2903	1	5185	1	0101000020E6100000000000000000F03F0000000000000040	2	\N	3
2904	1	5185	3	0101000020E6100000000000000000F03F0000000000000040	\N	\N	1
2905	1	5185	1	0101000020E6100000000000000000F03F0000000000000040	3	\N	1
2906	1	5185	1	0101000020E6100000000000000000F03F0000000000000040	4	\N	1
2907	1	5185	1	0101000020E6100000000000000000F03F0000000000000040	3	\N	1
2908	1	5185	1	0101000020E6100000000000000000F03F0000000000000040	2	\N	1
2909	1	5185	1	0101000020E6100000000000000000F03F0000000000000040	4	\N	1
2910	1	5186	1	0101000020E6100000000000000000F03F0000000000000040	3	\N	1
2911	1	5186	1	0101000020E6100000000000000000F03F0000000000000040	4	\N	1
2912	1	5186	1	0101000020E6100000000000000000F03F0000000000000040	4	\N	1
2913	1	5186	2	0101000020E6100000000000000000F03F0000000000000040	\N	Other 1	1
2914	1	5186	1	0101000020E6100000000000000000F03F0000000000000040	4	\N	1
2915	1	5186	1	0101000020E6100000000000000000F03F0000000000000040	3	\N	1
2916	1	5186	1	0101000020E6100000000000000000F03F0000000000000040	1	\N	1
2917	1	5186	1	0101000020E6100000000000000000F03F0000000000000040	4	\N	2
2918	1	5186	1	0101000020E6100000000000000000F03F0000000000000040	2	\N	1
2919	1	5186	1	0101000020E6100000000000000000F03F0000000000000040	1	\N	1
2920	1	5186	1	0101000020E6100000000000000000F03F0000000000000040	4	\N	1
2921	1	5186	1	0101000020E6100000000000000000F03F0000000000000040	1	\N	1
2922	1	5186	1	0101000020E6100000000000000000F03F0000000000000040	1	\N	1
2923	1	5186	1	0101000020E6100000000000000000F03F0000000000000040	1	\N	2
2924	1	5186	1	0101000020E6100000000000000000F03F0000000000000040	3	\N	1
2925	1	5186	1	0101000020E6100000000000000000F03F0000000000000040	3	\N	1
2926	1	5186	3	0101000020E6100000000000000000F03F0000000000000040	\N	\N	1
2927	1	5186	1	0101000020E6100000000000000000F03F0000000000000040	3	\N	1
2928	1	5186	1	0101000020E6100000000000000000F03F0000000000000040	4	\N	1
2929	1	5186	1	0101000020E6100000000000000000F03F0000000000000040	1	\N	1
2930	1	5186	1	0101000020E6100000000000000000F03F0000000000000040	1	\N	1
2931	1	5186	1	0101000020E6100000000000000000F03F0000000000000040	4	\N	1
2932	1	5186	1	0101000020E6100000000000000000F03F0000000000000040	1	\N	1
2933	1	5186	1	0101000020E6100000000000000000F03F0000000000000040	1	\N	1
2934	1	5186	1	0101000020E6100000000000000000F03F0000000000000040	2	\N	3
2935	1	5186	1	0101000020E6100000000000000000F03F0000000000000040	4	\N	1
2936	1	5186	1	0101000020E6100000000000000000F03F0000000000000040	3	\N	1
2937	1	5186	1	0101000020E6100000000000000000F03F0000000000000040	3	\N	1
2938	1	5187	1	0101000020E6100000000000000000F03F0000000000000040	1	\N	2
2939	1	5187	1	0101000020E6100000000000000000F03F0000000000000040	4	\N	1
2940	1	5187	1	0101000020E6100000000000000000F03F0000000000000040	4	\N	1
2941	1	5187	1	0101000020E6100000000000000000F03F0000000000000040	3	\N	1
2942	1	5187	1	0101000020E6100000000000000000F03F0000000000000040	1	\N	1
2943	1	5187	1	0101000020E6100000000000000000F03F0000000000000040	2	\N	1
2944	1	5187	1	0101000020E6100000000000000000F03F0000000000000040	3	\N	1
2945	1	5187	1	0101000020E6100000000000000000F03F0000000000000040	2	\N	1
2946	1	5187	1	0101000020E6100000000000000000F03F0000000000000040	4	\N	3
2947	1	5187	1	0101000020E6100000000000000000F03F0000000000000040	3	\N	1
2948	1	5187	1	0101000020E6100000000000000000F03F0000000000000040	1	\N	2
2949	1	5187	1	0101000020E6100000000000000000F03F0000000000000040	1	\N	1
2950	1	5187	2	0101000020E6100000000000000000F03F0000000000000040	\N	Other 2	1
2951	1	5187	1	0101000020E6100000000000000000F03F0000000000000040	4	\N	1
2952	1	5187	1	0101000020E6100000000000000000F03F0000000000000040	3	\N	1
2953	1	5187	1	0101000020E6100000000000000000F03F0000000000000040	2	\N	1
2954	1	5187	1	0101000020E6100000000000000000F03F0000000000000040	4	\N	1
2955	1	5187	1	0101000020E6100000000000000000F03F0000000000000040	1	\N	1
2956	1	5187	1	0101000020E6100000000000000000F03F0000000000000040	1	\N	1
2957	1	5187	1	0101000020E6100000000000000000F03F0000000000000040	4	\N	1
2958	1	5187	1	0101000020E6100000000000000000F03F0000000000000040	3	\N	3
2959	1	5187	1	0101000020E6100000000000000000F03F0000000000000040	3	\N	1
2960	1	5187	1	0101000020E6100000000000000000F03F0000000000000040	4	\N	3
2961	1	5187	1	0101000020E6100000000000000000F03F0000000000000040	2	\N	1
2962	1	5187	2	0101000020E6100000000000000000F03F0000000000000040	\N	Other 4	1
2963	1	5187	1	0101000020E6100000000000000000F03F0000000000000040	4	\N	1
2964	1	5187	1	0101000020E6100000000000000000F03F0000000000000040	2	\N	1
2965	1	5187	1	0101000020E6100000000000000000F03F0000000000000040	1	\N	1
2966	1	5187	1	0101000020E6100000000000000000F03F0000000000000040	3	\N	1
2967	1	5187	1	0101000020E6100000000000000000F03F0000000000000040	4	\N	1
2968	1	5187	3	0101000020E6100000000000000000F03F0000000000000040	\N	\N	1
2969	1	5187	1	0101000020E6100000000000000000F03F0000000000000040	3	\N	1
2970	1	5187	1	0101000020E6100000000000000000F03F0000000000000040	2	\N	3
2971	1	5187	1	0101000020E6100000000000000000F03F0000000000000040	2	\N	1
2972	1	5187	1	0101000020E6100000000000000000F03F0000000000000040	1	\N	1
2973	1	5187	1	0101000020E6100000000000000000F03F0000000000000040	1	\N	1
2974	1	5187	2	0101000020E6100000000000000000F03F0000000000000040	\N	Other 2	1
2975	1	5187	2	0101000020E6100000000000000000F03F0000000000000040	\N	Other 5	1
2976	1	5187	1	0101000020E6100000000000000000F03F0000000000000040	1	\N	1
2977	1	5187	1	0101000020E6100000000000000000F03F0000000000000040	4	\N	2
2978	1	5187	1	0101000020E6100000000000000000F03F0000000000000040	3	\N	2
2979	1	5187	1	0101000020E6100000000000000000F03F0000000000000040	2	\N	2
2980	1	5187	1	0101000020E6100000000000000000F03F0000000000000040	1	\N	1
2981	1	5187	1	0101000020E6100000000000000000F03F0000000000000040	2	\N	1
2982	1	5187	1	0101000020E6100000000000000000F03F0000000000000040	3	\N	1
2983	1	5187	1	0101000020E6100000000000000000F03F0000000000000040	3	\N	1
2984	1	5187	1	0101000020E6100000000000000000F03F0000000000000040	1	\N	2
2985	1	5187	1	0101000020E6100000000000000000F03F0000000000000040	1	\N	1
2986	1	5187	1	0101000020E6100000000000000000F03F0000000000000040	1	\N	1
2987	1	5187	2	0101000020E6100000000000000000F03F0000000000000040	\N	Other 1	1
2988	1	5187	1	0101000020E6100000000000000000F03F0000000000000040	4	\N	1
2989	1	5187	1	0101000020E6100000000000000000F03F0000000000000040	2	\N	3
2990	1	5187	1	0101000020E6100000000000000000F03F0000000000000040	3	\N	1
2991	1	5187	1	0101000020E6100000000000000000F03F0000000000000040	2	\N	1
2992	1	5187	1	0101000020E6100000000000000000F03F0000000000000040	3	\N	1
2993	1	5187	1	0101000020E6100000000000000000F03F0000000000000040	2	\N	1
2994	1	5187	1	0101000020E6100000000000000000F03F0000000000000040	2	\N	1
2995	1	5187	2	0101000020E6100000000000000000F03F0000000000000040	\N	Other 3	1
2996	1	5187	3	0101000020E6100000000000000000F03F0000000000000040	\N	\N	1
2997	1	5187	1	0101000020E6100000000000000000F03F0000000000000040	4	\N	1
2998	1	5187	1	0101000020E6100000000000000000F03F0000000000000040	2	\N	1
2999	1	5187	1	0101000020E6100000000000000000F03F0000000000000040	4	\N	1
3000	1	5187	1	0101000020E6100000000000000000F03F0000000000000040	3	\N	1
3001	1	5187	1	0101000020E6100000000000000000F03F0000000000000040	1	\N	1
3002	1	5187	1	0101000020E6100000000000000000F03F0000000000000040	3	\N	1
3003	1	5187	1	0101000020E6100000000000000000F03F0000000000000040	1	\N	2
3004	1	5187	1	0101000020E6100000000000000000F03F0000000000000040	2	\N	1
3005	1	5187	1	0101000020E6100000000000000000F03F0000000000000040	2	\N	1
3006	1	5187	1	0101000020E6100000000000000000F03F0000000000000040	1	\N	1
3007	1	5187	1	0101000020E6100000000000000000F03F0000000000000040	4	\N	1
3008	1	5187	1	0101000020E6100000000000000000F03F0000000000000040	2	\N	1
3009	1	5187	1	0101000020E6100000000000000000F03F0000000000000040	2	\N	2
3010	1	5187	1	0101000020E6100000000000000000F03F0000000000000040	2	\N	1
3011	1	5187	1	0101000020E6100000000000000000F03F0000000000000040	3	\N	1
3012	1	5187	1	0101000020E6100000000000000000F03F0000000000000040	1	\N	1
3013	1	5187	1	0101000020E6100000000000000000F03F0000000000000040	4	\N	1
3014	1	5187	1	0101000020E6100000000000000000F03F0000000000000040	4	\N	1
3015	1	5187	1	0101000020E6100000000000000000F03F0000000000000040	3	\N	1
3016	1	5187	1	0101000020E6100000000000000000F03F0000000000000040	3	\N	1
3017	1	5187	1	0101000020E6100000000000000000F03F0000000000000040	4	\N	1
3018	1	5187	3	0101000020E6100000000000000000F03F0000000000000040	\N	\N	1
3019	1	5187	1	0101000020E6100000000000000000F03F0000000000000040	4	\N	1
3020	1	5187	1	0101000020E6100000000000000000F03F0000000000000040	3	\N	1
3021	1	5187	1	0101000020E6100000000000000000F03F0000000000000040	1	\N	1
3022	1	5187	2	0101000020E6100000000000000000F03F0000000000000040	\N	Other 2	1
3023	1	5187	1	0101000020E6100000000000000000F03F0000000000000040	1	\N	2
3024	1	5187	1	0101000020E6100000000000000000F03F0000000000000040	2	\N	1
3025	1	5187	1	0101000020E6100000000000000000F03F0000000000000040	4	\N	1
3026	1	5187	1	0101000020E6100000000000000000F03F0000000000000040	1	\N	1
3027	1	5187	1	0101000020E6100000000000000000F03F0000000000000040	2	\N	3
3028	1	5187	1	0101000020E6100000000000000000F03F0000000000000040	2	\N	2
3029	1	5187	1	0101000020E6100000000000000000F03F0000000000000040	3	\N	1
3030	1	5187	1	0101000020E6100000000000000000F03F0000000000000040	4	\N	1
3031	1	5187	1	0101000020E6100000000000000000F03F0000000000000040	4	\N	3
3032	1	5187	1	0101000020E6100000000000000000F03F0000000000000040	4	\N	2
3033	1	5187	1	0101000020E6100000000000000000F03F0000000000000040	2	\N	1
3034	1	5187	1	0101000020E6100000000000000000F03F0000000000000040	3	\N	1
3035	1	5187	1	0101000020E6100000000000000000F03F0000000000000040	3	\N	3
3036	1	5187	1	0101000020E6100000000000000000F03F0000000000000040	2	\N	3
3037	1	5187	1	0101000020E6100000000000000000F03F0000000000000040	4	\N	1
3038	1	5188	1	0101000020E6100000000000000000F03F0000000000000040	1	\N	2
3039	1	5188	1	0101000020E6100000000000000000F03F0000000000000040	4	\N	1
3040	1	5188	1	0101000020E6100000000000000000F03F0000000000000040	4	\N	1
3041	1	5188	1	0101000020E6100000000000000000F03F0000000000000040	2	\N	1
3042	1	5188	1	0101000020E6100000000000000000F03F0000000000000040	3	\N	1
3043	1	5188	1	0101000020E6100000000000000000F03F0000000000000040	1	\N	1
3044	1	5188	1	0101000020E6100000000000000000F03F0000000000000040	1	\N	1
3045	1	5188	1	0101000020E6100000000000000000F03F0000000000000040	3	\N	1
3046	1	5188	1	0101000020E6100000000000000000F03F0000000000000040	4	\N	2
3047	1	5188	1	0101000020E6100000000000000000F03F0000000000000040	2	\N	2
3048	1	5188	1	0101000020E6100000000000000000F03F0000000000000040	4	\N	2
3049	1	5188	1	0101000020E6100000000000000000F03F0000000000000040	1	\N	1
3050	1	5188	2	0101000020E6100000000000000000F03F0000000000000040	\N	Other 4	1
3051	1	5188	2	0101000020E6100000000000000000F03F0000000000000040	\N	Other 4	1
3052	1	5188	1	0101000020E6100000000000000000F03F0000000000000040	1	\N	1
3053	1	5188	1	0101000020E6100000000000000000F03F0000000000000040	1	\N	2
3054	1	5188	1	0101000020E6100000000000000000F03F0000000000000040	3	\N	1
3055	1	5188	1	0101000020E6100000000000000000F03F0000000000000040	4	\N	1
3056	1	5188	1	0101000020E6100000000000000000F03F0000000000000040	4	\N	2
3057	1	5188	1	0101000020E6100000000000000000F03F0000000000000040	4	\N	1
3058	1	5188	1	0101000020E6100000000000000000F03F0000000000000040	1	\N	1
3059	1	5188	2	0101000020E6100000000000000000F03F0000000000000040	\N	Other 5	1
3060	1	5188	2	0101000020E6100000000000000000F03F0000000000000040	\N	Other 5	1
3061	1	5188	1	0101000020E6100000000000000000F03F0000000000000040	2	\N	1
3062	1	5188	1	0101000020E6100000000000000000F03F0000000000000040	1	\N	1
3063	1	5188	1	0101000020E6100000000000000000F03F0000000000000040	2	\N	1
3064	1	5188	1	0101000020E6100000000000000000F03F0000000000000040	3	\N	1
3065	1	5188	1	0101000020E6100000000000000000F03F0000000000000040	4	\N	1
3066	1	5188	1	0101000020E6100000000000000000F03F0000000000000040	2	\N	1
3067	1	5188	1	0101000020E6100000000000000000F03F0000000000000040	3	\N	1
3068	1	5188	1	0101000020E6100000000000000000F03F0000000000000040	4	\N	1
3069	1	5188	1	0101000020E6100000000000000000F03F0000000000000040	4	\N	3
3070	1	5188	1	0101000020E6100000000000000000F03F0000000000000040	2	\N	1
3071	1	5188	1	0101000020E6100000000000000000F03F0000000000000040	3	\N	1
3072	1	5188	1	0101000020E6100000000000000000F03F0000000000000040	2	\N	1
3073	1	5188	1	0101000020E6100000000000000000F03F0000000000000040	3	\N	1
3074	1	5188	1	0101000020E6100000000000000000F03F0000000000000040	3	\N	1
3075	1	5188	1	0101000020E6100000000000000000F03F0000000000000040	4	\N	1
3076	1	5188	1	0101000020E6100000000000000000F03F0000000000000040	2	\N	1
3077	1	5188	1	0101000020E6100000000000000000F03F0000000000000040	2	\N	1
3078	1	5188	1	0101000020E6100000000000000000F03F0000000000000040	4	\N	1
3079	1	5188	2	0101000020E6100000000000000000F03F0000000000000040	\N	Other 4	2
3080	1	5188	1	0101000020E6100000000000000000F03F0000000000000040	2	\N	1
3081	1	5188	1	0101000020E6100000000000000000F03F0000000000000040	1	\N	1
3082	1	5188	1	0101000020E6100000000000000000F03F0000000000000040	4	\N	1
3083	1	5188	1	0101000020E6100000000000000000F03F0000000000000040	2	\N	1
3084	1	5188	1	0101000020E6100000000000000000F03F0000000000000040	2	\N	3
3085	1	5188	1	0101000020E6100000000000000000F03F0000000000000040	2	\N	1
3086	1	5188	1	0101000020E6100000000000000000F03F0000000000000040	2	\N	1
3087	1	5188	1	0101000020E6100000000000000000F03F0000000000000040	4	\N	1
3088	1	5188	1	0101000020E6100000000000000000F03F0000000000000040	3	\N	1
3089	1	5188	1	0101000020E6100000000000000000F03F0000000000000040	3	\N	1
3090	1	5188	1	0101000020E6100000000000000000F03F0000000000000040	4	\N	3
3091	1	5188	3	0101000020E6100000000000000000F03F0000000000000040	\N	\N	1
3092	1	5188	1	0101000020E6100000000000000000F03F0000000000000040	3	\N	1
3093	1	5188	1	0101000020E6100000000000000000F03F0000000000000040	2	\N	1
3094	1	5188	1	0101000020E6100000000000000000F03F0000000000000040	3	\N	3
3095	1	5188	1	0101000020E6100000000000000000F03F0000000000000040	2	\N	1
3096	1	5188	1	0101000020E6100000000000000000F03F0000000000000040	2	\N	1
3097	1	5188	1	0101000020E6100000000000000000F03F0000000000000040	1	\N	1
3098	1	5188	1	0101000020E6100000000000000000F03F0000000000000040	1	\N	1
3099	1	5188	2	0101000020E6100000000000000000F03F0000000000000040	\N	Other 5	1
3100	1	5188	1	0101000020E6100000000000000000F03F0000000000000040	1	\N	1
3101	1	5188	1	0101000020E6100000000000000000F03F0000000000000040	2	\N	1
3102	1	5188	1	0101000020E6100000000000000000F03F0000000000000040	1	\N	2
3103	1	5188	1	0101000020E6100000000000000000F03F0000000000000040	2	\N	1
3104	1	5188	3	0101000020E6100000000000000000F03F0000000000000040	\N	\N	1
3105	1	5188	1	0101000020E6100000000000000000F03F0000000000000040	1	\N	3
3106	1	5189	1	0101000020E6100000000000000000F03F0000000000000040	3	\N	1
3107	1	5189	1	0101000020E6100000000000000000F03F0000000000000040	3	\N	1
3108	1	5189	1	0101000020E6100000000000000000F03F0000000000000040	3	\N	3
3109	1	5189	1	0101000020E6100000000000000000F03F0000000000000040	3	\N	1
3110	1	5189	1	0101000020E6100000000000000000F03F0000000000000040	1	\N	1
3111	1	5189	1	0101000020E6100000000000000000F03F0000000000000040	3	\N	1
3112	1	5189	1	0101000020E6100000000000000000F03F0000000000000040	1	\N	1
3113	1	5189	1	0101000020E6100000000000000000F03F0000000000000040	2	\N	3
3114	1	5189	1	0101000020E6100000000000000000F03F0000000000000040	3	\N	1
3115	1	5189	1	0101000020E6100000000000000000F03F0000000000000040	2	\N	1
3116	1	5189	1	0101000020E6100000000000000000F03F0000000000000040	3	\N	1
3117	1	5189	1	0101000020E6100000000000000000F03F0000000000000040	3	\N	1
3118	1	5189	1	0101000020E6100000000000000000F03F0000000000000040	2	\N	1
3119	1	5189	1	0101000020E6100000000000000000F03F0000000000000040	2	\N	1
3120	1	5189	1	0101000020E6100000000000000000F03F0000000000000040	1	\N	1
3121	1	5189	1	0101000020E6100000000000000000F03F0000000000000040	3	\N	3
3122	1	5189	3	0101000020E6100000000000000000F03F0000000000000040	\N	\N	1
3123	1	5189	1	0101000020E6100000000000000000F03F0000000000000040	1	\N	1
3124	1	5189	1	0101000020E6100000000000000000F03F0000000000000040	3	\N	1
3125	1	5189	1	0101000020E6100000000000000000F03F0000000000000040	2	\N	1
3126	1	5189	1	0101000020E6100000000000000000F03F0000000000000040	2	\N	2
3127	1	5189	1	0101000020E6100000000000000000F03F0000000000000040	4	\N	1
3128	1	5189	2	0101000020E6100000000000000000F03F0000000000000040	\N	Other 2	1
3129	1	5189	1	0101000020E6100000000000000000F03F0000000000000040	1	\N	1
3130	1	5189	1	0101000020E6100000000000000000F03F0000000000000040	3	\N	1
3131	1	5189	1	0101000020E6100000000000000000F03F0000000000000040	1	\N	3
3132	1	5189	1	0101000020E6100000000000000000F03F0000000000000040	1	\N	2
3133	1	5189	1	0101000020E6100000000000000000F03F0000000000000040	1	\N	3
3134	1	5189	1	0101000020E6100000000000000000F03F0000000000000040	4	\N	1
3135	1	5189	2	0101000020E6100000000000000000F03F0000000000000040	\N	Other 4	1
3136	1	5189	1	0101000020E6100000000000000000F03F0000000000000040	4	\N	1
3137	1	5189	1	0101000020E6100000000000000000F03F0000000000000040	2	\N	1
3138	1	5189	2	0101000020E6100000000000000000F03F0000000000000040	\N	Other 5	1
3139	1	5189	1	0101000020E6100000000000000000F03F0000000000000040	3	\N	1
3140	1	5189	1	0101000020E6100000000000000000F03F0000000000000040	3	\N	1
3141	1	5189	3	0101000020E6100000000000000000F03F0000000000000040	\N	\N	1
3142	1	5189	1	0101000020E6100000000000000000F03F0000000000000040	2	\N	3
3143	1	5189	1	0101000020E6100000000000000000F03F0000000000000040	4	\N	1
3144	1	5189	1	0101000020E6100000000000000000F03F0000000000000040	4	\N	1
3145	1	5189	1	0101000020E6100000000000000000F03F0000000000000040	2	\N	1
3146	1	5189	1	0101000020E6100000000000000000F03F0000000000000040	4	\N	3
3147	1	5189	1	0101000020E6100000000000000000F03F0000000000000040	1	\N	1
3148	1	5189	1	0101000020E6100000000000000000F03F0000000000000040	4	\N	1
3149	1	5189	3	0101000020E6100000000000000000F03F0000000000000040	\N	\N	1
3150	1	5189	1	0101000020E6100000000000000000F03F0000000000000040	2	\N	1
3151	1	5189	1	0101000020E6100000000000000000F03F0000000000000040	3	\N	1
3152	1	5189	1	0101000020E6100000000000000000F03F0000000000000040	1	\N	1
3153	1	5189	1	0101000020E6100000000000000000F03F0000000000000040	1	\N	1
3154	1	5189	1	0101000020E6100000000000000000F03F0000000000000040	2	\N	1
3155	1	5189	1	0101000020E6100000000000000000F03F0000000000000040	1	\N	1
3156	1	5189	1	0101000020E6100000000000000000F03F0000000000000040	4	\N	1
3157	1	5189	1	0101000020E6100000000000000000F03F0000000000000040	3	\N	1
3158	1	5189	1	0101000020E6100000000000000000F03F0000000000000040	4	\N	1
3159	1	5189	1	0101000020E6100000000000000000F03F0000000000000040	3	\N	1
3160	1	5189	1	0101000020E6100000000000000000F03F0000000000000040	1	\N	1
3161	1	5189	1	0101000020E6100000000000000000F03F0000000000000040	2	\N	1
3162	1	5189	1	0101000020E6100000000000000000F03F0000000000000040	1	\N	1
3163	1	5189	1	0101000020E6100000000000000000F03F0000000000000040	4	\N	2
3164	1	5189	3	0101000020E6100000000000000000F03F0000000000000040	\N	\N	3
3165	1	5189	1	0101000020E6100000000000000000F03F0000000000000040	4	\N	1
3166	1	5189	1	0101000020E6100000000000000000F03F0000000000000040	3	\N	2
3167	1	5189	1	0101000020E6100000000000000000F03F0000000000000040	1	\N	1
3168	1	5189	1	0101000020E6100000000000000000F03F0000000000000040	4	\N	1
3169	1	5189	1	0101000020E6100000000000000000F03F0000000000000040	2	\N	1
3170	1	5189	1	0101000020E6100000000000000000F03F0000000000000040	1	\N	1
3171	1	5189	1	0101000020E6100000000000000000F03F0000000000000040	3	\N	1
3172	1	5189	1	0101000020E6100000000000000000F03F0000000000000040	2	\N	1
3173	1	5189	2	0101000020E6100000000000000000F03F0000000000000040	\N	Other 2	1
3174	1	5189	1	0101000020E6100000000000000000F03F0000000000000040	1	\N	3
3175	1	5189	1	0101000020E6100000000000000000F03F0000000000000040	3	\N	1
3176	1	5189	1	0101000020E6100000000000000000F03F0000000000000040	1	\N	1
3177	1	5189	1	0101000020E6100000000000000000F03F0000000000000040	3	\N	3
3178	1	5189	3	0101000020E6100000000000000000F03F0000000000000040	\N	\N	1
3179	1	5190	1	0101000020E6100000000000000000F03F0000000000000040	2	\N	3
3180	1	5190	1	0101000020E6100000000000000000F03F0000000000000040	3	\N	1
3181	1	5190	1	0101000020E6100000000000000000F03F0000000000000040	4	\N	2
3182	1	5190	2	0101000020E6100000000000000000F03F0000000000000040	\N	Other 5	1
3183	1	5190	1	0101000020E6100000000000000000F03F0000000000000040	2	\N	3
3184	1	5190	3	0101000020E6100000000000000000F03F0000000000000040	\N	\N	1
3185	1	5190	1	0101000020E6100000000000000000F03F0000000000000040	2	\N	1
3186	1	5190	1	0101000020E6100000000000000000F03F0000000000000040	3	\N	1
3187	1	5190	1	0101000020E6100000000000000000F03F0000000000000040	2	\N	1
3188	1	5190	1	0101000020E6100000000000000000F03F0000000000000040	1	\N	3
3189	1	5190	2	0101000020E6100000000000000000F03F0000000000000040	\N	Other 5	1
3190	1	5190	1	0101000020E6100000000000000000F03F0000000000000040	1	\N	2
3191	1	5190	1	0101000020E6100000000000000000F03F0000000000000040	2	\N	3
3192	1	5190	1	0101000020E6100000000000000000F03F0000000000000040	4	\N	1
3193	1	5190	1	0101000020E6100000000000000000F03F0000000000000040	3	\N	1
3194	1	5190	1	0101000020E6100000000000000000F03F0000000000000040	3	\N	1
3195	1	5190	1	0101000020E6100000000000000000F03F0000000000000040	3	\N	1
3196	1	5190	1	0101000020E6100000000000000000F03F0000000000000040	1	\N	1
3197	1	5190	1	0101000020E6100000000000000000F03F0000000000000040	4	\N	1
3198	1	5190	1	0101000020E6100000000000000000F03F0000000000000040	3	\N	1
3199	1	5190	1	0101000020E6100000000000000000F03F0000000000000040	3	\N	3
3200	1	5190	1	0101000020E6100000000000000000F03F0000000000000040	2	\N	1
3201	1	5190	1	0101000020E6100000000000000000F03F0000000000000040	1	\N	1
3202	1	5190	1	0101000020E6100000000000000000F03F0000000000000040	1	\N	1
3203	1	5190	1	0101000020E6100000000000000000F03F0000000000000040	1	\N	1
3204	1	5190	1	0101000020E6100000000000000000F03F0000000000000040	1	\N	1
3205	1	5190	1	0101000020E6100000000000000000F03F0000000000000040	1	\N	1
3206	1	5190	1	0101000020E6100000000000000000F03F0000000000000040	4	\N	1
3207	1	5190	1	0101000020E6100000000000000000F03F0000000000000040	4	\N	3
3208	1	5190	1	0101000020E6100000000000000000F03F0000000000000040	4	\N	1
3209	1	5190	1	0101000020E6100000000000000000F03F0000000000000040	3	\N	1
3210	1	5190	1	0101000020E6100000000000000000F03F0000000000000040	2	\N	1
3211	1	5190	1	0101000020E6100000000000000000F03F0000000000000040	1	\N	1
3212	1	5190	1	0101000020E6100000000000000000F03F0000000000000040	1	\N	1
3213	1	5190	3	0101000020E6100000000000000000F03F0000000000000040	\N	\N	1
3214	1	5190	1	0101000020E6100000000000000000F03F0000000000000040	2	\N	1
3215	1	5190	1	0101000020E6100000000000000000F03F0000000000000040	2	\N	3
3216	1	5190	1	0101000020E6100000000000000000F03F0000000000000040	1	\N	1
3217	1	5190	1	0101000020E6100000000000000000F03F0000000000000040	2	\N	1
3218	1	5190	1	0101000020E6100000000000000000F03F0000000000000040	2	\N	1
3219	1	5190	3	0101000020E6100000000000000000F03F0000000000000040	\N	\N	2
3220	1	5190	1	0101000020E6100000000000000000F03F0000000000000040	4	\N	2
3221	1	5190	1	0101000020E6100000000000000000F03F0000000000000040	4	\N	1
3222	1	5190	1	0101000020E6100000000000000000F03F0000000000000040	2	\N	2
3223	1	5190	1	0101000020E6100000000000000000F03F0000000000000040	3	\N	1
3224	1	5190	1	0101000020E6100000000000000000F03F0000000000000040	3	\N	3
3225	1	5190	1	0101000020E6100000000000000000F03F0000000000000040	1	\N	1
3226	1	5190	1	0101000020E6100000000000000000F03F0000000000000040	2	\N	1
3227	1	5190	1	0101000020E6100000000000000000F03F0000000000000040	1	\N	1
3228	1	5190	1	0101000020E6100000000000000000F03F0000000000000040	3	\N	1
3229	1	5190	1	0101000020E6100000000000000000F03F0000000000000040	1	\N	1
3230	1	5190	1	0101000020E6100000000000000000F03F0000000000000040	2	\N	1
3231	1	5190	1	0101000020E6100000000000000000F03F0000000000000040	2	\N	1
3232	1	5190	3	0101000020E6100000000000000000F03F0000000000000040	\N	\N	2
3233	1	5190	1	0101000020E6100000000000000000F03F0000000000000040	1	\N	1
3234	1	5190	1	0101000020E6100000000000000000F03F0000000000000040	1	\N	1
3235	1	5190	1	0101000020E6100000000000000000F03F0000000000000040	1	\N	1
3236	1	5190	2	0101000020E6100000000000000000F03F0000000000000040	\N	Other 4	1
3237	1	5190	1	0101000020E6100000000000000000F03F0000000000000040	4	\N	1
3238	1	5190	1	0101000020E6100000000000000000F03F0000000000000040	4	\N	1
3239	1	5190	1	0101000020E6100000000000000000F03F0000000000000040	2	\N	2
3240	1	5190	1	0101000020E6100000000000000000F03F0000000000000040	2	\N	1
3241	1	5190	1	0101000020E6100000000000000000F03F0000000000000040	4	\N	1
3242	1	5190	1	0101000020E6100000000000000000F03F0000000000000040	1	\N	1
3243	1	5190	1	0101000020E6100000000000000000F03F0000000000000040	4	\N	1
3244	1	5190	1	0101000020E6100000000000000000F03F0000000000000040	4	\N	3
3245	1	5190	1	0101000020E6100000000000000000F03F0000000000000040	4	\N	1
3246	1	5190	1	0101000020E6100000000000000000F03F0000000000000040	3	\N	1
3247	1	5190	1	0101000020E6100000000000000000F03F0000000000000040	3	\N	1
3248	1	5190	1	0101000020E6100000000000000000F03F0000000000000040	1	\N	1
3249	1	5190	1	0101000020E6100000000000000000F03F0000000000000040	1	\N	1
3250	1	5190	1	0101000020E6100000000000000000F03F0000000000000040	4	\N	1
3251	1	5190	1	0101000020E6100000000000000000F03F0000000000000040	2	\N	1
3252	1	5190	1	0101000020E6100000000000000000F03F0000000000000040	1	\N	1
3253	1	5190	1	0101000020E6100000000000000000F03F0000000000000040	2	\N	1
3254	1	5190	1	0101000020E6100000000000000000F03F0000000000000040	2	\N	1
3255	1	5190	1	0101000020E6100000000000000000F03F0000000000000040	2	\N	1
3256	1	5190	1	0101000020E6100000000000000000F03F0000000000000040	1	\N	1
3257	1	5190	1	0101000020E6100000000000000000F03F0000000000000040	3	\N	1
3258	1	5190	1	0101000020E6100000000000000000F03F0000000000000040	3	\N	1
3259	1	5190	1	0101000020E6100000000000000000F03F0000000000000040	4	\N	1
3260	1	5190	3	0101000020E6100000000000000000F03F0000000000000040	\N	\N	1
3261	1	5190	1	0101000020E6100000000000000000F03F0000000000000040	4	\N	1
3262	1	5190	1	0101000020E6100000000000000000F03F0000000000000040	3	\N	1
3263	1	5190	1	0101000020E6100000000000000000F03F0000000000000040	2	\N	1
3264	1	5190	1	0101000020E6100000000000000000F03F0000000000000040	1	\N	1
3265	1	5190	1	0101000020E6100000000000000000F03F0000000000000040	4	\N	1
3266	1	5190	1	0101000020E6100000000000000000F03F0000000000000040	3	\N	1
3267	1	5190	1	0101000020E6100000000000000000F03F0000000000000040	1	\N	1
3268	1	5190	1	0101000020E6100000000000000000F03F0000000000000040	2	\N	1
3269	1	5190	1	0101000020E6100000000000000000F03F0000000000000040	3	\N	2
3270	1	5190	3	0101000020E6100000000000000000F03F0000000000000040	\N	\N	1
3271	1	5190	1	0101000020E6100000000000000000F03F0000000000000040	1	\N	1
3272	1	5190	1	0101000020E6100000000000000000F03F0000000000000040	3	\N	1
3273	1	5190	1	0101000020E6100000000000000000F03F0000000000000040	4	\N	3
3274	1	5190	1	0101000020E6100000000000000000F03F0000000000000040	1	\N	1
3275	1	5190	1	0101000020E6100000000000000000F03F0000000000000040	4	\N	1
3276	1	5190	1	0101000020E6100000000000000000F03F0000000000000040	2	\N	3
3277	1	5190	1	0101000020E6100000000000000000F03F0000000000000040	2	\N	1
3278	1	5190	1	0101000020E6100000000000000000F03F0000000000000040	3	\N	1
3279	1	5190	1	0101000020E6100000000000000000F03F0000000000000040	1	\N	3
3280	1	5190	1	0101000020E6100000000000000000F03F0000000000000040	2	\N	3
3281	1	5190	1	0101000020E6100000000000000000F03F0000000000000040	2	\N	1
3282	1	5190	1	0101000020E6100000000000000000F03F0000000000000040	2	\N	2
3283	1	5190	1	0101000020E6100000000000000000F03F0000000000000040	2	\N	1
3284	1	5190	1	0101000020E6100000000000000000F03F0000000000000040	3	\N	1
3285	1	5190	1	0101000020E6100000000000000000F03F0000000000000040	3	\N	2
3286	1	5190	1	0101000020E6100000000000000000F03F0000000000000040	4	\N	1
3287	1	5190	1	0101000020E6100000000000000000F03F0000000000000040	4	\N	1
3288	1	5190	1	0101000020E6100000000000000000F03F0000000000000040	2	\N	1
3289	1	5190	1	0101000020E6100000000000000000F03F0000000000000040	1	\N	1
3290	1	5190	1	0101000020E6100000000000000000F03F0000000000000040	4	\N	1
3291	1	5190	1	0101000020E6100000000000000000F03F0000000000000040	1	\N	1
3292	1	5190	1	0101000020E6100000000000000000F03F0000000000000040	2	\N	1
3293	1	5190	1	0101000020E6100000000000000000F03F0000000000000040	4	\N	3
3294	1	5190	1	0101000020E6100000000000000000F03F0000000000000040	4	\N	1
3295	1	5190	1	0101000020E6100000000000000000F03F0000000000000040	4	\N	2
3296	1	5190	1	0101000020E6100000000000000000F03F0000000000000040	1	\N	1
3297	1	5190	2	0101000020E6100000000000000000F03F0000000000000040	\N	Other 2	1
3298	1	5190	1	0101000020E6100000000000000000F03F0000000000000040	3	\N	3
3299	1	5190	1	0101000020E6100000000000000000F03F0000000000000040	4	\N	1
3300	1	5190	2	0101000020E6100000000000000000F03F0000000000000040	\N	Other 3	1
3301	1	5190	1	0101000020E6100000000000000000F03F0000000000000040	3	\N	1
3302	1	5190	1	0101000020E6100000000000000000F03F0000000000000040	3	\N	1
3303	1	5190	1	0101000020E6100000000000000000F03F0000000000000040	4	\N	1
3304	1	5190	1	0101000020E6100000000000000000F03F0000000000000040	1	\N	1
3305	1	5190	3	0101000020E6100000000000000000F03F0000000000000040	\N	\N	1
3306	1	5190	1	0101000020E6100000000000000000F03F0000000000000040	1	\N	3
3307	1	5190	1	0101000020E6100000000000000000F03F0000000000000040	3	\N	1
3308	1	5190	1	0101000020E6100000000000000000F03F0000000000000040	3	\N	3
3309	1	5190	2	0101000020E6100000000000000000F03F0000000000000040	\N	Other 3	1
3310	1	5190	1	0101000020E6100000000000000000F03F0000000000000040	3	\N	1
3311	1	5190	1	0101000020E6100000000000000000F03F0000000000000040	2	\N	1
3312	1	5190	1	0101000020E6100000000000000000F03F0000000000000040	4	\N	3
3313	1	5190	1	0101000020E6100000000000000000F03F0000000000000040	3	\N	1
3314	1	5190	1	0101000020E6100000000000000000F03F0000000000000040	3	\N	1
3315	1	5190	1	0101000020E6100000000000000000F03F0000000000000040	4	\N	1
3316	1	5190	1	0101000020E6100000000000000000F03F0000000000000040	1	\N	1
3317	1	5190	1	0101000020E6100000000000000000F03F0000000000000040	1	\N	3
3318	1	5190	1	0101000020E6100000000000000000F03F0000000000000040	3	\N	1
3319	1	5190	1	0101000020E6100000000000000000F03F0000000000000040	4	\N	1
3320	1	5190	1	0101000020E6100000000000000000F03F0000000000000040	2	\N	1
3321	1	5190	1	0101000020E6100000000000000000F03F0000000000000040	1	\N	1
3322	1	5190	1	0101000020E6100000000000000000F03F0000000000000040	3	\N	3
3323	1	5190	1	0101000020E6100000000000000000F03F0000000000000040	2	\N	1
3324	1	5190	1	0101000020E6100000000000000000F03F0000000000000040	4	\N	3
3325	1	5190	1	0101000020E6100000000000000000F03F0000000000000040	4	\N	1
3326	1	5190	2	0101000020E6100000000000000000F03F0000000000000040	\N	Other 5	1
3327	1	5190	1	0101000020E6100000000000000000F03F0000000000000040	3	\N	1
3328	1	5190	1	0101000020E6100000000000000000F03F0000000000000040	3	\N	1
3329	1	5190	1	0101000020E6100000000000000000F03F0000000000000040	3	\N	1
3330	1	5190	1	0101000020E6100000000000000000F03F0000000000000040	3	\N	1
3331	1	5190	1	0101000020E6100000000000000000F03F0000000000000040	2	\N	1
3332	1	5190	1	0101000020E6100000000000000000F03F0000000000000040	2	\N	1
3333	1	5190	1	0101000020E6100000000000000000F03F0000000000000040	1	\N	1
3334	1	5190	1	0101000020E6100000000000000000F03F0000000000000040	2	\N	1
3335	1	5190	1	0101000020E6100000000000000000F03F0000000000000040	2	\N	1
3336	1	5190	1	0101000020E6100000000000000000F03F0000000000000040	1	\N	1
3337	1	5190	1	0101000020E6100000000000000000F03F0000000000000040	4	\N	1
3338	1	5190	1	0101000020E6100000000000000000F03F0000000000000040	2	\N	1
3339	1	5190	1	0101000020E6100000000000000000F03F0000000000000040	1	\N	1
3340	1	5190	1	0101000020E6100000000000000000F03F0000000000000040	4	\N	1
3341	1	5190	1	0101000020E6100000000000000000F03F0000000000000040	3	\N	1
3342	1	5191	1	0101000020E6100000000000000000F03F0000000000000040	1	\N	1
3343	1	5191	1	0101000020E6100000000000000000F03F0000000000000040	3	\N	2
3344	1	5191	1	0101000020E6100000000000000000F03F0000000000000040	3	\N	1
3345	1	5191	1	0101000020E6100000000000000000F03F0000000000000040	2	\N	1
3346	1	5191	1	0101000020E6100000000000000000F03F0000000000000040	2	\N	1
3347	1	5191	1	0101000020E6100000000000000000F03F0000000000000040	3	\N	1
3348	1	5191	1	0101000020E6100000000000000000F03F0000000000000040	4	\N	1
3349	1	5191	1	0101000020E6100000000000000000F03F0000000000000040	1	\N	1
3350	1	5191	1	0101000020E6100000000000000000F03F0000000000000040	4	\N	1
3351	1	5191	1	0101000020E6100000000000000000F03F0000000000000040	1	\N	1
3352	1	5191	1	0101000020E6100000000000000000F03F0000000000000040	1	\N	1
3353	1	5191	1	0101000020E6100000000000000000F03F0000000000000040	4	\N	1
3354	1	5191	1	0101000020E6100000000000000000F03F0000000000000040	3	\N	1
3355	1	5191	1	0101000020E6100000000000000000F03F0000000000000040	3	\N	1
3356	1	5191	1	0101000020E6100000000000000000F03F0000000000000040	4	\N	1
3357	1	5191	1	0101000020E6100000000000000000F03F0000000000000040	3	\N	1
3358	1	5191	1	0101000020E6100000000000000000F03F0000000000000040	3	\N	1
3359	1	5191	1	0101000020E6100000000000000000F03F0000000000000040	1	\N	1
3360	1	5191	1	0101000020E6100000000000000000F03F0000000000000040	1	\N	2
3361	1	5191	1	0101000020E6100000000000000000F03F0000000000000040	1	\N	1
3362	1	5191	1	0101000020E6100000000000000000F03F0000000000000040	3	\N	2
3363	1	5191	1	0101000020E6100000000000000000F03F0000000000000040	3	\N	1
3364	1	5191	1	0101000020E6100000000000000000F03F0000000000000040	4	\N	1
3365	1	5191	1	0101000020E6100000000000000000F03F0000000000000040	2	\N	1
3366	1	5191	1	0101000020E6100000000000000000F03F0000000000000040	4	\N	1
3367	1	5191	1	0101000020E6100000000000000000F03F0000000000000040	4	\N	1
3368	1	5191	1	0101000020E6100000000000000000F03F0000000000000040	4	\N	1
3369	1	5191	1	0101000020E6100000000000000000F03F0000000000000040	4	\N	1
3370	1	5191	1	0101000020E6100000000000000000F03F0000000000000040	1	\N	1
3371	1	5191	1	0101000020E6100000000000000000F03F0000000000000040	1	\N	1
3372	1	5191	1	0101000020E6100000000000000000F03F0000000000000040	2	\N	1
3373	1	5191	1	0101000020E6100000000000000000F03F0000000000000040	2	\N	1
3374	1	5191	1	0101000020E6100000000000000000F03F0000000000000040	3	\N	1
3375	1	5191	1	0101000020E6100000000000000000F03F0000000000000040	3	\N	1
3376	1	5191	1	0101000020E6100000000000000000F03F0000000000000040	1	\N	1
3377	1	5191	1	0101000020E6100000000000000000F03F0000000000000040	2	\N	1
3378	1	5191	2	0101000020E6100000000000000000F03F0000000000000040	\N	Other 2	1
3379	1	5191	3	0101000020E6100000000000000000F03F0000000000000040	\N	\N	1
3380	1	5191	1	0101000020E6100000000000000000F03F0000000000000040	2	\N	1
3381	1	5191	1	0101000020E6100000000000000000F03F0000000000000040	4	\N	1
3382	1	5191	1	0101000020E6100000000000000000F03F0000000000000040	4	\N	1
3383	1	5191	1	0101000020E6100000000000000000F03F0000000000000040	3	\N	1
3384	1	5191	1	0101000020E6100000000000000000F03F0000000000000040	1	\N	1
3385	1	5191	1	0101000020E6100000000000000000F03F0000000000000040	3	\N	2
3386	1	5191	1	0101000020E6100000000000000000F03F0000000000000040	1	\N	1
3387	1	5191	1	0101000020E6100000000000000000F03F0000000000000040	2	\N	1
3388	1	5191	1	0101000020E6100000000000000000F03F0000000000000040	4	\N	1
3389	1	5191	1	0101000020E6100000000000000000F03F0000000000000040	3	\N	1
3390	1	5191	1	0101000020E6100000000000000000F03F0000000000000040	3	\N	1
3391	1	5191	1	0101000020E6100000000000000000F03F0000000000000040	1	\N	1
3392	1	5191	1	0101000020E6100000000000000000F03F0000000000000040	1	\N	2
3393	1	5191	2	0101000020E6100000000000000000F03F0000000000000040	\N	Other 3	1
3394	1	5191	1	0101000020E6100000000000000000F03F0000000000000040	4	\N	1
3395	1	5191	1	0101000020E6100000000000000000F03F0000000000000040	3	\N	1
3396	1	5191	3	0101000020E6100000000000000000F03F0000000000000040	\N	\N	1
3397	1	5191	1	0101000020E6100000000000000000F03F0000000000000040	2	\N	1
3398	1	5191	1	0101000020E6100000000000000000F03F0000000000000040	3	\N	1
3399	1	5191	1	0101000020E6100000000000000000F03F0000000000000040	2	\N	1
3400	1	5191	1	0101000020E6100000000000000000F03F0000000000000040	3	\N	2
3401	1	5191	1	0101000020E6100000000000000000F03F0000000000000040	3	\N	3
3402	1	5191	1	0101000020E6100000000000000000F03F0000000000000040	3	\N	1
3403	1	5191	1	0101000020E6100000000000000000F03F0000000000000040	3	\N	2
3404	1	5191	1	0101000020E6100000000000000000F03F0000000000000040	4	\N	3
3405	1	5191	1	0101000020E6100000000000000000F03F0000000000000040	1	\N	1
3406	1	5191	1	0101000020E6100000000000000000F03F0000000000000040	1	\N	1
3407	1	5191	1	0101000020E6100000000000000000F03F0000000000000040	4	\N	1
3408	1	5192	1	0101000020E6100000000000000000F03F0000000000000040	3	\N	1
3409	1	5192	1	0101000020E6100000000000000000F03F0000000000000040	4	\N	1
3410	1	5192	1	0101000020E6100000000000000000F03F0000000000000040	3	\N	1
3411	1	5192	1	0101000020E6100000000000000000F03F0000000000000040	4	\N	1
3412	1	5192	1	0101000020E6100000000000000000F03F0000000000000040	1	\N	2
3413	1	5192	1	0101000020E6100000000000000000F03F0000000000000040	1	\N	1
3414	1	5192	1	0101000020E6100000000000000000F03F0000000000000040	1	\N	1
3415	1	5192	1	0101000020E6100000000000000000F03F0000000000000040	4	\N	3
3416	1	5192	1	0101000020E6100000000000000000F03F0000000000000040	3	\N	1
3417	1	5192	1	0101000020E6100000000000000000F03F0000000000000040	2	\N	1
3418	1	5192	1	0101000020E6100000000000000000F03F0000000000000040	1	\N	1
3419	1	5192	1	0101000020E6100000000000000000F03F0000000000000040	4	\N	3
3420	1	5192	1	0101000020E6100000000000000000F03F0000000000000040	1	\N	2
3421	1	5192	1	0101000020E6100000000000000000F03F0000000000000040	2	\N	1
3422	1	5192	3	0101000020E6100000000000000000F03F0000000000000040	\N	\N	1
3423	1	5192	1	0101000020E6100000000000000000F03F0000000000000040	3	\N	1
3424	1	5192	1	0101000020E6100000000000000000F03F0000000000000040	4	\N	1
3425	1	5192	1	0101000020E6100000000000000000F03F0000000000000040	1	\N	1
3426	1	5192	1	0101000020E6100000000000000000F03F0000000000000040	4	\N	1
3427	1	5192	1	0101000020E6100000000000000000F03F0000000000000040	4	\N	1
3428	1	5192	1	0101000020E6100000000000000000F03F0000000000000040	3	\N	3
3429	1	5192	1	0101000020E6100000000000000000F03F0000000000000040	3	\N	1
3430	1	5192	1	0101000020E6100000000000000000F03F0000000000000040	2	\N	1
3431	1	5192	1	0101000020E6100000000000000000F03F0000000000000040	1	\N	3
3432	1	5192	1	0101000020E6100000000000000000F03F0000000000000040	4	\N	3
3433	1	5192	1	0101000020E6100000000000000000F03F0000000000000040	4	\N	1
3434	1	5192	1	0101000020E6100000000000000000F03F0000000000000040	2	\N	1
3435	1	5192	1	0101000020E6100000000000000000F03F0000000000000040	2	\N	1
3436	1	5192	1	0101000020E6100000000000000000F03F0000000000000040	3	\N	1
3437	1	5192	2	0101000020E6100000000000000000F03F0000000000000040	\N	Other 5	3
3438	1	5192	1	0101000020E6100000000000000000F03F0000000000000040	2	\N	1
3439	1	5192	1	0101000020E6100000000000000000F03F0000000000000040	1	\N	1
3440	1	5192	1	0101000020E6100000000000000000F03F0000000000000040	3	\N	1
3441	1	5192	1	0101000020E6100000000000000000F03F0000000000000040	1	\N	1
3442	1	5192	1	0101000020E6100000000000000000F03F0000000000000040	2	\N	1
3443	1	5192	1	0101000020E6100000000000000000F03F0000000000000040	2	\N	1
3444	1	5192	1	0101000020E6100000000000000000F03F0000000000000040	1	\N	1
3445	1	5192	1	0101000020E6100000000000000000F03F0000000000000040	1	\N	1
3446	1	5192	1	0101000020E6100000000000000000F03F0000000000000040	4	\N	1
3447	1	5192	1	0101000020E6100000000000000000F03F0000000000000040	2	\N	2
3448	1	5192	1	0101000020E6100000000000000000F03F0000000000000040	2	\N	1
3449	1	5192	3	0101000020E6100000000000000000F03F0000000000000040	\N	\N	1
3450	1	5192	1	0101000020E6100000000000000000F03F0000000000000040	1	\N	1
3451	1	5192	1	0101000020E6100000000000000000F03F0000000000000040	4	\N	1
3452	1	5192	1	0101000020E6100000000000000000F03F0000000000000040	1	\N	1
3453	1	5192	1	0101000020E6100000000000000000F03F0000000000000040	2	\N	1
3454	1	5192	1	0101000020E6100000000000000000F03F0000000000000040	4	\N	1
3455	1	5192	1	0101000020E6100000000000000000F03F0000000000000040	4	\N	1
3456	1	5192	1	0101000020E6100000000000000000F03F0000000000000040	1	\N	1
3457	1	5192	1	0101000020E6100000000000000000F03F0000000000000040	2	\N	1
3458	1	5192	1	0101000020E6100000000000000000F03F0000000000000040	1	\N	1
3459	1	5192	1	0101000020E6100000000000000000F03F0000000000000040	1	\N	3
3460	1	5192	2	0101000020E6100000000000000000F03F0000000000000040	\N	Other 1	3
3461	1	5192	1	0101000020E6100000000000000000F03F0000000000000040	1	\N	2
3462	1	5192	1	0101000020E6100000000000000000F03F0000000000000040	3	\N	1
3463	1	5192	1	0101000020E6100000000000000000F03F0000000000000040	3	\N	1
3464	1	5192	1	0101000020E6100000000000000000F03F0000000000000040	4	\N	1
3465	1	5192	1	0101000020E6100000000000000000F03F0000000000000040	3	\N	2
3466	1	5192	1	0101000020E6100000000000000000F03F0000000000000040	2	\N	3
3467	1	5192	1	0101000020E6100000000000000000F03F0000000000000040	1	\N	1
3468	1	5192	1	0101000020E6100000000000000000F03F0000000000000040	4	\N	1
3469	1	5192	1	0101000020E6100000000000000000F03F0000000000000040	4	\N	1
3470	1	5192	1	0101000020E6100000000000000000F03F0000000000000040	4	\N	1
3471	1	5192	1	0101000020E6100000000000000000F03F0000000000000040	4	\N	3
3472	1	5192	1	0101000020E6100000000000000000F03F0000000000000040	3	\N	1
3473	1	5192	1	0101000020E6100000000000000000F03F0000000000000040	1	\N	2
3474	1	5192	1	0101000020E6100000000000000000F03F0000000000000040	3	\N	1
3475	1	5192	1	0101000020E6100000000000000000F03F0000000000000040	3	\N	1
3476	1	5193	1	0101000020E6100000000000000000F03F0000000000000040	2	\N	1
3477	1	5193	1	0101000020E6100000000000000000F03F0000000000000040	3	\N	1
3478	1	5193	3	0101000020E6100000000000000000F03F0000000000000040	\N	\N	1
3479	1	5193	1	0101000020E6100000000000000000F03F0000000000000040	3	\N	2
3480	1	5193	1	0101000020E6100000000000000000F03F0000000000000040	3	\N	1
3481	1	5193	1	0101000020E6100000000000000000F03F0000000000000040	2	\N	1
3482	1	5193	1	0101000020E6100000000000000000F03F0000000000000040	4	\N	1
3483	1	5193	1	0101000020E6100000000000000000F03F0000000000000040	1	\N	1
3484	1	5193	1	0101000020E6100000000000000000F03F0000000000000040	3	\N	1
3485	1	5193	1	0101000020E6100000000000000000F03F0000000000000040	2	\N	1
3486	1	5193	1	0101000020E6100000000000000000F03F0000000000000040	2	\N	1
3487	1	5193	1	0101000020E6100000000000000000F03F0000000000000040	4	\N	1
3488	1	5193	1	0101000020E6100000000000000000F03F0000000000000040	3	\N	1
3489	1	5193	1	0101000020E6100000000000000000F03F0000000000000040	1	\N	1
3490	1	5193	1	0101000020E6100000000000000000F03F0000000000000040	3	\N	1
3491	1	5193	1	0101000020E6100000000000000000F03F0000000000000040	1	\N	2
3492	1	5193	1	0101000020E6100000000000000000F03F0000000000000040	2	\N	1
3493	1	5193	1	0101000020E6100000000000000000F03F0000000000000040	1	\N	1
3494	1	5193	1	0101000020E6100000000000000000F03F0000000000000040	1	\N	2
3495	1	5193	1	0101000020E6100000000000000000F03F0000000000000040	3	\N	3
3496	1	5193	1	0101000020E6100000000000000000F03F0000000000000040	3	\N	1
3497	1	5193	1	0101000020E6100000000000000000F03F0000000000000040	2	\N	1
3498	1	5193	1	0101000020E6100000000000000000F03F0000000000000040	2	\N	1
3499	1	5193	1	0101000020E6100000000000000000F03F0000000000000040	2	\N	1
3500	1	5193	1	0101000020E6100000000000000000F03F0000000000000040	2	\N	1
3501	1	5193	2	0101000020E6100000000000000000F03F0000000000000040	\N	Other 5	1
3502	1	5193	1	0101000020E6100000000000000000F03F0000000000000040	4	\N	1
3503	1	5193	1	0101000020E6100000000000000000F03F0000000000000040	3	\N	1
3504	1	5193	3	0101000020E6100000000000000000F03F0000000000000040	\N	\N	1
3505	1	5193	1	0101000020E6100000000000000000F03F0000000000000040	4	\N	2
3506	1	5193	1	0101000020E6100000000000000000F03F0000000000000040	3	\N	1
3507	1	5193	3	0101000020E6100000000000000000F03F0000000000000040	\N	\N	1
3508	1	5193	3	0101000020E6100000000000000000F03F0000000000000040	\N	\N	1
3509	1	5193	1	0101000020E6100000000000000000F03F0000000000000040	3	\N	1
3510	1	5193	1	0101000020E6100000000000000000F03F0000000000000040	4	\N	1
3511	1	5193	1	0101000020E6100000000000000000F03F0000000000000040	2	\N	2
3512	1	5193	1	0101000020E6100000000000000000F03F0000000000000040	1	\N	1
3513	1	5193	1	0101000020E6100000000000000000F03F0000000000000040	2	\N	2
3514	1	5193	1	0101000020E6100000000000000000F03F0000000000000040	4	\N	1
3515	1	5193	1	0101000020E6100000000000000000F03F0000000000000040	2	\N	1
3516	1	5193	1	0101000020E6100000000000000000F03F0000000000000040	2	\N	1
3517	1	5193	2	0101000020E6100000000000000000F03F0000000000000040	\N	Other 3	1
3518	1	5193	1	0101000020E6100000000000000000F03F0000000000000040	4	\N	1
3519	1	5193	2	0101000020E6100000000000000000F03F0000000000000040	\N	Other 4	3
3520	1	5193	1	0101000020E6100000000000000000F03F0000000000000040	1	\N	1
3521	1	5193	2	0101000020E6100000000000000000F03F0000000000000040	\N	Other 5	1
3522	1	5193	3	0101000020E6100000000000000000F03F0000000000000040	\N	\N	1
3523	1	5193	1	0101000020E6100000000000000000F03F0000000000000040	1	\N	1
3524	1	5193	1	0101000020E6100000000000000000F03F0000000000000040	3	\N	1
3525	1	5193	1	0101000020E6100000000000000000F03F0000000000000040	3	\N	1
3526	1	5193	1	0101000020E6100000000000000000F03F0000000000000040	4	\N	1
3527	1	5193	1	0101000020E6100000000000000000F03F0000000000000040	2	\N	1
3528	1	5193	1	0101000020E6100000000000000000F03F0000000000000040	4	\N	3
3529	1	5193	1	0101000020E6100000000000000000F03F0000000000000040	1	\N	1
3530	1	5193	1	0101000020E6100000000000000000F03F0000000000000040	4	\N	1
3531	1	5193	1	0101000020E6100000000000000000F03F0000000000000040	3	\N	1
3532	1	5193	1	0101000020E6100000000000000000F03F0000000000000040	3	\N	3
3533	1	5193	1	0101000020E6100000000000000000F03F0000000000000040	1	\N	1
3534	1	5193	1	0101000020E6100000000000000000F03F0000000000000040	4	\N	1
3535	1	5193	1	0101000020E6100000000000000000F03F0000000000000040	1	\N	1
3536	1	5193	3	0101000020E6100000000000000000F03F0000000000000040	\N	\N	1
3537	1	5193	1	0101000020E6100000000000000000F03F0000000000000040	3	\N	1
3538	1	5193	1	0101000020E6100000000000000000F03F0000000000000040	2	\N	1
3539	1	5193	3	0101000020E6100000000000000000F03F0000000000000040	\N	\N	2
3540	1	5193	1	0101000020E6100000000000000000F03F0000000000000040	2	\N	1
3541	1	5193	2	0101000020E6100000000000000000F03F0000000000000040	\N	Other 1	1
3542	1	5193	1	0101000020E6100000000000000000F03F0000000000000040	2	\N	1
3543	1	5193	1	0101000020E6100000000000000000F03F0000000000000040	2	\N	1
3544	1	5193	2	0101000020E6100000000000000000F03F0000000000000040	\N	Other 5	1
3545	1	5193	1	0101000020E6100000000000000000F03F0000000000000040	3	\N	1
3546	1	5193	1	0101000020E6100000000000000000F03F0000000000000040	4	\N	1
3547	1	5193	1	0101000020E6100000000000000000F03F0000000000000040	1	\N	3
3548	1	5193	1	0101000020E6100000000000000000F03F0000000000000040	1	\N	1
3549	1	5193	1	0101000020E6100000000000000000F03F0000000000000040	4	\N	1
3550	1	5193	1	0101000020E6100000000000000000F03F0000000000000040	4	\N	1
3551	1	5193	1	0101000020E6100000000000000000F03F0000000000000040	1	\N	1
3552	1	5193	1	0101000020E6100000000000000000F03F0000000000000040	2	\N	1
3553	1	5193	1	0101000020E6100000000000000000F03F0000000000000040	3	\N	2
3554	1	5193	1	0101000020E6100000000000000000F03F0000000000000040	2	\N	1
3555	1	5193	1	0101000020E6100000000000000000F03F0000000000000040	4	\N	1
3556	1	5193	1	0101000020E6100000000000000000F03F0000000000000040	1	\N	2
3557	1	5193	3	0101000020E6100000000000000000F03F0000000000000040	\N	\N	1
3558	1	5193	1	0101000020E6100000000000000000F03F0000000000000040	4	\N	1
3559	1	5193	1	0101000020E6100000000000000000F03F0000000000000040	2	\N	1
3560	1	5193	1	0101000020E6100000000000000000F03F0000000000000040	1	\N	2
3561	1	5193	1	0101000020E6100000000000000000F03F0000000000000040	1	\N	2
3562	1	5193	1	0101000020E6100000000000000000F03F0000000000000040	4	\N	3
3563	1	5193	1	0101000020E6100000000000000000F03F0000000000000040	1	\N	1
3564	1	5193	2	0101000020E6100000000000000000F03F0000000000000040	\N	Other 3	1
3565	1	5193	1	0101000020E6100000000000000000F03F0000000000000040	2	\N	1
3566	1	5193	1	0101000020E6100000000000000000F03F0000000000000040	2	\N	1
3567	1	5193	1	0101000020E6100000000000000000F03F0000000000000040	2	\N	1
3568	1	5193	1	0101000020E6100000000000000000F03F0000000000000040	1	\N	1
3569	1	5193	1	0101000020E6100000000000000000F03F0000000000000040	3	\N	1
3570	1	5193	1	0101000020E6100000000000000000F03F0000000000000040	2	\N	3
3571	1	5193	1	0101000020E6100000000000000000F03F0000000000000040	4	\N	1
3572	1	5193	1	0101000020E6100000000000000000F03F0000000000000040	2	\N	1
3573	1	5193	1	0101000020E6100000000000000000F03F0000000000000040	1	\N	1
3574	1	5193	1	0101000020E6100000000000000000F03F0000000000000040	3	\N	1
3575	1	5193	2	0101000020E6100000000000000000F03F0000000000000040	\N	Other 5	1
3576	1	5193	1	0101000020E6100000000000000000F03F0000000000000040	3	\N	1
3577	1	5193	1	0101000020E6100000000000000000F03F0000000000000040	2	\N	1
3578	1	5193	1	0101000020E6100000000000000000F03F0000000000000040	1	\N	1
3579	1	5193	1	0101000020E6100000000000000000F03F0000000000000040	2	\N	1
3580	1	5193	1	0101000020E6100000000000000000F03F0000000000000040	2	\N	1
3581	1	5193	1	0101000020E6100000000000000000F03F0000000000000040	4	\N	1
3582	1	5193	1	0101000020E6100000000000000000F03F0000000000000040	2	\N	1
3583	1	5193	1	0101000020E6100000000000000000F03F0000000000000040	2	\N	1
3584	1	5193	2	0101000020E6100000000000000000F03F0000000000000040	\N	Other 3	1
3585	1	5193	1	0101000020E6100000000000000000F03F0000000000000040	2	\N	1
3586	1	5193	3	0101000020E6100000000000000000F03F0000000000000040	\N	\N	1
3587	1	5193	1	0101000020E6100000000000000000F03F0000000000000040	3	\N	1
3588	1	5193	1	0101000020E6100000000000000000F03F0000000000000040	3	\N	2
3589	1	5193	1	0101000020E6100000000000000000F03F0000000000000040	2	\N	1
3590	1	5193	1	0101000020E6100000000000000000F03F0000000000000040	1	\N	2
3591	1	5193	1	0101000020E6100000000000000000F03F0000000000000040	3	\N	2
3592	1	5193	1	0101000020E6100000000000000000F03F0000000000000040	2	\N	1
3593	1	5193	1	0101000020E6100000000000000000F03F0000000000000040	2	\N	2
3594	1	5193	1	0101000020E6100000000000000000F03F0000000000000040	2	\N	2
3595	1	5193	1	0101000020E6100000000000000000F03F0000000000000040	4	\N	1
3596	1	5193	1	0101000020E6100000000000000000F03F0000000000000040	1	\N	1
3597	1	5193	3	0101000020E6100000000000000000F03F0000000000000040	\N	\N	1
3598	1	5193	1	0101000020E6100000000000000000F03F0000000000000040	3	\N	3
3599	1	5193	1	0101000020E6100000000000000000F03F0000000000000040	2	\N	1
3600	1	5193	1	0101000020E6100000000000000000F03F0000000000000040	3	\N	1
3601	1	5193	1	0101000020E6100000000000000000F03F0000000000000040	2	\N	1
3602	1	5193	1	0101000020E6100000000000000000F03F0000000000000040	1	\N	1
3603	1	5193	1	0101000020E6100000000000000000F03F0000000000000040	3	\N	3
3604	1	5193	1	0101000020E6100000000000000000F03F0000000000000040	2	\N	1
3605	1	5193	1	0101000020E6100000000000000000F03F0000000000000040	4	\N	1
3606	1	5193	1	0101000020E6100000000000000000F03F0000000000000040	4	\N	1
3607	1	5193	1	0101000020E6100000000000000000F03F0000000000000040	4	\N	1
3608	1	5193	1	0101000020E6100000000000000000F03F0000000000000040	4	\N	1
3609	1	5193	1	0101000020E6100000000000000000F03F0000000000000040	1	\N	1
3610	1	5193	1	0101000020E6100000000000000000F03F0000000000000040	1	\N	1
3611	1	5193	1	0101000020E6100000000000000000F03F0000000000000040	3	\N	1
3612	1	5193	1	0101000020E6100000000000000000F03F0000000000000040	3	\N	1
3613	1	5193	1	0101000020E6100000000000000000F03F0000000000000040	2	\N	1
3614	1	5193	1	0101000020E6100000000000000000F03F0000000000000040	3	\N	1
3615	1	5193	1	0101000020E6100000000000000000F03F0000000000000040	3	\N	1
3616	1	5193	1	0101000020E6100000000000000000F03F0000000000000040	2	\N	1
3617	1	5193	1	0101000020E6100000000000000000F03F0000000000000040	4	\N	1
3618	1	5193	1	0101000020E6100000000000000000F03F0000000000000040	1	\N	1
3619	1	5193	1	0101000020E6100000000000000000F03F0000000000000040	4	\N	1
3620	1	5193	1	0101000020E6100000000000000000F03F0000000000000040	3	\N	1
3621	1	5193	1	0101000020E6100000000000000000F03F0000000000000040	2	\N	1
3622	1	5193	2	0101000020E6100000000000000000F03F0000000000000040	\N	Other 2	1
3623	1	5193	1	0101000020E6100000000000000000F03F0000000000000040	2	\N	1
3624	1	5193	1	0101000020E6100000000000000000F03F0000000000000040	1	\N	1
3625	1	5193	1	0101000020E6100000000000000000F03F0000000000000040	3	\N	1
3626	1	5193	1	0101000020E6100000000000000000F03F0000000000000040	2	\N	1
3627	1	5193	1	0101000020E6100000000000000000F03F0000000000000040	4	\N	1
3628	1	5193	1	0101000020E6100000000000000000F03F0000000000000040	4	\N	2
3629	1	5193	1	0101000020E6100000000000000000F03F0000000000000040	1	\N	2
3630	1	5193	1	0101000020E6100000000000000000F03F0000000000000040	4	\N	1
3631	1	5193	1	0101000020E6100000000000000000F03F0000000000000040	2	\N	1
3632	1	5193	1	0101000020E6100000000000000000F03F0000000000000040	4	\N	1
3633	1	5193	1	0101000020E6100000000000000000F03F0000000000000040	3	\N	1
3634	1	5193	3	0101000020E6100000000000000000F03F0000000000000040	\N	\N	2
3635	1	5193	1	0101000020E6100000000000000000F03F0000000000000040	3	\N	2
3636	1	5193	1	0101000020E6100000000000000000F03F0000000000000040	3	\N	1
3637	1	5193	1	0101000020E6100000000000000000F03F0000000000000040	2	\N	1
3638	1	5193	3	0101000020E6100000000000000000F03F0000000000000040	\N	\N	2
3639	1	5193	1	0101000020E6100000000000000000F03F0000000000000040	2	\N	1
3640	1	5193	1	0101000020E6100000000000000000F03F0000000000000040	1	\N	1
3641	1	5193	1	0101000020E6100000000000000000F03F0000000000000040	4	\N	1
3642	1	5193	1	0101000020E6100000000000000000F03F0000000000000040	4	\N	1
3643	1	5193	1	0101000020E6100000000000000000F03F0000000000000040	3	\N	1
3644	1	5193	1	0101000020E6100000000000000000F03F0000000000000040	3	\N	1
3645	1	5193	1	0101000020E6100000000000000000F03F0000000000000040	1	\N	2
3646	1	5193	1	0101000020E6100000000000000000F03F0000000000000040	2	\N	1
3647	1	5193	1	0101000020E6100000000000000000F03F0000000000000040	4	\N	1
3648	1	5193	1	0101000020E6100000000000000000F03F0000000000000040	4	\N	1
3649	1	5193	1	0101000020E6100000000000000000F03F0000000000000040	1	\N	1
3650	1	5193	1	0101000020E6100000000000000000F03F0000000000000040	1	\N	1
3651	1	5193	1	0101000020E6100000000000000000F03F0000000000000040	1	\N	1
3652	1	5193	1	0101000020E6100000000000000000F03F0000000000000040	2	\N	1
3653	1	5193	1	0101000020E6100000000000000000F03F0000000000000040	4	\N	1
3654	1	5193	1	0101000020E6100000000000000000F03F0000000000000040	1	\N	1
3655	1	5193	1	0101000020E6100000000000000000F03F0000000000000040	3	\N	1
3656	1	5193	1	0101000020E6100000000000000000F03F0000000000000040	4	\N	3
3657	1	5194	1	0101000020E6100000000000000000F03F0000000000000040	1	\N	1
3658	1	5194	1	0101000020E6100000000000000000F03F0000000000000040	3	\N	1
3659	1	5194	1	0101000020E6100000000000000000F03F0000000000000040	2	\N	1
3660	1	5194	1	0101000020E6100000000000000000F03F0000000000000040	2	\N	1
3661	1	5194	1	0101000020E6100000000000000000F03F0000000000000040	2	\N	1
3662	1	5194	1	0101000020E6100000000000000000F03F0000000000000040	1	\N	1
3663	1	5194	1	0101000020E6100000000000000000F03F0000000000000040	1	\N	3
3664	1	5194	1	0101000020E6100000000000000000F03F0000000000000040	1	\N	1
3665	1	5194	1	0101000020E6100000000000000000F03F0000000000000040	4	\N	1
3666	1	5194	1	0101000020E6100000000000000000F03F0000000000000040	2	\N	1
3667	1	5194	1	0101000020E6100000000000000000F03F0000000000000040	3	\N	1
3668	1	5194	1	0101000020E6100000000000000000F03F0000000000000040	1	\N	1
3669	1	5194	1	0101000020E6100000000000000000F03F0000000000000040	1	\N	1
3670	1	5194	1	0101000020E6100000000000000000F03F0000000000000040	1	\N	1
3671	1	5194	1	0101000020E6100000000000000000F03F0000000000000040	3	\N	1
3672	1	5194	3	0101000020E6100000000000000000F03F0000000000000040	\N	\N	1
3673	1	5194	1	0101000020E6100000000000000000F03F0000000000000040	3	\N	1
3674	1	5194	1	0101000020E6100000000000000000F03F0000000000000040	4	\N	3
3675	1	5194	1	0101000020E6100000000000000000F03F0000000000000040	4	\N	1
3676	1	5194	1	0101000020E6100000000000000000F03F0000000000000040	4	\N	1
3677	1	5194	3	0101000020E6100000000000000000F03F0000000000000040	\N	\N	2
3678	1	5194	1	0101000020E6100000000000000000F03F0000000000000040	4	\N	1
3679	1	5194	1	0101000020E6100000000000000000F03F0000000000000040	1	\N	1
3680	1	5194	1	0101000020E6100000000000000000F03F0000000000000040	4	\N	1
3681	1	5194	1	0101000020E6100000000000000000F03F0000000000000040	2	\N	1
3682	1	5194	1	0101000020E6100000000000000000F03F0000000000000040	4	\N	1
3683	1	5194	1	0101000020E6100000000000000000F03F0000000000000040	3	\N	1
3684	1	5194	1	0101000020E6100000000000000000F03F0000000000000040	4	\N	1
3685	1	5194	1	0101000020E6100000000000000000F03F0000000000000040	1	\N	1
3686	1	5194	1	0101000020E6100000000000000000F03F0000000000000040	1	\N	1
3687	1	5194	1	0101000020E6100000000000000000F03F0000000000000040	1	\N	1
3688	1	5194	1	0101000020E6100000000000000000F03F0000000000000040	3	\N	1
3689	1	5194	1	0101000020E6100000000000000000F03F0000000000000040	3	\N	1
3690	1	5194	1	0101000020E6100000000000000000F03F0000000000000040	1	\N	1
3691	1	5194	1	0101000020E6100000000000000000F03F0000000000000040	4	\N	2
3692	1	5194	1	0101000020E6100000000000000000F03F0000000000000040	3	\N	1
3693	1	5194	1	0101000020E6100000000000000000F03F0000000000000040	2	\N	1
3694	1	5194	1	0101000020E6100000000000000000F03F0000000000000040	3	\N	1
3695	1	5194	1	0101000020E6100000000000000000F03F0000000000000040	1	\N	3
3696	1	5194	1	0101000020E6100000000000000000F03F0000000000000040	3	\N	1
3697	1	5194	1	0101000020E6100000000000000000F03F0000000000000040	1	\N	1
3698	1	5194	1	0101000020E6100000000000000000F03F0000000000000040	4	\N	1
3699	1	5194	3	0101000020E6100000000000000000F03F0000000000000040	\N	\N	1
3700	1	5194	1	0101000020E6100000000000000000F03F0000000000000040	3	\N	1
3701	1	5194	1	0101000020E6100000000000000000F03F0000000000000040	1	\N	1
3702	1	5194	1	0101000020E6100000000000000000F03F0000000000000040	4	\N	1
3703	1	5194	1	0101000020E6100000000000000000F03F0000000000000040	3	\N	2
3704	1	5194	1	0101000020E6100000000000000000F03F0000000000000040	2	\N	1
3705	1	5194	3	0101000020E6100000000000000000F03F0000000000000040	\N	\N	1
3706	1	5194	1	0101000020E6100000000000000000F03F0000000000000040	2	\N	3
3707	1	5194	1	0101000020E6100000000000000000F03F0000000000000040	3	\N	1
3708	1	5194	1	0101000020E6100000000000000000F03F0000000000000040	2	\N	1
3709	1	5194	1	0101000020E6100000000000000000F03F0000000000000040	1	\N	1
3710	1	5194	1	0101000020E6100000000000000000F03F0000000000000040	2	\N	1
3711	1	5194	1	0101000020E6100000000000000000F03F0000000000000040	3	\N	1
3712	1	5194	1	0101000020E6100000000000000000F03F0000000000000040	3	\N	1
3713	1	5194	1	0101000020E6100000000000000000F03F0000000000000040	3	\N	1
\.


--
-- Data for Name: recorded_species_certainties; Type: TABLE DATA; Schema: tracking; Owner: -
--

COPY tracking.recorded_species_certainties (id, name) FROM stdin;
1	Known
2	Other
3	Unknown
\.


--
-- Data for Name: recorded_trees; Type: TABLE DATA; Schema: tracking; Owner: -
--

COPY tracking.recorded_trees (id, observation_id, monitoring_plot_id, biomass_species_id, tree_number, trunk_number, tree_growth_form_id, is_dead, diameter_at_breast_height_cm, point_of_measurement_m, height_m, shrub_diameter_cm, description, gps_coordinates) FROM stdin;
\.


--
-- Data for Name: strata; Type: TABLE DATA; Schema: tracking; Owner: -
--

COPY tracking.strata (id, planting_site_id, name, boundary, created_by, created_time, modified_by, modified_time, variance, students_t, error_margin, num_permanent_plots, num_temporary_plots, area_ha, target_planting_density, boundary_modified_by, boundary_modified_time, stable_id) FROM stdin;
1	1	West	0106000020E6100000010000000103000000010000000E000000EFF06FC34E5D52C0180ADB3DBD2F3540E9D70AB8815D52C0248126354C2F35403A9CAA52C95D52C0B42ECC8BA52E354079545AD8E85D52C094EB067F102E3540DE305D1CF95D52C0F6FA9D467D2D3540BFF80513245E52C07423D840E62C3540576B4291515E52C023258AD42F2C354061CD3B146B5E52C003C8B6762C2C354079F0F654925E52C0D0A32CB6642C3540BD27E1269D5E52C08F035F801A2E3540C11FBCBF7E5E52C03B015258172F35401EA24957055E52C0E417E2C422303540610172399B5D52C02D1947EA1E303540EFF06FC34E5D52C0180ADB3DBD2F3540	1	2024-03-06 18:56:18.746285+00	1	2024-03-06 18:56:18.746285+00	40000	1.282	100	5	2	179.7	1500	1	2024-03-06 18:56:18.746285+00	West
2	1	East	0106000020E6100000010000000103000000010000000B000000388944C34E5D52C058B3843DBD2F3540BD6C9823285D52C07E8CD4E58B2F354081EEBD89F35C52C0B8BD712FF62D35409AADF8F9325D52C015105E95552C3540AD01FC90515E52C0345791D42F2C3540E27EDC12245E52C0EC026540E62C354003B7331CF95D52C0E3DA2A467D2D35409DDA30D8E85D52C0F5CB937E102E35404B198252C95D52C07F0F598BA52E3540F954E2B7815D52C07962B3344C2F3540388944C34E5D52C058B3843DBD2F3540	1	2024-03-06 18:56:18.746285+00	1	2024-03-06 18:56:18.746285+00	40000	1.282	100	5	2	194.4	1500	1	2024-03-06 18:56:18.746285+00	East
3	2	Stratum 01	0106000020E61000000200000001030000000100000007000000D0381DA8C3484340889607A5E6662F40A4E10EBBC44843407ECCFDAECD662F40042F4ACD6D4C434068F110B2E46B2F409816629A1650434074E65B27C04D2F40B81F8361AB564340F815919EAA592F400038BABB2B514340F83E6571B5722F40D0381DA8C3484340889607A5E6662F40010300000001000000040000008756D5DBCC4843400E9433C710662F4004177F2C4C4A4340C837B10F44432F40E8A9E623524A43400E9D37DD4E432F408756D5DBCC4843400E9433C710662F40	1	2025-05-29 18:45:59.772576+00	1	2025-05-29 18:45:59.772576+00	40000	1.645	100	8	3	3624.2	1500	1	2025-05-29 18:45:59.772576+00	Stratum 01
4	2	Stratum 02	0106000020E61000000100000001030000000100000006000000A4E10EBBC44843407ECCFDAECD662F408756D5DBCC4843400E9433C710662F40E8A9E623524A43400E9D37DD4E432F409816629A1650434074E65B27C04D2F40042F4ACD6D4C434068F110B2E46B2F40A4E10EBBC44843407ECCFDAECD662F40	1	2025-05-29 18:45:59.772576+00	1	2025-05-29 18:45:59.772576+00	40000	1.645	100	8	3	3164.6	1500	1	2025-05-29 18:45:59.772576+00	Stratum 02
5	3	Stratum 01	0106000020E61000000200000001030000000100000004000000D4F9485E6F3643409002C09245472F40ACB08F477436434098ADC79949472F40BF0284C7A5364340F2D8EB6A984E2F40D4F9485E6F3643409002C09245472F400103000000010000000B0000003FBE32D2D5364340882D38CB0F552F40183F57FAA23D4340908DBDCE3E5C2F40974FB1EB1A414340752F839505502F40C83EA43D20414340301B61F209502F405C1AD258783B434020F4AE18F6632F401F0145248139434047A107C5A66C2F4004CCF01B1A3A434098F168D6F1692F40ACC5CA905D374340B0ECFA7B22672F40D1679A57C5374340AE793CCF50742F4084021CDBBE374340E0B4497C6D742F403FBE32D2D5364340882D38CB0F552F40	1	2025-05-29 18:47:48.579314+00	1	2025-05-29 18:47:48.579314+00	40000	1.645	100	8	3	1499.0	1500	1	2025-05-29 18:47:48.579314+00	Stratum 01
6	3	Stratum 02	0106000020E61000000100000001030000000100000005000000ACC5CA905D374340B0ECFA7B22672F4004CCF01B1A3A434098F168D6F1692F401F0145248139434047A107C5A66C2F40D1679A57C5374340AE793CCF50742F40ACC5CA905D374340B0ECFA7B22672F40	1	2025-05-29 18:47:48.579314+00	1	2025-05-29 18:47:48.579314+00	40000	1.645	100	8	3	316.9	1500	1	2025-05-29 18:47:48.579314+00	Stratum 02
7	3	Stratum 03	0106000020E61000000100000001030000000100000006000000ACB08F477436434098ADC79949472F40974FB1EB1A414340752F839505502F40183F57FAA23D4340908DBDCE3E5C2F403FBE32D2D5364340882D38CB0F552F40BF0284C7A5364340F2D8EB6A984E2F40ACB08F477436434098ADC79949472F40	1	2025-05-29 18:47:48.579314+00	1	2025-05-29 18:47:48.579314+00	40000	1.645	100	8	3	2275.1	1500	1	2025-05-29 18:47:48.579314+00	Stratum 03
\.


--
-- Data for Name: stratum_histories; Type: TABLE DATA; Schema: tracking; Owner: -
--

COPY tracking.stratum_histories (id, planting_site_history_id, stratum_id, name, boundary, area_ha, stable_id) FROM stdin;
1	1	2	East	0106000020E6100000010000000103000000010000000B000000388944C34E5D52C058B3843DBD2F3540BD6C9823285D52C07E8CD4E58B2F354081EEBD89F35C52C0B8BD712FF62D35409AADF8F9325D52C015105E95552C3540AD01FC90515E52C0345791D42F2C3540E27EDC12245E52C0EC026540E62C354003B7331CF95D52C0E3DA2A467D2D35409DDA30D8E85D52C0F5CB937E102E35404B198252C95D52C07F0F598BA52E3540F954E2B7815D52C07962B3344C2F3540388944C34E5D52C058B3843DBD2F3540	182.2	East
2	1	1	West	0106000020E6100000010000000103000000010000000E000000EFF06FC34E5D52C0180ADB3DBD2F3540E9D70AB8815D52C0248126354C2F35403A9CAA52C95D52C0B42ECC8BA52E354079545AD8E85D52C094EB067F102E3540DE305D1CF95D52C0F6FA9D467D2D3540BFF80513245E52C07423D840E62C3540576B4291515E52C023258AD42F2C354061CD3B146B5E52C003C8B6762C2C354079F0F654925E52C0D0A32CB6642C3540BD27E1269D5E52C08F035F801A2E3540C11FBCBF7E5E52C03B015258172F35401EA24957055E52C0E417E2C422303540610172399B5D52C02D1947EA1E303540EFF06FC34E5D52C0180ADB3DBD2F3540	175.8	West
3	2	3	Stratum 01	0106000020E61000000200000001030000000100000007000000D0381DA8C3484340889607A5E6662F40A4E10EBBC44843407ECCFDAECD662F40042F4ACD6D4C434068F110B2E46B2F409816629A1650434074E65B27C04D2F40B81F8361AB564340F815919EAA592F400038BABB2B514340F83E6571B5722F40D0381DA8C3484340889607A5E6662F40010300000001000000040000008756D5DBCC4843400E9433C710662F4004177F2C4C4A4340C837B10F44432F40E8A9E623524A43400E9D37DD4E432F408756D5DBCC4843400E9433C710662F40	3624.2	Stratum 01
4	2	4	Stratum 02	0106000020E61000000100000001030000000100000006000000A4E10EBBC44843407ECCFDAECD662F408756D5DBCC4843400E9433C710662F40E8A9E623524A43400E9D37DD4E432F409816629A1650434074E65B27C04D2F40042F4ACD6D4C434068F110B2E46B2F40A4E10EBBC44843407ECCFDAECD662F40	3164.6	Stratum 02
5	3	5	Stratum 01	0106000020E61000000200000001030000000100000004000000D4F9485E6F3643409002C09245472F40ACB08F477436434098ADC79949472F40BF0284C7A5364340F2D8EB6A984E2F40D4F9485E6F3643409002C09245472F400103000000010000000B0000003FBE32D2D5364340882D38CB0F552F40183F57FAA23D4340908DBDCE3E5C2F40974FB1EB1A414340752F839505502F40C83EA43D20414340301B61F209502F405C1AD258783B434020F4AE18F6632F401F0145248139434047A107C5A66C2F4004CCF01B1A3A434098F168D6F1692F40ACC5CA905D374340B0ECFA7B22672F40D1679A57C5374340AE793CCF50742F4084021CDBBE374340E0B4497C6D742F403FBE32D2D5364340882D38CB0F552F40	1499.0	Stratum 01
6	3	6	Stratum 02	0106000020E61000000100000001030000000100000005000000ACC5CA905D374340B0ECFA7B22672F4004CCF01B1A3A434098F168D6F1692F401F0145248139434047A107C5A66C2F40D1679A57C5374340AE793CCF50742F40ACC5CA905D374340B0ECFA7B22672F40	316.9	Stratum 02
7	3	7	Stratum 03	0106000020E61000000100000001030000000100000006000000ACB08F477436434098ADC79949472F40974FB1EB1A414340752F839505502F40183F57FAA23D4340908DBDCE3E5C2F403FBE32D2D5364340882D38CB0F552F40BF0284C7A5364340F2D8EB6A984E2F40ACB08F477436434098ADC79949472F40	2275.1	Stratum 03
\.


--
-- Data for Name: stratum_populations; Type: TABLE DATA; Schema: tracking; Owner: -
--

COPY tracking.stratum_populations (stratum_id, species_id, total_plants, plants_since_last_observation) FROM stdin;
3	3	100	100
5	3	100	0
\.


--
-- Data for Name: stratum_t0_temp_densities; Type: TABLE DATA; Schema: tracking; Owner: -
--

COPY tracking.stratum_t0_temp_densities (stratum_id, species_id, stratum_density, created_time, modified_time, created_by, modified_by) FROM stdin;
\.


--
-- Data for Name: substrata; Type: TABLE DATA; Schema: tracking; Owner: -
--

COPY tracking.substrata (id, stratum_id, name, full_name, boundary, created_by, created_time, modified_by, modified_time, planting_site_id, area_ha, planting_completed_time, observed_time, stable_id) FROM stdin;
1	1	North	West-North	0106000020E6100000010000000103000000010000000A0000008AD131D8E85D52C0F5CB937E102E35401B54328D855E52C09424EFC5DE2E3540C11FBCBF7E5E52C03B015258172F35401EA24957055E52C0E417E2C422303540610172399B5D52C02D1947EA1E303540006E47C34E5D52C0C6EB673DBD2F3540F954E2B7815D52C07962B3344C2F35404B198252C95D52C07F0F598BA52E35404AED9A0CE55D52C0BC5EB970222E35408AD131D8E85D52C0F5CB937E102E3540	1	2024-03-06 18:56:18.746285+00	1	2024-03-06 18:56:18.746285+00	1	94.4	\N	\N	West-North
2	1	South	West-South	0106000020E6100000010000000103000000010000000B00000069E81991515E52C00D0417D42F2C3540724A13146B5E52C0EAA643762C2C354029B23E146B5E52C0BFFF99762C2C35408A6DCE54925E52C0E382B9B5642C3540CDA4B8269D5E52C0EEE3EB7F1A2E35402CD1098D855E52C08B057CC5DE2E35403FAD35D8E85D52C015396C7E102E354003B7331CF95D52C0E3DA2A467D2D3540E27EDC12245E52C0EC026540E62C3540AD01FC90515E52C0345791D42F2C354069E81991515E52C00D0417D42F2C3540	1	2024-03-06 18:56:18.746285+00	1	2024-03-06 18:56:18.746285+00	1	85.3	\N	\N	West-South
3	2	North	East-North	0106000020E610000001000000010300000001000000090000009B4E09D8E85D52C04CAC207E102E35405B6A720CE55D52C0213F4670222E35406E9F5852C95D52C053F0E58AA52E35400BD2B9B7815D52C0C84340344C2F354048061CC34E5D52C0FE94113DBD2F35402CA39223285D52C02E2FA2E58B2F354081EEBD89F35C52C0B8BD712FF62D354014392081115D52C0999CAA66312D35409B4E09D8E85D52C04CAC207E102E3540	1	2024-03-06 18:56:18.746285+00	1	2024-03-06 18:56:18.746285+00	1	97.0	\N	\N	East-North
4	2	South	East-South	0106000020E61000000100000001030000000100000008000000BED4DFD7E85D52C0AC8CAD7D102E354057DE2981115D52C06ADA6966312D35409AADF8F9325D52C015105E95552C354013A1B490515E52C051229CD42F2C3540F3FBB312245E52C064E2F13FE62C354013340B1CF95D52C0D2BAB7457D2D3540753C0BD8E85D52C061160B7E102E3540BED4DFD7E85D52C0AC8CAD7D102E3540	1	2024-03-06 18:56:18.746285+00	1	2024-03-06 18:56:18.746285+00	1	97.4	\N	\N	East-South
5	3	Substratum A	Stratum 01-Substratum A	0106000020E61000000200000001030000000100000007000000D0381DA8C3484340889607A5E6662F40A4E10EBBC44843407ECCFDAECD662F40042F4ACD6D4C434068F110B2E46B2F409816629A1650434074E65B27C04D2F40B81F8361AB564340F815919EAA592F400038BABB2B514340F83E6571B5722F40D0381DA8C3484340889607A5E6662F40010300000001000000040000008756D5DBCC4843400E9433C710662F4004177F2C4C4A4340C837B10F44432F40E8A9E623524A43400E9D37DD4E432F408756D5DBCC4843400E9433C710662F40	1	2025-05-29 18:45:59.772576+00	1	2025-05-29 18:45:59.772576+00	2	3624.2	\N	\N	Stratum 01-Substratum A
6	4	Substratum A	Stratum 02-Substratum A	0106000020E61000000100000001030000000100000006000000A4E10EBBC44843407ECCFDAECD662F408756D5DBCC4843400E9433C710662F40E8A9E623524A43400E9D37DD4E432F409816629A1650434074E65B27C04D2F40042F4ACD6D4C434068F110B2E46B2F40A4E10EBBC44843407ECCFDAECD662F40	1	2025-05-29 18:45:59.772576+00	1	2025-05-29 18:45:59.772576+00	2	3164.6	\N	\N	Stratum 02-Substratum A
9	7	Substratum A	Stratum 03-Substratum A	0106000020E61000000100000001030000000100000006000000ACB08F477436434098ADC79949472F40974FB1EB1A414340752F839505502F40183F57FAA23D4340908DBDCE3E5C2F403FBE32D2D5364340882D38CB0F552F40BF0284C7A5364340F2D8EB6A984E2F40ACB08F477436434098ADC79949472F40	1	2025-05-29 18:47:48.579314+00	1	2025-05-29 18:50:29.255691+00	3	2275.1	\N	2025-05-29 18:50:29+00	Stratum 03-Substratum A
7	5	Substratum A	Stratum 01-Substratum A	0106000020E61000000200000001030000000100000004000000D4F9485E6F3643409002C09245472F40ACB08F477436434098ADC79949472F40BF0284C7A5364340F2D8EB6A984E2F40D4F9485E6F3643409002C09245472F400103000000010000000B0000003FBE32D2D5364340882D38CB0F552F40183F57FAA23D4340908DBDCE3E5C2F40974FB1EB1A414340752F839505502F40C83EA43D20414340301B61F209502F405C1AD258783B434020F4AE18F6632F401F0145248139434047A107C5A66C2F4004CCF01B1A3A434098F168D6F1692F40ACC5CA905D374340B0ECFA7B22672F40D1679A57C5374340AE793CCF50742F4084021CDBBE374340E0B4497C6D742F403FBE32D2D5364340882D38CB0F552F40	1	2025-05-29 18:47:48.579314+00	1	2025-05-29 18:50:28.246998+00	3	1499.0	\N	2025-05-29 18:50:28+00	Stratum 01-Substratum A
8	6	Substratum A	Stratum 02-Substratum A	0106000020E61000000100000001030000000100000005000000ACC5CA905D374340B0ECFA7B22672F4004CCF01B1A3A434098F168D6F1692F401F0145248139434047A107C5A66C2F40D1679A57C5374340AE793CCF50742F40ACC5CA905D374340B0ECFA7B22672F40	1	2025-05-29 18:47:48.579314+00	1	2025-05-29 18:50:28.529262+00	3	316.9	\N	2025-05-29 18:50:28+00	Stratum 02-Substratum A
\.


--
-- Data for Name: substratum_histories; Type: TABLE DATA; Schema: tracking; Owner: -
--

COPY tracking.substratum_histories (id, stratum_history_id, substratum_id, name, full_name, boundary, area_ha, stable_id) FROM stdin;
1	1	4	South	East-South	0106000020E61000000100000001030000000100000008000000BED4DFD7E85D52C0AC8CAD7D102E354057DE2981115D52C06ADA6966312D35409AADF8F9325D52C015105E95552C354013A1B490515E52C051229CD42F2C3540F3FBB312245E52C064E2F13FE62C354013340B1CF95D52C0D2BAB7457D2D3540753C0BD8E85D52C061160B7E102E3540BED4DFD7E85D52C0AC8CAD7D102E3540	89.4	East-South
2	1	3	North	East-North	0106000020E610000001000000010300000001000000090000009B4E09D8E85D52C04CAC207E102E35405B6A720CE55D52C0213F4670222E35406E9F5852C95D52C053F0E58AA52E35400BD2B9B7815D52C0C84340344C2F354048061CC34E5D52C0FE94113DBD2F35402CA39223285D52C02E2FA2E58B2F354081EEBD89F35C52C0B8BD712FF62D354014392081115D52C0999CAA66312D35409B4E09D8E85D52C04CAC207E102E3540	92.8	East-North
3	2	2	South	West-South	0106000020E6100000010000000103000000010000000B00000069E81991515E52C00D0417D42F2C3540724A13146B5E52C0EAA643762C2C354029B23E146B5E52C0BFFF99762C2C35408A6DCE54925E52C0E382B9B5642C3540CDA4B8269D5E52C0EEE3EB7F1A2E35402CD1098D855E52C08B057CC5DE2E35403FAD35D8E85D52C015396C7E102E354003B7331CF95D52C0E3DA2A467D2D3540E27EDC12245E52C0EC026540E62C3540AD01FC90515E52C0345791D42F2C354069E81991515E52C00D0417D42F2C3540	84.5	West-South
4	2	1	North	West-North	0106000020E6100000010000000103000000010000000A0000008AD131D8E85D52C0F5CB937E102E35401B54328D855E52C09424EFC5DE2E3540C11FBCBF7E5E52C03B015258172F35401EA24957055E52C0E417E2C422303540610172399B5D52C02D1947EA1E303540006E47C34E5D52C0C6EB673DBD2F3540F954E2B7815D52C07962B3344C2F35404B198252C95D52C07F0F598BA52E35404AED9A0CE55D52C0BC5EB970222E35408AD131D8E85D52C0F5CB937E102E3540	91.3	West-North
5	3	5	Substratum A	Stratum 01-Substratum A	0106000020E61000000200000001030000000100000007000000D0381DA8C3484340889607A5E6662F40A4E10EBBC44843407ECCFDAECD662F40042F4ACD6D4C434068F110B2E46B2F409816629A1650434074E65B27C04D2F40B81F8361AB564340F815919EAA592F400038BABB2B514340F83E6571B5722F40D0381DA8C3484340889607A5E6662F40010300000001000000040000008756D5DBCC4843400E9433C710662F4004177F2C4C4A4340C837B10F44432F40E8A9E623524A43400E9D37DD4E432F408756D5DBCC4843400E9433C710662F40	3624.2	Stratum 01-Substratum A
6	4	6	Substratum A	Stratum 02-Substratum A	0106000020E61000000100000001030000000100000006000000A4E10EBBC44843407ECCFDAECD662F408756D5DBCC4843400E9433C710662F40E8A9E623524A43400E9D37DD4E432F409816629A1650434074E65B27C04D2F40042F4ACD6D4C434068F110B2E46B2F40A4E10EBBC44843407ECCFDAECD662F40	3164.6	Stratum 02-Substratum A
7	5	7	Substratum A	Stratum 01-Substratum A	0106000020E61000000200000001030000000100000004000000D4F9485E6F3643409002C09245472F40ACB08F477436434098ADC79949472F40BF0284C7A5364340F2D8EB6A984E2F40D4F9485E6F3643409002C09245472F400103000000010000000B0000003FBE32D2D5364340882D38CB0F552F40183F57FAA23D4340908DBDCE3E5C2F40974FB1EB1A414340752F839505502F40C83EA43D20414340301B61F209502F405C1AD258783B434020F4AE18F6632F401F0145248139434047A107C5A66C2F4004CCF01B1A3A434098F168D6F1692F40ACC5CA905D374340B0ECFA7B22672F40D1679A57C5374340AE793CCF50742F4084021CDBBE374340E0B4497C6D742F403FBE32D2D5364340882D38CB0F552F40	1499.0	Stratum 01-Substratum A
8	6	8	Substratum A	Stratum 02-Substratum A	0106000020E61000000100000001030000000100000005000000ACC5CA905D374340B0ECFA7B22672F4004CCF01B1A3A434098F168D6F1692F401F0145248139434047A107C5A66C2F40D1679A57C5374340AE793CCF50742F40ACC5CA905D374340B0ECFA7B22672F40	316.9	Stratum 02-Substratum A
9	7	9	Substratum A	Stratum 03-Substratum A	0106000020E61000000100000001030000000100000006000000ACB08F477436434098ADC79949472F40974FB1EB1A414340752F839505502F40183F57FAA23D4340908DBDCE3E5C2F403FBE32D2D5364340882D38CB0F552F40BF0284C7A5364340F2D8EB6A984E2F40ACB08F477436434098ADC79949472F40	2275.1	Stratum 03-Substratum A
\.


--
-- Data for Name: substratum_populations; Type: TABLE DATA; Schema: tracking; Owner: -
--

COPY tracking.substratum_populations (substratum_id, species_id, total_plants, plants_since_last_observation) FROM stdin;
5	3	100	100
7	3	100	0
\.


--
-- Data for Name: tree_growth_forms; Type: TABLE DATA; Schema: tracking; Owner: -
--

COPY tracking.tree_growth_forms (id, name) FROM stdin;
1	Tree
2	Shrub
3	Trunk
\.


--
-- Name: activities_id_seq; Type: SEQUENCE SET; Schema: accelerator; Owner: -
--

SELECT pg_catalog.setval('accelerator.activities_id_seq', 1, false);


--
-- Name: application_histories_id_seq; Type: SEQUENCE SET; Schema: accelerator; Owner: -
--

SELECT pg_catalog.setval('accelerator.application_histories_id_seq', 3, true);


--
-- Name: applications_id_seq; Type: SEQUENCE SET; Schema: accelerator; Owner: -
--

SELECT pg_catalog.setval('accelerator.applications_id_seq', 1, true);


--
-- Name: cohorts_id_seq; Type: SEQUENCE SET; Schema: accelerator; Owner: -
--

SELECT pg_catalog.setval('accelerator.cohorts_id_seq', 3, true);


--
-- Name: deliverables_id_seq; Type: SEQUENCE SET; Schema: accelerator; Owner: -
--

SELECT pg_catalog.setval('accelerator.deliverables_id_seq', 1, false);


--
-- Name: events_id_seq; Type: SEQUENCE SET; Schema: accelerator; Owner: -
--

SELECT pg_catalog.setval('accelerator.events_id_seq', 1, false);


--
-- Name: modules_id_seq; Type: SEQUENCE SET; Schema: accelerator; Owner: -
--

SELECT pg_catalog.setval('accelerator.modules_id_seq', 1, false);


--
-- Name: participant_project_species_id_seq; Type: SEQUENCE SET; Schema: accelerator; Owner: -
--

SELECT pg_catalog.setval('accelerator.participant_project_species_id_seq', 1, false);


--
-- Name: project_metrics_id_seq; Type: SEQUENCE SET; Schema: accelerator; Owner: -
--

SELECT pg_catalog.setval('accelerator.project_metrics_id_seq', 1, false);


--
-- Name: project_report_configs_id_seq; Type: SEQUENCE SET; Schema: accelerator; Owner: -
--

SELECT pg_catalog.setval('accelerator.project_report_configs_id_seq', 1, false);


--
-- Name: reports_id_seq; Type: SEQUENCE SET; Schema: accelerator; Owner: -
--

SELECT pg_catalog.setval('accelerator.reports_id_seq', 1, false);


--
-- Name: standard_metrics_id_seq; Type: SEQUENCE SET; Schema: accelerator; Owner: -
--

SELECT pg_catalog.setval('accelerator.standard_metrics_id_seq', 1, false);


--
-- Name: submission_documents_id_seq; Type: SEQUENCE SET; Schema: accelerator; Owner: -
--

SELECT pg_catalog.setval('accelerator.submission_documents_id_seq', 1, false);


--
-- Name: submission_snapshots_id_seq; Type: SEQUENCE SET; Schema: accelerator; Owner: -
--

SELECT pg_catalog.setval('accelerator.submission_snapshots_id_seq', 1, false);


--
-- Name: submissions_id_seq; Type: SEQUENCE SET; Schema: accelerator; Owner: -
--

SELECT pg_catalog.setval('accelerator.submissions_id_seq', 1, true);


--
-- Name: system_metrics_id_seq; Type: SEQUENCE SET; Schema: accelerator; Owner: -
--

SELECT pg_catalog.setval('accelerator.system_metrics_id_seq', 1, false);


--
-- Name: document_saved_versions_id_seq; Type: SEQUENCE SET; Schema: docprod; Owner: -
--

SELECT pg_catalog.setval('docprod.document_saved_versions_id_seq', 1, false);


--
-- Name: document_templates_id_seq; Type: SEQUENCE SET; Schema: docprod; Owner: -
--

SELECT pg_catalog.setval('docprod.document_templates_id_seq', 1, false);


--
-- Name: documents_id_seq; Type: SEQUENCE SET; Schema: docprod; Owner: -
--

SELECT pg_catalog.setval('docprod.documents_id_seq', 1, false);


--
-- Name: variable_manifests_id_seq; Type: SEQUENCE SET; Schema: docprod; Owner: -
--

SELECT pg_catalog.setval('docprod.variable_manifests_id_seq', 1, false);


--
-- Name: variable_section_default_values_id_seq; Type: SEQUENCE SET; Schema: docprod; Owner: -
--

SELECT pg_catalog.setval('docprod.variable_section_default_values_id_seq', 1, false);


--
-- Name: variable_select_options_id_seq; Type: SEQUENCE SET; Schema: docprod; Owner: -
--

SELECT pg_catalog.setval('docprod.variable_select_options_id_seq', 247, true);


--
-- Name: variable_value_table_rows_id_seq; Type: SEQUENCE SET; Schema: docprod; Owner: -
--

SELECT pg_catalog.setval('docprod.variable_value_table_rows_id_seq', 1, false);


--
-- Name: variable_values_id_seq; Type: SEQUENCE SET; Schema: docprod; Owner: -
--

SELECT pg_catalog.setval('docprod.variable_values_id_seq', 88, true);


--
-- Name: variable_workflow_history_id_seq; Type: SEQUENCE SET; Schema: docprod; Owner: -
--

SELECT pg_catalog.setval('docprod.variable_workflow_history_id_seq', 5, true);


--
-- Name: variables_id_seq; Type: SEQUENCE SET; Schema: docprod; Owner: -
--

SELECT pg_catalog.setval('docprod.variables_id_seq', 77, true);


--
-- Name: funding_entities_id_seq; Type: SEQUENCE SET; Schema: funder; Owner: -
--

SELECT pg_catalog.setval('funder.funding_entities_id_seq', 2, true);


--
-- Name: batch_details_history_id_seq; Type: SEQUENCE SET; Schema: nursery; Owner: -
--

SELECT pg_catalog.setval('nursery.batch_details_history_id_seq', 1, true);


--
-- Name: batch_photos_id_seq; Type: SEQUENCE SET; Schema: nursery; Owner: -
--

SELECT pg_catalog.setval('nursery.batch_photos_id_seq', 1, false);


--
-- Name: batch_quantity_history_id_seq; Type: SEQUENCE SET; Schema: nursery; Owner: -
--

SELECT pg_catalog.setval('nursery.batch_quantity_history_id_seq', 3, true);


--
-- Name: batches_id_seq; Type: SEQUENCE SET; Schema: nursery; Owner: -
--

SELECT pg_catalog.setval('nursery.batches_id_seq', 1, true);


--
-- Name: withdrawals_id_seq; Type: SEQUENCE SET; Schema: nursery; Owner: -
--

SELECT pg_catalog.setval('nursery.withdrawals_id_seq', 2, true);


--
-- Name: automations_id_seq; Type: SEQUENCE SET; Schema: public; Owner: -
--

SELECT pg_catalog.setval('public.automations_id_seq', 1, false);


--
-- Name: chat_memory_messages_id_seq; Type: SEQUENCE SET; Schema: public; Owner: -
--

SELECT pg_catalog.setval('public.chat_memory_messages_id_seq', 1, false);


--
-- Name: device_id_seq; Type: SEQUENCE SET; Schema: public; Owner: -
--

SELECT pg_catalog.setval('public.device_id_seq', 1, false);


--
-- Name: device_managers_id_seq; Type: SEQUENCE SET; Schema: public; Owner: -
--

SELECT pg_catalog.setval('public.device_managers_id_seq', 1, false);


--
-- Name: device_templates_id_seq; Type: SEQUENCE SET; Schema: public; Owner: -
--

SELECT pg_catalog.setval('public.device_templates_id_seq', 1, false);


--
-- Name: disclaimers_id_seq; Type: SEQUENCE SET; Schema: public; Owner: -
--

SELECT pg_catalog.setval('public.disclaimers_id_seq', 1, false);


--
-- Name: event_log_id_seq; Type: SEQUENCE SET; Schema: public; Owner: -
--

SELECT pg_catalog.setval('public.event_log_id_seq', 127, true);


--
-- Name: gbif_names_id_seq; Type: SEQUENCE SET; Schema: public; Owner: -
--

SELECT pg_catalog.setval('public.gbif_names_id_seq', 1, false);


--
-- Name: germination_treatment_id_seq; Type: SEQUENCE SET; Schema: public; Owner: -
--

SELECT pg_catalog.setval('public.germination_treatment_id_seq', 1, false);


--
-- Name: internal_tags_id_seq; Type: SEQUENCE SET; Schema: public; Owner: -
--

SELECT pg_catalog.setval('public.internal_tags_id_seq', 10000, false);


--
-- Name: notifications_id_seq; Type: SEQUENCE SET; Schema: public; Owner: -
--

SELECT pg_catalog.setval('public.notifications_id_seq', 18, true);


--
-- Name: organizations_id_seq; Type: SEQUENCE SET; Schema: public; Owner: -
--

SELECT pg_catalog.setval('public.organizations_id_seq', 2, true);


--
-- Name: photos_id_seq; Type: SEQUENCE SET; Schema: public; Owner: -
--

SELECT pg_catalog.setval('public.photos_id_seq', 1007, true);


--
-- Name: projects_id_seq; Type: SEQUENCE SET; Schema: public; Owner: -
--

SELECT pg_catalog.setval('public.projects_id_seq', 4, true);


--
-- Name: reports_id_seq; Type: SEQUENCE SET; Schema: public; Owner: -
--

SELECT pg_catalog.setval('public.reports_id_seq', 1, false);


--
-- Name: site_module_id_seq; Type: SEQUENCE SET; Schema: public; Owner: -
--

SELECT pg_catalog.setval('public.site_module_id_seq', 104, true);


--
-- Name: species_id_seq1; Type: SEQUENCE SET; Schema: public; Owner: -
--

SELECT pg_catalog.setval('public.species_id_seq1', 66, true);


--
-- Name: species_problems_id_seq; Type: SEQUENCE SET; Schema: public; Owner: -
--

SELECT pg_catalog.setval('public.species_problems_id_seq', 2, true);


--
-- Name: splat_annotations_id_seq; Type: SEQUENCE SET; Schema: public; Owner: -
--

SELECT pg_catalog.setval('public.splat_annotations_id_seq', 1, false);


--
-- Name: storage_location_id_seq; Type: SEQUENCE SET; Schema: public; Owner: -
--

SELECT pg_catalog.setval('public.storage_location_id_seq', 1003, true);


--
-- Name: thumbnail_id_seq; Type: SEQUENCE SET; Schema: public; Owner: -
--

SELECT pg_catalog.setval('public.thumbnail_id_seq', 1, false);


--
-- Name: timeseries_id_seq; Type: SEQUENCE SET; Schema: public; Owner: -
--

SELECT pg_catalog.setval('public.timeseries_id_seq', 1, false);


--
-- Name: upload_problems_id_seq; Type: SEQUENCE SET; Schema: public; Owner: -
--

SELECT pg_catalog.setval('public.upload_problems_id_seq', 1, false);


--
-- Name: uploads_id_seq; Type: SEQUENCE SET; Schema: public; Owner: -
--

SELECT pg_catalog.setval('public.uploads_id_seq', 1, false);


--
-- Name: users_id_seq; Type: SEQUENCE SET; Schema: public; Owner: -
--

SELECT pg_catalog.setval('public.users_id_seq', 6, true);


--
-- Name: accession_id_seq; Type: SEQUENCE SET; Schema: seedbank; Owner: -
--

SELECT pg_catalog.setval('seedbank.accession_id_seq', 1, true);


--
-- Name: accession_quantity_history_id_seq; Type: SEQUENCE SET; Schema: seedbank; Owner: -
--

SELECT pg_catalog.setval('seedbank.accession_quantity_history_id_seq', 1, true);


--
-- Name: bag_id_seq; Type: SEQUENCE SET; Schema: seedbank; Owner: -
--

SELECT pg_catalog.setval('seedbank.bag_id_seq', 1003, false);


--
-- Name: collection_event_id_seq; Type: SEQUENCE SET; Schema: seedbank; Owner: -
--

SELECT pg_catalog.setval('seedbank.collection_event_id_seq', 1002, false);


--
-- Name: germination_id_seq; Type: SEQUENCE SET; Schema: seedbank; Owner: -
--

SELECT pg_catalog.setval('seedbank.germination_id_seq', 1, false);


--
-- Name: germination_seed_type_id_seq; Type: SEQUENCE SET; Schema: seedbank; Owner: -
--

SELECT pg_catalog.setval('seedbank.germination_seed_type_id_seq', 1, false);


--
-- Name: germination_substrate_id_seq; Type: SEQUENCE SET; Schema: seedbank; Owner: -
--

SELECT pg_catalog.setval('seedbank.germination_substrate_id_seq', 1, false);


--
-- Name: germination_test_id_seq; Type: SEQUENCE SET; Schema: seedbank; Owner: -
--

SELECT pg_catalog.setval('seedbank.germination_test_id_seq', 1, false);


--
-- Name: withdrawal_id_seq; Type: SEQUENCE SET; Schema: seedbank; Owner: -
--

SELECT pg_catalog.setval('seedbank.withdrawal_id_seq', 1, false);


--
-- Name: withdrawal_purpose_id_seq; Type: SEQUENCE SET; Schema: seedbank; Owner: -
--

SELECT pg_catalog.setval('seedbank.withdrawal_purpose_id_seq', 1, false);


--
-- Name: topology_id_seq; Type: SEQUENCE SET; Schema: topology; Owner: -
--

SELECT pg_catalog.setval('topology.topology_id_seq', 1, false);


--
-- Name: deliveries_id_seq; Type: SEQUENCE SET; Schema: tracking; Owner: -
--

SELECT pg_catalog.setval('tracking.deliveries_id_seq', 2, true);


--
-- Name: draft_planting_sites_id_seq; Type: SEQUENCE SET; Schema: tracking; Owner: -
--

SELECT pg_catalog.setval('tracking.draft_planting_sites_id_seq', 2, true);


--
-- Name: monitoring_plot_histories_id_seq; Type: SEQUENCE SET; Schema: tracking; Owner: -
--

SELECT pg_catalog.setval('tracking.monitoring_plot_histories_id_seq', 73, true);


--
-- Name: monitoring_plots_id_seq; Type: SEQUENCE SET; Schema: tracking; Owner: -
--

SELECT pg_catalog.setval('tracking.monitoring_plots_id_seq', 5234, true);


--
-- Name: observation_biomass_species_id_seq; Type: SEQUENCE SET; Schema: tracking; Owner: -
--

SELECT pg_catalog.setval('tracking.observation_biomass_species_id_seq', 1, false);


--
-- Name: observations_id_seq; Type: SEQUENCE SET; Schema: tracking; Owner: -
--

SELECT pg_catalog.setval('tracking.observations_id_seq', 4, true);


--
-- Name: observed_plot_coordinates_id_seq; Type: SEQUENCE SET; Schema: tracking; Owner: -
--

SELECT pg_catalog.setval('tracking.observed_plot_coordinates_id_seq', 1, false);


--
-- Name: planting_seasons_id_seq; Type: SEQUENCE SET; Schema: tracking; Owner: -
--

SELECT pg_catalog.setval('tracking.planting_seasons_id_seq', 1, false);


--
-- Name: planting_site_histories_id_seq; Type: SEQUENCE SET; Schema: tracking; Owner: -
--

SELECT pg_catalog.setval('tracking.planting_site_histories_id_seq', 3, true);


--
-- Name: planting_site_notifications_id_seq; Type: SEQUENCE SET; Schema: tracking; Owner: -
--

SELECT pg_catalog.setval('tracking.planting_site_notifications_id_seq', 10, true);


--
-- Name: planting_sites_id_seq; Type: SEQUENCE SET; Schema: tracking; Owner: -
--

SELECT pg_catalog.setval('tracking.planting_sites_id_seq', 3, true);


--
-- Name: plantings_id_seq; Type: SEQUENCE SET; Schema: tracking; Owner: -
--

SELECT pg_catalog.setval('tracking.plantings_id_seq', 2, true);


--
-- Name: plots_id_seq; Type: SEQUENCE SET; Schema: tracking; Owner: -
--

SELECT pg_catalog.setval('tracking.plots_id_seq', 9, true);


--
-- Name: recorded_plants_id_seq; Type: SEQUENCE SET; Schema: tracking; Owner: -
--

SELECT pg_catalog.setval('tracking.recorded_plants_id_seq', 3713, true);


--
-- Name: recorded_trees_id_seq; Type: SEQUENCE SET; Schema: tracking; Owner: -
--

SELECT pg_catalog.setval('tracking.recorded_trees_id_seq', 1, false);


--
-- Name: strata_id_seq; Type: SEQUENCE SET; Schema: tracking; Owner: -
--

SELECT pg_catalog.setval('tracking.strata_id_seq', 7, true);


--
-- Name: stratum_histories_id_seq; Type: SEQUENCE SET; Schema: tracking; Owner: -
--

SELECT pg_catalog.setval('tracking.stratum_histories_id_seq', 7, true);


--
-- Name: substratum_histories_id_seq; Type: SEQUENCE SET; Schema: tracking; Owner: -
--

SELECT pg_catalog.setval('tracking.substratum_histories_id_seq', 9, true);


--
-- Name: activities activities_pkey; Type: CONSTRAINT; Schema: accelerator; Owner: -
--

ALTER TABLE ONLY accelerator.activities
    ADD CONSTRAINT activities_pkey PRIMARY KEY (id);


--
-- Name: activity_media_files activity_media_files_pkey; Type: CONSTRAINT; Schema: accelerator; Owner: -
--

ALTER TABLE ONLY accelerator.activity_media_files
    ADD CONSTRAINT activity_media_files_pkey PRIMARY KEY (file_id);


--
-- Name: activity_media_types activity_media_types_name_key; Type: CONSTRAINT; Schema: accelerator; Owner: -
--

ALTER TABLE ONLY accelerator.activity_media_types
    ADD CONSTRAINT activity_media_types_name_key UNIQUE (name);


--
-- Name: activity_media_types activity_media_types_pkey; Type: CONSTRAINT; Schema: accelerator; Owner: -
--

ALTER TABLE ONLY accelerator.activity_media_types
    ADD CONSTRAINT activity_media_types_pkey PRIMARY KEY (id);


--
-- Name: activity_statuses activity_statuses_name_key; Type: CONSTRAINT; Schema: accelerator; Owner: -
--

ALTER TABLE ONLY accelerator.activity_statuses
    ADD CONSTRAINT activity_statuses_name_key UNIQUE (name);


--
-- Name: activity_statuses activity_statuses_pkey; Type: CONSTRAINT; Schema: accelerator; Owner: -
--

ALTER TABLE ONLY accelerator.activity_statuses
    ADD CONSTRAINT activity_statuses_pkey PRIMARY KEY (id);


--
-- Name: activity_types activity_types_name_key; Type: CONSTRAINT; Schema: accelerator; Owner: -
--

ALTER TABLE ONLY accelerator.activity_types
    ADD CONSTRAINT activity_types_name_key UNIQUE (name);


--
-- Name: activity_types activity_types_pkey; Type: CONSTRAINT; Schema: accelerator; Owner: -
--

ALTER TABLE ONLY accelerator.activity_types
    ADD CONSTRAINT activity_types_pkey PRIMARY KEY (id);


--
-- Name: application_histories application_histories_pkey; Type: CONSTRAINT; Schema: accelerator; Owner: -
--

ALTER TABLE ONLY accelerator.application_histories
    ADD CONSTRAINT application_histories_pkey PRIMARY KEY (id);


--
-- Name: application_module_statuses application_module_statuses_name_key; Type: CONSTRAINT; Schema: accelerator; Owner: -
--

ALTER TABLE ONLY accelerator.application_module_statuses
    ADD CONSTRAINT application_module_statuses_name_key UNIQUE (name);


--
-- Name: application_module_statuses application_module_statuses_pkey; Type: CONSTRAINT; Schema: accelerator; Owner: -
--

ALTER TABLE ONLY accelerator.application_module_statuses
    ADD CONSTRAINT application_module_statuses_pkey PRIMARY KEY (id);


--
-- Name: application_modules application_modules_pkey; Type: CONSTRAINT; Schema: accelerator; Owner: -
--

ALTER TABLE ONLY accelerator.application_modules
    ADD CONSTRAINT application_modules_pkey PRIMARY KEY (application_id, module_id);


--
-- Name: application_statuses application_statuses_name_key; Type: CONSTRAINT; Schema: accelerator; Owner: -
--

ALTER TABLE ONLY accelerator.application_statuses
    ADD CONSTRAINT application_statuses_name_key UNIQUE (name);


--
-- Name: application_statuses application_statuses_pkey; Type: CONSTRAINT; Schema: accelerator; Owner: -
--

ALTER TABLE ONLY accelerator.application_statuses
    ADD CONSTRAINT application_statuses_pkey PRIMARY KEY (id);


--
-- Name: applications applications_internal_name_key; Type: CONSTRAINT; Schema: accelerator; Owner: -
--

ALTER TABLE ONLY accelerator.applications
    ADD CONSTRAINT applications_internal_name_key UNIQUE (internal_name);


--
-- Name: applications applications_pkey; Type: CONSTRAINT; Schema: accelerator; Owner: -
--

ALTER TABLE ONLY accelerator.applications
    ADD CONSTRAINT applications_pkey PRIMARY KEY (id);


--
-- Name: applications applications_project_id_key; Type: CONSTRAINT; Schema: accelerator; Owner: -
--

ALTER TABLE ONLY accelerator.applications
    ADD CONSTRAINT applications_project_id_key UNIQUE (project_id);


--
-- Name: cohort_modules cohort_modules_pkey; Type: CONSTRAINT; Schema: accelerator; Owner: -
--

ALTER TABLE ONLY accelerator.cohort_modules
    ADD CONSTRAINT cohort_modules_pkey PRIMARY KEY (cohort_id, module_id);


--
-- Name: cohort_phases cohort_phases_name_key; Type: CONSTRAINT; Schema: accelerator; Owner: -
--

ALTER TABLE ONLY accelerator.cohort_phases
    ADD CONSTRAINT cohort_phases_name_key UNIQUE (name);


--
-- Name: cohort_phases cohort_phases_pkey; Type: CONSTRAINT; Schema: accelerator; Owner: -
--

ALTER TABLE ONLY accelerator.cohort_phases
    ADD CONSTRAINT cohort_phases_pkey PRIMARY KEY (id);


--
-- Name: cohorts cohorts_name_key; Type: CONSTRAINT; Schema: accelerator; Owner: -
--

ALTER TABLE ONLY accelerator.cohorts
    ADD CONSTRAINT cohorts_name_key UNIQUE (name);


--
-- Name: cohorts cohorts_pkey; Type: CONSTRAINT; Schema: accelerator; Owner: -
--

ALTER TABLE ONLY accelerator.cohorts
    ADD CONSTRAINT cohorts_pkey PRIMARY KEY (id);


--
-- Name: deal_stages deal_stages_name_key; Type: CONSTRAINT; Schema: accelerator; Owner: -
--

ALTER TABLE ONLY accelerator.deal_stages
    ADD CONSTRAINT deal_stages_name_key UNIQUE (name);


--
-- Name: deal_stages deal_stages_pkey; Type: CONSTRAINT; Schema: accelerator; Owner: -
--

ALTER TABLE ONLY accelerator.deal_stages
    ADD CONSTRAINT deal_stages_pkey PRIMARY KEY (id);


--
-- Name: default_voters default_voters_pkey; Type: CONSTRAINT; Schema: accelerator; Owner: -
--

ALTER TABLE ONLY accelerator.default_voters
    ADD CONSTRAINT default_voters_pkey PRIMARY KEY (user_id);


--
-- Name: deliverable_categories deliverable_categories_name_key; Type: CONSTRAINT; Schema: accelerator; Owner: -
--

ALTER TABLE ONLY accelerator.deliverable_categories
    ADD CONSTRAINT deliverable_categories_name_key UNIQUE (name);


--
-- Name: deliverable_categories deliverable_categories_pkey; Type: CONSTRAINT; Schema: accelerator; Owner: -
--

ALTER TABLE ONLY accelerator.deliverable_categories
    ADD CONSTRAINT deliverable_categories_pkey PRIMARY KEY (id);


--
-- Name: deliverable_cohort_due_dates deliverable_cohort_due_dates_pkey; Type: CONSTRAINT; Schema: accelerator; Owner: -
--

ALTER TABLE ONLY accelerator.deliverable_cohort_due_dates
    ADD CONSTRAINT deliverable_cohort_due_dates_pkey PRIMARY KEY (deliverable_id, cohort_id);


--
-- Name: deliverable_documents deliverable_documents_pkey; Type: CONSTRAINT; Schema: accelerator; Owner: -
--

ALTER TABLE ONLY accelerator.deliverable_documents
    ADD CONSTRAINT deliverable_documents_pkey PRIMARY KEY (deliverable_id);


--
-- Name: deliverable_project_due_dates deliverable_project_due_dates_pkey; Type: CONSTRAINT; Schema: accelerator; Owner: -
--

ALTER TABLE ONLY accelerator.deliverable_project_due_dates
    ADD CONSTRAINT deliverable_project_due_dates_pkey PRIMARY KEY (deliverable_id, project_id);


--
-- Name: deliverable_types deliverable_types_name_key; Type: CONSTRAINT; Schema: accelerator; Owner: -
--

ALTER TABLE ONLY accelerator.deliverable_types
    ADD CONSTRAINT deliverable_types_name_key UNIQUE (name);


--
-- Name: deliverable_types deliverable_types_pkey; Type: CONSTRAINT; Schema: accelerator; Owner: -
--

ALTER TABLE ONLY accelerator.deliverable_types
    ADD CONSTRAINT deliverable_types_pkey PRIMARY KEY (id);


--
-- Name: deliverable_variables deliverable_variables_pkey; Type: CONSTRAINT; Schema: accelerator; Owner: -
--

ALTER TABLE ONLY accelerator.deliverable_variables
    ADD CONSTRAINT deliverable_variables_pkey PRIMARY KEY (variable_id, deliverable_id);


--
-- Name: deliverables deliverables_id_deliverable_type_id_key; Type: CONSTRAINT; Schema: accelerator; Owner: -
--

ALTER TABLE ONLY accelerator.deliverables
    ADD CONSTRAINT deliverables_id_deliverable_type_id_key UNIQUE (id, deliverable_type_id);


--
-- Name: deliverables deliverables_module_id_position_key; Type: CONSTRAINT; Schema: accelerator; Owner: -
--

ALTER TABLE ONLY accelerator.deliverables
    ADD CONSTRAINT deliverables_module_id_position_key UNIQUE (module_id, "position");


--
-- Name: deliverables deliverables_pkey; Type: CONSTRAINT; Schema: accelerator; Owner: -
--

ALTER TABLE ONLY accelerator.deliverables
    ADD CONSTRAINT deliverables_pkey PRIMARY KEY (id);


--
-- Name: document_stores document_stores_name_key; Type: CONSTRAINT; Schema: accelerator; Owner: -
--

ALTER TABLE ONLY accelerator.document_stores
    ADD CONSTRAINT document_stores_name_key UNIQUE (name);


--
-- Name: document_stores document_stores_pkey; Type: CONSTRAINT; Schema: accelerator; Owner: -
--

ALTER TABLE ONLY accelerator.document_stores
    ADD CONSTRAINT document_stores_pkey PRIMARY KEY (id);


--
-- Name: event_projects event_projects_pkey; Type: CONSTRAINT; Schema: accelerator; Owner: -
--

ALTER TABLE ONLY accelerator.event_projects
    ADD CONSTRAINT event_projects_pkey PRIMARY KEY (event_id, project_id);


--
-- Name: event_statuses event_statuses_name_key; Type: CONSTRAINT; Schema: accelerator; Owner: -
--

ALTER TABLE ONLY accelerator.event_statuses
    ADD CONSTRAINT event_statuses_name_key UNIQUE (name);


--
-- Name: event_statuses event_statuses_pkey; Type: CONSTRAINT; Schema: accelerator; Owner: -
--

ALTER TABLE ONLY accelerator.event_statuses
    ADD CONSTRAINT event_statuses_pkey PRIMARY KEY (id);


--
-- Name: event_types event_types_name_key; Type: CONSTRAINT; Schema: accelerator; Owner: -
--

ALTER TABLE ONLY accelerator.event_types
    ADD CONSTRAINT event_types_name_key UNIQUE (name);


--
-- Name: event_types event_types_pkey; Type: CONSTRAINT; Schema: accelerator; Owner: -
--

ALTER TABLE ONLY accelerator.event_types
    ADD CONSTRAINT event_types_pkey PRIMARY KEY (id);


--
-- Name: events events_pkey; Type: CONSTRAINT; Schema: accelerator; Owner: -
--

ALTER TABLE ONLY accelerator.events
    ADD CONSTRAINT events_pkey PRIMARY KEY (id);


--
-- Name: internal_interests internal_interests_name_key; Type: CONSTRAINT; Schema: accelerator; Owner: -
--

ALTER TABLE ONLY accelerator.internal_interests
    ADD CONSTRAINT internal_interests_name_key UNIQUE (name);


--
-- Name: internal_interests internal_interests_pkey; Type: CONSTRAINT; Schema: accelerator; Owner: -
--

ALTER TABLE ONLY accelerator.internal_interests
    ADD CONSTRAINT internal_interests_pkey PRIMARY KEY (id);


--
-- Name: metric_components metric_components_name_key; Type: CONSTRAINT; Schema: accelerator; Owner: -
--

ALTER TABLE ONLY accelerator.metric_components
    ADD CONSTRAINT metric_components_name_key UNIQUE (name);


--
-- Name: metric_components metric_components_pkey; Type: CONSTRAINT; Schema: accelerator; Owner: -
--

ALTER TABLE ONLY accelerator.metric_components
    ADD CONSTRAINT metric_components_pkey PRIMARY KEY (id);


--
-- Name: metric_types metric_types_name_key; Type: CONSTRAINT; Schema: accelerator; Owner: -
--

ALTER TABLE ONLY accelerator.metric_types
    ADD CONSTRAINT metric_types_name_key UNIQUE (name);


--
-- Name: metric_types metric_types_pkey; Type: CONSTRAINT; Schema: accelerator; Owner: -
--

ALTER TABLE ONLY accelerator.metric_types
    ADD CONSTRAINT metric_types_pkey PRIMARY KEY (id);


--
-- Name: modules modules_pkey; Type: CONSTRAINT; Schema: accelerator; Owner: -
--

ALTER TABLE ONLY accelerator.modules
    ADD CONSTRAINT modules_pkey PRIMARY KEY (id);


--
-- Name: submission_documents no_duplicate_names_for_project; Type: CONSTRAINT; Schema: accelerator; Owner: -
--

ALTER TABLE ONLY accelerator.submission_documents
    ADD CONSTRAINT no_duplicate_names_for_project UNIQUE (project_id, name);


--
-- Name: participant_project_species participant_project_species_pkey; Type: CONSTRAINT; Schema: accelerator; Owner: -
--

ALTER TABLE ONLY accelerator.participant_project_species
    ADD CONSTRAINT participant_project_species_pkey PRIMARY KEY (id);


--
-- Name: participant_project_species participant_project_species_project_id_species_id_key; Type: CONSTRAINT; Schema: accelerator; Owner: -
--

ALTER TABLE ONLY accelerator.participant_project_species
    ADD CONSTRAINT participant_project_species_project_id_species_id_key UNIQUE (project_id, species_id);


--
-- Name: pipelines pipelines_name_key; Type: CONSTRAINT; Schema: accelerator; Owner: -
--

ALTER TABLE ONLY accelerator.pipelines
    ADD CONSTRAINT pipelines_name_key UNIQUE (name);


--
-- Name: pipelines pipelines_pkey; Type: CONSTRAINT; Schema: accelerator; Owner: -
--

ALTER TABLE ONLY accelerator.pipelines
    ADD CONSTRAINT pipelines_pkey PRIMARY KEY (id);


--
-- Name: project_accelerator_details project_accelerator_details_pkey; Type: CONSTRAINT; Schema: accelerator; Owner: -
--

ALTER TABLE ONLY accelerator.project_accelerator_details
    ADD CONSTRAINT project_accelerator_details_pkey PRIMARY KEY (project_id);


--
-- Name: project_metrics project_metrics_pkey; Type: CONSTRAINT; Schema: accelerator; Owner: -
--

ALTER TABLE ONLY accelerator.project_metrics
    ADD CONSTRAINT project_metrics_pkey PRIMARY KEY (id);


--
-- Name: project_overall_scores project_overall_scores_pkey; Type: CONSTRAINT; Schema: accelerator; Owner: -
--

ALTER TABLE ONLY accelerator.project_overall_scores
    ADD CONSTRAINT project_overall_scores_pkey PRIMARY KEY (project_id);


--
-- Name: project_report_configs project_report_configs_id_project_id_key; Type: CONSTRAINT; Schema: accelerator; Owner: -
--

ALTER TABLE ONLY accelerator.project_report_configs
    ADD CONSTRAINT project_report_configs_id_project_id_key UNIQUE (id, project_id);


--
-- Name: project_report_configs project_report_configs_id_report_frequency_id_key; Type: CONSTRAINT; Schema: accelerator; Owner: -
--

ALTER TABLE ONLY accelerator.project_report_configs
    ADD CONSTRAINT project_report_configs_id_report_frequency_id_key UNIQUE (id, report_frequency_id);


--
-- Name: project_report_configs project_report_configs_pkey; Type: CONSTRAINT; Schema: accelerator; Owner: -
--

ALTER TABLE ONLY accelerator.project_report_configs
    ADD CONSTRAINT project_report_configs_pkey PRIMARY KEY (id);


--
-- Name: project_scores project_scores_pkey; Type: CONSTRAINT; Schema: accelerator; Owner: -
--

ALTER TABLE ONLY accelerator.project_scores
    ADD CONSTRAINT project_scores_pkey PRIMARY KEY (project_id, phase_id, score_category_id);


--
-- Name: project_vote_decisions project_vote_decisions_pkey; Type: CONSTRAINT; Schema: accelerator; Owner: -
--

ALTER TABLE ONLY accelerator.project_vote_decisions
    ADD CONSTRAINT project_vote_decisions_pkey PRIMARY KEY (project_id, phase_id);


--
-- Name: project_votes project_votes_pkey; Type: CONSTRAINT; Schema: accelerator; Owner: -
--

ALTER TABLE ONLY accelerator.project_votes
    ADD CONSTRAINT project_votes_pkey PRIMARY KEY (user_id, project_id, phase_id);


--
-- Name: report_achievements report_achievements_pkey; Type: CONSTRAINT; Schema: accelerator; Owner: -
--

ALTER TABLE ONLY accelerator.report_achievements
    ADD CONSTRAINT report_achievements_pkey PRIMARY KEY (report_id, "position");


--
-- Name: report_challenges report_challenges_pkey; Type: CONSTRAINT; Schema: accelerator; Owner: -
--

ALTER TABLE ONLY accelerator.report_challenges
    ADD CONSTRAINT report_challenges_pkey PRIMARY KEY (report_id, "position");


--
-- Name: report_frequencies report_frequencies_name_key; Type: CONSTRAINT; Schema: accelerator; Owner: -
--

ALTER TABLE ONLY accelerator.report_frequencies
    ADD CONSTRAINT report_frequencies_name_key UNIQUE (name);


--
-- Name: report_frequencies report_frequencies_pkey; Type: CONSTRAINT; Schema: accelerator; Owner: -
--

ALTER TABLE ONLY accelerator.report_frequencies
    ADD CONSTRAINT report_frequencies_pkey PRIMARY KEY (id);


--
-- Name: report_metric_statuses report_metric_statuses_name_key; Type: CONSTRAINT; Schema: accelerator; Owner: -
--

ALTER TABLE ONLY accelerator.report_metric_statuses
    ADD CONSTRAINT report_metric_statuses_name_key UNIQUE (name);


--
-- Name: report_metric_statuses report_metric_statuses_pkey; Type: CONSTRAINT; Schema: accelerator; Owner: -
--

ALTER TABLE ONLY accelerator.report_metric_statuses
    ADD CONSTRAINT report_metric_statuses_pkey PRIMARY KEY (id);


--
-- Name: report_photos report_photos_pkey; Type: CONSTRAINT; Schema: accelerator; Owner: -
--

ALTER TABLE ONLY accelerator.report_photos
    ADD CONSTRAINT report_photos_pkey PRIMARY KEY (file_id);


--
-- Name: report_photos report_photos_report_id_file_id_key; Type: CONSTRAINT; Schema: accelerator; Owner: -
--

ALTER TABLE ONLY accelerator.report_photos
    ADD CONSTRAINT report_photos_report_id_file_id_key UNIQUE (report_id, file_id);


--
-- Name: report_project_metrics report_project_metrics_pkey; Type: CONSTRAINT; Schema: accelerator; Owner: -
--

ALTER TABLE ONLY accelerator.report_project_metrics
    ADD CONSTRAINT report_project_metrics_pkey PRIMARY KEY (report_id, project_metric_id);


--
-- Name: report_quarters report_quarters_name_key; Type: CONSTRAINT; Schema: accelerator; Owner: -
--

ALTER TABLE ONLY accelerator.report_quarters
    ADD CONSTRAINT report_quarters_name_key UNIQUE (name);


--
-- Name: report_quarters report_quarters_pkey; Type: CONSTRAINT; Schema: accelerator; Owner: -
--

ALTER TABLE ONLY accelerator.report_quarters
    ADD CONSTRAINT report_quarters_pkey PRIMARY KEY (id);


--
-- Name: report_standard_metrics report_standard_metrics_pkey; Type: CONSTRAINT; Schema: accelerator; Owner: -
--

ALTER TABLE ONLY accelerator.report_standard_metrics
    ADD CONSTRAINT report_standard_metrics_pkey PRIMARY KEY (report_id, standard_metric_id);


--
-- Name: report_statuses report_statuses_name_key; Type: CONSTRAINT; Schema: accelerator; Owner: -
--

ALTER TABLE ONLY accelerator.report_statuses
    ADD CONSTRAINT report_statuses_name_key UNIQUE (name);


--
-- Name: report_statuses report_statuses_pkey; Type: CONSTRAINT; Schema: accelerator; Owner: -
--

ALTER TABLE ONLY accelerator.report_statuses
    ADD CONSTRAINT report_statuses_pkey PRIMARY KEY (id);


--
-- Name: report_system_metrics report_system_metrics_pkey; Type: CONSTRAINT; Schema: accelerator; Owner: -
--

ALTER TABLE ONLY accelerator.report_system_metrics
    ADD CONSTRAINT report_system_metrics_pkey PRIMARY KEY (report_id, system_metric_id);


--
-- Name: reports reports_pkey; Type: CONSTRAINT; Schema: accelerator; Owner: -
--

ALTER TABLE ONLY accelerator.reports
    ADD CONSTRAINT reports_pkey PRIMARY KEY (id);


--
-- Name: score_categories score_categories_name_key; Type: CONSTRAINT; Schema: accelerator; Owner: -
--

ALTER TABLE ONLY accelerator.score_categories
    ADD CONSTRAINT score_categories_name_key UNIQUE (name);


--
-- Name: score_categories score_categories_pkey; Type: CONSTRAINT; Schema: accelerator; Owner: -
--

ALTER TABLE ONLY accelerator.score_categories
    ADD CONSTRAINT score_categories_pkey PRIMARY KEY (id);


--
-- Name: standard_metrics standard_metrics_pkey; Type: CONSTRAINT; Schema: accelerator; Owner: -
--

ALTER TABLE ONLY accelerator.standard_metrics
    ADD CONSTRAINT standard_metrics_pkey PRIMARY KEY (id);


--
-- Name: submission_documents submission_documents_pkey; Type: CONSTRAINT; Schema: accelerator; Owner: -
--

ALTER TABLE ONLY accelerator.submission_documents
    ADD CONSTRAINT submission_documents_pkey PRIMARY KEY (id);


--
-- Name: submission_snapshots submission_snapshots_pkey; Type: CONSTRAINT; Schema: accelerator; Owner: -
--

ALTER TABLE ONLY accelerator.submission_snapshots
    ADD CONSTRAINT submission_snapshots_pkey PRIMARY KEY (id);


--
-- Name: submission_statuses submission_statuses_name_key; Type: CONSTRAINT; Schema: accelerator; Owner: -
--

ALTER TABLE ONLY accelerator.submission_statuses
    ADD CONSTRAINT submission_statuses_name_key UNIQUE (name);


--
-- Name: submission_statuses submission_statuses_pkey; Type: CONSTRAINT; Schema: accelerator; Owner: -
--

ALTER TABLE ONLY accelerator.submission_statuses
    ADD CONSTRAINT submission_statuses_pkey PRIMARY KEY (id);


--
-- Name: submissions submissions_pkey; Type: CONSTRAINT; Schema: accelerator; Owner: -
--

ALTER TABLE ONLY accelerator.submissions
    ADD CONSTRAINT submissions_pkey PRIMARY KEY (id);


--
-- Name: submissions submissions_project_id_deliverable_id_key; Type: CONSTRAINT; Schema: accelerator; Owner: -
--

ALTER TABLE ONLY accelerator.submissions
    ADD CONSTRAINT submissions_project_id_deliverable_id_key UNIQUE (project_id, deliverable_id);


--
-- Name: system_metrics system_metrics_pkey; Type: CONSTRAINT; Schema: accelerator; Owner: -
--

ALTER TABLE ONLY accelerator.system_metrics
    ADD CONSTRAINT system_metrics_pkey PRIMARY KEY (id);


--
-- Name: activity_media_files unambiguous_list_order; Type: CONSTRAINT; Schema: accelerator; Owner: -
--

ALTER TABLE ONLY accelerator.activity_media_files
    ADD CONSTRAINT unambiguous_list_order UNIQUE (activity_id, list_position) DEFERRABLE INITIALLY DEFERRED;


--
-- Name: project_report_configs unique_project_frequency; Type: CONSTRAINT; Schema: accelerator; Owner: -
--

ALTER TABLE ONLY accelerator.project_report_configs
    ADD CONSTRAINT unique_project_frequency UNIQUE (project_id, report_frequency_id);


--
-- Name: user_internal_interests user_internal_interests_pkey; Type: CONSTRAINT; Schema: accelerator; Owner: -
--

ALTER TABLE ONLY accelerator.user_internal_interests
    ADD CONSTRAINT user_internal_interests_pkey PRIMARY KEY (user_id, internal_interest_id);


--
-- Name: vote_options vote_options_name_key; Type: CONSTRAINT; Schema: accelerator; Owner: -
--

ALTER TABLE ONLY accelerator.vote_options
    ADD CONSTRAINT vote_options_name_key UNIQUE (name);


--
-- Name: vote_options vote_options_pkey; Type: CONSTRAINT; Schema: accelerator; Owner: -
--

ALTER TABLE ONLY accelerator.vote_options
    ADD CONSTRAINT vote_options_pkey PRIMARY KEY (id);


--
-- Name: variables cannot_have_multiple_replacements; Type: CONSTRAINT; Schema: docprod; Owner: -
--

ALTER TABLE ONLY docprod.variables
    ADD CONSTRAINT cannot_have_multiple_replacements UNIQUE (replaces_variable_id);


--
-- Name: dependency_conditions dependency_conditions_name_key; Type: CONSTRAINT; Schema: docprod; Owner: -
--

ALTER TABLE ONLY docprod.dependency_conditions
    ADD CONSTRAINT dependency_conditions_name_key UNIQUE (name);


--
-- Name: dependency_conditions dependency_conditions_pkey; Type: CONSTRAINT; Schema: docprod; Owner: -
--

ALTER TABLE ONLY docprod.dependency_conditions
    ADD CONSTRAINT dependency_conditions_pkey PRIMARY KEY (id);


--
-- Name: document_saved_versions document_saved_versions_pkey; Type: CONSTRAINT; Schema: docprod; Owner: -
--

ALTER TABLE ONLY docprod.document_saved_versions
    ADD CONSTRAINT document_saved_versions_pkey PRIMARY KEY (id);


--
-- Name: document_statuses document_statuses_name_key; Type: CONSTRAINT; Schema: docprod; Owner: -
--

ALTER TABLE ONLY docprod.document_statuses
    ADD CONSTRAINT document_statuses_name_key UNIQUE (name);


--
-- Name: document_statuses document_statuses_pkey; Type: CONSTRAINT; Schema: docprod; Owner: -
--

ALTER TABLE ONLY docprod.document_statuses
    ADD CONSTRAINT document_statuses_pkey PRIMARY KEY (id);


--
-- Name: document_templates document_templates_name_key; Type: CONSTRAINT; Schema: docprod; Owner: -
--

ALTER TABLE ONLY docprod.document_templates
    ADD CONSTRAINT document_templates_name_key UNIQUE (name);


--
-- Name: document_templates document_templates_pkey; Type: CONSTRAINT; Schema: docprod; Owner: -
--

ALTER TABLE ONLY docprod.document_templates
    ADD CONSTRAINT document_templates_pkey PRIMARY KEY (id);


--
-- Name: documents documents_name_key; Type: CONSTRAINT; Schema: docprod; Owner: -
--

ALTER TABLE ONLY docprod.documents
    ADD CONSTRAINT documents_name_key UNIQUE (name);


--
-- Name: documents documents_pkey; Type: CONSTRAINT; Schema: docprod; Owner: -
--

ALTER TABLE ONLY docprod.documents
    ADD CONSTRAINT documents_pkey PRIMARY KEY (id);


--
-- Name: variable_image_values variable_image_values_pkey; Type: CONSTRAINT; Schema: docprod; Owner: -
--

ALTER TABLE ONLY docprod.variable_image_values
    ADD CONSTRAINT variable_image_values_pkey PRIMARY KEY (variable_value_id);


--
-- Name: variable_injection_display_styles variable_injection_display_styles_name_key; Type: CONSTRAINT; Schema: docprod; Owner: -
--

ALTER TABLE ONLY docprod.variable_injection_display_styles
    ADD CONSTRAINT variable_injection_display_styles_name_key UNIQUE (name);


--
-- Name: variable_injection_display_styles variable_injection_display_styles_pkey; Type: CONSTRAINT; Schema: docprod; Owner: -
--

ALTER TABLE ONLY docprod.variable_injection_display_styles
    ADD CONSTRAINT variable_injection_display_styles_pkey PRIMARY KEY (id);


--
-- Name: variable_link_values variable_link_values_pkey; Type: CONSTRAINT; Schema: docprod; Owner: -
--

ALTER TABLE ONLY docprod.variable_link_values
    ADD CONSTRAINT variable_link_values_pkey PRIMARY KEY (variable_value_id);


--
-- Name: variable_manifest_entries variable_manifest_entries_pkey; Type: CONSTRAINT; Schema: docprod; Owner: -
--

ALTER TABLE ONLY docprod.variable_manifest_entries
    ADD CONSTRAINT variable_manifest_entries_pkey PRIMARY KEY (variable_manifest_id, variable_id);


--
-- Name: variable_manifest_entries variable_manifest_entries_variable_manifest_id_position_key; Type: CONSTRAINT; Schema: docprod; Owner: -
--

ALTER TABLE ONLY docprod.variable_manifest_entries
    ADD CONSTRAINT variable_manifest_entries_variable_manifest_id_position_key UNIQUE (variable_manifest_id, "position");


--
-- Name: variable_manifests variable_manifests_pkey; Type: CONSTRAINT; Schema: docprod; Owner: -
--

ALTER TABLE ONLY docprod.variable_manifests
    ADD CONSTRAINT variable_manifests_pkey PRIMARY KEY (id);


--
-- Name: variable_numbers variable_numbers_pkey; Type: CONSTRAINT; Schema: docprod; Owner: -
--

ALTER TABLE ONLY docprod.variable_numbers
    ADD CONSTRAINT variable_numbers_pkey PRIMARY KEY (variable_id);


--
-- Name: variable_owners variable_owners_pkey; Type: CONSTRAINT; Schema: docprod; Owner: -
--

ALTER TABLE ONLY docprod.variable_owners
    ADD CONSTRAINT variable_owners_pkey PRIMARY KEY (project_id, variable_id);


--
-- Name: variable_section_default_values variable_section_default_valu_variable_manifest_id_variable_key; Type: CONSTRAINT; Schema: docprod; Owner: -
--

ALTER TABLE ONLY docprod.variable_section_default_values
    ADD CONSTRAINT variable_section_default_valu_variable_manifest_id_variable_key UNIQUE (variable_manifest_id, variable_id, list_position);


--
-- Name: variable_section_default_values variable_section_default_values_pkey; Type: CONSTRAINT; Schema: docprod; Owner: -
--

ALTER TABLE ONLY docprod.variable_section_default_values
    ADD CONSTRAINT variable_section_default_values_pkey PRIMARY KEY (id);


--
-- Name: variable_section_recommendations variable_section_recommendati_recommended_variable_id_varia_key; Type: CONSTRAINT; Schema: docprod; Owner: -
--

ALTER TABLE ONLY docprod.variable_section_recommendations
    ADD CONSTRAINT variable_section_recommendati_recommended_variable_id_varia_key UNIQUE (recommended_variable_id, variable_manifest_id, section_variable_id);


--
-- Name: variable_section_recommendations variable_section_recommendations_pkey; Type: CONSTRAINT; Schema: docprod; Owner: -
--

ALTER TABLE ONLY docprod.variable_section_recommendations
    ADD CONSTRAINT variable_section_recommendations_pkey PRIMARY KEY (section_variable_id, variable_manifest_id, recommended_variable_id);


--
-- Name: variable_section_values variable_section_values_pkey; Type: CONSTRAINT; Schema: docprod; Owner: -
--

ALTER TABLE ONLY docprod.variable_section_values
    ADD CONSTRAINT variable_section_values_pkey PRIMARY KEY (variable_value_id);


--
-- Name: variable_sections variable_sections_pkey; Type: CONSTRAINT; Schema: docprod; Owner: -
--

ALTER TABLE ONLY docprod.variable_sections
    ADD CONSTRAINT variable_sections_pkey PRIMARY KEY (variable_id);


--
-- Name: variable_select_option_values variable_select_option_values_pkey; Type: CONSTRAINT; Schema: docprod; Owner: -
--

ALTER TABLE ONLY docprod.variable_select_option_values
    ADD CONSTRAINT variable_select_option_values_pkey PRIMARY KEY (variable_value_id, option_id);


--
-- Name: variable_select_options variable_select_options_id_variable_id_key; Type: CONSTRAINT; Schema: docprod; Owner: -
--

ALTER TABLE ONLY docprod.variable_select_options
    ADD CONSTRAINT variable_select_options_id_variable_id_key UNIQUE (id, variable_id);


--
-- Name: variable_select_options variable_select_options_pkey; Type: CONSTRAINT; Schema: docprod; Owner: -
--

ALTER TABLE ONLY docprod.variable_select_options
    ADD CONSTRAINT variable_select_options_pkey PRIMARY KEY (id);


--
-- Name: variable_selects variable_selects_pkey; Type: CONSTRAINT; Schema: docprod; Owner: -
--

ALTER TABLE ONLY docprod.variable_selects
    ADD CONSTRAINT variable_selects_pkey PRIMARY KEY (variable_id);


--
-- Name: variable_selects variable_selects_variable_id_variable_type_id_key; Type: CONSTRAINT; Schema: docprod; Owner: -
--

ALTER TABLE ONLY docprod.variable_selects
    ADD CONSTRAINT variable_selects_variable_id_variable_type_id_key UNIQUE (variable_id, variable_type_id);


--
-- Name: variable_table_columns variable_table_columns_pkey; Type: CONSTRAINT; Schema: docprod; Owner: -
--

ALTER TABLE ONLY docprod.variable_table_columns
    ADD CONSTRAINT variable_table_columns_pkey PRIMARY KEY (variable_id);


--
-- Name: variable_table_columns variable_table_columns_table_variable_id_position_key; Type: CONSTRAINT; Schema: docprod; Owner: -
--

ALTER TABLE ONLY docprod.variable_table_columns
    ADD CONSTRAINT variable_table_columns_table_variable_id_position_key UNIQUE (table_variable_id, "position");


--
-- Name: variable_table_styles variable_table_styles_name_key; Type: CONSTRAINT; Schema: docprod; Owner: -
--

ALTER TABLE ONLY docprod.variable_table_styles
    ADD CONSTRAINT variable_table_styles_name_key UNIQUE (name);


--
-- Name: variable_table_styles variable_table_styles_pkey; Type: CONSTRAINT; Schema: docprod; Owner: -
--

ALTER TABLE ONLY docprod.variable_table_styles
    ADD CONSTRAINT variable_table_styles_pkey PRIMARY KEY (id);


--
-- Name: variable_tables variable_tables_pkey; Type: CONSTRAINT; Schema: docprod; Owner: -
--

ALTER TABLE ONLY docprod.variable_tables
    ADD CONSTRAINT variable_tables_pkey PRIMARY KEY (variable_id);


--
-- Name: variable_tables variable_tables_variable_id_variable_type_id_key; Type: CONSTRAINT; Schema: docprod; Owner: -
--

ALTER TABLE ONLY docprod.variable_tables
    ADD CONSTRAINT variable_tables_variable_id_variable_type_id_key UNIQUE (variable_id, variable_type_id);


--
-- Name: variable_text_types variable_text_types_name_key; Type: CONSTRAINT; Schema: docprod; Owner: -
--

ALTER TABLE ONLY docprod.variable_text_types
    ADD CONSTRAINT variable_text_types_name_key UNIQUE (name);


--
-- Name: variable_text_types variable_text_types_pkey; Type: CONSTRAINT; Schema: docprod; Owner: -
--

ALTER TABLE ONLY docprod.variable_text_types
    ADD CONSTRAINT variable_text_types_pkey PRIMARY KEY (id);


--
-- Name: variable_texts variable_texts_pkey; Type: CONSTRAINT; Schema: docprod; Owner: -
--

ALTER TABLE ONLY docprod.variable_texts
    ADD CONSTRAINT variable_texts_pkey PRIMARY KEY (variable_id);


--
-- Name: variable_types variable_types_name_key; Type: CONSTRAINT; Schema: docprod; Owner: -
--

ALTER TABLE ONLY docprod.variable_types
    ADD CONSTRAINT variable_types_name_key UNIQUE (name);


--
-- Name: variable_types variable_types_pkey; Type: CONSTRAINT; Schema: docprod; Owner: -
--

ALTER TABLE ONLY docprod.variable_types
    ADD CONSTRAINT variable_types_pkey PRIMARY KEY (id);


--
-- Name: variable_usage_types variable_usage_types_name_key; Type: CONSTRAINT; Schema: docprod; Owner: -
--

ALTER TABLE ONLY docprod.variable_usage_types
    ADD CONSTRAINT variable_usage_types_name_key UNIQUE (name);


--
-- Name: variable_usage_types variable_usage_types_pkey; Type: CONSTRAINT; Schema: docprod; Owner: -
--

ALTER TABLE ONLY docprod.variable_usage_types
    ADD CONSTRAINT variable_usage_types_pkey PRIMARY KEY (id);


--
-- Name: variable_value_table_rows variable_value_table_rows_pkey; Type: CONSTRAINT; Schema: docprod; Owner: -
--

ALTER TABLE ONLY docprod.variable_value_table_rows
    ADD CONSTRAINT variable_value_table_rows_pkey PRIMARY KEY (id);


--
-- Name: variable_value_table_rows variable_value_table_rows_variable_value_id_table_row_value_key; Type: CONSTRAINT; Schema: docprod; Owner: -
--

ALTER TABLE ONLY docprod.variable_value_table_rows
    ADD CONSTRAINT variable_value_table_rows_variable_value_id_table_row_value_key UNIQUE (variable_value_id, table_row_value_id);


--
-- Name: variable_values variable_values_pkey; Type: CONSTRAINT; Schema: docprod; Owner: -
--

ALTER TABLE ONLY docprod.variable_values
    ADD CONSTRAINT variable_values_pkey PRIMARY KEY (id);


--
-- Name: variable_values variable_values_variable_id_id_key; Type: CONSTRAINT; Schema: docprod; Owner: -
--

ALTER TABLE ONLY docprod.variable_values
    ADD CONSTRAINT variable_values_variable_id_id_key UNIQUE (variable_id, id);


--
-- Name: variable_values variable_values_variable_id_variable_type_id_id_key; Type: CONSTRAINT; Schema: docprod; Owner: -
--

ALTER TABLE ONLY docprod.variable_values
    ADD CONSTRAINT variable_values_variable_id_variable_type_id_id_key UNIQUE (variable_id, variable_type_id, id);


--
-- Name: variable_workflow_history variable_workflow_history_pkey; Type: CONSTRAINT; Schema: docprod; Owner: -
--

ALTER TABLE ONLY docprod.variable_workflow_history
    ADD CONSTRAINT variable_workflow_history_pkey PRIMARY KEY (id);


--
-- Name: variable_workflow_statuses variable_workflow_statuses_name_key; Type: CONSTRAINT; Schema: docprod; Owner: -
--

ALTER TABLE ONLY docprod.variable_workflow_statuses
    ADD CONSTRAINT variable_workflow_statuses_name_key UNIQUE (name);


--
-- Name: variable_workflow_statuses variable_workflow_statuses_pkey; Type: CONSTRAINT; Schema: docprod; Owner: -
--

ALTER TABLE ONLY docprod.variable_workflow_statuses
    ADD CONSTRAINT variable_workflow_statuses_pkey PRIMARY KEY (id);


--
-- Name: variables variables_id_variable_type_id_key; Type: CONSTRAINT; Schema: docprod; Owner: -
--

ALTER TABLE ONLY docprod.variables
    ADD CONSTRAINT variables_id_variable_type_id_key UNIQUE (id, variable_type_id);


--
-- Name: variables variables_pkey; Type: CONSTRAINT; Schema: docprod; Owner: -
--

ALTER TABLE ONLY docprod.variables
    ADD CONSTRAINT variables_pkey PRIMARY KEY (id);


--
-- Name: funding_entities funding_entities_name_key; Type: CONSTRAINT; Schema: funder; Owner: -
--

ALTER TABLE ONLY funder.funding_entities
    ADD CONSTRAINT funding_entities_name_key UNIQUE (name);


--
-- Name: funding_entities funding_entities_pkey; Type: CONSTRAINT; Schema: funder; Owner: -
--

ALTER TABLE ONLY funder.funding_entities
    ADD CONSTRAINT funding_entities_pkey PRIMARY KEY (id);


--
-- Name: funding_entity_projects funding_entity_projects_pkey; Type: CONSTRAINT; Schema: funder; Owner: -
--

ALTER TABLE ONLY funder.funding_entity_projects
    ADD CONSTRAINT funding_entity_projects_pkey PRIMARY KEY (funding_entity_id, project_id);


--
-- Name: funding_entity_users funding_entity_users_pkey; Type: CONSTRAINT; Schema: funder; Owner: -
--

ALTER TABLE ONLY funder.funding_entity_users
    ADD CONSTRAINT funding_entity_users_pkey PRIMARY KEY (user_id);


--
-- Name: published_activities published_activities_pkey; Type: CONSTRAINT; Schema: funder; Owner: -
--

ALTER TABLE ONLY funder.published_activities
    ADD CONSTRAINT published_activities_pkey PRIMARY KEY (activity_id);


--
-- Name: published_activity_media_files published_activity_media_files_activity_id_list_position_key; Type: CONSTRAINT; Schema: funder; Owner: -
--

ALTER TABLE ONLY funder.published_activity_media_files
    ADD CONSTRAINT published_activity_media_files_activity_id_list_position_key UNIQUE (activity_id, list_position) DEFERRABLE INITIALLY DEFERRED;


--
-- Name: published_activity_media_files published_activity_media_files_pkey; Type: CONSTRAINT; Schema: funder; Owner: -
--

ALTER TABLE ONLY funder.published_activity_media_files
    ADD CONSTRAINT published_activity_media_files_pkey PRIMARY KEY (file_id);


--
-- Name: published_project_carbon_certs published_project_carbon_certs_pkey; Type: CONSTRAINT; Schema: funder; Owner: -
--

ALTER TABLE ONLY funder.published_project_carbon_certs
    ADD CONSTRAINT published_project_carbon_certs_pkey PRIMARY KEY (project_id, carbon_certification);


--
-- Name: published_project_details published_project_details_pkey; Type: CONSTRAINT; Schema: funder; Owner: -
--

ALTER TABLE ONLY funder.published_project_details
    ADD CONSTRAINT published_project_details_pkey PRIMARY KEY (project_id);


--
-- Name: published_project_land_use published_project_land_use_pkey; Type: CONSTRAINT; Schema: funder; Owner: -
--

ALTER TABLE ONLY funder.published_project_land_use
    ADD CONSTRAINT published_project_land_use_pkey PRIMARY KEY (project_id, land_use_model_type_id);


--
-- Name: published_project_sdg published_project_sdg_pkey; Type: CONSTRAINT; Schema: funder; Owner: -
--

ALTER TABLE ONLY funder.published_project_sdg
    ADD CONSTRAINT published_project_sdg_pkey PRIMARY KEY (project_id, sdg_number);


--
-- Name: published_report_achievements published_report_achievements_pkey; Type: CONSTRAINT; Schema: funder; Owner: -
--

ALTER TABLE ONLY funder.published_report_achievements
    ADD CONSTRAINT published_report_achievements_pkey PRIMARY KEY (report_id, "position");


--
-- Name: published_report_challenges published_report_challenges_pkey; Type: CONSTRAINT; Schema: funder; Owner: -
--

ALTER TABLE ONLY funder.published_report_challenges
    ADD CONSTRAINT published_report_challenges_pkey PRIMARY KEY (report_id, "position");


--
-- Name: published_report_photos published_report_photos_pkey; Type: CONSTRAINT; Schema: funder; Owner: -
--

ALTER TABLE ONLY funder.published_report_photos
    ADD CONSTRAINT published_report_photos_pkey PRIMARY KEY (file_id);


--
-- Name: published_report_project_metrics published_report_project_metrics_pkey; Type: CONSTRAINT; Schema: funder; Owner: -
--

ALTER TABLE ONLY funder.published_report_project_metrics
    ADD CONSTRAINT published_report_project_metrics_pkey PRIMARY KEY (report_id, project_metric_id);


--
-- Name: published_report_standard_metrics published_report_standard_metrics_pkey; Type: CONSTRAINT; Schema: funder; Owner: -
--

ALTER TABLE ONLY funder.published_report_standard_metrics
    ADD CONSTRAINT published_report_standard_metrics_pkey PRIMARY KEY (report_id, standard_metric_id);


--
-- Name: published_report_system_metrics published_report_system_metrics_pkey; Type: CONSTRAINT; Schema: funder; Owner: -
--

ALTER TABLE ONLY funder.published_report_system_metrics
    ADD CONSTRAINT published_report_system_metrics_pkey PRIMARY KEY (report_id, system_metric_id);


--
-- Name: published_reports published_reports_pkey; Type: CONSTRAINT; Schema: funder; Owner: -
--

ALTER TABLE ONLY funder.published_reports
    ADD CONSTRAINT published_reports_pkey PRIMARY KEY (report_id);


--
-- Name: batch_details_history batch_details_history_batch_id_version_key; Type: CONSTRAINT; Schema: nursery; Owner: -
--

ALTER TABLE ONLY nursery.batch_details_history
    ADD CONSTRAINT batch_details_history_batch_id_version_key UNIQUE (batch_id, version);


--
-- Name: batch_details_history batch_details_history_pkey; Type: CONSTRAINT; Schema: nursery; Owner: -
--

ALTER TABLE ONLY nursery.batch_details_history
    ADD CONSTRAINT batch_details_history_pkey PRIMARY KEY (id);


--
-- Name: batch_details_history_sub_locations batch_details_history_sub_locations_pkey; Type: CONSTRAINT; Schema: nursery; Owner: -
--

ALTER TABLE ONLY nursery.batch_details_history_sub_locations
    ADD CONSTRAINT batch_details_history_sub_locations_pkey PRIMARY KEY (batch_details_history_id, sub_location_id);


--
-- Name: batch_photos batch_photos_file_id_key; Type: CONSTRAINT; Schema: nursery; Owner: -
--

ALTER TABLE ONLY nursery.batch_photos
    ADD CONSTRAINT batch_photos_file_id_key UNIQUE (file_id);


--
-- Name: batch_photos batch_photos_pkey; Type: CONSTRAINT; Schema: nursery; Owner: -
--

ALTER TABLE ONLY nursery.batch_photos
    ADD CONSTRAINT batch_photos_pkey PRIMARY KEY (id);


--
-- Name: batch_quantity_history batch_quantity_history_batch_id_version_key; Type: CONSTRAINT; Schema: nursery; Owner: -
--

ALTER TABLE ONLY nursery.batch_quantity_history
    ADD CONSTRAINT batch_quantity_history_batch_id_version_key UNIQUE (batch_id, version);


--
-- Name: batch_quantity_history batch_quantity_history_pkey; Type: CONSTRAINT; Schema: nursery; Owner: -
--

ALTER TABLE ONLY nursery.batch_quantity_history
    ADD CONSTRAINT batch_quantity_history_pkey PRIMARY KEY (id);


--
-- Name: batch_quantity_history_types batch_quantity_history_types_pkey; Type: CONSTRAINT; Schema: nursery; Owner: -
--

ALTER TABLE ONLY nursery.batch_quantity_history_types
    ADD CONSTRAINT batch_quantity_history_types_pkey PRIMARY KEY (id);


--
-- Name: batch_sub_locations batch_sub_locations_pkey; Type: CONSTRAINT; Schema: nursery; Owner: -
--

ALTER TABLE ONLY nursery.batch_sub_locations
    ADD CONSTRAINT batch_sub_locations_pkey PRIMARY KEY (batch_id, sub_location_id);


--
-- Name: batch_substrates batch_substrates_name_key; Type: CONSTRAINT; Schema: nursery; Owner: -
--

ALTER TABLE ONLY nursery.batch_substrates
    ADD CONSTRAINT batch_substrates_name_key UNIQUE (name);


--
-- Name: batch_substrates batch_substrates_pkey; Type: CONSTRAINT; Schema: nursery; Owner: -
--

ALTER TABLE ONLY nursery.batch_substrates
    ADD CONSTRAINT batch_substrates_pkey PRIMARY KEY (id);


--
-- Name: batch_withdrawals batch_withdrawals_pkey; Type: CONSTRAINT; Schema: nursery; Owner: -
--

ALTER TABLE ONLY nursery.batch_withdrawals
    ADD CONSTRAINT batch_withdrawals_pkey PRIMARY KEY (batch_id, withdrawal_id);


--
-- Name: batches batches_facility_id_id_key; Type: CONSTRAINT; Schema: nursery; Owner: -
--

ALTER TABLE ONLY nursery.batches
    ADD CONSTRAINT batches_facility_id_id_key UNIQUE (facility_id, id);


--
-- Name: batches batches_organization_id_batch_number_key; Type: CONSTRAINT; Schema: nursery; Owner: -
--

ALTER TABLE ONLY nursery.batches
    ADD CONSTRAINT batches_organization_id_batch_number_key UNIQUE (organization_id, batch_number);


--
-- Name: batches batches_pkey; Type: CONSTRAINT; Schema: nursery; Owner: -
--

ALTER TABLE ONLY nursery.batches
    ADD CONSTRAINT batches_pkey PRIMARY KEY (id);


--
-- Name: withdrawal_photos withdrawal_photos_pkey; Type: CONSTRAINT; Schema: nursery; Owner: -
--

ALTER TABLE ONLY nursery.withdrawal_photos
    ADD CONSTRAINT withdrawal_photos_pkey PRIMARY KEY (file_id);


--
-- Name: withdrawal_purposes withdrawal_purposes_pkey; Type: CONSTRAINT; Schema: nursery; Owner: -
--

ALTER TABLE ONLY nursery.withdrawal_purposes
    ADD CONSTRAINT withdrawal_purposes_pkey PRIMARY KEY (id);


--
-- Name: withdrawals withdrawals_pkey; Type: CONSTRAINT; Schema: nursery; Owner: -
--

ALTER TABLE ONLY nursery.withdrawals
    ADD CONSTRAINT withdrawals_pkey PRIMARY KEY (id);


--
-- Name: withdrawals withdrawals_undoes_withdrawal_id_key; Type: CONSTRAINT; Schema: nursery; Owner: -
--

ALTER TABLE ONLY nursery.withdrawals
    ADD CONSTRAINT withdrawals_undoes_withdrawal_id_key UNIQUE (undoes_withdrawal_id);


--
-- Name: app_versions app_versions_pkey; Type: CONSTRAINT; Schema: public; Owner: -
--

ALTER TABLE ONLY public.app_versions
    ADD CONSTRAINT app_versions_pkey PRIMARY KEY (app_name, platform);


--
-- Name: asset_statuses asset_statuses_name_key; Type: CONSTRAINT; Schema: public; Owner: -
--

ALTER TABLE ONLY public.asset_statuses
    ADD CONSTRAINT asset_statuses_name_key UNIQUE (name);


--
-- Name: asset_statuses asset_statuses_pkey; Type: CONSTRAINT; Schema: public; Owner: -
--

ALTER TABLE ONLY public.asset_statuses
    ADD CONSTRAINT asset_statuses_pkey PRIMARY KEY (id);


--
-- Name: automations automations_pkey; Type: CONSTRAINT; Schema: public; Owner: -
--

ALTER TABLE ONLY public.automations
    ADD CONSTRAINT automations_pkey PRIMARY KEY (id);


--
-- Name: chat_memory_conversations chat_memory_conversations_pkey; Type: CONSTRAINT; Schema: public; Owner: -
--

ALTER TABLE ONLY public.chat_memory_conversations
    ADD CONSTRAINT chat_memory_conversations_pkey PRIMARY KEY (id);


--
-- Name: chat_memory_message_types chat_memory_message_types_name_key; Type: CONSTRAINT; Schema: public; Owner: -
--

ALTER TABLE ONLY public.chat_memory_message_types
    ADD CONSTRAINT chat_memory_message_types_name_key UNIQUE (name);


--
-- Name: chat_memory_message_types chat_memory_message_types_pkey; Type: CONSTRAINT; Schema: public; Owner: -
--

ALTER TABLE ONLY public.chat_memory_message_types
    ADD CONSTRAINT chat_memory_message_types_pkey PRIMARY KEY (id);


--
-- Name: chat_memory_messages chat_memory_messages_pkey; Type: CONSTRAINT; Schema: public; Owner: -
--

ALTER TABLE ONLY public.chat_memory_messages
    ADD CONSTRAINT chat_memory_messages_pkey PRIMARY KEY (id);


--
-- Name: conservation_categories conservation_categories_name_key; Type: CONSTRAINT; Schema: public; Owner: -
--

ALTER TABLE ONLY public.conservation_categories
    ADD CONSTRAINT conservation_categories_name_key UNIQUE (name);


--
-- Name: conservation_categories conservation_categories_pkey; Type: CONSTRAINT; Schema: public; Owner: -
--

ALTER TABLE ONLY public.conservation_categories
    ADD CONSTRAINT conservation_categories_pkey PRIMARY KEY (id);


--
-- Name: countries countries_code_alpha3_key; Type: CONSTRAINT; Schema: public; Owner: -
--

ALTER TABLE ONLY public.countries
    ADD CONSTRAINT countries_code_alpha3_key UNIQUE (code_alpha3);


--
-- Name: countries countries_name_key; Type: CONSTRAINT; Schema: public; Owner: -
--

ALTER TABLE ONLY public.countries
    ADD CONSTRAINT countries_name_key UNIQUE (name);


--
-- Name: countries countries_pkey; Type: CONSTRAINT; Schema: public; Owner: -
--

ALTER TABLE ONLY public.countries
    ADD CONSTRAINT countries_pkey PRIMARY KEY (code);


--
-- Name: country_subdivisions country_subdivisions_pkey; Type: CONSTRAINT; Schema: public; Owner: -
--

ALTER TABLE ONLY public.country_subdivisions
    ADD CONSTRAINT country_subdivisions_pkey PRIMARY KEY (code);


--
-- Name: device_managers device_managers_balena_id_unique; Type: CONSTRAINT; Schema: public; Owner: -
--

ALTER TABLE ONLY public.device_managers
    ADD CONSTRAINT device_managers_balena_id_unique UNIQUE (balena_id);


--
-- Name: device_managers device_managers_balena_uuid_unique; Type: CONSTRAINT; Schema: public; Owner: -
--

ALTER TABLE ONLY public.device_managers
    ADD CONSTRAINT device_managers_balena_uuid_unique UNIQUE (balena_uuid);


--
-- Name: device_managers device_managers_facility_id_key; Type: CONSTRAINT; Schema: public; Owner: -
--

ALTER TABLE ONLY public.device_managers
    ADD CONSTRAINT device_managers_facility_id_key UNIQUE (facility_id);


--
-- Name: device_managers device_managers_pkey; Type: CONSTRAINT; Schema: public; Owner: -
--

ALTER TABLE ONLY public.device_managers
    ADD CONSTRAINT device_managers_pkey PRIMARY KEY (id);


--
-- Name: device_managers device_managers_short_code_key; Type: CONSTRAINT; Schema: public; Owner: -
--

ALTER TABLE ONLY public.device_managers
    ADD CONSTRAINT device_managers_short_code_key UNIQUE (sensor_kit_id);


--
-- Name: devices device_pkey; Type: CONSTRAINT; Schema: public; Owner: -
--

ALTER TABLE ONLY public.devices
    ADD CONSTRAINT device_pkey PRIMARY KEY (id);


--
-- Name: device_template_categories device_template_categories_pkey; Type: CONSTRAINT; Schema: public; Owner: -
--

ALTER TABLE ONLY public.device_template_categories
    ADD CONSTRAINT device_template_categories_pkey PRIMARY KEY (id);


--
-- Name: device_templates device_templates_category_id_name_key; Type: CONSTRAINT; Schema: public; Owner: -
--

ALTER TABLE ONLY public.device_templates
    ADD CONSTRAINT device_templates_category_id_name_key UNIQUE (category_id, name);


--
-- Name: device_templates device_templates_pkey; Type: CONSTRAINT; Schema: public; Owner: -
--

ALTER TABLE ONLY public.device_templates
    ADD CONSTRAINT device_templates_pkey PRIMARY KEY (id);


--
-- Name: disclaimers disclaimers_pkey; Type: CONSTRAINT; Schema: public; Owner: -
--

ALTER TABLE ONLY public.disclaimers
    ADD CONSTRAINT disclaimers_pkey PRIMARY KEY (id);


--
-- Name: ecosystem_types ecosystem_types_name_key; Type: CONSTRAINT; Schema: public; Owner: -
--

ALTER TABLE ONLY public.ecosystem_types
    ADD CONSTRAINT ecosystem_types_name_key UNIQUE (name);


--
-- Name: ecosystem_types ecosystem_types_pkey; Type: CONSTRAINT; Schema: public; Owner: -
--

ALTER TABLE ONLY public.ecosystem_types
    ADD CONSTRAINT ecosystem_types_pkey PRIMARY KEY (id);


--
-- Name: event_log event_log_pkey; Type: CONSTRAINT; Schema: public; Owner: -
--

ALTER TABLE ONLY public.event_log
    ADD CONSTRAINT event_log_pkey PRIMARY KEY (id);


--
-- Name: facilities facilities_organization_id_type_id_facility_number_key; Type: CONSTRAINT; Schema: public; Owner: -
--

ALTER TABLE ONLY public.facilities
    ADD CONSTRAINT facilities_organization_id_type_id_facility_number_key UNIQUE (organization_id, type_id, facility_number);


--
-- Name: facility_connection_states facility_connection_states_pkey; Type: CONSTRAINT; Schema: public; Owner: -
--

ALTER TABLE ONLY public.facility_connection_states
    ADD CONSTRAINT facility_connection_states_pkey PRIMARY KEY (id);


--
-- Name: file_access_tokens file_access_tokens_pkey; Type: CONSTRAINT; Schema: public; Owner: -
--

ALTER TABLE ONLY public.file_access_tokens
    ADD CONSTRAINT file_access_tokens_pkey PRIMARY KEY (token);


--
-- Name: flyway_schema_history flyway_schema_history_pk; Type: CONSTRAINT; Schema: public; Owner: -
--

ALTER TABLE ONLY public.flyway_schema_history
    ADD CONSTRAINT flyway_schema_history_pk PRIMARY KEY (installed_rank);


--
-- Name: gbif_names gbif_names_pkey; Type: CONSTRAINT; Schema: public; Owner: -
--

ALTER TABLE ONLY public.gbif_names
    ADD CONSTRAINT gbif_names_pkey PRIMARY KEY (id);


--
-- Name: gbif_taxa gbif_taxa_pkey; Type: CONSTRAINT; Schema: public; Owner: -
--

ALTER TABLE ONLY public.gbif_taxa
    ADD CONSTRAINT gbif_taxa_pkey PRIMARY KEY (taxon_id);


--
-- Name: seed_treatments germination_treatment_pkey; Type: CONSTRAINT; Schema: public; Owner: -
--

ALTER TABLE ONLY public.seed_treatments
    ADD CONSTRAINT germination_treatment_pkey PRIMARY KEY (id);


--
-- Name: global_roles global_roles_name_key; Type: CONSTRAINT; Schema: public; Owner: -
--

ALTER TABLE ONLY public.global_roles
    ADD CONSTRAINT global_roles_name_key UNIQUE (name);


--
-- Name: global_roles global_roles_pkey; Type: CONSTRAINT; Schema: public; Owner: -
--

ALTER TABLE ONLY public.global_roles
    ADD CONSTRAINT global_roles_pkey PRIMARY KEY (id);


--
-- Name: growth_forms growth_forms_pkey; Type: CONSTRAINT; Schema: public; Owner: -
--

ALTER TABLE ONLY public.growth_forms
    ADD CONSTRAINT growth_forms_pkey PRIMARY KEY (id);


--
-- Name: identifier_sequences identifier_sequences_pkey; Type: CONSTRAINT; Schema: public; Owner: -
--

ALTER TABLE ONLY public.identifier_sequences
    ADD CONSTRAINT identifier_sequences_pkey PRIMARY KEY (organization_id, prefix);


--
-- Name: internal_tags internal_tags_name_key; Type: CONSTRAINT; Schema: public; Owner: -
--

ALTER TABLE ONLY public.internal_tags
    ADD CONSTRAINT internal_tags_name_key UNIQUE (name);


--
-- Name: internal_tags internal_tags_pkey; Type: CONSTRAINT; Schema: public; Owner: -
--

ALTER TABLE ONLY public.internal_tags
    ADD CONSTRAINT internal_tags_pkey PRIMARY KEY (id);


--
-- Name: jobrunr_backgroundjobservers jobrunr_backgroundjobservers_pkey; Type: CONSTRAINT; Schema: public; Owner: -
--

ALTER TABLE ONLY public.jobrunr_backgroundjobservers
    ADD CONSTRAINT jobrunr_backgroundjobservers_pkey PRIMARY KEY (id);


--
-- Name: jobrunr_jobs jobrunr_jobs_pkey; Type: CONSTRAINT; Schema: public; Owner: -
--

ALTER TABLE ONLY public.jobrunr_jobs
    ADD CONSTRAINT jobrunr_jobs_pkey PRIMARY KEY (id);


--
-- Name: jobrunr_metadata jobrunr_metadata_pkey; Type: CONSTRAINT; Schema: public; Owner: -
--

ALTER TABLE ONLY public.jobrunr_metadata
    ADD CONSTRAINT jobrunr_metadata_pkey PRIMARY KEY (id);


--
-- Name: jobrunr_migrations jobrunr_migrations_pkey; Type: CONSTRAINT; Schema: public; Owner: -
--

ALTER TABLE ONLY public.jobrunr_migrations
    ADD CONSTRAINT jobrunr_migrations_pkey PRIMARY KEY (id);


--
-- Name: jobrunr_recurring_jobs jobrunr_recurring_jobs_pkey; Type: CONSTRAINT; Schema: public; Owner: -
--

ALTER TABLE ONLY public.jobrunr_recurring_jobs
    ADD CONSTRAINT jobrunr_recurring_jobs_pkey PRIMARY KEY (id);


--
-- Name: land_use_model_types land_use_model_types_name_key; Type: CONSTRAINT; Schema: public; Owner: -
--

ALTER TABLE ONLY public.land_use_model_types
    ADD CONSTRAINT land_use_model_types_name_key UNIQUE (name);


--
-- Name: land_use_model_types land_use_model_types_pkey; Type: CONSTRAINT; Schema: public; Owner: -
--

ALTER TABLE ONLY public.land_use_model_types
    ADD CONSTRAINT land_use_model_types_pkey PRIMARY KEY (id);


--
-- Name: managed_location_types managed_location_types_pkey; Type: CONSTRAINT; Schema: public; Owner: -
--

ALTER TABLE ONLY public.managed_location_types
    ADD CONSTRAINT managed_location_types_pkey PRIMARY KEY (id);


--
-- Name: mux_assets mux_assets_asset_id_key; Type: CONSTRAINT; Schema: public; Owner: -
--

ALTER TABLE ONLY public.mux_assets
    ADD CONSTRAINT mux_assets_asset_id_key UNIQUE (asset_id);


--
-- Name: mux_assets mux_assets_pkey; Type: CONSTRAINT; Schema: public; Owner: -
--

ALTER TABLE ONLY public.mux_assets
    ADD CONSTRAINT mux_assets_pkey PRIMARY KEY (file_id);


--
-- Name: mux_assets mux_assets_playback_id_key; Type: CONSTRAINT; Schema: public; Owner: -
--

ALTER TABLE ONLY public.mux_assets
    ADD CONSTRAINT mux_assets_playback_id_key UNIQUE (playback_id);


--
-- Name: notification_criticalities notification_criticalities_pkey; Type: CONSTRAINT; Schema: public; Owner: -
--

ALTER TABLE ONLY public.notification_criticalities
    ADD CONSTRAINT notification_criticalities_pkey PRIMARY KEY (id);


--
-- Name: notification_types notification_types_pkey; Type: CONSTRAINT; Schema: public; Owner: -
--

ALTER TABLE ONLY public.notification_types
    ADD CONSTRAINT notification_types_pkey PRIMARY KEY (id);


--
-- Name: notifications notifications_pkey; Type: CONSTRAINT; Schema: public; Owner: -
--

ALTER TABLE ONLY public.notifications
    ADD CONSTRAINT notifications_pkey PRIMARY KEY (id);


--
-- Name: seed_fund_reports one_org_report_per_quarter; Type: CONSTRAINT; Schema: public; Owner: -
--

ALTER TABLE ONLY public.seed_fund_reports
    ADD CONSTRAINT one_org_report_per_quarter EXCLUDE USING btree (organization_id WITH =, year WITH =, quarter WITH =) WHERE (((project_id IS NULL) AND (project_name IS NULL)));


--
-- Name: seed_fund_reports one_project_report_per_quarter; Type: CONSTRAINT; Schema: public; Owner: -
--

ALTER TABLE ONLY public.seed_fund_reports
    ADD CONSTRAINT one_project_report_per_quarter UNIQUE (organization_id, project_id, year, quarter);


--
-- Name: organization_internal_tags organization_internal_tags_pkey; Type: CONSTRAINT; Schema: public; Owner: -
--

ALTER TABLE ONLY public.organization_internal_tags
    ADD CONSTRAINT organization_internal_tags_pkey PRIMARY KEY (organization_id, internal_tag_id);


--
-- Name: organization_managed_location_types organization_managed_location_types_pkey; Type: CONSTRAINT; Schema: public; Owner: -
--

ALTER TABLE ONLY public.organization_managed_location_types
    ADD CONSTRAINT organization_managed_location_types_pkey PRIMARY KEY (organization_id, managed_location_type_id);


--
-- Name: organizations organization_pkey; Type: CONSTRAINT; Schema: public; Owner: -
--

ALTER TABLE ONLY public.organizations
    ADD CONSTRAINT organization_pkey PRIMARY KEY (id);


--
-- Name: organization_report_settings organization_report_settings_pkey; Type: CONSTRAINT; Schema: public; Owner: -
--

ALTER TABLE ONLY public.organization_report_settings
    ADD CONSTRAINT organization_report_settings_pkey PRIMARY KEY (organization_id);


--
-- Name: organization_types organization_types_pkey; Type: CONSTRAINT; Schema: public; Owner: -
--

ALTER TABLE ONLY public.organization_types
    ADD CONSTRAINT organization_types_pkey PRIMARY KEY (id);


--
-- Name: organization_users organization_users_pkey; Type: CONSTRAINT; Schema: public; Owner: -
--

ALTER TABLE ONLY public.organization_users
    ADD CONSTRAINT organization_users_pkey PRIMARY KEY (user_id, organization_id);


--
-- Name: seed_fund_report_photos photo_not_shared_between_reports; Type: CONSTRAINT; Schema: public; Owner: -
--

ALTER TABLE ONLY public.seed_fund_report_photos
    ADD CONSTRAINT photo_not_shared_between_reports UNIQUE (file_id);


--
-- Name: files photos_pkey; Type: CONSTRAINT; Schema: public; Owner: -
--

ALTER TABLE ONLY public.files
    ADD CONSTRAINT photos_pkey PRIMARY KEY (id);


--
-- Name: files photos_storage_url_key; Type: CONSTRAINT; Schema: public; Owner: -
--

ALTER TABLE ONLY public.files
    ADD CONSTRAINT photos_storage_url_key UNIQUE (storage_url);


--
-- Name: plant_material_sourcing_methods plant_material_sourcing_methods_pkey; Type: CONSTRAINT; Schema: public; Owner: -
--

ALTER TABLE ONLY public.plant_material_sourcing_methods
    ADD CONSTRAINT plant_material_sourcing_methods_pkey PRIMARY KEY (id);


--
-- Name: project_internal_roles project_internal_roles_pkey; Type: CONSTRAINT; Schema: public; Owner: -
--

ALTER TABLE ONLY public.project_internal_roles
    ADD CONSTRAINT project_internal_roles_pkey PRIMARY KEY (id);


--
-- Name: project_internal_users project_internal_users_pkey; Type: CONSTRAINT; Schema: public; Owner: -
--

ALTER TABLE ONLY public.project_internal_users
    ADD CONSTRAINT project_internal_users_pkey PRIMARY KEY (project_id, user_id);


--
-- Name: project_land_use_model_types project_land_use_model_types_pkey; Type: CONSTRAINT; Schema: public; Owner: -
--

ALTER TABLE ONLY public.project_land_use_model_types
    ADD CONSTRAINT project_land_use_model_types_pkey PRIMARY KEY (project_id, land_use_model_type_id);


--
-- Name: project_report_settings project_report_settings_pkey; Type: CONSTRAINT; Schema: public; Owner: -
--

ALTER TABLE ONLY public.project_report_settings
    ADD CONSTRAINT project_report_settings_pkey PRIMARY KEY (project_id);


--
-- Name: projects projects_organization_id_id_key; Type: CONSTRAINT; Schema: public; Owner: -
--

ALTER TABLE ONLY public.projects
    ADD CONSTRAINT projects_organization_id_id_key UNIQUE (organization_id, id);


--
-- Name: projects projects_organization_id_name_key; Type: CONSTRAINT; Schema: public; Owner: -
--

ALTER TABLE ONLY public.projects
    ADD CONSTRAINT projects_organization_id_name_key UNIQUE (organization_id, name);


--
-- Name: projects projects_pkey; Type: CONSTRAINT; Schema: public; Owner: -
--

ALTER TABLE ONLY public.projects
    ADD CONSTRAINT projects_pkey PRIMARY KEY (id);


--
-- Name: rate_limited_events rate_limited_events_pkey; Type: CONSTRAINT; Schema: public; Owner: -
--

ALTER TABLE ONLY public.rate_limited_events
    ADD CONSTRAINT rate_limited_events_pkey PRIMARY KEY (event_class, rate_limit_key);


--
-- Name: regions regions_name_key; Type: CONSTRAINT; Schema: public; Owner: -
--

ALTER TABLE ONLY public.regions
    ADD CONSTRAINT regions_name_key UNIQUE (name);


--
-- Name: regions regions_pkey; Type: CONSTRAINT; Schema: public; Owner: -
--

ALTER TABLE ONLY public.regions
    ADD CONSTRAINT regions_pkey PRIMARY KEY (id);


--
-- Name: seed_fund_report_files report_files_pkey; Type: CONSTRAINT; Schema: public; Owner: -
--

ALTER TABLE ONLY public.seed_fund_report_files
    ADD CONSTRAINT report_files_pkey PRIMARY KEY (file_id);


--
-- Name: seed_fund_report_photos report_photos_pkey; Type: CONSTRAINT; Schema: public; Owner: -
--

ALTER TABLE ONLY public.seed_fund_report_photos
    ADD CONSTRAINT report_photos_pkey PRIMARY KEY (report_id, file_id);


--
-- Name: seed_fund_report_statuses report_statuses_name_key; Type: CONSTRAINT; Schema: public; Owner: -
--

ALTER TABLE ONLY public.seed_fund_report_statuses
    ADD CONSTRAINT report_statuses_name_key UNIQUE (name);


--
-- Name: seed_fund_report_statuses report_statuses_pkey; Type: CONSTRAINT; Schema: public; Owner: -
--

ALTER TABLE ONLY public.seed_fund_report_statuses
    ADD CONSTRAINT report_statuses_pkey PRIMARY KEY (id);


--
-- Name: seed_fund_reports reports_pkey; Type: CONSTRAINT; Schema: public; Owner: -
--

ALTER TABLE ONLY public.seed_fund_reports
    ADD CONSTRAINT reports_pkey PRIMARY KEY (id);


--
-- Name: roles roles_name_key; Type: CONSTRAINT; Schema: public; Owner: -
--

ALTER TABLE ONLY public.roles
    ADD CONSTRAINT roles_name_key UNIQUE (name);


--
-- Name: roles roles_pkey; Type: CONSTRAINT; Schema: public; Owner: -
--

ALTER TABLE ONLY public.roles
    ADD CONSTRAINT roles_pkey PRIMARY KEY (id);


--
-- Name: seed_storage_behaviors seed_storage_behaviors_pkey; Type: CONSTRAINT; Schema: public; Owner: -
--

ALTER TABLE ONLY public.seed_storage_behaviors
    ADD CONSTRAINT seed_storage_behaviors_pkey PRIMARY KEY (id);


--
-- Name: facilities site_module_pkey; Type: CONSTRAINT; Schema: public; Owner: -
--

ALTER TABLE ONLY public.facilities
    ADD CONSTRAINT site_module_pkey PRIMARY KEY (id);


--
-- Name: facility_types site_module_type_pkey; Type: CONSTRAINT; Schema: public; Owner: -
--

ALTER TABLE ONLY public.facility_types
    ADD CONSTRAINT site_module_type_pkey PRIMARY KEY (id);


--
-- Name: species_ecosystem_types species_ecosystem_types_pkey; Type: CONSTRAINT; Schema: public; Owner: -
--

ALTER TABLE ONLY public.species_ecosystem_types
    ADD CONSTRAINT species_ecosystem_types_pkey PRIMARY KEY (species_id, ecosystem_type_id);


--
-- Name: species_growth_forms species_growth_forms_pkey; Type: CONSTRAINT; Schema: public; Owner: -
--

ALTER TABLE ONLY public.species_growth_forms
    ADD CONSTRAINT species_growth_forms_pkey PRIMARY KEY (species_id, growth_form_id);


--
-- Name: species_native_categories species_native_categories_pkey; Type: CONSTRAINT; Schema: public; Owner: -
--

ALTER TABLE ONLY public.species_native_categories
    ADD CONSTRAINT species_native_categories_pkey PRIMARY KEY (id);


--
-- Name: species species_organization_id_scientific_name_key; Type: CONSTRAINT; Schema: public; Owner: -
--

ALTER TABLE ONLY public.species
    ADD CONSTRAINT species_organization_id_scientific_name_key UNIQUE (organization_id, scientific_name);


--
-- Name: species species_pkey1; Type: CONSTRAINT; Schema: public; Owner: -
--

ALTER TABLE ONLY public.species
    ADD CONSTRAINT species_pkey1 PRIMARY KEY (id);


--
-- Name: species_plant_material_sourcing_methods species_plant_material_sourcing_methods_pkey; Type: CONSTRAINT; Schema: public; Owner: -
--

ALTER TABLE ONLY public.species_plant_material_sourcing_methods
    ADD CONSTRAINT species_plant_material_sourcing_methods_pkey PRIMARY KEY (species_id, plant_material_sourcing_method_id);


--
-- Name: species_problem_fields species_problem_fields_pkey; Type: CONSTRAINT; Schema: public; Owner: -
--

ALTER TABLE ONLY public.species_problem_fields
    ADD CONSTRAINT species_problem_fields_pkey PRIMARY KEY (id);


--
-- Name: species_problem_types species_problem_types_pkey; Type: CONSTRAINT; Schema: public; Owner: -
--

ALTER TABLE ONLY public.species_problem_types
    ADD CONSTRAINT species_problem_types_pkey PRIMARY KEY (id);


--
-- Name: species_problems species_problems_pkey; Type: CONSTRAINT; Schema: public; Owner: -
--

ALTER TABLE ONLY public.species_problems
    ADD CONSTRAINT species_problems_pkey PRIMARY KEY (id);


--
-- Name: species_successional_groups species_successional_groups_pkey; Type: CONSTRAINT; Schema: public; Owner: -
--

ALTER TABLE ONLY public.species_successional_groups
    ADD CONSTRAINT species_successional_groups_pkey PRIMARY KEY (species_id, successional_group_id);


--
-- Name: splat_annotations splat_annotations_pkey; Type: CONSTRAINT; Schema: public; Owner: -
--

ALTER TABLE ONLY public.splat_annotations
    ADD CONSTRAINT splat_annotations_pkey PRIMARY KEY (id);


--
-- Name: splats splats_pkey; Type: CONSTRAINT; Schema: public; Owner: -
--

ALTER TABLE ONLY public.splats
    ADD CONSTRAINT splats_pkey PRIMARY KEY (file_id);


--
-- Name: spring_session_attributes spring_session_attributes_pk; Type: CONSTRAINT; Schema: public; Owner: -
--

ALTER TABLE ONLY public.spring_session_attributes
    ADD CONSTRAINT spring_session_attributes_pk PRIMARY KEY (session_primary_id, attribute_name);


--
-- Name: spring_session spring_session_pk; Type: CONSTRAINT; Schema: public; Owner: -
--

ALTER TABLE ONLY public.spring_session
    ADD CONSTRAINT spring_session_pk PRIMARY KEY (primary_id);


--
-- Name: sub_locations storage_location_pkey; Type: CONSTRAINT; Schema: public; Owner: -
--

ALTER TABLE ONLY public.sub_locations
    ADD CONSTRAINT storage_location_pkey PRIMARY KEY (id);


--
-- Name: sub_locations storage_locations_facility_id_name_key; Type: CONSTRAINT; Schema: public; Owner: -
--

ALTER TABLE ONLY public.sub_locations
    ADD CONSTRAINT storage_locations_facility_id_name_key UNIQUE (facility_id, name);


--
-- Name: sub_locations sub_locations_facility_id_id_key; Type: CONSTRAINT; Schema: public; Owner: -
--

ALTER TABLE ONLY public.sub_locations
    ADD CONSTRAINT sub_locations_facility_id_id_key UNIQUE (facility_id, id);


--
-- Name: successional_groups successional_groups_pkey; Type: CONSTRAINT; Schema: public; Owner: -
--

ALTER TABLE ONLY public.successional_groups
    ADD CONSTRAINT successional_groups_pkey PRIMARY KEY (id);


--
-- Name: thumbnails thumbnail_pkey; Type: CONSTRAINT; Schema: public; Owner: -
--

ALTER TABLE ONLY public.thumbnails
    ADD CONSTRAINT thumbnail_pkey PRIMARY KEY (id);


--
-- Name: thumbnails thumbnails_unique_height; Type: CONSTRAINT; Schema: public; Owner: -
--

ALTER TABLE ONLY public.thumbnails
    ADD CONSTRAINT thumbnails_unique_height UNIQUE (file_id, height);


--
-- Name: thumbnails thumbnails_unique_storage_url; Type: CONSTRAINT; Schema: public; Owner: -
--

ALTER TABLE ONLY public.thumbnails
    ADD CONSTRAINT thumbnails_unique_storage_url UNIQUE (storage_url);


--
-- Name: thumbnails thumbnails_unique_width; Type: CONSTRAINT; Schema: public; Owner: -
--

ALTER TABLE ONLY public.thumbnails
    ADD CONSTRAINT thumbnails_unique_width UNIQUE (file_id, width);


--
-- Name: time_zones time_zones_pkey; Type: CONSTRAINT; Schema: public; Owner: -
--

ALTER TABLE ONLY public.time_zones
    ADD CONSTRAINT time_zones_pkey PRIMARY KEY (time_zone);


--
-- Name: timeseries timeseries_pkey; Type: CONSTRAINT; Schema: public; Owner: -
--

ALTER TABLE ONLY public.timeseries
    ADD CONSTRAINT timeseries_pkey PRIMARY KEY (id);


--
-- Name: timeseries_types timeseries_type_pkey; Type: CONSTRAINT; Schema: public; Owner: -
--

ALTER TABLE ONLY public.timeseries_types
    ADD CONSTRAINT timeseries_type_pkey PRIMARY KEY (id);


--
-- Name: timeseries timeseries_unique_name_per_device; Type: CONSTRAINT; Schema: public; Owner: -
--

ALTER TABLE ONLY public.timeseries
    ADD CONSTRAINT timeseries_unique_name_per_device UNIQUE (device_id, name);


--
-- Name: upload_problem_types upload_problem_types_pkey; Type: CONSTRAINT; Schema: public; Owner: -
--

ALTER TABLE ONLY public.upload_problem_types
    ADD CONSTRAINT upload_problem_types_pkey PRIMARY KEY (id);


--
-- Name: upload_problems upload_problems_pkey; Type: CONSTRAINT; Schema: public; Owner: -
--

ALTER TABLE ONLY public.upload_problems
    ADD CONSTRAINT upload_problems_pkey PRIMARY KEY (id);


--
-- Name: upload_statuses upload_statuses_pkey; Type: CONSTRAINT; Schema: public; Owner: -
--

ALTER TABLE ONLY public.upload_statuses
    ADD CONSTRAINT upload_statuses_pkey PRIMARY KEY (id);


--
-- Name: upload_types upload_types_pkey; Type: CONSTRAINT; Schema: public; Owner: -
--

ALTER TABLE ONLY public.upload_types
    ADD CONSTRAINT upload_types_pkey PRIMARY KEY (id);


--
-- Name: uploads uploads_pkey; Type: CONSTRAINT; Schema: public; Owner: -
--

ALTER TABLE ONLY public.uploads
    ADD CONSTRAINT uploads_pkey PRIMARY KEY (id);


--
-- Name: user_disclaimers user_disclaimers_pkey; Type: CONSTRAINT; Schema: public; Owner: -
--

ALTER TABLE ONLY public.user_disclaimers
    ADD CONSTRAINT user_disclaimers_pkey PRIMARY KEY (disclaimer_id, user_id);


--
-- Name: user_global_roles user_global_roles_pkey; Type: CONSTRAINT; Schema: public; Owner: -
--

ALTER TABLE ONLY public.user_global_roles
    ADD CONSTRAINT user_global_roles_pkey PRIMARY KEY (user_id, global_role_id);


--
-- Name: user_types user_types_name_key; Type: CONSTRAINT; Schema: public; Owner: -
--

ALTER TABLE ONLY public.user_types
    ADD CONSTRAINT user_types_name_key UNIQUE (name);


--
-- Name: user_types user_types_pkey; Type: CONSTRAINT; Schema: public; Owner: -
--

ALTER TABLE ONLY public.user_types
    ADD CONSTRAINT user_types_pkey PRIMARY KEY (id);


--
-- Name: users users_auth_id_key; Type: CONSTRAINT; Schema: public; Owner: -
--

ALTER TABLE ONLY public.users
    ADD CONSTRAINT users_auth_id_key UNIQUE (auth_id);


--
-- Name: users users_email_key; Type: CONSTRAINT; Schema: public; Owner: -
--

ALTER TABLE ONLY public.users
    ADD CONSTRAINT users_email_key UNIQUE (email);


--
-- Name: users users_pkey; Type: CONSTRAINT; Schema: public; Owner: -
--

ALTER TABLE ONLY public.users
    ADD CONSTRAINT users_pkey PRIMARY KEY (id);


--
-- Name: vector_store vector_store_pkey; Type: CONSTRAINT; Schema: public; Owner: -
--

ALTER TABLE ONLY public.vector_store
    ADD CONSTRAINT vector_store_pkey PRIMARY KEY (id);


--
-- Name: wood_density_levels wood_density_levels_pkey; Type: CONSTRAINT; Schema: public; Owner: -
--

ALTER TABLE ONLY public.wood_density_levels
    ADD CONSTRAINT wood_density_levels_pkey PRIMARY KEY (id);


--
-- Name: accession_collectors accession_collectors_pkey; Type: CONSTRAINT; Schema: seedbank; Owner: -
--

ALTER TABLE ONLY seedbank.accession_collectors
    ADD CONSTRAINT accession_collectors_pkey PRIMARY KEY (accession_id, "position");


--
-- Name: accessions accession_number_facility_unique; Type: CONSTRAINT; Schema: seedbank; Owner: -
--

ALTER TABLE ONLY seedbank.accessions
    ADD CONSTRAINT accession_number_facility_unique UNIQUE (number, facility_id);


--
-- Name: accession_photos accession_photos_pk; Type: CONSTRAINT; Schema: seedbank; Owner: -
--

ALTER TABLE ONLY seedbank.accession_photos
    ADD CONSTRAINT accession_photos_pk PRIMARY KEY (file_id);


--
-- Name: accessions accession_pkey; Type: CONSTRAINT; Schema: seedbank; Owner: -
--

ALTER TABLE ONLY seedbank.accessions
    ADD CONSTRAINT accession_pkey PRIMARY KEY (id);


--
-- Name: accession_quantity_history accession_quantity_history_pkey; Type: CONSTRAINT; Schema: seedbank; Owner: -
--

ALTER TABLE ONLY seedbank.accession_quantity_history
    ADD CONSTRAINT accession_quantity_history_pkey PRIMARY KEY (id);


--
-- Name: accession_quantity_history_types accession_quantity_history_types_pkey; Type: CONSTRAINT; Schema: seedbank; Owner: -
--

ALTER TABLE ONLY seedbank.accession_quantity_history_types
    ADD CONSTRAINT accession_quantity_history_types_pkey PRIMARY KEY (id);


--
-- Name: accession_states accession_state_pkey; Type: CONSTRAINT; Schema: seedbank; Owner: -
--

ALTER TABLE ONLY seedbank.accession_states
    ADD CONSTRAINT accession_state_pkey PRIMARY KEY (id);


--
-- Name: bags bag_pkey; Type: CONSTRAINT; Schema: seedbank; Owner: -
--

ALTER TABLE ONLY seedbank.bags
    ADD CONSTRAINT bag_pkey PRIMARY KEY (id);


--
-- Name: geolocations collection_event_pkey; Type: CONSTRAINT; Schema: seedbank; Owner: -
--

ALTER TABLE ONLY seedbank.geolocations
    ADD CONSTRAINT collection_event_pkey PRIMARY KEY (id);


--
-- Name: collection_sources collection_sources_pkey; Type: CONSTRAINT; Schema: seedbank; Owner: -
--

ALTER TABLE ONLY seedbank.collection_sources
    ADD CONSTRAINT collection_sources_pkey PRIMARY KEY (id);


--
-- Name: data_sources data_sources_pkey; Type: CONSTRAINT; Schema: seedbank; Owner: -
--

ALTER TABLE ONLY seedbank.data_sources
    ADD CONSTRAINT data_sources_pkey PRIMARY KEY (id);


--
-- Name: viability_test_seed_types germination_seed_type_pkey; Type: CONSTRAINT; Schema: seedbank; Owner: -
--

ALTER TABLE ONLY seedbank.viability_test_seed_types
    ADD CONSTRAINT germination_seed_type_pkey PRIMARY KEY (id);


--
-- Name: viability_test_substrates germination_substrate_pkey; Type: CONSTRAINT; Schema: seedbank; Owner: -
--

ALTER TABLE ONLY seedbank.viability_test_substrates
    ADD CONSTRAINT germination_substrate_pkey PRIMARY KEY (id);


--
-- Name: viability_test_types germination_test_type_name_key; Type: CONSTRAINT; Schema: seedbank; Owner: -
--

ALTER TABLE ONLY seedbank.viability_test_types
    ADD CONSTRAINT germination_test_type_name_key UNIQUE (name);


--
-- Name: viability_test_types germination_test_type_pkey; Type: CONSTRAINT; Schema: seedbank; Owner: -
--

ALTER TABLE ONLY seedbank.viability_test_types
    ADD CONSTRAINT germination_test_type_pkey PRIMARY KEY (id);


--
-- Name: seed_quantity_units seed_quantity_units_pkey; Type: CONSTRAINT; Schema: seedbank; Owner: -
--

ALTER TABLE ONLY seedbank.seed_quantity_units
    ADD CONSTRAINT seed_quantity_units_pkey PRIMARY KEY (id);


--
-- Name: viability_test_results viability_test_results_pkey; Type: CONSTRAINT; Schema: seedbank; Owner: -
--

ALTER TABLE ONLY seedbank.viability_test_results
    ADD CONSTRAINT viability_test_results_pkey PRIMARY KEY (id);


--
-- Name: viability_tests viability_tests_pkey; Type: CONSTRAINT; Schema: seedbank; Owner: -
--

ALTER TABLE ONLY seedbank.viability_tests
    ADD CONSTRAINT viability_tests_pkey PRIMARY KEY (id);


--
-- Name: withdrawals withdrawal_pkey; Type: CONSTRAINT; Schema: seedbank; Owner: -
--

ALTER TABLE ONLY seedbank.withdrawals
    ADD CONSTRAINT withdrawal_pkey PRIMARY KEY (id);


--
-- Name: withdrawal_purposes withdrawal_purpose_pkey; Type: CONSTRAINT; Schema: seedbank; Owner: -
--

ALTER TABLE ONLY seedbank.withdrawal_purposes
    ADD CONSTRAINT withdrawal_purpose_pkey PRIMARY KEY (id);


--
-- Name: withdrawals withdrawals_viability_test_id_unique; Type: CONSTRAINT; Schema: seedbank; Owner: -
--

ALTER TABLE ONLY seedbank.withdrawals
    ADD CONSTRAINT withdrawals_viability_test_id_unique UNIQUE (viability_test_id);


--
-- Name: biomass_forest_types biomass_forest_types_name_key; Type: CONSTRAINT; Schema: tracking; Owner: -
--

ALTER TABLE ONLY tracking.biomass_forest_types
    ADD CONSTRAINT biomass_forest_types_name_key UNIQUE (name);


--
-- Name: biomass_forest_types biomass_forest_types_pkey; Type: CONSTRAINT; Schema: tracking; Owner: -
--

ALTER TABLE ONLY tracking.biomass_forest_types
    ADD CONSTRAINT biomass_forest_types_pkey PRIMARY KEY (id);


--
-- Name: deliveries deliveries_pkey; Type: CONSTRAINT; Schema: tracking; Owner: -
--

ALTER TABLE ONLY tracking.deliveries
    ADD CONSTRAINT deliveries_pkey PRIMARY KEY (id);


--
-- Name: deliveries deliveries_planting_site_id_id_key; Type: CONSTRAINT; Schema: tracking; Owner: -
--

ALTER TABLE ONLY tracking.deliveries
    ADD CONSTRAINT deliveries_planting_site_id_id_key UNIQUE (planting_site_id, id);


--
-- Name: deliveries deliveries_withdrawal_id_key; Type: CONSTRAINT; Schema: tracking; Owner: -
--

ALTER TABLE ONLY tracking.deliveries
    ADD CONSTRAINT deliveries_withdrawal_id_key UNIQUE (withdrawal_id);


--
-- Name: draft_planting_sites draft_planting_sites_pkey; Type: CONSTRAINT; Schema: tracking; Owner: -
--

ALTER TABLE ONLY tracking.draft_planting_sites
    ADD CONSTRAINT draft_planting_sites_pkey PRIMARY KEY (id);


--
-- Name: mangrove_tides mangrove_tides_name_key; Type: CONSTRAINT; Schema: tracking; Owner: -
--

ALTER TABLE ONLY tracking.mangrove_tides
    ADD CONSTRAINT mangrove_tides_name_key UNIQUE (name);


--
-- Name: mangrove_tides mangrove_tides_pkey; Type: CONSTRAINT; Schema: tracking; Owner: -
--

ALTER TABLE ONLY tracking.mangrove_tides
    ADD CONSTRAINT mangrove_tides_pkey PRIMARY KEY (id);


--
-- Name: monitoring_plot_histories monitoring_plot_histories_pkey; Type: CONSTRAINT; Schema: tracking; Owner: -
--

ALTER TABLE ONLY tracking.monitoring_plot_histories
    ADD CONSTRAINT monitoring_plot_histories_pkey PRIMARY KEY (id);


--
-- Name: monitoring_plot_overlaps monitoring_plot_overlaps_pkey; Type: CONSTRAINT; Schema: tracking; Owner: -
--

ALTER TABLE ONLY tracking.monitoring_plot_overlaps
    ADD CONSTRAINT monitoring_plot_overlaps_pkey PRIMARY KEY (monitoring_plot_id, overlaps_plot_id);


--
-- Name: monitoring_plots monitoring_plots_organization_id_plot_number_key; Type: CONSTRAINT; Schema: tracking; Owner: -
--

ALTER TABLE ONLY tracking.monitoring_plots
    ADD CONSTRAINT monitoring_plots_organization_id_plot_number_key UNIQUE (organization_id, plot_number);


--
-- Name: monitoring_plots monitoring_plots_pkey; Type: CONSTRAINT; Schema: tracking; Owner: -
--

ALTER TABLE ONLY tracking.monitoring_plots
    ADD CONSTRAINT monitoring_plots_pkey PRIMARY KEY (id);


--
-- Name: observable_conditions observable_conditions_name_key; Type: CONSTRAINT; Schema: tracking; Owner: -
--

ALTER TABLE ONLY tracking.observable_conditions
    ADD CONSTRAINT observable_conditions_name_key UNIQUE (name);


--
-- Name: observable_conditions observable_conditions_pkey; Type: CONSTRAINT; Schema: tracking; Owner: -
--

ALTER TABLE ONLY tracking.observable_conditions
    ADD CONSTRAINT observable_conditions_pkey PRIMARY KEY (id);


--
-- Name: observation_biomass_details observation_biomass_details_pkey; Type: CONSTRAINT; Schema: tracking; Owner: -
--

ALTER TABLE ONLY tracking.observation_biomass_details
    ADD CONSTRAINT observation_biomass_details_pkey PRIMARY KEY (observation_id, monitoring_plot_id);


--
-- Name: observation_biomass_quadrat_details observation_biomass_quadrat_details_pkey; Type: CONSTRAINT; Schema: tracking; Owner: -
--

ALTER TABLE ONLY tracking.observation_biomass_quadrat_details
    ADD CONSTRAINT observation_biomass_quadrat_details_pkey PRIMARY KEY (observation_id, monitoring_plot_id, position_id);


--
-- Name: observation_biomass_quadrat_species observation_biomass_quadrat_species_pkey; Type: CONSTRAINT; Schema: tracking; Owner: -
--

ALTER TABLE ONLY tracking.observation_biomass_quadrat_species
    ADD CONSTRAINT observation_biomass_quadrat_species_pkey PRIMARY KEY (observation_id, monitoring_plot_id, position_id, biomass_species_id);


--
-- Name: observation_biomass_species observation_biomass_species_id_observation_id_monitoring_pl_key; Type: CONSTRAINT; Schema: tracking; Owner: -
--

ALTER TABLE ONLY tracking.observation_biomass_species
    ADD CONSTRAINT observation_biomass_species_id_observation_id_monitoring_pl_key UNIQUE (id, observation_id, monitoring_plot_id);


--
-- Name: observation_biomass_species observation_biomass_species_pkey; Type: CONSTRAINT; Schema: tracking; Owner: -
--

ALTER TABLE ONLY tracking.observation_biomass_species
    ADD CONSTRAINT observation_biomass_species_pkey PRIMARY KEY (id);


--
-- Name: observation_plot_positions observation_photo_positions_name_key; Type: CONSTRAINT; Schema: tracking; Owner: -
--

ALTER TABLE ONLY tracking.observation_plot_positions
    ADD CONSTRAINT observation_photo_positions_name_key UNIQUE (name);


--
-- Name: observation_plot_positions observation_photo_positions_pkey; Type: CONSTRAINT; Schema: tracking; Owner: -
--

ALTER TABLE ONLY tracking.observation_plot_positions
    ADD CONSTRAINT observation_photo_positions_pkey PRIMARY KEY (id);


--
-- Name: observation_media_types observation_photo_types_name_key; Type: CONSTRAINT; Schema: tracking; Owner: -
--

ALTER TABLE ONLY tracking.observation_media_types
    ADD CONSTRAINT observation_photo_types_name_key UNIQUE (name);


--
-- Name: observation_media_types observation_photo_types_pkey; Type: CONSTRAINT; Schema: tracking; Owner: -
--

ALTER TABLE ONLY tracking.observation_media_types
    ADD CONSTRAINT observation_photo_types_pkey PRIMARY KEY (id);


--
-- Name: observation_media_files observation_photos_pkey; Type: CONSTRAINT; Schema: tracking; Owner: -
--

ALTER TABLE ONLY tracking.observation_media_files
    ADD CONSTRAINT observation_photos_pkey PRIMARY KEY (file_id);


--
-- Name: observation_plot_conditions observation_plot_conditions_pkey; Type: CONSTRAINT; Schema: tracking; Owner: -
--

ALTER TABLE ONLY tracking.observation_plot_conditions
    ADD CONSTRAINT observation_plot_conditions_pkey PRIMARY KEY (observation_id, monitoring_plot_id, condition_id);


--
-- Name: observation_plot_statuses observation_plot_statuses_name_key; Type: CONSTRAINT; Schema: tracking; Owner: -
--

ALTER TABLE ONLY tracking.observation_plot_statuses
    ADD CONSTRAINT observation_plot_statuses_name_key UNIQUE (name);


--
-- Name: observation_plot_statuses observation_plot_statuses_pkey; Type: CONSTRAINT; Schema: tracking; Owner: -
--

ALTER TABLE ONLY tracking.observation_plot_statuses
    ADD CONSTRAINT observation_plot_statuses_pkey PRIMARY KEY (id);


--
-- Name: observation_plots observation_plots_pkey; Type: CONSTRAINT; Schema: tracking; Owner: -
--

ALTER TABLE ONLY tracking.observation_plots
    ADD CONSTRAINT observation_plots_pkey PRIMARY KEY (observation_id, monitoring_plot_id);


--
-- Name: observation_requested_substrata observation_requested_substrata_pkey; Type: CONSTRAINT; Schema: tracking; Owner: -
--

ALTER TABLE ONLY tracking.observation_requested_substrata
    ADD CONSTRAINT observation_requested_substrata_pkey PRIMARY KEY (observation_id, substratum_id);


--
-- Name: observation_states observation_states_name_key; Type: CONSTRAINT; Schema: tracking; Owner: -
--

ALTER TABLE ONLY tracking.observation_states
    ADD CONSTRAINT observation_states_name_key UNIQUE (name);


--
-- Name: observation_states observation_states_pkey; Type: CONSTRAINT; Schema: tracking; Owner: -
--

ALTER TABLE ONLY tracking.observation_states
    ADD CONSTRAINT observation_states_pkey PRIMARY KEY (id);


--
-- Name: observation_types observation_types_name_key; Type: CONSTRAINT; Schema: tracking; Owner: -
--

ALTER TABLE ONLY tracking.observation_types
    ADD CONSTRAINT observation_types_name_key UNIQUE (name);


--
-- Name: observation_types observation_types_pkey; Type: CONSTRAINT; Schema: tracking; Owner: -
--

ALTER TABLE ONLY tracking.observation_types
    ADD CONSTRAINT observation_types_pkey PRIMARY KEY (id);


--
-- Name: observations observations_pkey; Type: CONSTRAINT; Schema: tracking; Owner: -
--

ALTER TABLE ONLY tracking.observations
    ADD CONSTRAINT observations_pkey PRIMARY KEY (id);


--
-- Name: observed_plot_coordinates observed_plot_coordinates_pkey; Type: CONSTRAINT; Schema: tracking; Owner: -
--

ALTER TABLE ONLY tracking.observed_plot_coordinates
    ADD CONSTRAINT observed_plot_coordinates_pkey PRIMARY KEY (id);


--
-- Name: planting_seasons one_active_per_site; Type: CONSTRAINT; Schema: tracking; Owner: -
--

ALTER TABLE ONLY tracking.planting_seasons
    ADD CONSTRAINT one_active_per_site EXCLUDE USING btree (planting_site_id WITH =) WHERE ((is_active = true));


--
-- Name: observed_plot_coordinates one_point_per_position; Type: CONSTRAINT; Schema: tracking; Owner: -
--

ALTER TABLE ONLY tracking.observed_plot_coordinates
    ADD CONSTRAINT one_point_per_position UNIQUE (observation_id, monitoring_plot_id, position_id);


--
-- Name: planting_seasons planting_seasons_pkey; Type: CONSTRAINT; Schema: tracking; Owner: -
--

ALTER TABLE ONLY tracking.planting_seasons
    ADD CONSTRAINT planting_seasons_pkey PRIMARY KEY (id);


--
-- Name: planting_site_histories planting_site_histories_pkey; Type: CONSTRAINT; Schema: tracking; Owner: -
--

ALTER TABLE ONLY tracking.planting_site_histories
    ADD CONSTRAINT planting_site_histories_pkey PRIMARY KEY (id);


--
-- Name: planting_site_notifications planting_site_notifications_pkey; Type: CONSTRAINT; Schema: tracking; Owner: -
--

ALTER TABLE ONLY tracking.planting_site_notifications
    ADD CONSTRAINT planting_site_notifications_pkey PRIMARY KEY (id);


--
-- Name: planting_site_notifications planting_site_notifications_planting_site_id_notification_t_key; Type: CONSTRAINT; Schema: tracking; Owner: -
--

ALTER TABLE ONLY tracking.planting_site_notifications
    ADD CONSTRAINT planting_site_notifications_planting_site_id_notification_t_key UNIQUE (planting_site_id, notification_type_id, notification_number);


--
-- Name: planting_site_populations planting_site_populations_pkey; Type: CONSTRAINT; Schema: tracking; Owner: -
--

ALTER TABLE ONLY tracking.planting_site_populations
    ADD CONSTRAINT planting_site_populations_pkey PRIMARY KEY (planting_site_id, species_id);


--
-- Name: planting_sites planting_sites_organization_id_name_key; Type: CONSTRAINT; Schema: tracking; Owner: -
--

ALTER TABLE ONLY tracking.planting_sites
    ADD CONSTRAINT planting_sites_organization_id_name_key UNIQUE (organization_id, name);


--
-- Name: planting_sites planting_sites_pkey; Type: CONSTRAINT; Schema: tracking; Owner: -
--

ALTER TABLE ONLY tracking.planting_sites
    ADD CONSTRAINT planting_sites_pkey PRIMARY KEY (id);


--
-- Name: planting_types planting_types_pkey; Type: CONSTRAINT; Schema: tracking; Owner: -
--

ALTER TABLE ONLY tracking.planting_types
    ADD CONSTRAINT planting_types_pkey PRIMARY KEY (id);


--
-- Name: plantings plantings_delivery_id_species_id_planting_type_id_key; Type: CONSTRAINT; Schema: tracking; Owner: -
--

ALTER TABLE ONLY tracking.plantings
    ADD CONSTRAINT plantings_delivery_id_species_id_planting_type_id_key UNIQUE (delivery_id, species_id, planting_type_id);


--
-- Name: plantings plantings_pkey; Type: CONSTRAINT; Schema: tracking; Owner: -
--

ALTER TABLE ONLY tracking.plantings
    ADD CONSTRAINT plantings_pkey PRIMARY KEY (id);


--
-- Name: plot_t0_densities plot_t0_densities_pkey; Type: CONSTRAINT; Schema: tracking; Owner: -
--

ALTER TABLE ONLY tracking.plot_t0_densities
    ADD CONSTRAINT plot_t0_densities_pkey PRIMARY KEY (monitoring_plot_id, species_id);


--
-- Name: plot_t0_observations plot_t0_observations_pkey; Type: CONSTRAINT; Schema: tracking; Owner: -
--

ALTER TABLE ONLY tracking.plot_t0_observations
    ADD CONSTRAINT plot_t0_observations_pkey PRIMARY KEY (monitoring_plot_id);


--
-- Name: recorded_plant_statuses recorded_plant_statuses_name_key; Type: CONSTRAINT; Schema: tracking; Owner: -
--

ALTER TABLE ONLY tracking.recorded_plant_statuses
    ADD CONSTRAINT recorded_plant_statuses_name_key UNIQUE (name);


--
-- Name: recorded_plant_statuses recorded_plant_statuses_pkey; Type: CONSTRAINT; Schema: tracking; Owner: -
--

ALTER TABLE ONLY tracking.recorded_plant_statuses
    ADD CONSTRAINT recorded_plant_statuses_pkey PRIMARY KEY (id);


--
-- Name: recorded_plants recorded_plants_pkey; Type: CONSTRAINT; Schema: tracking; Owner: -
--

ALTER TABLE ONLY tracking.recorded_plants
    ADD CONSTRAINT recorded_plants_pkey PRIMARY KEY (id);


--
-- Name: recorded_species_certainties recorded_species_certainties_name_key; Type: CONSTRAINT; Schema: tracking; Owner: -
--

ALTER TABLE ONLY tracking.recorded_species_certainties
    ADD CONSTRAINT recorded_species_certainties_name_key UNIQUE (name);


--
-- Name: recorded_species_certainties recorded_species_certainties_pkey; Type: CONSTRAINT; Schema: tracking; Owner: -
--

ALTER TABLE ONLY tracking.recorded_species_certainties
    ADD CONSTRAINT recorded_species_certainties_pkey PRIMARY KEY (id);


--
-- Name: recorded_trees recorded_trees_observation_id_tree_number_trunk_number_key; Type: CONSTRAINT; Schema: tracking; Owner: -
--

ALTER TABLE ONLY tracking.recorded_trees
    ADD CONSTRAINT recorded_trees_observation_id_tree_number_trunk_number_key UNIQUE (observation_id, tree_number, trunk_number);


--
-- Name: recorded_trees recorded_trees_pkey; Type: CONSTRAINT; Schema: tracking; Owner: -
--

ALTER TABLE ONLY tracking.recorded_trees
    ADD CONSTRAINT recorded_trees_pkey PRIMARY KEY (id);


--
-- Name: strata strata_pkey; Type: CONSTRAINT; Schema: tracking; Owner: -
--

ALTER TABLE ONLY tracking.strata
    ADD CONSTRAINT strata_pkey PRIMARY KEY (id);


--
-- Name: strata strata_planting_site_id_id_key; Type: CONSTRAINT; Schema: tracking; Owner: -
--

ALTER TABLE ONLY tracking.strata
    ADD CONSTRAINT strata_planting_site_id_id_key UNIQUE (planting_site_id, id);


--
-- Name: strata strata_planting_site_id_name_key; Type: CONSTRAINT; Schema: tracking; Owner: -
--

ALTER TABLE ONLY tracking.strata
    ADD CONSTRAINT strata_planting_site_id_name_key UNIQUE (planting_site_id, name);


--
-- Name: strata strata_planting_site_id_stable_id_key; Type: CONSTRAINT; Schema: tracking; Owner: -
--

ALTER TABLE ONLY tracking.strata
    ADD CONSTRAINT strata_planting_site_id_stable_id_key UNIQUE (planting_site_id, stable_id);


--
-- Name: stratum_histories stratum_histories_pkey; Type: CONSTRAINT; Schema: tracking; Owner: -
--

ALTER TABLE ONLY tracking.stratum_histories
    ADD CONSTRAINT stratum_histories_pkey PRIMARY KEY (id);


--
-- Name: stratum_populations stratum_populations_pkey; Type: CONSTRAINT; Schema: tracking; Owner: -
--

ALTER TABLE ONLY tracking.stratum_populations
    ADD CONSTRAINT stratum_populations_pkey PRIMARY KEY (stratum_id, species_id);


--
-- Name: stratum_t0_temp_densities stratum_t0_temp_densities_pkey; Type: CONSTRAINT; Schema: tracking; Owner: -
--

ALTER TABLE ONLY tracking.stratum_t0_temp_densities
    ADD CONSTRAINT stratum_t0_temp_densities_pkey PRIMARY KEY (stratum_id, species_id);


--
-- Name: substrata substrata_pkey; Type: CONSTRAINT; Schema: tracking; Owner: -
--

ALTER TABLE ONLY tracking.substrata
    ADD CONSTRAINT substrata_pkey PRIMARY KEY (id);


--
-- Name: substrata substrata_planting_site_id_id_key; Type: CONSTRAINT; Schema: tracking; Owner: -
--

ALTER TABLE ONLY tracking.substrata
    ADD CONSTRAINT substrata_planting_site_id_id_key UNIQUE (planting_site_id, id);


--
-- Name: substrata substrata_planting_site_id_stable_id_key; Type: CONSTRAINT; Schema: tracking; Owner: -
--

ALTER TABLE ONLY tracking.substrata
    ADD CONSTRAINT substrata_planting_site_id_stable_id_key UNIQUE (planting_site_id, stable_id);


--
-- Name: substrata substrata_stratum_id_name_key; Type: CONSTRAINT; Schema: tracking; Owner: -
--

ALTER TABLE ONLY tracking.substrata
    ADD CONSTRAINT substrata_stratum_id_name_key UNIQUE (stratum_id, name);


--
-- Name: substratum_histories substratum_histories_pkey; Type: CONSTRAINT; Schema: tracking; Owner: -
--

ALTER TABLE ONLY tracking.substratum_histories
    ADD CONSTRAINT substratum_histories_pkey PRIMARY KEY (id);


--
-- Name: substratum_populations substratum_populations_pkey; Type: CONSTRAINT; Schema: tracking; Owner: -
--

ALTER TABLE ONLY tracking.substratum_populations
    ADD CONSTRAINT substratum_populations_pkey PRIMARY KEY (substratum_id, species_id);


--
-- Name: tree_growth_forms tree_growth_forms_name_key; Type: CONSTRAINT; Schema: tracking; Owner: -
--

ALTER TABLE ONLY tracking.tree_growth_forms
    ADD CONSTRAINT tree_growth_forms_name_key UNIQUE (name);


--
-- Name: tree_growth_forms tree_growth_forms_pkey; Type: CONSTRAINT; Schema: tracking; Owner: -
--

ALTER TABLE ONLY tracking.tree_growth_forms
    ADD CONSTRAINT tree_growth_forms_pkey PRIMARY KEY (id);


--
-- Name: activities_project_id_idx; Type: INDEX; Schema: accelerator; Owner: -
--

CREATE INDEX activities_project_id_idx ON accelerator.activities USING btree (project_id);


--
-- Name: activity_media_files_activity_id_idx; Type: INDEX; Schema: accelerator; Owner: -
--

CREATE INDEX activity_media_files_activity_id_idx ON accelerator.activity_media_files USING btree (activity_id);


--
-- Name: application_histories_application_id_idx; Type: INDEX; Schema: accelerator; Owner: -
--

CREATE INDEX application_histories_application_id_idx ON accelerator.application_histories USING btree (application_id);


--
-- Name: application_histories_modified_by_idx; Type: INDEX; Schema: accelerator; Owner: -
--

CREATE INDEX application_histories_modified_by_idx ON accelerator.application_histories USING btree (modified_by);


--
-- Name: application_modules_application_id_idx; Type: INDEX; Schema: accelerator; Owner: -
--

CREATE INDEX application_modules_application_id_idx ON accelerator.application_modules USING btree (application_id);


--
-- Name: applications_created_by_idx; Type: INDEX; Schema: accelerator; Owner: -
--

CREATE INDEX applications_created_by_idx ON accelerator.applications USING btree (created_by);


--
-- Name: applications_modified_by_idx; Type: INDEX; Schema: accelerator; Owner: -
--

CREATE INDEX applications_modified_by_idx ON accelerator.applications USING btree (modified_by);


--
-- Name: cohort_modules_cohort_id_idx; Type: INDEX; Schema: accelerator; Owner: -
--

CREATE INDEX cohort_modules_cohort_id_idx ON accelerator.cohort_modules USING btree (cohort_id);


--
-- Name: cohort_modules_cohort_id_start_date_idx; Type: INDEX; Schema: accelerator; Owner: -
--

CREATE INDEX cohort_modules_cohort_id_start_date_idx ON accelerator.cohort_modules USING btree (cohort_id, start_date);


--
-- Name: cohort_modules_module_id_idx; Type: INDEX; Schema: accelerator; Owner: -
--

CREATE INDEX cohort_modules_module_id_idx ON accelerator.cohort_modules USING btree (module_id);


--
-- Name: cohorts_created_by_idx; Type: INDEX; Schema: accelerator; Owner: -
--

CREATE INDEX cohorts_created_by_idx ON accelerator.cohorts USING btree (created_by);


--
-- Name: cohorts_modified_by_idx; Type: INDEX; Schema: accelerator; Owner: -
--

CREATE INDEX cohorts_modified_by_idx ON accelerator.cohorts USING btree (modified_by);


--
-- Name: hubspot_token_expr_idx; Type: INDEX; Schema: accelerator; Owner: -
--

CREATE UNIQUE INDEX hubspot_token_expr_idx ON accelerator.hubspot_token USING btree ((0));


--
-- Name: one_cover_per_activity; Type: INDEX; Schema: accelerator; Owner: -
--

CREATE UNIQUE INDEX one_cover_per_activity ON accelerator.activity_media_files USING btree (activity_id) WHERE is_cover_photo;


--
-- Name: participant_project_species_species_id_idx; Type: INDEX; Schema: accelerator; Owner: -
--

CREATE INDEX participant_project_species_species_id_idx ON accelerator.participant_project_species USING btree (species_id);


--
-- Name: project_metrics_project_id_idx; Type: INDEX; Schema: accelerator; Owner: -
--

CREATE INDEX project_metrics_project_id_idx ON accelerator.project_metrics USING btree (project_id);


--
-- Name: project_report_configs_project_id_idx; Type: INDEX; Schema: accelerator; Owner: -
--

CREATE INDEX project_report_configs_project_id_idx ON accelerator.project_report_configs USING btree (project_id);


--
-- Name: project_scores_project_id_idx; Type: INDEX; Schema: accelerator; Owner: -
--

CREATE INDEX project_scores_project_id_idx ON accelerator.project_scores USING btree (project_id);


--
-- Name: project_vote_decisions_project_id_idx; Type: INDEX; Schema: accelerator; Owner: -
--

CREATE INDEX project_vote_decisions_project_id_idx ON accelerator.project_vote_decisions USING btree (project_id);


--
-- Name: project_votes_project_id_idx; Type: INDEX; Schema: accelerator; Owner: -
--

CREATE INDEX project_votes_project_id_idx ON accelerator.project_votes USING btree (project_id);


--
-- Name: report_photos_report_id_idx; Type: INDEX; Schema: accelerator; Owner: -
--

CREATE INDEX report_photos_report_id_idx ON accelerator.report_photos USING btree (report_id);


--
-- Name: report_project_metrics_project_metric_id_idx; Type: INDEX; Schema: accelerator; Owner: -
--

CREATE INDEX report_project_metrics_project_metric_id_idx ON accelerator.report_project_metrics USING btree (project_metric_id);


--
-- Name: report_project_metrics_report_id_project_metric_id_idx; Type: INDEX; Schema: accelerator; Owner: -
--

CREATE INDEX report_project_metrics_report_id_project_metric_id_idx ON accelerator.report_project_metrics USING btree (report_id, project_metric_id);


--
-- Name: report_standard_metrics_report_id_standard_metric_id_idx; Type: INDEX; Schema: accelerator; Owner: -
--

CREATE INDEX report_standard_metrics_report_id_standard_metric_id_idx ON accelerator.report_standard_metrics USING btree (report_id, standard_metric_id);


--
-- Name: report_standard_metrics_standard_metric_id_idx; Type: INDEX; Schema: accelerator; Owner: -
--

CREATE INDEX report_standard_metrics_standard_metric_id_idx ON accelerator.report_standard_metrics USING btree (standard_metric_id);


--
-- Name: report_system_metrics_system_metric_id_idx; Type: INDEX; Schema: accelerator; Owner: -
--

CREATE INDEX report_system_metrics_system_metric_id_idx ON accelerator.report_system_metrics USING btree (system_metric_id);


--
-- Name: reports_end_date_idx; Type: INDEX; Schema: accelerator; Owner: -
--

CREATE INDEX reports_end_date_idx ON accelerator.reports USING btree (end_date);


--
-- Name: reports_project_id_idx; Type: INDEX; Schema: accelerator; Owner: -
--

CREATE INDEX reports_project_id_idx ON accelerator.reports USING btree (project_id);


--
-- Name: submission_documents_submission_id_idx; Type: INDEX; Schema: accelerator; Owner: -
--

CREATE INDEX submission_documents_submission_id_idx ON accelerator.submission_documents USING btree (submission_id);


--
-- Name: submission_snapshots_file_id_idx; Type: INDEX; Schema: accelerator; Owner: -
--

CREATE INDEX submission_snapshots_file_id_idx ON accelerator.submission_snapshots USING btree (file_id);


--
-- Name: submission_snapshots_submission_id_idx; Type: INDEX; Schema: accelerator; Owner: -
--

CREATE INDEX submission_snapshots_submission_id_idx ON accelerator.submission_snapshots USING btree (submission_id);


--
-- Name: submissions_deliverable_id_idx; Type: INDEX; Schema: accelerator; Owner: -
--

CREATE INDEX submissions_deliverable_id_idx ON accelerator.submissions USING btree (deliverable_id);


--
-- Name: submissions_project_id_idx; Type: INDEX; Schema: accelerator; Owner: -
--

CREATE INDEX submissions_project_id_idx ON accelerator.submissions USING btree (project_id);


--
-- Name: documents_project_id_idx; Type: INDEX; Schema: docprod; Owner: -
--

CREATE INDEX documents_project_id_idx ON docprod.documents USING btree (project_id);


--
-- Name: variable_image_values_file_id_idx; Type: INDEX; Schema: docprod; Owner: -
--

CREATE INDEX variable_image_values_file_id_idx ON docprod.variable_image_values USING btree (file_id);


--
-- Name: variable_owners_owned_by_idx; Type: INDEX; Schema: docprod; Owner: -
--

CREATE INDEX variable_owners_owned_by_idx ON docprod.variable_owners USING btree (owned_by);


--
-- Name: variable_owners_variable_id_idx; Type: INDEX; Schema: docprod; Owner: -
--

CREATE INDEX variable_owners_variable_id_idx ON docprod.variable_owners USING btree (variable_id);


--
-- Name: variable_section_default_values_used_variable_id_idx; Type: INDEX; Schema: docprod; Owner: -
--

CREATE INDEX variable_section_default_values_used_variable_id_idx ON docprod.variable_section_default_values USING btree (used_variable_id);


--
-- Name: variable_section_values_used_variable_id_idx; Type: INDEX; Schema: docprod; Owner: -
--

CREATE INDEX variable_section_values_used_variable_id_idx ON docprod.variable_section_values USING btree (used_variable_id);


--
-- Name: variable_value_table_rows_table_row_value_id_idx; Type: INDEX; Schema: docprod; Owner: -
--

CREATE INDEX variable_value_table_rows_table_row_value_id_idx ON docprod.variable_value_table_rows USING btree (table_row_value_id);


--
-- Name: variable_values_project_id_idx; Type: INDEX; Schema: docprod; Owner: -
--

CREATE INDEX variable_values_project_id_idx ON docprod.variable_values USING btree (project_id);


--
-- Name: variable_workflow_history_created_by_idx; Type: INDEX; Schema: docprod; Owner: -
--

CREATE INDEX variable_workflow_history_created_by_idx ON docprod.variable_workflow_history USING btree (created_by);


--
-- Name: variable_workflow_history_max_variable_value_id_idx; Type: INDEX; Schema: docprod; Owner: -
--

CREATE INDEX variable_workflow_history_max_variable_value_id_idx ON docprod.variable_workflow_history USING btree (max_variable_value_id);


--
-- Name: variable_workflow_history_project_id_variable_id_id_idx; Type: INDEX; Schema: docprod; Owner: -
--

CREATE INDEX variable_workflow_history_project_id_variable_id_id_idx ON docprod.variable_workflow_history USING btree (project_id, variable_id, id DESC);


--
-- Name: variable_workflow_history_variable_id_idx; Type: INDEX; Schema: docprod; Owner: -
--

CREATE INDEX variable_workflow_history_variable_id_idx ON docprod.variable_workflow_history USING btree (variable_id);


--
-- Name: funding_entity_projects_funding_entity_id_idx; Type: INDEX; Schema: funder; Owner: -
--

CREATE INDEX funding_entity_projects_funding_entity_id_idx ON funder.funding_entity_projects USING btree (funding_entity_id);


--
-- Name: funding_entity_projects_project_id_idx; Type: INDEX; Schema: funder; Owner: -
--

CREATE INDEX funding_entity_projects_project_id_idx ON funder.funding_entity_projects USING btree (project_id);


--
-- Name: funding_entity_users_funding_entity_id_idx; Type: INDEX; Schema: funder; Owner: -
--

CREATE INDEX funding_entity_users_funding_entity_id_idx ON funder.funding_entity_users USING btree (funding_entity_id);


--
-- Name: funding_entity_users_user_id_idx; Type: INDEX; Schema: funder; Owner: -
--

CREATE INDEX funding_entity_users_user_id_idx ON funder.funding_entity_users USING btree (user_id);


--
-- Name: published_activities_project_id_idx; Type: INDEX; Schema: funder; Owner: -
--

CREATE INDEX published_activities_project_id_idx ON funder.published_activities USING btree (project_id);


--
-- Name: published_report_photos_report_id_idx; Type: INDEX; Schema: funder; Owner: -
--

CREATE INDEX published_report_photos_report_id_idx ON funder.published_report_photos USING btree (report_id);


--
-- Name: published_reports_project_id_idx; Type: INDEX; Schema: funder; Owner: -
--

CREATE INDEX published_reports_project_id_idx ON funder.published_reports USING btree (project_id);


--
-- Name: batch_details_history_created_by_idx; Type: INDEX; Schema: nursery; Owner: -
--

CREATE INDEX batch_details_history_created_by_idx ON nursery.batch_details_history USING btree (created_by);


--
-- Name: batch_details_history_project_id_idx; Type: INDEX; Schema: nursery; Owner: -
--

CREATE INDEX batch_details_history_project_id_idx ON nursery.batch_details_history USING btree (project_id);


--
-- Name: batch_details_history_sub_locations_sub_location_id_idx; Type: INDEX; Schema: nursery; Owner: -
--

CREATE INDEX batch_details_history_sub_locations_sub_location_id_idx ON nursery.batch_details_history_sub_locations USING btree (sub_location_id);


--
-- Name: batch_photos_batch_id_idx; Type: INDEX; Schema: nursery; Owner: -
--

CREATE INDEX batch_photos_batch_id_idx ON nursery.batch_photos USING btree (batch_id);


--
-- Name: batch_quantity_history_batch_id_idx; Type: INDEX; Schema: nursery; Owner: -
--

CREATE INDEX batch_quantity_history_batch_id_idx ON nursery.batch_quantity_history USING btree (batch_id);


--
-- Name: batch_sub_locations_sub_location_id_idx; Type: INDEX; Schema: nursery; Owner: -
--

CREATE INDEX batch_sub_locations_sub_location_id_idx ON nursery.batch_sub_locations USING btree (sub_location_id);


--
-- Name: batch_withdrawals_destination_batch_id_idx; Type: INDEX; Schema: nursery; Owner: -
--

CREATE INDEX batch_withdrawals_destination_batch_id_idx ON nursery.batch_withdrawals USING btree (destination_batch_id);


--
-- Name: batch_withdrawals_withdrawal_id_idx; Type: INDEX; Schema: nursery; Owner: -
--

CREATE INDEX batch_withdrawals_withdrawal_id_idx ON nursery.batch_withdrawals USING btree (withdrawal_id);


--
-- Name: batches__species_id_ix; Type: INDEX; Schema: nursery; Owner: -
--

CREATE INDEX batches__species_id_ix ON nursery.batches USING btree (species_id);


--
-- Name: batches_initial_batch_id_idx; Type: INDEX; Schema: nursery; Owner: -
--

CREATE INDEX batches_initial_batch_id_idx ON nursery.batches USING btree (initial_batch_id);


--
-- Name: batches_organization_id_species_id_idx; Type: INDEX; Schema: nursery; Owner: -
--

CREATE INDEX batches_organization_id_species_id_idx ON nursery.batches USING btree (organization_id, species_id);


--
-- Name: batches_project_id_idx; Type: INDEX; Schema: nursery; Owner: -
--

CREATE INDEX batches_project_id_idx ON nursery.batches USING btree (project_id);


--
-- Name: withdrawal_photos_withdrawal_id_idx; Type: INDEX; Schema: nursery; Owner: -
--

CREATE INDEX withdrawal_photos_withdrawal_id_idx ON nursery.withdrawal_photos USING btree (withdrawal_id);


--
-- Name: withdrawals_destination_facility_id_idx; Type: INDEX; Schema: nursery; Owner: -
--

CREATE INDEX withdrawals_destination_facility_id_idx ON nursery.withdrawals USING btree (destination_facility_id);


--
-- Name: withdrawals_facility_id_idx; Type: INDEX; Schema: nursery; Owner: -
--

CREATE INDEX withdrawals_facility_id_idx ON nursery.withdrawals USING btree (facility_id);


--
-- Name: automations_device_id_timeseries_name_idx; Type: INDEX; Schema: public; Owner: -
--

CREATE INDEX automations_device_id_timeseries_name_idx ON public.automations USING btree (device_id, timeseries_name);


--
-- Name: automations_facility_id_name_idx; Type: INDEX; Schema: public; Owner: -
--

CREATE INDEX automations_facility_id_name_idx ON public.automations USING btree (facility_id, name);


--
-- Name: chat_memory_messages_conversation_id_idx; Type: INDEX; Schema: public; Owner: -
--

CREATE INDEX chat_memory_messages_conversation_id_idx ON public.chat_memory_messages USING btree (conversation_id);


--
-- Name: country_subdivisions_country_code_idx; Type: INDEX; Schema: public; Owner: -
--

CREATE INDEX country_subdivisions_country_code_idx ON public.country_subdivisions USING btree (country_code);


--
-- Name: device_managers_user_id_idx; Type: INDEX; Schema: public; Owner: -
--

CREATE INDEX device_managers_user_id_idx ON public.device_managers USING btree (user_id);


--
-- Name: disclaimers_effective_on_idx; Type: INDEX; Schema: public; Owner: -
--

CREATE INDEX disclaimers_effective_on_idx ON public.disclaimers USING btree (effective_on);


--
-- Name: event_log_accessionid_idx; Type: INDEX; Schema: public; Owner: -
--

CREATE INDEX event_log_accessionid_idx ON public.event_log USING btree ((((payload ->> 'accessionId'::text))::bigint), event_class) WHERE ((payload ->> 'accessionId'::text) IS NOT NULL);


--
-- Name: event_log_activityid_idx; Type: INDEX; Schema: public; Owner: -
--

CREATE INDEX event_log_activityid_idx ON public.event_log USING btree ((((payload ->> 'activityId'::text))::bigint), event_class) WHERE ((payload ->> 'activityId'::text) IS NOT NULL);


--
-- Name: event_log_batchid_idx; Type: INDEX; Schema: public; Owner: -
--

CREATE INDEX event_log_batchid_idx ON public.event_log USING btree ((((payload ->> 'batchId'::text))::bigint), event_class) WHERE ((payload ->> 'batchId'::text) IS NOT NULL);


--
-- Name: event_log_biomassspeciesid_idx; Type: INDEX; Schema: public; Owner: -
--

CREATE INDEX event_log_biomassspeciesid_idx ON public.event_log USING btree ((((payload ->> 'biomassSpeciesId'::text))::bigint), event_class) WHERE ((payload ->> 'biomassSpeciesId'::text) IS NOT NULL);


--
-- Name: event_log_created_by_idx; Type: INDEX; Schema: public; Owner: -
--

CREATE INDEX event_log_created_by_idx ON public.event_log USING btree (created_by);


--
-- Name: event_log_created_time_idx; Type: INDEX; Schema: public; Owner: -
--

CREATE INDEX event_log_created_time_idx ON public.event_log USING btree (created_time);


--
-- Name: event_log_event_class_idx; Type: INDEX; Schema: public; Owner: -
--

CREATE INDEX event_log_event_class_idx ON public.event_log USING btree (event_class);


--
-- Name: event_log_facilityid_idx; Type: INDEX; Schema: public; Owner: -
--

CREATE INDEX event_log_facilityid_idx ON public.event_log USING btree ((((payload ->> 'facilityId'::text))::bigint), event_class) WHERE ((payload ->> 'facilityId'::text) IS NOT NULL);


--
-- Name: event_log_fileid_idx; Type: INDEX; Schema: public; Owner: -
--

CREATE INDEX event_log_fileid_idx ON public.event_log USING btree ((((payload ->> 'fileId'::text))::bigint), event_class) WHERE ((payload ->> 'fileId'::text) IS NOT NULL);


--
-- Name: event_log_monitoringplotid_idx; Type: INDEX; Schema: public; Owner: -
--

CREATE INDEX event_log_monitoringplotid_idx ON public.event_log USING btree ((((payload ->> 'monitoringPlotId'::text))::bigint), event_class) WHERE ((payload ->> 'monitoringPlotId'::text) IS NOT NULL);


--
-- Name: event_log_observationid_idx; Type: INDEX; Schema: public; Owner: -
--

CREATE INDEX event_log_observationid_idx ON public.event_log USING btree ((((payload ->> 'observationId'::text))::bigint), event_class) WHERE ((payload ->> 'observationId'::text) IS NOT NULL);


--
-- Name: event_log_organizationid_idx; Type: INDEX; Schema: public; Owner: -
--

CREATE INDEX event_log_organizationid_idx ON public.event_log USING btree ((((payload ->> 'organizationId'::text))::bigint), event_class) WHERE ((payload ->> 'organizationId'::text) IS NOT NULL);


--
-- Name: event_log_plantingsiteid_idx; Type: INDEX; Schema: public; Owner: -
--

CREATE INDEX event_log_plantingsiteid_idx ON public.event_log USING btree ((((payload ->> 'plantingSiteId'::text))::bigint), event_class) WHERE ((payload ->> 'plantingSiteId'::text) IS NOT NULL);


--
-- Name: event_log_projectid_idx; Type: INDEX; Schema: public; Owner: -
--

CREATE INDEX event_log_projectid_idx ON public.event_log USING btree ((((payload ->> 'projectId'::text))::bigint), event_class) WHERE ((payload ->> 'projectId'::text) IS NOT NULL);


--
-- Name: event_log_recordedtreeid_idx; Type: INDEX; Schema: public; Owner: -
--

CREATE INDEX event_log_recordedtreeid_idx ON public.event_log USING btree ((((payload ->> 'recordedTreeId'::text))::bigint), event_class) WHERE ((payload ->> 'recordedTreeId'::text) IS NOT NULL);


--
-- Name: event_log_speciesid_idx; Type: INDEX; Schema: public; Owner: -
--

CREATE INDEX event_log_speciesid_idx ON public.event_log USING btree ((((payload ->> 'speciesId'::text))::bigint), event_class) WHERE ((payload ->> 'speciesId'::text) IS NOT NULL);


--
-- Name: event_log_withdrawalid_idx; Type: INDEX; Schema: public; Owner: -
--

CREATE INDEX event_log_withdrawalid_idx ON public.event_log USING btree ((((payload ->> 'withdrawalId'::text))::bigint), event_class) WHERE ((payload ->> 'withdrawalId'::text) IS NOT NULL);


--
-- Name: facilities_idle_after_time_idx; Type: INDEX; Schema: public; Owner: -
--

CREATE INDEX facilities_idle_after_time_idx ON public.facilities USING btree (idle_after_time);


--
-- Name: facilities_next_notification_time_idx; Type: INDEX; Schema: public; Owner: -
--

CREATE INDEX facilities_next_notification_time_idx ON public.facilities USING btree (next_notification_time);


--
-- Name: facilities_organization_id_idx; Type: INDEX; Schema: public; Owner: -
--

CREATE INDEX facilities_organization_id_idx ON public.facilities USING btree (organization_id);


--
-- Name: file_access_tokens_expires_time_idx; Type: INDEX; Schema: public; Owner: -
--

CREATE INDEX file_access_tokens_expires_time_idx ON public.file_access_tokens USING btree (expires_time);


--
-- Name: file_access_tokens_file_id_idx; Type: INDEX; Schema: public; Owner: -
--

CREATE INDEX file_access_tokens_file_id_idx ON public.file_access_tokens USING btree (file_id);


--
-- Name: flyway_schema_history_s_idx; Type: INDEX; Schema: public; Owner: -
--

CREATE INDEX flyway_schema_history_s_idx ON public.flyway_schema_history USING btree (success);


--
-- Name: gbif_distributions_taxon_id_idx; Type: INDEX; Schema: public; Owner: -
--

CREATE INDEX gbif_distributions_taxon_id_idx ON public.gbif_distributions USING btree (taxon_id);


--
-- Name: gbif_name_words_gbif_name_id_idx; Type: INDEX; Schema: public; Owner: -
--

CREATE INDEX gbif_name_words_gbif_name_id_idx ON public.gbif_name_words USING btree (gbif_name_id);


--
-- Name: gbif_name_words_word_gbif_name_id_idx; Type: INDEX; Schema: public; Owner: -
--

CREATE INDEX gbif_name_words_word_gbif_name_id_idx ON public.gbif_name_words USING btree (word, gbif_name_id);


--
-- Name: gbif_names__name_trgm; Type: INDEX; Schema: public; Owner: -
--

CREATE INDEX gbif_names__name_trgm ON public.gbif_names USING gin (name public.gin_trgm_ops);


--
-- Name: gbif_names_name_is_scientific_idx; Type: INDEX; Schema: public; Owner: -
--

CREATE INDEX gbif_names_name_is_scientific_idx ON public.gbif_names USING btree (name, is_scientific);


--
-- Name: gbif_names_taxon_id_idx; Type: INDEX; Schema: public; Owner: -
--

CREATE INDEX gbif_names_taxon_id_idx ON public.gbif_names USING btree (taxon_id);


--
-- Name: gbif_vernacular_names_taxon_id_idx; Type: INDEX; Schema: public; Owner: -
--

CREATE INDEX gbif_vernacular_names_taxon_id_idx ON public.gbif_vernacular_names USING btree (taxon_id);


--
-- Name: jobrunr_bgjobsrvrs_fsthb_idx; Type: INDEX; Schema: public; Owner: -
--

CREATE INDEX jobrunr_bgjobsrvrs_fsthb_idx ON public.jobrunr_backgroundjobservers USING btree (firstheartbeat);


--
-- Name: jobrunr_bgjobsrvrs_lsthb_idx; Type: INDEX; Schema: public; Owner: -
--

CREATE INDEX jobrunr_bgjobsrvrs_lsthb_idx ON public.jobrunr_backgroundjobservers USING btree (lastheartbeat);


--
-- Name: jobrunr_job_created_at_idx; Type: INDEX; Schema: public; Owner: -
--

CREATE INDEX jobrunr_job_created_at_idx ON public.jobrunr_jobs USING btree (createdat);


--
-- Name: jobrunr_job_rci_idx; Type: INDEX; Schema: public; Owner: -
--

CREATE INDEX jobrunr_job_rci_idx ON public.jobrunr_jobs USING btree (recurringjobid);


--
-- Name: jobrunr_job_scheduled_at_idx; Type: INDEX; Schema: public; Owner: -
--

CREATE INDEX jobrunr_job_scheduled_at_idx ON public.jobrunr_jobs USING btree (scheduledat);


--
-- Name: jobrunr_job_signature_idx; Type: INDEX; Schema: public; Owner: -
--

CREATE INDEX jobrunr_job_signature_idx ON public.jobrunr_jobs USING btree (jobsignature);


--
-- Name: jobrunr_jobs_state_updated_idx; Type: INDEX; Schema: public; Owner: -
--

CREATE INDEX jobrunr_jobs_state_updated_idx ON public.jobrunr_jobs USING btree (state, updatedat);


--
-- Name: jobrunr_recurring_job_created_at_idx; Type: INDEX; Schema: public; Owner: -
--

CREATE INDEX jobrunr_recurring_job_created_at_idx ON public.jobrunr_recurring_jobs USING btree (createdat);


--
-- Name: jobrunr_state_idx; Type: INDEX; Schema: public; Owner: -
--

CREATE INDEX jobrunr_state_idx ON public.jobrunr_jobs USING btree (state);


--
-- Name: organization_users_organization_id_idx; Type: INDEX; Schema: public; Owner: -
--

CREATE INDEX organization_users_organization_id_idx ON public.organization_users USING btree (organization_id);


--
-- Name: projects_created_by_idx; Type: INDEX; Schema: public; Owner: -
--

CREATE INDEX projects_created_by_idx ON public.projects USING btree (created_by);


--
-- Name: projects_modified_by_idx; Type: INDEX; Schema: public; Owner: -
--

CREATE INDEX projects_modified_by_idx ON public.projects USING btree (modified_by);


--
-- Name: report_files_report_id_idx; Type: INDEX; Schema: public; Owner: -
--

CREATE INDEX report_files_report_id_idx ON public.seed_fund_report_files USING btree (report_id);


--
-- Name: reports_project_id_idx; Type: INDEX; Schema: public; Owner: -
--

CREATE INDEX reports_project_id_idx ON public.seed_fund_reports USING btree (project_id);


--
-- Name: species__not_checked_ix; Type: INDEX; Schema: public; Owner: -
--

CREATE INDEX species__not_checked_ix ON public.species USING btree (id) WHERE (checked_time IS NULL);


--
-- Name: species_growth_forms_species_id_idx; Type: INDEX; Schema: public; Owner: -
--

CREATE INDEX species_growth_forms_species_id_idx ON public.species_growth_forms USING btree (species_id);


--
-- Name: species_organization_id_initial_scientific_name_idx; Type: INDEX; Schema: public; Owner: -
--

CREATE INDEX species_organization_id_initial_scientific_name_idx ON public.species USING btree (organization_id, initial_scientific_name);


--
-- Name: species_plant_material_sourcing_methods_species_id_idx; Type: INDEX; Schema: public; Owner: -
--

CREATE INDEX species_plant_material_sourcing_methods_species_id_idx ON public.species_plant_material_sourcing_methods USING btree (species_id);


--
-- Name: species_problems_species_id_idx; Type: INDEX; Schema: public; Owner: -
--

CREATE INDEX species_problems_species_id_idx ON public.species_problems USING btree (species_id);


--
-- Name: species_successional_groups_species_id_idx; Type: INDEX; Schema: public; Owner: -
--

CREATE INDEX species_successional_groups_species_id_idx ON public.species_successional_groups USING btree (species_id);


--
-- Name: spring_session_ix1; Type: INDEX; Schema: public; Owner: -
--

CREATE UNIQUE INDEX spring_session_ix1 ON public.spring_session USING btree (session_id);


--
-- Name: spring_session_ix2; Type: INDEX; Schema: public; Owner: -
--

CREATE INDEX spring_session_ix2 ON public.spring_session USING btree (expiry_time);


--
-- Name: spring_session_ix3; Type: INDEX; Schema: public; Owner: -
--

CREATE INDEX spring_session_ix3 ON public.spring_session USING btree (principal_name);


--
-- Name: timeseries_value_timeseries_id_created_time_idx; Type: INDEX; Schema: public; Owner: -
--

CREATE UNIQUE INDEX timeseries_value_timeseries_id_created_time_idx ON public.timeseries_values USING btree (timeseries_id, created_time DESC);


--
-- Name: upload_problems_upload_id_idx; Type: INDEX; Schema: public; Owner: -
--

CREATE INDEX upload_problems_upload_id_idx ON public.upload_problems USING btree (upload_id);


--
-- Name: uploads_facility_id_idx; Type: INDEX; Schema: public; Owner: -
--

CREATE INDEX uploads_facility_id_idx ON public.uploads USING btree (facility_id);


--
-- Name: user_disclaimers_user_id_idx; Type: INDEX; Schema: public; Owner: -
--

CREATE INDEX user_disclaimers_user_id_idx ON public.user_disclaimers USING btree (user_id);


--
-- Name: user_global_roles_user_id_idx; Type: INDEX; Schema: public; Owner: -
--

CREATE INDEX user_global_roles_user_id_idx ON public.user_global_roles USING btree (user_id);


--
-- Name: user_preferences_user_id_idx; Type: INDEX; Schema: public; Owner: -
--

CREATE UNIQUE INDEX user_preferences_user_id_idx ON public.user_preferences USING btree (user_id) WHERE (organization_id IS NULL);


--
-- Name: user_preferences_user_id_organization_id_idx; Type: INDEX; Schema: public; Owner: -
--

CREATE UNIQUE INDEX user_preferences_user_id_organization_id_idx ON public.user_preferences USING btree (user_id, organization_id) WHERE (organization_id IS NOT NULL);


--
-- Name: vector_store_embedding_idx; Type: INDEX; Schema: public; Owner: -
--

CREATE INDEX vector_store_embedding_idx ON public.vector_store USING hnsw (embedding public.halfvec_cosine_ops);


--
-- Name: vector_store_expr_idx; Type: INDEX; Schema: public; Owner: -
--

CREATE INDEX vector_store_expr_idx ON public.vector_store USING btree (((metadata ->> 'projectId'::text)));


--
-- Name: accession__number_trgm; Type: INDEX; Schema: seedbank; Owner: -
--

CREATE INDEX accession__number_trgm ON seedbank.accessions USING gin (number public.gin_trgm_ops);


--
-- Name: accession__received_date_ix; Type: INDEX; Schema: seedbank; Owner: -
--

CREATE INDEX accession__received_date_ix ON seedbank.accessions USING btree (received_date);


--
-- Name: accession_created_time_idx; Type: INDEX; Schema: seedbank; Owner: -
--

CREATE INDEX accession_created_time_idx ON seedbank.accessions USING btree (created_time);


--
-- Name: accession_quantity_history_accession_id_idx; Type: INDEX; Schema: seedbank; Owner: -
--

CREATE INDEX accession_quantity_history_accession_id_idx ON seedbank.accession_quantity_history USING btree (accession_id);


--
-- Name: accession_state_history_accession_id_idx; Type: INDEX; Schema: seedbank; Owner: -
--

CREATE INDEX accession_state_history_accession_id_idx ON seedbank.accession_state_history USING btree (accession_id);


--
-- Name: accession_state_history_new_state_id_updated_time_idx; Type: INDEX; Schema: seedbank; Owner: -
--

CREATE INDEX accession_state_history_new_state_id_updated_time_idx ON seedbank.accession_state_history USING btree (new_state_id, updated_time);


--
-- Name: accessions__facility_id_ix; Type: INDEX; Schema: seedbank; Owner: -
--

CREATE INDEX accessions__facility_id_ix ON seedbank.accessions USING btree (facility_id);


--
-- Name: accessions__species_id_ix; Type: INDEX; Schema: seedbank; Owner: -
--

CREATE INDEX accessions__species_id_ix ON seedbank.accessions USING btree (species_id);


--
-- Name: accessions_project_id_idx; Type: INDEX; Schema: seedbank; Owner: -
--

CREATE INDEX accessions_project_id_idx ON seedbank.accessions USING btree (project_id);


--
-- Name: geolocation__accession_id_ix; Type: INDEX; Schema: seedbank; Owner: -
--

CREATE INDEX geolocation__accession_id_ix ON seedbank.geolocations USING btree (accession_id);


--
-- Name: viability_test__accession_id_ix; Type: INDEX; Schema: seedbank; Owner: -
--

CREATE INDEX viability_test__accession_id_ix ON seedbank.viability_tests USING btree (accession_id);


--
-- Name: viability_test_results__test_id_ix; Type: INDEX; Schema: seedbank; Owner: -
--

CREATE INDEX viability_test_results__test_id_ix ON seedbank.viability_test_results USING btree (test_id);


--
-- Name: viability_tests__accession_id_ix; Type: INDEX; Schema: seedbank; Owner: -
--

CREATE INDEX viability_tests__accession_id_ix ON seedbank.viability_tests USING btree (accession_id);


--
-- Name: withdrawal__accession_id_ix; Type: INDEX; Schema: seedbank; Owner: -
--

CREATE INDEX withdrawal__accession_id_ix ON seedbank.withdrawals USING btree (accession_id);


--
-- Name: withdrawal__date_ix; Type: INDEX; Schema: seedbank; Owner: -
--

CREATE INDEX withdrawal__date_ix ON seedbank.withdrawals USING btree (date);


--
-- Name: withdrawals_batch_id_idx; Type: INDEX; Schema: seedbank; Owner: -
--

CREATE INDEX withdrawals_batch_id_idx ON seedbank.withdrawals USING btree (batch_id);


--
-- Name: draft_planting_sites_organization_id_idx; Type: INDEX; Schema: tracking; Owner: -
--

CREATE INDEX draft_planting_sites_organization_id_idx ON tracking.draft_planting_sites USING btree (organization_id);


--
-- Name: draft_planting_sites_project_id_idx; Type: INDEX; Schema: tracking; Owner: -
--

CREATE INDEX draft_planting_sites_project_id_idx ON tracking.draft_planting_sites USING btree (project_id);


--
-- Name: monitoring_plot_histories_created_by_idx; Type: INDEX; Schema: tracking; Owner: -
--

CREATE INDEX monitoring_plot_histories_created_by_idx ON tracking.monitoring_plot_histories USING btree (created_by);


--
-- Name: monitoring_plot_histories_monitoring_plot_id_idx; Type: INDEX; Schema: tracking; Owner: -
--

CREATE INDEX monitoring_plot_histories_monitoring_plot_id_idx ON tracking.monitoring_plot_histories USING btree (monitoring_plot_id);


--
-- Name: monitoring_plot_histories_planting_site_history_id_idx; Type: INDEX; Schema: tracking; Owner: -
--

CREATE INDEX monitoring_plot_histories_planting_site_history_id_idx ON tracking.monitoring_plot_histories USING btree (planting_site_history_id);


--
-- Name: monitoring_plot_histories_planting_site_id_idx; Type: INDEX; Schema: tracking; Owner: -
--

CREATE INDEX monitoring_plot_histories_planting_site_id_idx ON tracking.monitoring_plot_histories USING btree (planting_site_id);


--
-- Name: monitoring_plot_histories_substratum_history_id_idx; Type: INDEX; Schema: tracking; Owner: -
--

CREATE INDEX monitoring_plot_histories_substratum_history_id_idx ON tracking.monitoring_plot_histories USING btree (substratum_history_id);


--
-- Name: monitoring_plot_histories_substratum_id_idx; Type: INDEX; Schema: tracking; Owner: -
--

CREATE INDEX monitoring_plot_histories_substratum_id_idx ON tracking.monitoring_plot_histories USING btree (substratum_id);


--
-- Name: monitoring_plot_overlaps_overlaps_plot_id_idx; Type: INDEX; Schema: tracking; Owner: -
--

CREATE INDEX monitoring_plot_overlaps_overlaps_plot_id_idx ON tracking.monitoring_plot_overlaps USING btree (overlaps_plot_id);


--
-- Name: monitoring_plots_planting_site_id_idx; Type: INDEX; Schema: tracking; Owner: -
--

CREATE INDEX monitoring_plots_planting_site_id_idx ON tracking.monitoring_plots USING btree (planting_site_id);


--
-- Name: monitoring_plots_substratum_id_idx; Type: INDEX; Schema: tracking; Owner: -
--

CREATE INDEX monitoring_plots_substratum_id_idx ON tracking.monitoring_plots USING btree (substratum_id);


--
-- Name: observation_biomass_details_monitoring_plot_id_idx; Type: INDEX; Schema: tracking; Owner: -
--

CREATE INDEX observation_biomass_details_monitoring_plot_id_idx ON tracking.observation_biomass_details USING btree (monitoring_plot_id);


--
-- Name: observation_biomass_quadrat_details_monitoring_plot_id_idx; Type: INDEX; Schema: tracking; Owner: -
--

CREATE INDEX observation_biomass_quadrat_details_monitoring_plot_id_idx ON tracking.observation_biomass_quadrat_details USING btree (monitoring_plot_id);


--
-- Name: observation_biomass_quadrat_species_monitoring_plot_id_idx; Type: INDEX; Schema: tracking; Owner: -
--

CREATE INDEX observation_biomass_quadrat_species_monitoring_plot_id_idx ON tracking.observation_biomass_quadrat_species USING btree (monitoring_plot_id);


--
-- Name: observation_biomass_species_monitoring_plot_id_idx; Type: INDEX; Schema: tracking; Owner: -
--

CREATE INDEX observation_biomass_species_monitoring_plot_id_idx ON tracking.observation_biomass_species USING btree (monitoring_plot_id);


--
-- Name: observation_biomass_species_observation_id_idx; Type: INDEX; Schema: tracking; Owner: -
--

CREATE INDEX observation_biomass_species_observation_id_idx ON tracking.observation_biomass_species USING btree (observation_id);


--
-- Name: observation_biomass_species_observation_id_monitoring_plot__idx; Type: INDEX; Schema: tracking; Owner: -
--

CREATE UNIQUE INDEX observation_biomass_species_observation_id_monitoring_plot__idx ON tracking.observation_biomass_species USING btree (observation_id, monitoring_plot_id, species_id) WHERE (species_id IS NOT NULL);


--
-- Name: observation_biomass_species_observation_id_monitoring_plot_idx1; Type: INDEX; Schema: tracking; Owner: -
--

CREATE UNIQUE INDEX observation_biomass_species_observation_id_monitoring_plot_idx1 ON tracking.observation_biomass_species USING btree (observation_id, monitoring_plot_id, scientific_name) WHERE (scientific_name IS NOT NULL);


--
-- Name: observation_photos_file_id_idx; Type: INDEX; Schema: tracking; Owner: -
--

CREATE INDEX observation_photos_file_id_idx ON tracking.observation_media_files USING btree (file_id);


--
-- Name: observation_photos_monitoring_plot_id_idx; Type: INDEX; Schema: tracking; Owner: -
--

CREATE INDEX observation_photos_monitoring_plot_id_idx ON tracking.observation_media_files USING btree (monitoring_plot_id);


--
-- Name: observation_plot_conditions_monitoring_plot_id_idx; Type: INDEX; Schema: tracking; Owner: -
--

CREATE INDEX observation_plot_conditions_monitoring_plot_id_idx ON tracking.observation_plot_conditions USING btree (monitoring_plot_id);


--
-- Name: observation_plots_monitoring_plot_history_id_idx; Type: INDEX; Schema: tracking; Owner: -
--

CREATE INDEX observation_plots_monitoring_plot_history_id_idx ON tracking.observation_plots USING btree (monitoring_plot_history_id);


--
-- Name: observation_plots_monitoring_plot_id_idx; Type: INDEX; Schema: tracking; Owner: -
--

CREATE INDEX observation_plots_monitoring_plot_id_idx ON tracking.observation_plots USING btree (monitoring_plot_id);


--
-- Name: observation_requested_substrata_substratum_id_idx; Type: INDEX; Schema: tracking; Owner: -
--

CREATE INDEX observation_requested_substrata_substratum_id_idx ON tracking.observation_requested_substrata USING btree (substratum_id);


--
-- Name: observations_planting_site_history_id_idx; Type: INDEX; Schema: tracking; Owner: -
--

CREATE INDEX observations_planting_site_history_id_idx ON tracking.observations USING btree (planting_site_history_id);


--
-- Name: observations_planting_site_id_idx; Type: INDEX; Schema: tracking; Owner: -
--

CREATE INDEX observations_planting_site_id_idx ON tracking.observations USING btree (planting_site_id);


--
-- Name: observed_plot_species_totals_monitoring_plot_id_idx; Type: INDEX; Schema: tracking; Owner: -
--

CREATE INDEX observed_plot_species_totals_monitoring_plot_id_idx ON tracking.observed_plot_species_totals USING btree (monitoring_plot_id);


--
-- Name: observed_plot_species_totals_observation_id_idx; Type: INDEX; Schema: tracking; Owner: -
--

CREATE INDEX observed_plot_species_totals_observation_id_idx ON tracking.observed_plot_species_totals USING btree (observation_id);


--
-- Name: observed_plot_species_totals_observation_id_monitoring_plo_idx1; Type: INDEX; Schema: tracking; Owner: -
--

CREATE UNIQUE INDEX observed_plot_species_totals_observation_id_monitoring_plo_idx1 ON tracking.observed_plot_species_totals USING btree (observation_id, monitoring_plot_id, species_name) WHERE (species_name IS NOT NULL);


--
-- Name: observed_plot_species_totals_observation_id_monitoring_plo_idx2; Type: INDEX; Schema: tracking; Owner: -
--

CREATE UNIQUE INDEX observed_plot_species_totals_observation_id_monitoring_plo_idx2 ON tracking.observed_plot_species_totals USING btree (observation_id, monitoring_plot_id) WHERE ((species_id IS NULL) AND (species_name IS NULL));


--
-- Name: observed_plot_species_totals_observation_id_monitoring_plot_idx; Type: INDEX; Schema: tracking; Owner: -
--

CREATE UNIQUE INDEX observed_plot_species_totals_observation_id_monitoring_plot_idx ON tracking.observed_plot_species_totals USING btree (observation_id, monitoring_plot_id, species_id) WHERE (species_id IS NOT NULL);


--
-- Name: observed_plot_species_totals_species_id_idx; Type: INDEX; Schema: tracking; Owner: -
--

CREATE INDEX observed_plot_species_totals_species_id_idx ON tracking.observed_plot_species_totals USING btree (species_id);


--
-- Name: observed_site_species_totals_observation_id_idx; Type: INDEX; Schema: tracking; Owner: -
--

CREATE INDEX observed_site_species_totals_observation_id_idx ON tracking.observed_site_species_totals USING btree (observation_id);


--
-- Name: observed_site_species_totals_observation_id_planting_site__idx1; Type: INDEX; Schema: tracking; Owner: -
--

CREATE UNIQUE INDEX observed_site_species_totals_observation_id_planting_site__idx1 ON tracking.observed_site_species_totals USING btree (observation_id, planting_site_id, species_name) WHERE (species_name IS NOT NULL);


--
-- Name: observed_site_species_totals_observation_id_planting_site__idx2; Type: INDEX; Schema: tracking; Owner: -
--

CREATE UNIQUE INDEX observed_site_species_totals_observation_id_planting_site__idx2 ON tracking.observed_site_species_totals USING btree (observation_id, planting_site_id) WHERE ((species_id IS NULL) AND (species_name IS NULL));


--
-- Name: observed_site_species_totals_observation_id_planting_site_i_idx; Type: INDEX; Schema: tracking; Owner: -
--

CREATE UNIQUE INDEX observed_site_species_totals_observation_id_planting_site_i_idx ON tracking.observed_site_species_totals USING btree (observation_id, planting_site_id, species_id) WHERE (species_id IS NOT NULL);


--
-- Name: observed_site_species_totals_planting_site_id_idx; Type: INDEX; Schema: tracking; Owner: -
--

CREATE INDEX observed_site_species_totals_planting_site_id_idx ON tracking.observed_site_species_totals USING btree (planting_site_id);


--
-- Name: observed_site_species_totals_species_id_idx; Type: INDEX; Schema: tracking; Owner: -
--

CREATE INDEX observed_site_species_totals_species_id_idx ON tracking.observed_site_species_totals USING btree (species_id);


--
-- Name: observed_stratum_sp_totals_observation_id_stratum_idx; Type: INDEX; Schema: tracking; Owner: -
--

CREATE UNIQUE INDEX observed_stratum_sp_totals_observation_id_stratum_idx ON tracking.observed_stratum_species_totals USING btree (observation_id, stratum_id, species_id) WHERE (species_id IS NOT NULL);


--
-- Name: observed_stratum_sp_totals_observation_id_stratum_idx1; Type: INDEX; Schema: tracking; Owner: -
--

CREATE UNIQUE INDEX observed_stratum_sp_totals_observation_id_stratum_idx1 ON tracking.observed_stratum_species_totals USING btree (observation_id, stratum_id, species_name) WHERE (species_name IS NOT NULL);


--
-- Name: observed_stratum_sp_totals_observation_id_stratum_idx2; Type: INDEX; Schema: tracking; Owner: -
--

CREATE UNIQUE INDEX observed_stratum_sp_totals_observation_id_stratum_idx2 ON tracking.observed_stratum_species_totals USING btree (observation_id, stratum_id) WHERE ((species_id IS NULL) AND (species_name IS NULL));


--
-- Name: observed_stratum_species_totals_observation_id_idx; Type: INDEX; Schema: tracking; Owner: -
--

CREATE INDEX observed_stratum_species_totals_observation_id_idx ON tracking.observed_stratum_species_totals USING btree (observation_id);


--
-- Name: observed_stratum_species_totals_species_id_idx; Type: INDEX; Schema: tracking; Owner: -
--

CREATE INDEX observed_stratum_species_totals_species_id_idx ON tracking.observed_stratum_species_totals USING btree (species_id);


--
-- Name: observed_stratum_species_totals_stratum_id_idx; Type: INDEX; Schema: tracking; Owner: -
--

CREATE INDEX observed_stratum_species_totals_stratum_id_idx ON tracking.observed_stratum_species_totals USING btree (stratum_id);


--
-- Name: observed_substratum_sp_totals_observation_id_substr_idx; Type: INDEX; Schema: tracking; Owner: -
--

CREATE UNIQUE INDEX observed_substratum_sp_totals_observation_id_substr_idx ON tracking.observed_substratum_species_totals USING btree (observation_id, substratum_id, species_id) WHERE (species_id IS NOT NULL);


--
-- Name: observed_substratum_sp_totals_observation_id_substr_idx1; Type: INDEX; Schema: tracking; Owner: -
--

CREATE UNIQUE INDEX observed_substratum_sp_totals_observation_id_substr_idx1 ON tracking.observed_substratum_species_totals USING btree (observation_id, substratum_id, species_name) WHERE (species_name IS NOT NULL);


--
-- Name: observed_substratum_sp_totals_observation_id_substr_idx2; Type: INDEX; Schema: tracking; Owner: -
--

CREATE UNIQUE INDEX observed_substratum_sp_totals_observation_id_substr_idx2 ON tracking.observed_substratum_species_totals USING btree (observation_id, substratum_id) WHERE ((species_id IS NULL) AND (species_name IS NULL));


--
-- Name: observed_substratum_species_totals_observation_id_idx; Type: INDEX; Schema: tracking; Owner: -
--

CREATE INDEX observed_substratum_species_totals_observation_id_idx ON tracking.observed_substratum_species_totals USING btree (observation_id);


--
-- Name: observed_substratum_species_totals_species_id_idx; Type: INDEX; Schema: tracking; Owner: -
--

CREATE INDEX observed_substratum_species_totals_species_id_idx ON tracking.observed_substratum_species_totals USING btree (species_id);


--
-- Name: observed_substratum_species_totals_substratum_id_idx; Type: INDEX; Schema: tracking; Owner: -
--

CREATE INDEX observed_substratum_species_totals_substratum_id_idx ON tracking.observed_substratum_species_totals USING btree (substratum_id);


--
-- Name: planting_seasons_is_active_end_time_idx; Type: INDEX; Schema: tracking; Owner: -
--

CREATE INDEX planting_seasons_is_active_end_time_idx ON tracking.planting_seasons USING btree (is_active, end_time);


--
-- Name: planting_seasons_is_active_start_time_end_time_idx; Type: INDEX; Schema: tracking; Owner: -
--

CREATE INDEX planting_seasons_is_active_start_time_end_time_idx ON tracking.planting_seasons USING btree (is_active, start_time, end_time);


--
-- Name: planting_seasons_planting_site_id_idx; Type: INDEX; Schema: tracking; Owner: -
--

CREATE INDEX planting_seasons_planting_site_id_idx ON tracking.planting_seasons USING btree (planting_site_id);


--
-- Name: planting_site_histories_planting_site_id_idx; Type: INDEX; Schema: tracking; Owner: -
--

CREATE INDEX planting_site_histories_planting_site_id_idx ON tracking.planting_site_histories USING btree (planting_site_id);


--
-- Name: planting_sites_project_id_idx; Type: INDEX; Schema: tracking; Owner: -
--

CREATE INDEX planting_sites_project_id_idx ON tracking.planting_sites USING btree (project_id);


--
-- Name: plantings_delivery_id_idx; Type: INDEX; Schema: tracking; Owner: -
--

CREATE INDEX plantings_delivery_id_idx ON tracking.plantings USING btree (delivery_id);


--
-- Name: plantings_species_id_idx; Type: INDEX; Schema: tracking; Owner: -
--

CREATE INDEX plantings_species_id_idx ON tracking.plantings USING btree (species_id);


--
-- Name: plantings_substratum_id_idx; Type: INDEX; Schema: tracking; Owner: -
--

CREATE INDEX plantings_substratum_id_idx ON tracking.plantings USING btree (substratum_id);


--
-- Name: recorded_plants_monitoring_plot_id_idx; Type: INDEX; Schema: tracking; Owner: -
--

CREATE INDEX recorded_plants_monitoring_plot_id_idx ON tracking.recorded_plants USING btree (monitoring_plot_id);


--
-- Name: recorded_plants_observation_id_monitoring_plot_id_idx; Type: INDEX; Schema: tracking; Owner: -
--

CREATE INDEX recorded_plants_observation_id_monitoring_plot_id_idx ON tracking.recorded_plants USING btree (observation_id, monitoring_plot_id);


--
-- Name: recorded_plants_species_id_idx; Type: INDEX; Schema: tracking; Owner: -
--

CREATE INDEX recorded_plants_species_id_idx ON tracking.recorded_plants USING btree (species_id);


--
-- Name: stratum_histories_planting_site_history_id_idx; Type: INDEX; Schema: tracking; Owner: -
--

CREATE INDEX stratum_histories_planting_site_history_id_idx ON tracking.stratum_histories USING btree (planting_site_history_id);


--
-- Name: stratum_histories_stratum_id_idx; Type: INDEX; Schema: tracking; Owner: -
--

CREATE INDEX stratum_histories_stratum_id_idx ON tracking.stratum_histories USING btree (stratum_id);


--
-- Name: substratum_histories_stratum_history_id_idx; Type: INDEX; Schema: tracking; Owner: -
--

CREATE INDEX substratum_histories_stratum_history_id_idx ON tracking.substratum_histories USING btree (stratum_history_id);


--
-- Name: substratum_histories_substratum_id_idx; Type: INDEX; Schema: tracking; Owner: -
--

CREATE INDEX substratum_histories_substratum_id_idx ON tracking.substratum_histories USING btree (substratum_id);


--
-- Name: variable_image_values variable_image_values_no_delete; Type: TRIGGER; Schema: docprod; Owner: -
--

CREATE TRIGGER variable_image_values_no_delete BEFORE DELETE ON docprod.variable_image_values FOR EACH ROW EXECUTE FUNCTION docprod.reject_delete_value_child();


--
-- Name: variable_image_values variable_image_values_no_update; Type: TRIGGER; Schema: docprod; Owner: -
--

CREATE TRIGGER variable_image_values_no_update BEFORE UPDATE ON docprod.variable_image_values FOR EACH ROW EXECUTE FUNCTION docprod.reject_update();


--
-- Name: variable_section_values variable_section_values_no_delete; Type: TRIGGER; Schema: docprod; Owner: -
--

CREATE TRIGGER variable_section_values_no_delete BEFORE DELETE ON docprod.variable_section_values FOR EACH ROW EXECUTE FUNCTION docprod.reject_delete_value_child();


--
-- Name: variable_section_values variable_section_values_no_update; Type: TRIGGER; Schema: docprod; Owner: -
--

CREATE TRIGGER variable_section_values_no_update BEFORE UPDATE ON docprod.variable_section_values FOR EACH ROW EXECUTE FUNCTION docprod.reject_update();


--
-- Name: variable_select_option_values variable_select_option_values_no_delete; Type: TRIGGER; Schema: docprod; Owner: -
--

CREATE TRIGGER variable_select_option_values_no_delete BEFORE DELETE ON docprod.variable_select_option_values FOR EACH ROW EXECUTE FUNCTION docprod.reject_delete_value_child();


--
-- Name: variable_select_option_values variable_select_option_values_no_update; Type: TRIGGER; Schema: docprod; Owner: -
--

CREATE TRIGGER variable_select_option_values_no_update BEFORE UPDATE ON docprod.variable_select_option_values FOR EACH ROW EXECUTE FUNCTION docprod.reject_update();


--
-- Name: variable_values variable_values_no_delete; Type: TRIGGER; Schema: docprod; Owner: -
--

CREATE TRIGGER variable_values_no_delete BEFORE DELETE ON docprod.variable_values FOR EACH ROW EXECUTE FUNCTION docprod.reject_delete_value();


--
-- Name: variable_values variable_values_no_update; Type: TRIGGER; Schema: docprod; Owner: -
--

CREATE TRIGGER variable_values_no_update BEFORE UPDATE ON docprod.variable_values FOR EACH ROW EXECUTE FUNCTION docprod.reject_update_value();


--
-- Name: variables variables_no_delete; Type: TRIGGER; Schema: docprod; Owner: -
--

CREATE TRIGGER variables_no_delete BEFORE DELETE ON docprod.variables FOR EACH ROW EXECUTE FUNCTION docprod.reject_delete();


--
-- Name: variables variables_no_update; Type: TRIGGER; Schema: docprod; Owner: -
--

CREATE TRIGGER variables_no_update BEFORE UPDATE ON docprod.variables FOR EACH ROW EXECUTE FUNCTION docprod.reject_update();


--
-- Name: activities activities_activity_status_id_fkey; Type: FK CONSTRAINT; Schema: accelerator; Owner: -
--

ALTER TABLE ONLY accelerator.activities
    ADD CONSTRAINT activities_activity_status_id_fkey FOREIGN KEY (activity_status_id) REFERENCES accelerator.activity_statuses(id);


--
-- Name: activities activities_activity_type_id_fkey; Type: FK CONSTRAINT; Schema: accelerator; Owner: -
--

ALTER TABLE ONLY accelerator.activities
    ADD CONSTRAINT activities_activity_type_id_fkey FOREIGN KEY (activity_type_id) REFERENCES accelerator.activity_types(id);


--
-- Name: activities activities_created_by_fkey; Type: FK CONSTRAINT; Schema: accelerator; Owner: -
--

ALTER TABLE ONLY accelerator.activities
    ADD CONSTRAINT activities_created_by_fkey FOREIGN KEY (created_by) REFERENCES public.users(id);


--
-- Name: activities activities_modified_by_fkey; Type: FK CONSTRAINT; Schema: accelerator; Owner: -
--

ALTER TABLE ONLY accelerator.activities
    ADD CONSTRAINT activities_modified_by_fkey FOREIGN KEY (modified_by) REFERENCES public.users(id);


--
-- Name: activities activities_project_id_fkey; Type: FK CONSTRAINT; Schema: accelerator; Owner: -
--

ALTER TABLE ONLY accelerator.activities
    ADD CONSTRAINT activities_project_id_fkey FOREIGN KEY (project_id) REFERENCES public.projects(id) ON DELETE CASCADE;


--
-- Name: activities activities_verified_by_fkey; Type: FK CONSTRAINT; Schema: accelerator; Owner: -
--

ALTER TABLE ONLY accelerator.activities
    ADD CONSTRAINT activities_verified_by_fkey FOREIGN KEY (verified_by) REFERENCES public.users(id);


--
-- Name: activity_media_files activity_media_files_activity_id_fkey; Type: FK CONSTRAINT; Schema: accelerator; Owner: -
--

ALTER TABLE ONLY accelerator.activity_media_files
    ADD CONSTRAINT activity_media_files_activity_id_fkey FOREIGN KEY (activity_id) REFERENCES accelerator.activities(id);


--
-- Name: activity_media_files activity_media_files_activity_media_type_id_fkey; Type: FK CONSTRAINT; Schema: accelerator; Owner: -
--

ALTER TABLE ONLY accelerator.activity_media_files
    ADD CONSTRAINT activity_media_files_activity_media_type_id_fkey FOREIGN KEY (activity_media_type_id) REFERENCES accelerator.activity_media_types(id);


--
-- Name: activity_media_files activity_media_files_file_id_fkey; Type: FK CONSTRAINT; Schema: accelerator; Owner: -
--

ALTER TABLE ONLY accelerator.activity_media_files
    ADD CONSTRAINT activity_media_files_file_id_fkey FOREIGN KEY (file_id) REFERENCES public.files(id) ON DELETE CASCADE;


--
-- Name: application_histories application_histories_application_id_fkey; Type: FK CONSTRAINT; Schema: accelerator; Owner: -
--

ALTER TABLE ONLY accelerator.application_histories
    ADD CONSTRAINT application_histories_application_id_fkey FOREIGN KEY (application_id) REFERENCES accelerator.applications(id) ON DELETE CASCADE;


--
-- Name: application_histories application_histories_application_status_id_fkey; Type: FK CONSTRAINT; Schema: accelerator; Owner: -
--

ALTER TABLE ONLY accelerator.application_histories
    ADD CONSTRAINT application_histories_application_status_id_fkey FOREIGN KEY (application_status_id) REFERENCES accelerator.application_statuses(id);


--
-- Name: application_histories application_histories_modified_by_fkey; Type: FK CONSTRAINT; Schema: accelerator; Owner: -
--

ALTER TABLE ONLY accelerator.application_histories
    ADD CONSTRAINT application_histories_modified_by_fkey FOREIGN KEY (modified_by) REFERENCES public.users(id);


--
-- Name: application_modules application_modules_application_id_fkey; Type: FK CONSTRAINT; Schema: accelerator; Owner: -
--

ALTER TABLE ONLY accelerator.application_modules
    ADD CONSTRAINT application_modules_application_id_fkey FOREIGN KEY (application_id) REFERENCES accelerator.applications(id) ON DELETE CASCADE;


--
-- Name: application_modules application_modules_application_module_status_id_fkey; Type: FK CONSTRAINT; Schema: accelerator; Owner: -
--

ALTER TABLE ONLY accelerator.application_modules
    ADD CONSTRAINT application_modules_application_module_status_id_fkey FOREIGN KEY (application_module_status_id) REFERENCES accelerator.application_module_statuses(id);


--
-- Name: application_modules application_modules_module_id_fkey; Type: FK CONSTRAINT; Schema: accelerator; Owner: -
--

ALTER TABLE ONLY accelerator.application_modules
    ADD CONSTRAINT application_modules_module_id_fkey FOREIGN KEY (module_id) REFERENCES accelerator.modules(id);


--
-- Name: applications applications_application_status_id_fkey; Type: FK CONSTRAINT; Schema: accelerator; Owner: -
--

ALTER TABLE ONLY accelerator.applications
    ADD CONSTRAINT applications_application_status_id_fkey FOREIGN KEY (application_status_id) REFERENCES accelerator.application_statuses(id);


--
-- Name: applications applications_country_code_fkey; Type: FK CONSTRAINT; Schema: accelerator; Owner: -
--

ALTER TABLE ONLY accelerator.applications
    ADD CONSTRAINT applications_country_code_fkey FOREIGN KEY (country_code) REFERENCES public.countries(code);


--
-- Name: applications applications_created_by_fkey; Type: FK CONSTRAINT; Schema: accelerator; Owner: -
--

ALTER TABLE ONLY accelerator.applications
    ADD CONSTRAINT applications_created_by_fkey FOREIGN KEY (created_by) REFERENCES public.users(id);


--
-- Name: applications applications_modified_by_fkey; Type: FK CONSTRAINT; Schema: accelerator; Owner: -
--

ALTER TABLE ONLY accelerator.applications
    ADD CONSTRAINT applications_modified_by_fkey FOREIGN KEY (modified_by) REFERENCES public.users(id);


--
-- Name: applications applications_project_id_fkey; Type: FK CONSTRAINT; Schema: accelerator; Owner: -
--

ALTER TABLE ONLY accelerator.applications
    ADD CONSTRAINT applications_project_id_fkey FOREIGN KEY (project_id) REFERENCES public.projects(id) ON DELETE CASCADE;


--
-- Name: cohort_modules cohort_modules_cohort_id_fkey; Type: FK CONSTRAINT; Schema: accelerator; Owner: -
--

ALTER TABLE ONLY accelerator.cohort_modules
    ADD CONSTRAINT cohort_modules_cohort_id_fkey FOREIGN KEY (cohort_id) REFERENCES accelerator.cohorts(id);


--
-- Name: cohort_modules cohort_modules_module_id_fkey; Type: FK CONSTRAINT; Schema: accelerator; Owner: -
--

ALTER TABLE ONLY accelerator.cohort_modules
    ADD CONSTRAINT cohort_modules_module_id_fkey FOREIGN KEY (module_id) REFERENCES accelerator.modules(id);


--
-- Name: cohorts cohorts_created_by_fkey; Type: FK CONSTRAINT; Schema: accelerator; Owner: -
--

ALTER TABLE ONLY accelerator.cohorts
    ADD CONSTRAINT cohorts_created_by_fkey FOREIGN KEY (created_by) REFERENCES public.users(id);


--
-- Name: cohorts cohorts_modified_by_fkey; Type: FK CONSTRAINT; Schema: accelerator; Owner: -
--

ALTER TABLE ONLY accelerator.cohorts
    ADD CONSTRAINT cohorts_modified_by_fkey FOREIGN KEY (modified_by) REFERENCES public.users(id);


--
-- Name: cohorts cohorts_phase_id_fkey; Type: FK CONSTRAINT; Schema: accelerator; Owner: -
--

ALTER TABLE ONLY accelerator.cohorts
    ADD CONSTRAINT cohorts_phase_id_fkey FOREIGN KEY (phase_id) REFERENCES accelerator.cohort_phases(id);


--
-- Name: deal_stages deal_stages_pipeline_id_fkey; Type: FK CONSTRAINT; Schema: accelerator; Owner: -
--

ALTER TABLE ONLY accelerator.deal_stages
    ADD CONSTRAINT deal_stages_pipeline_id_fkey FOREIGN KEY (pipeline_id) REFERENCES accelerator.pipelines(id);


--
-- Name: default_voters default_voters_user_id_fkey; Type: FK CONSTRAINT; Schema: accelerator; Owner: -
--

ALTER TABLE ONLY accelerator.default_voters
    ADD CONSTRAINT default_voters_user_id_fkey FOREIGN KEY (user_id) REFERENCES public.users(id) ON DELETE CASCADE;


--
-- Name: deliverable_categories deliverable_categories_internal_interest_id_fkey; Type: FK CONSTRAINT; Schema: accelerator; Owner: -
--

ALTER TABLE ONLY accelerator.deliverable_categories
    ADD CONSTRAINT deliverable_categories_internal_interest_id_fkey FOREIGN KEY (internal_interest_id) REFERENCES accelerator.internal_interests(id) ON DELETE RESTRICT;


--
-- Name: deliverable_cohort_due_dates deliverable_cohort_due_dates_cohort_id_fkey; Type: FK CONSTRAINT; Schema: accelerator; Owner: -
--

ALTER TABLE ONLY accelerator.deliverable_cohort_due_dates
    ADD CONSTRAINT deliverable_cohort_due_dates_cohort_id_fkey FOREIGN KEY (cohort_id) REFERENCES accelerator.cohorts(id) ON DELETE CASCADE;


--
-- Name: deliverable_cohort_due_dates deliverable_cohort_due_dates_deliverable_id_fkey; Type: FK CONSTRAINT; Schema: accelerator; Owner: -
--

ALTER TABLE ONLY accelerator.deliverable_cohort_due_dates
    ADD CONSTRAINT deliverable_cohort_due_dates_deliverable_id_fkey FOREIGN KEY (deliverable_id) REFERENCES accelerator.deliverables(id) ON DELETE CASCADE;


--
-- Name: deliverable_documents deliverable_documents_deliverable_id_deliverable_type_id_fkey; Type: FK CONSTRAINT; Schema: accelerator; Owner: -
--

ALTER TABLE ONLY accelerator.deliverable_documents
    ADD CONSTRAINT deliverable_documents_deliverable_id_deliverable_type_id_fkey FOREIGN KEY (deliverable_id, deliverable_type_id) REFERENCES accelerator.deliverables(id, deliverable_type_id);


--
-- Name: deliverable_documents deliverable_documents_deliverable_id_fkey; Type: FK CONSTRAINT; Schema: accelerator; Owner: -
--

ALTER TABLE ONLY accelerator.deliverable_documents
    ADD CONSTRAINT deliverable_documents_deliverable_id_fkey FOREIGN KEY (deliverable_id) REFERENCES accelerator.deliverables(id);


--
-- Name: deliverable_documents deliverable_documents_deliverable_type_id_fkey; Type: FK CONSTRAINT; Schema: accelerator; Owner: -
--

ALTER TABLE ONLY accelerator.deliverable_documents
    ADD CONSTRAINT deliverable_documents_deliverable_type_id_fkey FOREIGN KEY (deliverable_type_id) REFERENCES accelerator.deliverable_types(id);


--
-- Name: deliverable_project_due_dates deliverable_project_due_dates_deliverable_id_fkey; Type: FK CONSTRAINT; Schema: accelerator; Owner: -
--

ALTER TABLE ONLY accelerator.deliverable_project_due_dates
    ADD CONSTRAINT deliverable_project_due_dates_deliverable_id_fkey FOREIGN KEY (deliverable_id) REFERENCES accelerator.deliverables(id) ON DELETE CASCADE;


--
-- Name: deliverable_project_due_dates deliverable_project_due_dates_project_id_fkey; Type: FK CONSTRAINT; Schema: accelerator; Owner: -
--

ALTER TABLE ONLY accelerator.deliverable_project_due_dates
    ADD CONSTRAINT deliverable_project_due_dates_project_id_fkey FOREIGN KEY (project_id) REFERENCES public.projects(id) ON DELETE CASCADE;


--
-- Name: deliverable_variables deliverable_variables_deliverable_id_fkey; Type: FK CONSTRAINT; Schema: accelerator; Owner: -
--

ALTER TABLE ONLY accelerator.deliverable_variables
    ADD CONSTRAINT deliverable_variables_deliverable_id_fkey FOREIGN KEY (deliverable_id) REFERENCES accelerator.deliverables(id) ON DELETE CASCADE;


--
-- Name: deliverable_variables deliverable_variables_variable_id_fkey; Type: FK CONSTRAINT; Schema: accelerator; Owner: -
--

ALTER TABLE ONLY accelerator.deliverable_variables
    ADD CONSTRAINT deliverable_variables_variable_id_fkey FOREIGN KEY (variable_id) REFERENCES docprod.variables(id) ON DELETE CASCADE;


--
-- Name: deliverables deliverables_created_by_fkey; Type: FK CONSTRAINT; Schema: accelerator; Owner: -
--

ALTER TABLE ONLY accelerator.deliverables
    ADD CONSTRAINT deliverables_created_by_fkey FOREIGN KEY (created_by) REFERENCES public.users(id);


--
-- Name: deliverables deliverables_deliverable_category_id_fkey; Type: FK CONSTRAINT; Schema: accelerator; Owner: -
--

ALTER TABLE ONLY accelerator.deliverables
    ADD CONSTRAINT deliverables_deliverable_category_id_fkey FOREIGN KEY (deliverable_category_id) REFERENCES accelerator.deliverable_categories(id);


--
-- Name: deliverables deliverables_deliverable_type_id_fkey; Type: FK CONSTRAINT; Schema: accelerator; Owner: -
--

ALTER TABLE ONLY accelerator.deliverables
    ADD CONSTRAINT deliverables_deliverable_type_id_fkey FOREIGN KEY (deliverable_type_id) REFERENCES accelerator.deliverable_types(id);


--
-- Name: deliverables deliverables_modified_by_fkey; Type: FK CONSTRAINT; Schema: accelerator; Owner: -
--

ALTER TABLE ONLY accelerator.deliverables
    ADD CONSTRAINT deliverables_modified_by_fkey FOREIGN KEY (modified_by) REFERENCES public.users(id);


--
-- Name: deliverables deliverables_module_id_fkey; Type: FK CONSTRAINT; Schema: accelerator; Owner: -
--

ALTER TABLE ONLY accelerator.deliverables
    ADD CONSTRAINT deliverables_module_id_fkey FOREIGN KEY (module_id) REFERENCES accelerator.modules(id);


--
-- Name: event_projects event_projects_event_id_fkey; Type: FK CONSTRAINT; Schema: accelerator; Owner: -
--

ALTER TABLE ONLY accelerator.event_projects
    ADD CONSTRAINT event_projects_event_id_fkey FOREIGN KEY (event_id) REFERENCES accelerator.events(id) ON DELETE CASCADE;


--
-- Name: event_projects event_projects_project_id_fkey; Type: FK CONSTRAINT; Schema: accelerator; Owner: -
--

ALTER TABLE ONLY accelerator.event_projects
    ADD CONSTRAINT event_projects_project_id_fkey FOREIGN KEY (project_id) REFERENCES public.projects(id) ON DELETE CASCADE;


--
-- Name: events events_created_by_fkey; Type: FK CONSTRAINT; Schema: accelerator; Owner: -
--

ALTER TABLE ONLY accelerator.events
    ADD CONSTRAINT events_created_by_fkey FOREIGN KEY (created_by) REFERENCES public.users(id);


--
-- Name: events events_event_status_id_fkey; Type: FK CONSTRAINT; Schema: accelerator; Owner: -
--

ALTER TABLE ONLY accelerator.events
    ADD CONSTRAINT events_event_status_id_fkey FOREIGN KEY (event_status_id) REFERENCES accelerator.event_statuses(id);


--
-- Name: events events_event_type_id_fkey; Type: FK CONSTRAINT; Schema: accelerator; Owner: -
--

ALTER TABLE ONLY accelerator.events
    ADD CONSTRAINT events_event_type_id_fkey FOREIGN KEY (event_type_id) REFERENCES accelerator.event_types(id);


--
-- Name: events events_modified_by_fkey; Type: FK CONSTRAINT; Schema: accelerator; Owner: -
--

ALTER TABLE ONLY accelerator.events
    ADD CONSTRAINT events_modified_by_fkey FOREIGN KEY (modified_by) REFERENCES public.users(id);


--
-- Name: events events_module_id_fkey; Type: FK CONSTRAINT; Schema: accelerator; Owner: -
--

ALTER TABLE ONLY accelerator.events
    ADD CONSTRAINT events_module_id_fkey FOREIGN KEY (module_id) REFERENCES accelerator.modules(id) ON DELETE CASCADE;


--
-- Name: modules modules_created_by_fkey; Type: FK CONSTRAINT; Schema: accelerator; Owner: -
--

ALTER TABLE ONLY accelerator.modules
    ADD CONSTRAINT modules_created_by_fkey FOREIGN KEY (created_by) REFERENCES public.users(id);


--
-- Name: modules modules_modified_by_fkey; Type: FK CONSTRAINT; Schema: accelerator; Owner: -
--

ALTER TABLE ONLY accelerator.modules
    ADD CONSTRAINT modules_modified_by_fkey FOREIGN KEY (modified_by) REFERENCES public.users(id);


--
-- Name: modules modules_phase_id_fkey; Type: FK CONSTRAINT; Schema: accelerator; Owner: -
--

ALTER TABLE ONLY accelerator.modules
    ADD CONSTRAINT modules_phase_id_fkey FOREIGN KEY (phase_id) REFERENCES accelerator.cohort_phases(id);


--
-- Name: participant_project_species participant_project_species_created_by_fkey; Type: FK CONSTRAINT; Schema: accelerator; Owner: -
--

ALTER TABLE ONLY accelerator.participant_project_species
    ADD CONSTRAINT participant_project_species_created_by_fkey FOREIGN KEY (created_by) REFERENCES public.users(id);


--
-- Name: participant_project_species participant_project_species_modified_by_fkey; Type: FK CONSTRAINT; Schema: accelerator; Owner: -
--

ALTER TABLE ONLY accelerator.participant_project_species
    ADD CONSTRAINT participant_project_species_modified_by_fkey FOREIGN KEY (modified_by) REFERENCES public.users(id);


--
-- Name: participant_project_species participant_project_species_project_id_fkey; Type: FK CONSTRAINT; Schema: accelerator; Owner: -
--

ALTER TABLE ONLY accelerator.participant_project_species
    ADD CONSTRAINT participant_project_species_project_id_fkey FOREIGN KEY (project_id) REFERENCES public.projects(id) ON DELETE CASCADE;


--
-- Name: participant_project_species participant_project_species_species_id_fkey; Type: FK CONSTRAINT; Schema: accelerator; Owner: -
--

ALTER TABLE ONLY accelerator.participant_project_species
    ADD CONSTRAINT participant_project_species_species_id_fkey FOREIGN KEY (species_id) REFERENCES public.species(id) ON DELETE CASCADE;


--
-- Name: participant_project_species participant_project_species_species_native_category_id_fkey; Type: FK CONSTRAINT; Schema: accelerator; Owner: -
--

ALTER TABLE ONLY accelerator.participant_project_species
    ADD CONSTRAINT participant_project_species_species_native_category_id_fkey FOREIGN KEY (species_native_category_id) REFERENCES public.species_native_categories(id);


--
-- Name: participant_project_species participant_project_species_submission_status_id_fkey; Type: FK CONSTRAINT; Schema: accelerator; Owner: -
--

ALTER TABLE ONLY accelerator.participant_project_species
    ADD CONSTRAINT participant_project_species_submission_status_id_fkey FOREIGN KEY (submission_status_id) REFERENCES accelerator.submission_statuses(id);


--
-- Name: project_accelerator_details project_accelerator_details_deal_stage_id_fkey; Type: FK CONSTRAINT; Schema: accelerator; Owner: -
--

ALTER TABLE ONLY accelerator.project_accelerator_details
    ADD CONSTRAINT project_accelerator_details_deal_stage_id_fkey FOREIGN KEY (deal_stage_id) REFERENCES accelerator.deal_stages(id);


--
-- Name: project_accelerator_details project_accelerator_details_pipeline_id_fkey; Type: FK CONSTRAINT; Schema: accelerator; Owner: -
--

ALTER TABLE ONLY accelerator.project_accelerator_details
    ADD CONSTRAINT project_accelerator_details_pipeline_id_fkey FOREIGN KEY (pipeline_id) REFERENCES accelerator.pipelines(id);


--
-- Name: project_accelerator_details project_accelerator_details_project_id_fkey; Type: FK CONSTRAINT; Schema: accelerator; Owner: -
--

ALTER TABLE ONLY accelerator.project_accelerator_details
    ADD CONSTRAINT project_accelerator_details_project_id_fkey FOREIGN KEY (project_id) REFERENCES public.projects(id);


--
-- Name: project_metrics project_metrics_component_id_fkey; Type: FK CONSTRAINT; Schema: accelerator; Owner: -
--

ALTER TABLE ONLY accelerator.project_metrics
    ADD CONSTRAINT project_metrics_component_id_fkey FOREIGN KEY (component_id) REFERENCES accelerator.metric_components(id);


--
-- Name: project_metrics project_metrics_project_id_fkey; Type: FK CONSTRAINT; Schema: accelerator; Owner: -
--

ALTER TABLE ONLY accelerator.project_metrics
    ADD CONSTRAINT project_metrics_project_id_fkey FOREIGN KEY (project_id) REFERENCES public.projects(id) ON DELETE CASCADE;


--
-- Name: project_metrics project_metrics_type_id_fkey; Type: FK CONSTRAINT; Schema: accelerator; Owner: -
--

ALTER TABLE ONLY accelerator.project_metrics
    ADD CONSTRAINT project_metrics_type_id_fkey FOREIGN KEY (type_id) REFERENCES accelerator.metric_types(id);


--
-- Name: project_overall_scores project_overall_scores_created_by_fkey; Type: FK CONSTRAINT; Schema: accelerator; Owner: -
--

ALTER TABLE ONLY accelerator.project_overall_scores
    ADD CONSTRAINT project_overall_scores_created_by_fkey FOREIGN KEY (created_by) REFERENCES public.users(id);


--
-- Name: project_overall_scores project_overall_scores_modified_by_fkey; Type: FK CONSTRAINT; Schema: accelerator; Owner: -
--

ALTER TABLE ONLY accelerator.project_overall_scores
    ADD CONSTRAINT project_overall_scores_modified_by_fkey FOREIGN KEY (modified_by) REFERENCES public.users(id);


--
-- Name: project_overall_scores project_overall_scores_project_id_fkey; Type: FK CONSTRAINT; Schema: accelerator; Owner: -
--

ALTER TABLE ONLY accelerator.project_overall_scores
    ADD CONSTRAINT project_overall_scores_project_id_fkey FOREIGN KEY (project_id) REFERENCES public.projects(id) ON DELETE CASCADE;


--
-- Name: project_report_configs project_report_configs_project_id_fkey; Type: FK CONSTRAINT; Schema: accelerator; Owner: -
--

ALTER TABLE ONLY accelerator.project_report_configs
    ADD CONSTRAINT project_report_configs_project_id_fkey FOREIGN KEY (project_id) REFERENCES public.projects(id) ON DELETE CASCADE;


--
-- Name: project_report_configs project_report_configs_report_frequency_id_fkey; Type: FK CONSTRAINT; Schema: accelerator; Owner: -
--

ALTER TABLE ONLY accelerator.project_report_configs
    ADD CONSTRAINT project_report_configs_report_frequency_id_fkey FOREIGN KEY (report_frequency_id) REFERENCES accelerator.report_frequencies(id);


--
-- Name: project_scores project_scores_created_by_fkey; Type: FK CONSTRAINT; Schema: accelerator; Owner: -
--

ALTER TABLE ONLY accelerator.project_scores
    ADD CONSTRAINT project_scores_created_by_fkey FOREIGN KEY (created_by) REFERENCES public.users(id);


--
-- Name: project_scores project_scores_modified_by_fkey; Type: FK CONSTRAINT; Schema: accelerator; Owner: -
--

ALTER TABLE ONLY accelerator.project_scores
    ADD CONSTRAINT project_scores_modified_by_fkey FOREIGN KEY (modified_by) REFERENCES public.users(id);


--
-- Name: project_scores project_scores_phase_id_fkey; Type: FK CONSTRAINT; Schema: accelerator; Owner: -
--

ALTER TABLE ONLY accelerator.project_scores
    ADD CONSTRAINT project_scores_phase_id_fkey FOREIGN KEY (phase_id) REFERENCES accelerator.cohort_phases(id);


--
-- Name: project_scores project_scores_project_id_fkey; Type: FK CONSTRAINT; Schema: accelerator; Owner: -
--

ALTER TABLE ONLY accelerator.project_scores
    ADD CONSTRAINT project_scores_project_id_fkey FOREIGN KEY (project_id) REFERENCES public.projects(id) ON DELETE CASCADE;


--
-- Name: project_scores project_scores_score_category_id_fkey; Type: FK CONSTRAINT; Schema: accelerator; Owner: -
--

ALTER TABLE ONLY accelerator.project_scores
    ADD CONSTRAINT project_scores_score_category_id_fkey FOREIGN KEY (score_category_id) REFERENCES accelerator.score_categories(id);


--
-- Name: project_vote_decisions project_vote_decisions_phase_id_fkey; Type: FK CONSTRAINT; Schema: accelerator; Owner: -
--

ALTER TABLE ONLY accelerator.project_vote_decisions
    ADD CONSTRAINT project_vote_decisions_phase_id_fkey FOREIGN KEY (phase_id) REFERENCES accelerator.cohort_phases(id);


--
-- Name: project_vote_decisions project_vote_decisions_project_id_fkey; Type: FK CONSTRAINT; Schema: accelerator; Owner: -
--

ALTER TABLE ONLY accelerator.project_vote_decisions
    ADD CONSTRAINT project_vote_decisions_project_id_fkey FOREIGN KEY (project_id) REFERENCES public.projects(id) ON DELETE CASCADE;


--
-- Name: project_vote_decisions project_vote_decisions_vote_option_id_fkey; Type: FK CONSTRAINT; Schema: accelerator; Owner: -
--

ALTER TABLE ONLY accelerator.project_vote_decisions
    ADD CONSTRAINT project_vote_decisions_vote_option_id_fkey FOREIGN KEY (vote_option_id) REFERENCES accelerator.vote_options(id);


--
-- Name: project_votes project_votes_created_by_fkey; Type: FK CONSTRAINT; Schema: accelerator; Owner: -
--

ALTER TABLE ONLY accelerator.project_votes
    ADD CONSTRAINT project_votes_created_by_fkey FOREIGN KEY (created_by) REFERENCES public.users(id);


--
-- Name: project_votes project_votes_modified_by_fkey; Type: FK CONSTRAINT; Schema: accelerator; Owner: -
--

ALTER TABLE ONLY accelerator.project_votes
    ADD CONSTRAINT project_votes_modified_by_fkey FOREIGN KEY (modified_by) REFERENCES public.users(id);


--
-- Name: project_votes project_votes_phase_id_fkey; Type: FK CONSTRAINT; Schema: accelerator; Owner: -
--

ALTER TABLE ONLY accelerator.project_votes
    ADD CONSTRAINT project_votes_phase_id_fkey FOREIGN KEY (phase_id) REFERENCES accelerator.cohort_phases(id);


--
-- Name: project_votes project_votes_project_id_fkey; Type: FK CONSTRAINT; Schema: accelerator; Owner: -
--

ALTER TABLE ONLY accelerator.project_votes
    ADD CONSTRAINT project_votes_project_id_fkey FOREIGN KEY (project_id) REFERENCES public.projects(id) ON DELETE CASCADE;


--
-- Name: project_votes project_votes_user_id_fkey; Type: FK CONSTRAINT; Schema: accelerator; Owner: -
--

ALTER TABLE ONLY accelerator.project_votes
    ADD CONSTRAINT project_votes_user_id_fkey FOREIGN KEY (user_id) REFERENCES public.users(id) ON DELETE CASCADE;


--
-- Name: project_votes project_votes_vote_option_id_fkey; Type: FK CONSTRAINT; Schema: accelerator; Owner: -
--

ALTER TABLE ONLY accelerator.project_votes
    ADD CONSTRAINT project_votes_vote_option_id_fkey FOREIGN KEY (vote_option_id) REFERENCES accelerator.vote_options(id);


--
-- Name: report_achievements report_achievements_report_id_fkey; Type: FK CONSTRAINT; Schema: accelerator; Owner: -
--

ALTER TABLE ONLY accelerator.report_achievements
    ADD CONSTRAINT report_achievements_report_id_fkey FOREIGN KEY (report_id) REFERENCES accelerator.reports(id) ON DELETE CASCADE;


--
-- Name: report_challenges report_challenges_report_id_fkey; Type: FK CONSTRAINT; Schema: accelerator; Owner: -
--

ALTER TABLE ONLY accelerator.report_challenges
    ADD CONSTRAINT report_challenges_report_id_fkey FOREIGN KEY (report_id) REFERENCES accelerator.reports(id) ON DELETE CASCADE;


--
-- Name: report_photos report_photos_file_id_fkey; Type: FK CONSTRAINT; Schema: accelerator; Owner: -
--

ALTER TABLE ONLY accelerator.report_photos
    ADD CONSTRAINT report_photos_file_id_fkey FOREIGN KEY (file_id) REFERENCES public.files(id) ON DELETE CASCADE;


--
-- Name: report_photos report_photos_report_id_fkey; Type: FK CONSTRAINT; Schema: accelerator; Owner: -
--

ALTER TABLE ONLY accelerator.report_photos
    ADD CONSTRAINT report_photos_report_id_fkey FOREIGN KEY (report_id) REFERENCES accelerator.reports(id);


--
-- Name: report_project_metrics report_project_metrics_modified_by_fkey; Type: FK CONSTRAINT; Schema: accelerator; Owner: -
--

ALTER TABLE ONLY accelerator.report_project_metrics
    ADD CONSTRAINT report_project_metrics_modified_by_fkey FOREIGN KEY (modified_by) REFERENCES public.users(id);


--
-- Name: report_project_metrics report_project_metrics_project_metric_id_fkey; Type: FK CONSTRAINT; Schema: accelerator; Owner: -
--

ALTER TABLE ONLY accelerator.report_project_metrics
    ADD CONSTRAINT report_project_metrics_project_metric_id_fkey FOREIGN KEY (project_metric_id) REFERENCES accelerator.project_metrics(id);


--
-- Name: report_project_metrics report_project_metrics_report_id_fkey; Type: FK CONSTRAINT; Schema: accelerator; Owner: -
--

ALTER TABLE ONLY accelerator.report_project_metrics
    ADD CONSTRAINT report_project_metrics_report_id_fkey FOREIGN KEY (report_id) REFERENCES accelerator.reports(id) ON DELETE CASCADE;


--
-- Name: report_project_metrics report_project_metrics_status_id_fkey; Type: FK CONSTRAINT; Schema: accelerator; Owner: -
--

ALTER TABLE ONLY accelerator.report_project_metrics
    ADD CONSTRAINT report_project_metrics_status_id_fkey FOREIGN KEY (status_id) REFERENCES accelerator.report_metric_statuses(id);


--
-- Name: report_standard_metrics report_standard_metrics_modified_by_fkey; Type: FK CONSTRAINT; Schema: accelerator; Owner: -
--

ALTER TABLE ONLY accelerator.report_standard_metrics
    ADD CONSTRAINT report_standard_metrics_modified_by_fkey FOREIGN KEY (modified_by) REFERENCES public.users(id);


--
-- Name: report_standard_metrics report_standard_metrics_report_id_fkey; Type: FK CONSTRAINT; Schema: accelerator; Owner: -
--

ALTER TABLE ONLY accelerator.report_standard_metrics
    ADD CONSTRAINT report_standard_metrics_report_id_fkey FOREIGN KEY (report_id) REFERENCES accelerator.reports(id) ON DELETE CASCADE;


--
-- Name: report_standard_metrics report_standard_metrics_standard_metric_id_fkey; Type: FK CONSTRAINT; Schema: accelerator; Owner: -
--

ALTER TABLE ONLY accelerator.report_standard_metrics
    ADD CONSTRAINT report_standard_metrics_standard_metric_id_fkey FOREIGN KEY (standard_metric_id) REFERENCES accelerator.standard_metrics(id);


--
-- Name: report_standard_metrics report_standard_metrics_status_id_fkey; Type: FK CONSTRAINT; Schema: accelerator; Owner: -
--

ALTER TABLE ONLY accelerator.report_standard_metrics
    ADD CONSTRAINT report_standard_metrics_status_id_fkey FOREIGN KEY (status_id) REFERENCES accelerator.report_metric_statuses(id);


--
-- Name: report_system_metrics report_system_metrics_modified_by_fkey; Type: FK CONSTRAINT; Schema: accelerator; Owner: -
--

ALTER TABLE ONLY accelerator.report_system_metrics
    ADD CONSTRAINT report_system_metrics_modified_by_fkey FOREIGN KEY (modified_by) REFERENCES public.users(id);


--
-- Name: report_system_metrics report_system_metrics_report_id_fkey; Type: FK CONSTRAINT; Schema: accelerator; Owner: -
--

ALTER TABLE ONLY accelerator.report_system_metrics
    ADD CONSTRAINT report_system_metrics_report_id_fkey FOREIGN KEY (report_id) REFERENCES accelerator.reports(id) ON DELETE CASCADE;


--
-- Name: report_system_metrics report_system_metrics_status_id_fkey; Type: FK CONSTRAINT; Schema: accelerator; Owner: -
--

ALTER TABLE ONLY accelerator.report_system_metrics
    ADD CONSTRAINT report_system_metrics_status_id_fkey FOREIGN KEY (status_id) REFERENCES accelerator.report_metric_statuses(id);


--
-- Name: report_system_metrics report_system_metrics_system_metric_id_fkey; Type: FK CONSTRAINT; Schema: accelerator; Owner: -
--

ALTER TABLE ONLY accelerator.report_system_metrics
    ADD CONSTRAINT report_system_metrics_system_metric_id_fkey FOREIGN KEY (system_metric_id) REFERENCES accelerator.system_metrics(id);


--
-- Name: reports reports_config_id_fkey; Type: FK CONSTRAINT; Schema: accelerator; Owner: -
--

ALTER TABLE ONLY accelerator.reports
    ADD CONSTRAINT reports_config_id_fkey FOREIGN KEY (config_id) REFERENCES accelerator.project_report_configs(id);


--
-- Name: reports reports_config_id_project_id_fkey; Type: FK CONSTRAINT; Schema: accelerator; Owner: -
--

ALTER TABLE ONLY accelerator.reports
    ADD CONSTRAINT reports_config_id_project_id_fkey FOREIGN KEY (config_id, project_id) REFERENCES accelerator.project_report_configs(id, project_id);


--
-- Name: reports reports_config_id_report_frequency_id_fkey; Type: FK CONSTRAINT; Schema: accelerator; Owner: -
--

ALTER TABLE ONLY accelerator.reports
    ADD CONSTRAINT reports_config_id_report_frequency_id_fkey FOREIGN KEY (config_id, report_frequency_id) REFERENCES accelerator.project_report_configs(id, report_frequency_id);


--
-- Name: reports reports_created_by_fkey; Type: FK CONSTRAINT; Schema: accelerator; Owner: -
--

ALTER TABLE ONLY accelerator.reports
    ADD CONSTRAINT reports_created_by_fkey FOREIGN KEY (created_by) REFERENCES public.users(id);


--
-- Name: reports reports_modified_by_fkey; Type: FK CONSTRAINT; Schema: accelerator; Owner: -
--

ALTER TABLE ONLY accelerator.reports
    ADD CONSTRAINT reports_modified_by_fkey FOREIGN KEY (modified_by) REFERENCES public.users(id);


--
-- Name: reports reports_project_id_fkey; Type: FK CONSTRAINT; Schema: accelerator; Owner: -
--

ALTER TABLE ONLY accelerator.reports
    ADD CONSTRAINT reports_project_id_fkey FOREIGN KEY (project_id) REFERENCES public.projects(id) ON DELETE CASCADE;


--
-- Name: reports reports_report_frequency_id_fkey; Type: FK CONSTRAINT; Schema: accelerator; Owner: -
--

ALTER TABLE ONLY accelerator.reports
    ADD CONSTRAINT reports_report_frequency_id_fkey FOREIGN KEY (report_frequency_id) REFERENCES accelerator.report_frequencies(id);


--
-- Name: reports reports_report_quarter_id_fkey; Type: FK CONSTRAINT; Schema: accelerator; Owner: -
--

ALTER TABLE ONLY accelerator.reports
    ADD CONSTRAINT reports_report_quarter_id_fkey FOREIGN KEY (report_quarter_id) REFERENCES accelerator.report_quarters(id);


--
-- Name: reports reports_status_id_fkey; Type: FK CONSTRAINT; Schema: accelerator; Owner: -
--

ALTER TABLE ONLY accelerator.reports
    ADD CONSTRAINT reports_status_id_fkey FOREIGN KEY (status_id) REFERENCES accelerator.report_statuses(id);


--
-- Name: reports reports_submitted_by_fkey; Type: FK CONSTRAINT; Schema: accelerator; Owner: -
--

ALTER TABLE ONLY accelerator.reports
    ADD CONSTRAINT reports_submitted_by_fkey FOREIGN KEY (submitted_by) REFERENCES public.users(id);


--
-- Name: standard_metrics standard_metrics_component_id_fkey; Type: FK CONSTRAINT; Schema: accelerator; Owner: -
--

ALTER TABLE ONLY accelerator.standard_metrics
    ADD CONSTRAINT standard_metrics_component_id_fkey FOREIGN KEY (component_id) REFERENCES accelerator.metric_components(id);


--
-- Name: standard_metrics standard_metrics_type_id_fkey; Type: FK CONSTRAINT; Schema: accelerator; Owner: -
--

ALTER TABLE ONLY accelerator.standard_metrics
    ADD CONSTRAINT standard_metrics_type_id_fkey FOREIGN KEY (type_id) REFERENCES accelerator.metric_types(id);


--
-- Name: submission_documents submission_documents_created_by_fkey; Type: FK CONSTRAINT; Schema: accelerator; Owner: -
--

ALTER TABLE ONLY accelerator.submission_documents
    ADD CONSTRAINT submission_documents_created_by_fkey FOREIGN KEY (created_by) REFERENCES public.users(id);


--
-- Name: submission_documents submission_documents_document_store_id_fkey; Type: FK CONSTRAINT; Schema: accelerator; Owner: -
--

ALTER TABLE ONLY accelerator.submission_documents
    ADD CONSTRAINT submission_documents_document_store_id_fkey FOREIGN KEY (document_store_id) REFERENCES accelerator.document_stores(id);


--
-- Name: submission_documents submission_documents_project_id_fkey; Type: FK CONSTRAINT; Schema: accelerator; Owner: -
--

ALTER TABLE ONLY accelerator.submission_documents
    ADD CONSTRAINT submission_documents_project_id_fkey FOREIGN KEY (project_id) REFERENCES public.projects(id);


--
-- Name: submission_documents submission_documents_submission_id_fkey; Type: FK CONSTRAINT; Schema: accelerator; Owner: -
--

ALTER TABLE ONLY accelerator.submission_documents
    ADD CONSTRAINT submission_documents_submission_id_fkey FOREIGN KEY (submission_id) REFERENCES accelerator.submissions(id);


--
-- Name: submission_snapshots submission_snapshots_file_id_fkey; Type: FK CONSTRAINT; Schema: accelerator; Owner: -
--

ALTER TABLE ONLY accelerator.submission_snapshots
    ADD CONSTRAINT submission_snapshots_file_id_fkey FOREIGN KEY (file_id) REFERENCES public.files(id) ON DELETE CASCADE;


--
-- Name: submission_snapshots submission_snapshots_submission_id_fkey; Type: FK CONSTRAINT; Schema: accelerator; Owner: -
--

ALTER TABLE ONLY accelerator.submission_snapshots
    ADD CONSTRAINT submission_snapshots_submission_id_fkey FOREIGN KEY (submission_id) REFERENCES accelerator.submissions(id);


--
-- Name: submissions submissions_created_by_fkey; Type: FK CONSTRAINT; Schema: accelerator; Owner: -
--

ALTER TABLE ONLY accelerator.submissions
    ADD CONSTRAINT submissions_created_by_fkey FOREIGN KEY (created_by) REFERENCES public.users(id);


--
-- Name: submissions submissions_deliverable_id_fkey; Type: FK CONSTRAINT; Schema: accelerator; Owner: -
--

ALTER TABLE ONLY accelerator.submissions
    ADD CONSTRAINT submissions_deliverable_id_fkey FOREIGN KEY (deliverable_id) REFERENCES accelerator.deliverables(id);


--
-- Name: submissions submissions_modified_by_fkey; Type: FK CONSTRAINT; Schema: accelerator; Owner: -
--

ALTER TABLE ONLY accelerator.submissions
    ADD CONSTRAINT submissions_modified_by_fkey FOREIGN KEY (modified_by) REFERENCES public.users(id);


--
-- Name: submissions submissions_project_id_fkey; Type: FK CONSTRAINT; Schema: accelerator; Owner: -
--

ALTER TABLE ONLY accelerator.submissions
    ADD CONSTRAINT submissions_project_id_fkey FOREIGN KEY (project_id) REFERENCES public.projects(id) ON DELETE CASCADE;


--
-- Name: submissions submissions_submission_status_id_fkey; Type: FK CONSTRAINT; Schema: accelerator; Owner: -
--

ALTER TABLE ONLY accelerator.submissions
    ADD CONSTRAINT submissions_submission_status_id_fkey FOREIGN KEY (submission_status_id) REFERENCES accelerator.submission_statuses(id);


--
-- Name: system_metrics system_metrics_component_id_fkey; Type: FK CONSTRAINT; Schema: accelerator; Owner: -
--

ALTER TABLE ONLY accelerator.system_metrics
    ADD CONSTRAINT system_metrics_component_id_fkey FOREIGN KEY (component_id) REFERENCES accelerator.metric_components(id);


--
-- Name: system_metrics system_metrics_type_id_fkey; Type: FK CONSTRAINT; Schema: accelerator; Owner: -
--

ALTER TABLE ONLY accelerator.system_metrics
    ADD CONSTRAINT system_metrics_type_id_fkey FOREIGN KEY (type_id) REFERENCES accelerator.metric_types(id);


--
-- Name: user_internal_interests user_internal_interests_created_by_fkey; Type: FK CONSTRAINT; Schema: accelerator; Owner: -
--

ALTER TABLE ONLY accelerator.user_internal_interests
    ADD CONSTRAINT user_internal_interests_created_by_fkey FOREIGN KEY (created_by) REFERENCES public.users(id);


--
-- Name: user_internal_interests user_internal_interests_internal_interest_id_fkey; Type: FK CONSTRAINT; Schema: accelerator; Owner: -
--

ALTER TABLE ONLY accelerator.user_internal_interests
    ADD CONSTRAINT user_internal_interests_internal_interest_id_fkey FOREIGN KEY (internal_interest_id) REFERENCES accelerator.internal_interests(id) ON DELETE CASCADE;


--
-- Name: user_internal_interests user_internal_interests_user_id_fkey; Type: FK CONSTRAINT; Schema: accelerator; Owner: -
--

ALTER TABLE ONLY accelerator.user_internal_interests
    ADD CONSTRAINT user_internal_interests_user_id_fkey FOREIGN KEY (user_id) REFERENCES public.users(id);


--
-- Name: document_saved_versions document_saved_versions_created_by_fkey; Type: FK CONSTRAINT; Schema: docprod; Owner: -
--

ALTER TABLE ONLY docprod.document_saved_versions
    ADD CONSTRAINT document_saved_versions_created_by_fkey FOREIGN KEY (created_by) REFERENCES public.users(id) ON DELETE SET DEFAULT;


--
-- Name: document_saved_versions document_saved_versions_document_id_fkey; Type: FK CONSTRAINT; Schema: docprod; Owner: -
--

ALTER TABLE ONLY docprod.document_saved_versions
    ADD CONSTRAINT document_saved_versions_document_id_fkey FOREIGN KEY (document_id) REFERENCES docprod.documents(id) ON DELETE CASCADE;


--
-- Name: document_saved_versions document_saved_versions_variable_manifest_id_fkey; Type: FK CONSTRAINT; Schema: docprod; Owner: -
--

ALTER TABLE ONLY docprod.document_saved_versions
    ADD CONSTRAINT document_saved_versions_variable_manifest_id_fkey FOREIGN KEY (variable_manifest_id) REFERENCES docprod.variable_manifests(id);


--
-- Name: documents documents_created_by_fkey; Type: FK CONSTRAINT; Schema: docprod; Owner: -
--

ALTER TABLE ONLY docprod.documents
    ADD CONSTRAINT documents_created_by_fkey FOREIGN KEY (created_by) REFERENCES public.users(id) ON DELETE SET DEFAULT;


--
-- Name: documents documents_document_template_id_fkey; Type: FK CONSTRAINT; Schema: docprod; Owner: -
--

ALTER TABLE ONLY docprod.documents
    ADD CONSTRAINT documents_document_template_id_fkey FOREIGN KEY (document_template_id) REFERENCES docprod.document_templates(id);


--
-- Name: documents documents_modified_by_fkey; Type: FK CONSTRAINT; Schema: docprod; Owner: -
--

ALTER TABLE ONLY docprod.documents
    ADD CONSTRAINT documents_modified_by_fkey FOREIGN KEY (modified_by) REFERENCES public.users(id) ON DELETE SET DEFAULT;


--
-- Name: documents documents_owned_by_fkey; Type: FK CONSTRAINT; Schema: docprod; Owner: -
--

ALTER TABLE ONLY docprod.documents
    ADD CONSTRAINT documents_owned_by_fkey FOREIGN KEY (owned_by) REFERENCES public.users(id) ON DELETE SET DEFAULT;


--
-- Name: documents documents_project_id_fkey; Type: FK CONSTRAINT; Schema: docprod; Owner: -
--

ALTER TABLE ONLY docprod.documents
    ADD CONSTRAINT documents_project_id_fkey FOREIGN KEY (project_id) REFERENCES public.projects(id);


--
-- Name: documents documents_status_id_fkey; Type: FK CONSTRAINT; Schema: docprod; Owner: -
--

ALTER TABLE ONLY docprod.documents
    ADD CONSTRAINT documents_status_id_fkey FOREIGN KEY (status_id) REFERENCES docprod.document_statuses(id);


--
-- Name: documents documents_variable_manifest_id_fkey; Type: FK CONSTRAINT; Schema: docprod; Owner: -
--

ALTER TABLE ONLY docprod.documents
    ADD CONSTRAINT documents_variable_manifest_id_fkey FOREIGN KEY (variable_manifest_id) REFERENCES docprod.variable_manifests(id);


--
-- Name: variable_image_values variable_image_values_file_id_fkey; Type: FK CONSTRAINT; Schema: docprod; Owner: -
--

ALTER TABLE ONLY docprod.variable_image_values
    ADD CONSTRAINT variable_image_values_file_id_fkey FOREIGN KEY (file_id) REFERENCES public.files(id);


--
-- Name: variable_image_values variable_image_values_variable_id_fkey; Type: FK CONSTRAINT; Schema: docprod; Owner: -
--

ALTER TABLE ONLY docprod.variable_image_values
    ADD CONSTRAINT variable_image_values_variable_id_fkey FOREIGN KEY (variable_id) REFERENCES docprod.variables(id);


--
-- Name: variable_image_values variable_image_values_variable_type_id_fkey; Type: FK CONSTRAINT; Schema: docprod; Owner: -
--

ALTER TABLE ONLY docprod.variable_image_values
    ADD CONSTRAINT variable_image_values_variable_type_id_fkey FOREIGN KEY (variable_type_id) REFERENCES docprod.variable_types(id);


--
-- Name: variable_image_values variable_image_values_variable_value_id_fkey; Type: FK CONSTRAINT; Schema: docprod; Owner: -
--

ALTER TABLE ONLY docprod.variable_image_values
    ADD CONSTRAINT variable_image_values_variable_value_id_fkey FOREIGN KEY (variable_value_id) REFERENCES docprod.variable_values(id) ON DELETE CASCADE;


--
-- Name: variable_image_values variable_image_values_variable_value_id_variable_id_variab_fkey; Type: FK CONSTRAINT; Schema: docprod; Owner: -
--

ALTER TABLE ONLY docprod.variable_image_values
    ADD CONSTRAINT variable_image_values_variable_value_id_variable_id_variab_fkey FOREIGN KEY (variable_value_id, variable_id, variable_type_id) REFERENCES docprod.variable_values(id, variable_id, variable_type_id);


--
-- Name: variable_link_values variable_link_values_variable_id_fkey; Type: FK CONSTRAINT; Schema: docprod; Owner: -
--

ALTER TABLE ONLY docprod.variable_link_values
    ADD CONSTRAINT variable_link_values_variable_id_fkey FOREIGN KEY (variable_id) REFERENCES docprod.variables(id);


--
-- Name: variable_link_values variable_link_values_variable_type_id_fkey; Type: FK CONSTRAINT; Schema: docprod; Owner: -
--

ALTER TABLE ONLY docprod.variable_link_values
    ADD CONSTRAINT variable_link_values_variable_type_id_fkey FOREIGN KEY (variable_type_id) REFERENCES docprod.variable_types(id);


--
-- Name: variable_link_values variable_link_values_variable_value_id_fkey; Type: FK CONSTRAINT; Schema: docprod; Owner: -
--

ALTER TABLE ONLY docprod.variable_link_values
    ADD CONSTRAINT variable_link_values_variable_value_id_fkey FOREIGN KEY (variable_value_id) REFERENCES docprod.variable_values(id) ON DELETE CASCADE;


--
-- Name: variable_link_values variable_link_values_variable_value_id_variable_id_variabl_fkey; Type: FK CONSTRAINT; Schema: docprod; Owner: -
--

ALTER TABLE ONLY docprod.variable_link_values
    ADD CONSTRAINT variable_link_values_variable_value_id_variable_id_variabl_fkey FOREIGN KEY (variable_value_id, variable_id, variable_type_id) REFERENCES docprod.variable_values(id, variable_id, variable_type_id);


--
-- Name: variable_manifest_entries variable_manifest_entries_variable_id_fkey; Type: FK CONSTRAINT; Schema: docprod; Owner: -
--

ALTER TABLE ONLY docprod.variable_manifest_entries
    ADD CONSTRAINT variable_manifest_entries_variable_id_fkey FOREIGN KEY (variable_id) REFERENCES docprod.variables(id);


--
-- Name: variable_manifest_entries variable_manifest_entries_variable_manifest_id_fkey; Type: FK CONSTRAINT; Schema: docprod; Owner: -
--

ALTER TABLE ONLY docprod.variable_manifest_entries
    ADD CONSTRAINT variable_manifest_entries_variable_manifest_id_fkey FOREIGN KEY (variable_manifest_id) REFERENCES docprod.variable_manifests(id);


--
-- Name: variable_manifests variable_manifests_created_by_fkey; Type: FK CONSTRAINT; Schema: docprod; Owner: -
--

ALTER TABLE ONLY docprod.variable_manifests
    ADD CONSTRAINT variable_manifests_created_by_fkey FOREIGN KEY (created_by) REFERENCES public.users(id) ON DELETE SET DEFAULT;


--
-- Name: variable_manifests variable_manifests_document_template_id_fkey; Type: FK CONSTRAINT; Schema: docprod; Owner: -
--

ALTER TABLE ONLY docprod.variable_manifests
    ADD CONSTRAINT variable_manifests_document_template_id_fkey FOREIGN KEY (document_template_id) REFERENCES docprod.document_templates(id);


--
-- Name: variable_numbers variable_numbers_variable_id_fkey; Type: FK CONSTRAINT; Schema: docprod; Owner: -
--

ALTER TABLE ONLY docprod.variable_numbers
    ADD CONSTRAINT variable_numbers_variable_id_fkey FOREIGN KEY (variable_id) REFERENCES docprod.variables(id) ON DELETE CASCADE;


--
-- Name: variable_numbers variable_numbers_variable_id_variable_type_id_fkey; Type: FK CONSTRAINT; Schema: docprod; Owner: -
--

ALTER TABLE ONLY docprod.variable_numbers
    ADD CONSTRAINT variable_numbers_variable_id_variable_type_id_fkey FOREIGN KEY (variable_id, variable_type_id) REFERENCES docprod.variables(id, variable_type_id);


--
-- Name: variable_numbers variable_numbers_variable_type_id_fkey; Type: FK CONSTRAINT; Schema: docprod; Owner: -
--

ALTER TABLE ONLY docprod.variable_numbers
    ADD CONSTRAINT variable_numbers_variable_type_id_fkey FOREIGN KEY (variable_type_id) REFERENCES docprod.variable_types(id);


--
-- Name: variable_owners variable_owners_owned_by_fkey; Type: FK CONSTRAINT; Schema: docprod; Owner: -
--

ALTER TABLE ONLY docprod.variable_owners
    ADD CONSTRAINT variable_owners_owned_by_fkey FOREIGN KEY (owned_by) REFERENCES public.users(id) ON DELETE CASCADE;


--
-- Name: variable_owners variable_owners_project_id_fkey; Type: FK CONSTRAINT; Schema: docprod; Owner: -
--

ALTER TABLE ONLY docprod.variable_owners
    ADD CONSTRAINT variable_owners_project_id_fkey FOREIGN KEY (project_id) REFERENCES public.projects(id) ON DELETE CASCADE;


--
-- Name: variable_owners variable_owners_variable_id_fkey; Type: FK CONSTRAINT; Schema: docprod; Owner: -
--

ALTER TABLE ONLY docprod.variable_owners
    ADD CONSTRAINT variable_owners_variable_id_fkey FOREIGN KEY (variable_id) REFERENCES docprod.variables(id);


--
-- Name: variable_section_default_values variable_section_default_valu_used_variable_id_used_variab_fkey; Type: FK CONSTRAINT; Schema: docprod; Owner: -
--

ALTER TABLE ONLY docprod.variable_section_default_values
    ADD CONSTRAINT variable_section_default_valu_used_variable_id_used_variab_fkey FOREIGN KEY (used_variable_id, used_variable_type_id) REFERENCES docprod.variables(id, variable_type_id);


--
-- Name: variable_section_default_values variable_section_default_valu_variable_id_variable_type_id_fkey; Type: FK CONSTRAINT; Schema: docprod; Owner: -
--

ALTER TABLE ONLY docprod.variable_section_default_values
    ADD CONSTRAINT variable_section_default_valu_variable_id_variable_type_id_fkey FOREIGN KEY (variable_id, variable_type_id) REFERENCES docprod.variables(id, variable_type_id);


--
-- Name: variable_section_default_values variable_section_default_values_display_style_id_fkey; Type: FK CONSTRAINT; Schema: docprod; Owner: -
--

ALTER TABLE ONLY docprod.variable_section_default_values
    ADD CONSTRAINT variable_section_default_values_display_style_id_fkey FOREIGN KEY (display_style_id) REFERENCES docprod.variable_injection_display_styles(id);


--
-- Name: variable_section_default_values variable_section_default_values_usage_type_id_fkey; Type: FK CONSTRAINT; Schema: docprod; Owner: -
--

ALTER TABLE ONLY docprod.variable_section_default_values
    ADD CONSTRAINT variable_section_default_values_usage_type_id_fkey FOREIGN KEY (usage_type_id) REFERENCES docprod.variable_usage_types(id);


--
-- Name: variable_section_default_values variable_section_default_values_used_variable_id_fkey; Type: FK CONSTRAINT; Schema: docprod; Owner: -
--

ALTER TABLE ONLY docprod.variable_section_default_values
    ADD CONSTRAINT variable_section_default_values_used_variable_id_fkey FOREIGN KEY (used_variable_id) REFERENCES docprod.variables(id) ON DELETE CASCADE;


--
-- Name: variable_section_default_values variable_section_default_values_used_variable_type_id_fkey; Type: FK CONSTRAINT; Schema: docprod; Owner: -
--

ALTER TABLE ONLY docprod.variable_section_default_values
    ADD CONSTRAINT variable_section_default_values_used_variable_type_id_fkey FOREIGN KEY (used_variable_type_id) REFERENCES docprod.variable_types(id);


--
-- Name: variable_section_default_values variable_section_default_values_variable_id_fkey; Type: FK CONSTRAINT; Schema: docprod; Owner: -
--

ALTER TABLE ONLY docprod.variable_section_default_values
    ADD CONSTRAINT variable_section_default_values_variable_id_fkey FOREIGN KEY (variable_id) REFERENCES docprod.variables(id) ON DELETE CASCADE;


--
-- Name: variable_section_default_values variable_section_default_values_variable_manifest_id_fkey; Type: FK CONSTRAINT; Schema: docprod; Owner: -
--

ALTER TABLE ONLY docprod.variable_section_default_values
    ADD CONSTRAINT variable_section_default_values_variable_manifest_id_fkey FOREIGN KEY (variable_manifest_id) REFERENCES docprod.variable_manifests(id) ON DELETE CASCADE;


--
-- Name: variable_section_default_values variable_section_default_values_variable_type_id_fkey; Type: FK CONSTRAINT; Schema: docprod; Owner: -
--

ALTER TABLE ONLY docprod.variable_section_default_values
    ADD CONSTRAINT variable_section_default_values_variable_type_id_fkey FOREIGN KEY (variable_type_id) REFERENCES docprod.variable_types(id);


--
-- Name: variable_section_recommendations variable_section_recommendations_recommended_variable_id_fkey; Type: FK CONSTRAINT; Schema: docprod; Owner: -
--

ALTER TABLE ONLY docprod.variable_section_recommendations
    ADD CONSTRAINT variable_section_recommendations_recommended_variable_id_fkey FOREIGN KEY (recommended_variable_id) REFERENCES docprod.variables(id) ON DELETE CASCADE;


--
-- Name: variable_section_recommendations variable_section_recommendations_section_variable_id_fkey; Type: FK CONSTRAINT; Schema: docprod; Owner: -
--

ALTER TABLE ONLY docprod.variable_section_recommendations
    ADD CONSTRAINT variable_section_recommendations_section_variable_id_fkey FOREIGN KEY (section_variable_id) REFERENCES docprod.variables(id) ON DELETE CASCADE;


--
-- Name: variable_section_recommendations variable_section_recommendations_section_variable_type_id_fkey; Type: FK CONSTRAINT; Schema: docprod; Owner: -
--

ALTER TABLE ONLY docprod.variable_section_recommendations
    ADD CONSTRAINT variable_section_recommendations_section_variable_type_id_fkey FOREIGN KEY (section_variable_type_id) REFERENCES docprod.variable_types(id);


--
-- Name: variable_section_recommendations variable_section_recommendations_variable_manifest_id_fkey; Type: FK CONSTRAINT; Schema: docprod; Owner: -
--

ALTER TABLE ONLY docprod.variable_section_recommendations
    ADD CONSTRAINT variable_section_recommendations_variable_manifest_id_fkey FOREIGN KEY (variable_manifest_id) REFERENCES docprod.variable_manifests(id) ON DELETE CASCADE;


--
-- Name: variable_section_values variable_section_values_display_style_id_fkey; Type: FK CONSTRAINT; Schema: docprod; Owner: -
--

ALTER TABLE ONLY docprod.variable_section_values
    ADD CONSTRAINT variable_section_values_display_style_id_fkey FOREIGN KEY (display_style_id) REFERENCES docprod.variable_injection_display_styles(id);


--
-- Name: variable_section_values variable_section_values_usage_type_id_fkey; Type: FK CONSTRAINT; Schema: docprod; Owner: -
--

ALTER TABLE ONLY docprod.variable_section_values
    ADD CONSTRAINT variable_section_values_usage_type_id_fkey FOREIGN KEY (usage_type_id) REFERENCES docprod.variable_usage_types(id);


--
-- Name: variable_section_values variable_section_values_used_variable_id_fkey; Type: FK CONSTRAINT; Schema: docprod; Owner: -
--

ALTER TABLE ONLY docprod.variable_section_values
    ADD CONSTRAINT variable_section_values_used_variable_id_fkey FOREIGN KEY (used_variable_id) REFERENCES docprod.variables(id);


--
-- Name: variable_section_values variable_section_values_used_variable_id_used_variable_typ_fkey; Type: FK CONSTRAINT; Schema: docprod; Owner: -
--

ALTER TABLE ONLY docprod.variable_section_values
    ADD CONSTRAINT variable_section_values_used_variable_id_used_variable_typ_fkey FOREIGN KEY (used_variable_id, used_variable_type_id) REFERENCES docprod.variables(id, variable_type_id);


--
-- Name: variable_section_values variable_section_values_used_variable_type_id_fkey; Type: FK CONSTRAINT; Schema: docprod; Owner: -
--

ALTER TABLE ONLY docprod.variable_section_values
    ADD CONSTRAINT variable_section_values_used_variable_type_id_fkey FOREIGN KEY (used_variable_type_id) REFERENCES docprod.variable_types(id);


--
-- Name: variable_section_values variable_section_values_variable_id_fkey; Type: FK CONSTRAINT; Schema: docprod; Owner: -
--

ALTER TABLE ONLY docprod.variable_section_values
    ADD CONSTRAINT variable_section_values_variable_id_fkey FOREIGN KEY (variable_id) REFERENCES docprod.variables(id);


--
-- Name: variable_section_values variable_section_values_variable_type_id_fkey; Type: FK CONSTRAINT; Schema: docprod; Owner: -
--

ALTER TABLE ONLY docprod.variable_section_values
    ADD CONSTRAINT variable_section_values_variable_type_id_fkey FOREIGN KEY (variable_type_id) REFERENCES docprod.variable_types(id);


--
-- Name: variable_section_values variable_section_values_variable_value_id_fkey; Type: FK CONSTRAINT; Schema: docprod; Owner: -
--

ALTER TABLE ONLY docprod.variable_section_values
    ADD CONSTRAINT variable_section_values_variable_value_id_fkey FOREIGN KEY (variable_value_id) REFERENCES docprod.variable_values(id) ON DELETE CASCADE;


--
-- Name: variable_section_values variable_section_values_variable_value_id_variable_id_vari_fkey; Type: FK CONSTRAINT; Schema: docprod; Owner: -
--

ALTER TABLE ONLY docprod.variable_section_values
    ADD CONSTRAINT variable_section_values_variable_value_id_variable_id_vari_fkey FOREIGN KEY (variable_value_id, variable_id, variable_type_id) REFERENCES docprod.variable_values(id, variable_id, variable_type_id);


--
-- Name: variable_sections variable_sections_parent_variable_id_parent_variable_type__fkey; Type: FK CONSTRAINT; Schema: docprod; Owner: -
--

ALTER TABLE ONLY docprod.variable_sections
    ADD CONSTRAINT variable_sections_parent_variable_id_parent_variable_type__fkey FOREIGN KEY (parent_variable_id, parent_variable_type_id) REFERENCES docprod.variables(id, variable_type_id) ON DELETE CASCADE;


--
-- Name: variable_sections variable_sections_parent_variable_type_id_fkey; Type: FK CONSTRAINT; Schema: docprod; Owner: -
--

ALTER TABLE ONLY docprod.variable_sections
    ADD CONSTRAINT variable_sections_parent_variable_type_id_fkey FOREIGN KEY (parent_variable_type_id) REFERENCES docprod.variable_types(id);


--
-- Name: variable_sections variable_sections_variable_id_variable_type_id_fkey; Type: FK CONSTRAINT; Schema: docprod; Owner: -
--

ALTER TABLE ONLY docprod.variable_sections
    ADD CONSTRAINT variable_sections_variable_id_variable_type_id_fkey FOREIGN KEY (variable_id, variable_type_id) REFERENCES docprod.variables(id, variable_type_id) ON DELETE CASCADE;


--
-- Name: variable_sections variable_sections_variable_type_id_fkey; Type: FK CONSTRAINT; Schema: docprod; Owner: -
--

ALTER TABLE ONLY docprod.variable_sections
    ADD CONSTRAINT variable_sections_variable_type_id_fkey FOREIGN KEY (variable_type_id) REFERENCES docprod.variable_types(id);


--
-- Name: variable_select_option_values variable_select_option_values_option_id_fkey; Type: FK CONSTRAINT; Schema: docprod; Owner: -
--

ALTER TABLE ONLY docprod.variable_select_option_values
    ADD CONSTRAINT variable_select_option_values_option_id_fkey FOREIGN KEY (option_id) REFERENCES docprod.variable_select_options(id);


--
-- Name: variable_select_option_values variable_select_option_values_option_id_variable_id_fkey; Type: FK CONSTRAINT; Schema: docprod; Owner: -
--

ALTER TABLE ONLY docprod.variable_select_option_values
    ADD CONSTRAINT variable_select_option_values_option_id_variable_id_fkey FOREIGN KEY (option_id, variable_id) REFERENCES docprod.variable_select_options(id, variable_id);


--
-- Name: variable_select_option_values variable_select_option_values_variable_id_fkey; Type: FK CONSTRAINT; Schema: docprod; Owner: -
--

ALTER TABLE ONLY docprod.variable_select_option_values
    ADD CONSTRAINT variable_select_option_values_variable_id_fkey FOREIGN KEY (variable_id) REFERENCES docprod.variable_selects(variable_id);


--
-- Name: variable_select_option_values variable_select_option_values_variable_type_id_fkey; Type: FK CONSTRAINT; Schema: docprod; Owner: -
--

ALTER TABLE ONLY docprod.variable_select_option_values
    ADD CONSTRAINT variable_select_option_values_variable_type_id_fkey FOREIGN KEY (variable_type_id) REFERENCES docprod.variable_types(id);


--
-- Name: variable_select_option_values variable_select_option_values_variable_value_id_fkey; Type: FK CONSTRAINT; Schema: docprod; Owner: -
--

ALTER TABLE ONLY docprod.variable_select_option_values
    ADD CONSTRAINT variable_select_option_values_variable_value_id_fkey FOREIGN KEY (variable_value_id) REFERENCES docprod.variable_values(id) ON DELETE CASCADE;


--
-- Name: variable_select_option_values variable_select_option_values_variable_value_id_variable_i_fkey; Type: FK CONSTRAINT; Schema: docprod; Owner: -
--

ALTER TABLE ONLY docprod.variable_select_option_values
    ADD CONSTRAINT variable_select_option_values_variable_value_id_variable_i_fkey FOREIGN KEY (variable_value_id, variable_id, variable_type_id) REFERENCES docprod.variable_values(id, variable_id, variable_type_id);


--
-- Name: variable_select_options variable_select_options_variable_id_fkey; Type: FK CONSTRAINT; Schema: docprod; Owner: -
--

ALTER TABLE ONLY docprod.variable_select_options
    ADD CONSTRAINT variable_select_options_variable_id_fkey FOREIGN KEY (variable_id) REFERENCES docprod.variables(id) ON DELETE CASCADE;


--
-- Name: variable_select_options variable_select_options_variable_id_variable_type_id_fkey; Type: FK CONSTRAINT; Schema: docprod; Owner: -
--

ALTER TABLE ONLY docprod.variable_select_options
    ADD CONSTRAINT variable_select_options_variable_id_variable_type_id_fkey FOREIGN KEY (variable_id, variable_type_id) REFERENCES docprod.variable_selects(variable_id, variable_type_id) ON DELETE CASCADE;


--
-- Name: variable_select_options variable_select_options_variable_type_id_fkey; Type: FK CONSTRAINT; Schema: docprod; Owner: -
--

ALTER TABLE ONLY docprod.variable_select_options
    ADD CONSTRAINT variable_select_options_variable_type_id_fkey FOREIGN KEY (variable_type_id) REFERENCES docprod.variable_types(id);


--
-- Name: variable_selects variable_selects_variable_id_variable_type_id_fkey; Type: FK CONSTRAINT; Schema: docprod; Owner: -
--

ALTER TABLE ONLY docprod.variable_selects
    ADD CONSTRAINT variable_selects_variable_id_variable_type_id_fkey FOREIGN KEY (variable_id, variable_type_id) REFERENCES docprod.variables(id, variable_type_id) ON DELETE CASCADE;


--
-- Name: variable_selects variable_selects_variable_type_id_fkey; Type: FK CONSTRAINT; Schema: docprod; Owner: -
--

ALTER TABLE ONLY docprod.variable_selects
    ADD CONSTRAINT variable_selects_variable_type_id_fkey FOREIGN KEY (variable_type_id) REFERENCES docprod.variable_types(id);


--
-- Name: variable_table_columns variable_table_columns_table_variable_id_fkey; Type: FK CONSTRAINT; Schema: docprod; Owner: -
--

ALTER TABLE ONLY docprod.variable_table_columns
    ADD CONSTRAINT variable_table_columns_table_variable_id_fkey FOREIGN KEY (table_variable_id) REFERENCES docprod.variables(id);


--
-- Name: variable_table_columns variable_table_columns_table_variable_id_table_variable_ty_fkey; Type: FK CONSTRAINT; Schema: docprod; Owner: -
--

ALTER TABLE ONLY docprod.variable_table_columns
    ADD CONSTRAINT variable_table_columns_table_variable_id_table_variable_ty_fkey FOREIGN KEY (table_variable_id, table_variable_type_id) REFERENCES docprod.variable_tables(variable_id, variable_type_id) ON DELETE CASCADE;


--
-- Name: variable_table_columns variable_table_columns_table_variable_type_id_fkey; Type: FK CONSTRAINT; Schema: docprod; Owner: -
--

ALTER TABLE ONLY docprod.variable_table_columns
    ADD CONSTRAINT variable_table_columns_table_variable_type_id_fkey FOREIGN KEY (table_variable_type_id) REFERENCES docprod.variable_types(id);


--
-- Name: variable_table_columns variable_table_columns_variable_id_fkey; Type: FK CONSTRAINT; Schema: docprod; Owner: -
--

ALTER TABLE ONLY docprod.variable_table_columns
    ADD CONSTRAINT variable_table_columns_variable_id_fkey FOREIGN KEY (variable_id) REFERENCES docprod.variables(id);


--
-- Name: variable_tables variable_tables_table_style_id_fkey; Type: FK CONSTRAINT; Schema: docprod; Owner: -
--

ALTER TABLE ONLY docprod.variable_tables
    ADD CONSTRAINT variable_tables_table_style_id_fkey FOREIGN KEY (table_style_id) REFERENCES docprod.variable_table_styles(id);


--
-- Name: variable_tables variable_tables_variable_id_variable_type_id_fkey; Type: FK CONSTRAINT; Schema: docprod; Owner: -
--

ALTER TABLE ONLY docprod.variable_tables
    ADD CONSTRAINT variable_tables_variable_id_variable_type_id_fkey FOREIGN KEY (variable_id, variable_type_id) REFERENCES docprod.variables(id, variable_type_id) ON DELETE CASCADE;


--
-- Name: variable_tables variable_tables_variable_type_id_fkey; Type: FK CONSTRAINT; Schema: docprod; Owner: -
--

ALTER TABLE ONLY docprod.variable_tables
    ADD CONSTRAINT variable_tables_variable_type_id_fkey FOREIGN KEY (variable_type_id) REFERENCES docprod.variable_types(id);


--
-- Name: variable_texts variable_texts_variable_id_variable_type_id_fkey; Type: FK CONSTRAINT; Schema: docprod; Owner: -
--

ALTER TABLE ONLY docprod.variable_texts
    ADD CONSTRAINT variable_texts_variable_id_variable_type_id_fkey FOREIGN KEY (variable_id, variable_type_id) REFERENCES docprod.variables(id, variable_type_id) ON DELETE CASCADE;


--
-- Name: variable_texts variable_texts_variable_text_type_id_fkey; Type: FK CONSTRAINT; Schema: docprod; Owner: -
--

ALTER TABLE ONLY docprod.variable_texts
    ADD CONSTRAINT variable_texts_variable_text_type_id_fkey FOREIGN KEY (variable_text_type_id) REFERENCES docprod.variable_text_types(id);


--
-- Name: variable_texts variable_texts_variable_type_id_fkey; Type: FK CONSTRAINT; Schema: docprod; Owner: -
--

ALTER TABLE ONLY docprod.variable_texts
    ADD CONSTRAINT variable_texts_variable_type_id_fkey FOREIGN KEY (variable_type_id) REFERENCES docprod.variable_types(id);


--
-- Name: variable_value_table_rows variable_value_table_rows_table_row_value_id_fkey; Type: FK CONSTRAINT; Schema: docprod; Owner: -
--

ALTER TABLE ONLY docprod.variable_value_table_rows
    ADD CONSTRAINT variable_value_table_rows_table_row_value_id_fkey FOREIGN KEY (table_row_value_id) REFERENCES docprod.variable_values(id) ON DELETE CASCADE;


--
-- Name: variable_value_table_rows variable_value_table_rows_variable_value_id_fkey; Type: FK CONSTRAINT; Schema: docprod; Owner: -
--

ALTER TABLE ONLY docprod.variable_value_table_rows
    ADD CONSTRAINT variable_value_table_rows_variable_value_id_fkey FOREIGN KEY (variable_value_id) REFERENCES docprod.variable_values(id) ON DELETE CASCADE;


--
-- Name: variable_values variable_values_created_by_fkey; Type: FK CONSTRAINT; Schema: docprod; Owner: -
--

ALTER TABLE ONLY docprod.variable_values
    ADD CONSTRAINT variable_values_created_by_fkey FOREIGN KEY (created_by) REFERENCES public.users(id) ON DELETE SET DEFAULT;


--
-- Name: variable_values variable_values_project_id_fkey; Type: FK CONSTRAINT; Schema: docprod; Owner: -
--

ALTER TABLE ONLY docprod.variable_values
    ADD CONSTRAINT variable_values_project_id_fkey FOREIGN KEY (project_id) REFERENCES public.projects(id) ON DELETE CASCADE;


--
-- Name: variable_values variable_values_variable_id_fkey; Type: FK CONSTRAINT; Schema: docprod; Owner: -
--

ALTER TABLE ONLY docprod.variable_values
    ADD CONSTRAINT variable_values_variable_id_fkey FOREIGN KEY (variable_id) REFERENCES docprod.variables(id);


--
-- Name: variable_values variable_values_variable_id_variable_type_id_fkey; Type: FK CONSTRAINT; Schema: docprod; Owner: -
--

ALTER TABLE ONLY docprod.variable_values
    ADD CONSTRAINT variable_values_variable_id_variable_type_id_fkey FOREIGN KEY (variable_id, variable_type_id) REFERENCES docprod.variables(id, variable_type_id);


--
-- Name: variable_values variable_values_variable_type_id_fkey; Type: FK CONSTRAINT; Schema: docprod; Owner: -
--

ALTER TABLE ONLY docprod.variable_values
    ADD CONSTRAINT variable_values_variable_type_id_fkey FOREIGN KEY (variable_type_id) REFERENCES docprod.variable_types(id);


--
-- Name: variable_workflow_history variable_workflow_history_created_by_fkey; Type: FK CONSTRAINT; Schema: docprod; Owner: -
--

ALTER TABLE ONLY docprod.variable_workflow_history
    ADD CONSTRAINT variable_workflow_history_created_by_fkey FOREIGN KEY (created_by) REFERENCES public.users(id);


--
-- Name: variable_workflow_history variable_workflow_history_max_variable_value_id_fkey; Type: FK CONSTRAINT; Schema: docprod; Owner: -
--

ALTER TABLE ONLY docprod.variable_workflow_history
    ADD CONSTRAINT variable_workflow_history_max_variable_value_id_fkey FOREIGN KEY (max_variable_value_id) REFERENCES docprod.variable_values(id);


--
-- Name: variable_workflow_history variable_workflow_history_project_id_fkey; Type: FK CONSTRAINT; Schema: docprod; Owner: -
--

ALTER TABLE ONLY docprod.variable_workflow_history
    ADD CONSTRAINT variable_workflow_history_project_id_fkey FOREIGN KEY (project_id) REFERENCES public.projects(id) ON DELETE CASCADE;


--
-- Name: variable_workflow_history variable_workflow_history_variable_id_fkey; Type: FK CONSTRAINT; Schema: docprod; Owner: -
--

ALTER TABLE ONLY docprod.variable_workflow_history
    ADD CONSTRAINT variable_workflow_history_variable_id_fkey FOREIGN KEY (variable_id) REFERENCES docprod.variables(id);


--
-- Name: variable_workflow_history variable_workflow_history_variable_workflow_status_id_fkey; Type: FK CONSTRAINT; Schema: docprod; Owner: -
--

ALTER TABLE ONLY docprod.variable_workflow_history
    ADD CONSTRAINT variable_workflow_history_variable_workflow_status_id_fkey FOREIGN KEY (variable_workflow_status_id) REFERENCES docprod.variable_workflow_statuses(id);


--
-- Name: variables variables_dependency_condition_id_fkey; Type: FK CONSTRAINT; Schema: docprod; Owner: -
--

ALTER TABLE ONLY docprod.variables
    ADD CONSTRAINT variables_dependency_condition_id_fkey FOREIGN KEY (dependency_condition_id) REFERENCES docprod.dependency_conditions(id);


--
-- Name: variables variables_replaces_variable_id_fkey; Type: FK CONSTRAINT; Schema: docprod; Owner: -
--

ALTER TABLE ONLY docprod.variables
    ADD CONSTRAINT variables_replaces_variable_id_fkey FOREIGN KEY (replaces_variable_id) REFERENCES docprod.variables(id) ON DELETE SET NULL;


--
-- Name: variables variables_variable_type_id_fkey; Type: FK CONSTRAINT; Schema: docprod; Owner: -
--

ALTER TABLE ONLY docprod.variables
    ADD CONSTRAINT variables_variable_type_id_fkey FOREIGN KEY (variable_type_id) REFERENCES docprod.variable_types(id);


--
-- Name: funding_entities funding_entities_created_by_fkey; Type: FK CONSTRAINT; Schema: funder; Owner: -
--

ALTER TABLE ONLY funder.funding_entities
    ADD CONSTRAINT funding_entities_created_by_fkey FOREIGN KEY (created_by) REFERENCES public.users(id);


--
-- Name: funding_entities funding_entities_modified_by_fkey; Type: FK CONSTRAINT; Schema: funder; Owner: -
--

ALTER TABLE ONLY funder.funding_entities
    ADD CONSTRAINT funding_entities_modified_by_fkey FOREIGN KEY (modified_by) REFERENCES public.users(id);


--
-- Name: funding_entity_projects funding_entity_projects_funding_entity_id_fkey; Type: FK CONSTRAINT; Schema: funder; Owner: -
--

ALTER TABLE ONLY funder.funding_entity_projects
    ADD CONSTRAINT funding_entity_projects_funding_entity_id_fkey FOREIGN KEY (funding_entity_id) REFERENCES funder.funding_entities(id) ON DELETE CASCADE;


--
-- Name: funding_entity_projects funding_entity_projects_project_id_fkey; Type: FK CONSTRAINT; Schema: funder; Owner: -
--

ALTER TABLE ONLY funder.funding_entity_projects
    ADD CONSTRAINT funding_entity_projects_project_id_fkey FOREIGN KEY (project_id) REFERENCES public.projects(id) ON DELETE CASCADE;


--
-- Name: funding_entity_users funding_entity_users_funding_entity_id_fkey; Type: FK CONSTRAINT; Schema: funder; Owner: -
--

ALTER TABLE ONLY funder.funding_entity_users
    ADD CONSTRAINT funding_entity_users_funding_entity_id_fkey FOREIGN KEY (funding_entity_id) REFERENCES funder.funding_entities(id) ON DELETE CASCADE;


--
-- Name: funding_entity_users funding_entity_users_user_id_fkey; Type: FK CONSTRAINT; Schema: funder; Owner: -
--

ALTER TABLE ONLY funder.funding_entity_users
    ADD CONSTRAINT funding_entity_users_user_id_fkey FOREIGN KEY (user_id) REFERENCES public.users(id) ON DELETE CASCADE;


--
-- Name: published_activities published_activities_activity_id_fkey; Type: FK CONSTRAINT; Schema: funder; Owner: -
--

ALTER TABLE ONLY funder.published_activities
    ADD CONSTRAINT published_activities_activity_id_fkey FOREIGN KEY (activity_id) REFERENCES accelerator.activities(id);


--
-- Name: published_activities published_activities_activity_type_id_fkey; Type: FK CONSTRAINT; Schema: funder; Owner: -
--

ALTER TABLE ONLY funder.published_activities
    ADD CONSTRAINT published_activities_activity_type_id_fkey FOREIGN KEY (activity_type_id) REFERENCES accelerator.activity_types(id);


--
-- Name: published_activities published_activities_project_id_fkey; Type: FK CONSTRAINT; Schema: funder; Owner: -
--

ALTER TABLE ONLY funder.published_activities
    ADD CONSTRAINT published_activities_project_id_fkey FOREIGN KEY (project_id) REFERENCES public.projects(id) ON DELETE CASCADE;


--
-- Name: published_activities published_activities_published_by_fkey; Type: FK CONSTRAINT; Schema: funder; Owner: -
--

ALTER TABLE ONLY funder.published_activities
    ADD CONSTRAINT published_activities_published_by_fkey FOREIGN KEY (published_by) REFERENCES public.users(id);


--
-- Name: published_activity_media_files published_activity_media_files_activity_id_fkey; Type: FK CONSTRAINT; Schema: funder; Owner: -
--

ALTER TABLE ONLY funder.published_activity_media_files
    ADD CONSTRAINT published_activity_media_files_activity_id_fkey FOREIGN KEY (activity_id) REFERENCES funder.published_activities(activity_id);


--
-- Name: published_activity_media_files published_activity_media_files_activity_media_type_id_fkey; Type: FK CONSTRAINT; Schema: funder; Owner: -
--

ALTER TABLE ONLY funder.published_activity_media_files
    ADD CONSTRAINT published_activity_media_files_activity_media_type_id_fkey FOREIGN KEY (activity_media_type_id) REFERENCES accelerator.activity_media_types(id);


--
-- Name: published_activity_media_files published_activity_media_files_file_id_fkey; Type: FK CONSTRAINT; Schema: funder; Owner: -
--

ALTER TABLE ONLY funder.published_activity_media_files
    ADD CONSTRAINT published_activity_media_files_file_id_fkey FOREIGN KEY (file_id) REFERENCES public.files(id);


--
-- Name: published_project_carbon_certs published_project_carbon_certs_project_id_fkey; Type: FK CONSTRAINT; Schema: funder; Owner: -
--

ALTER TABLE ONLY funder.published_project_carbon_certs
    ADD CONSTRAINT published_project_carbon_certs_project_id_fkey FOREIGN KEY (project_id) REFERENCES public.projects(id) ON DELETE CASCADE;


--
-- Name: published_project_details published_project_details_country_code_fkey; Type: FK CONSTRAINT; Schema: funder; Owner: -
--

ALTER TABLE ONLY funder.published_project_details
    ADD CONSTRAINT published_project_details_country_code_fkey FOREIGN KEY (country_code) REFERENCES public.countries(code);


--
-- Name: published_project_details published_project_details_project_highlight_photo_value_id_fkey; Type: FK CONSTRAINT; Schema: funder; Owner: -
--

ALTER TABLE ONLY funder.published_project_details
    ADD CONSTRAINT published_project_details_project_highlight_photo_value_id_fkey FOREIGN KEY (project_highlight_photo_value_id) REFERENCES docprod.variable_values(id);


--
-- Name: published_project_details published_project_details_project_id_fkey; Type: FK CONSTRAINT; Schema: funder; Owner: -
--

ALTER TABLE ONLY funder.published_project_details
    ADD CONSTRAINT published_project_details_project_id_fkey FOREIGN KEY (project_id) REFERENCES public.projects(id) ON DELETE CASCADE;


--
-- Name: published_project_details published_project_details_project_zone_figure_value_id_fkey; Type: FK CONSTRAINT; Schema: funder; Owner: -
--

ALTER TABLE ONLY funder.published_project_details
    ADD CONSTRAINT published_project_details_project_zone_figure_value_id_fkey FOREIGN KEY (project_zone_figure_value_id) REFERENCES docprod.variable_values(id);


--
-- Name: published_project_details published_project_details_published_by_fkey; Type: FK CONSTRAINT; Schema: funder; Owner: -
--

ALTER TABLE ONLY funder.published_project_details
    ADD CONSTRAINT published_project_details_published_by_fkey FOREIGN KEY (published_by) REFERENCES public.users(id);


--
-- Name: published_project_land_use published_project_land_use_land_use_model_type_id_fkey; Type: FK CONSTRAINT; Schema: funder; Owner: -
--

ALTER TABLE ONLY funder.published_project_land_use
    ADD CONSTRAINT published_project_land_use_land_use_model_type_id_fkey FOREIGN KEY (land_use_model_type_id) REFERENCES public.land_use_model_types(id);


--
-- Name: published_project_land_use published_project_land_use_project_id_fkey; Type: FK CONSTRAINT; Schema: funder; Owner: -
--

ALTER TABLE ONLY funder.published_project_land_use
    ADD CONSTRAINT published_project_land_use_project_id_fkey FOREIGN KEY (project_id) REFERENCES public.projects(id) ON DELETE CASCADE;


--
-- Name: published_project_sdg published_project_sdg_project_id_fkey; Type: FK CONSTRAINT; Schema: funder; Owner: -
--

ALTER TABLE ONLY funder.published_project_sdg
    ADD CONSTRAINT published_project_sdg_project_id_fkey FOREIGN KEY (project_id) REFERENCES public.projects(id) ON DELETE CASCADE;


--
-- Name: published_report_achievements published_report_achievements_report_id_fkey; Type: FK CONSTRAINT; Schema: funder; Owner: -
--

ALTER TABLE ONLY funder.published_report_achievements
    ADD CONSTRAINT published_report_achievements_report_id_fkey FOREIGN KEY (report_id) REFERENCES funder.published_reports(report_id) ON DELETE CASCADE;


--
-- Name: published_report_challenges published_report_challenges_report_id_fkey; Type: FK CONSTRAINT; Schema: funder; Owner: -
--

ALTER TABLE ONLY funder.published_report_challenges
    ADD CONSTRAINT published_report_challenges_report_id_fkey FOREIGN KEY (report_id) REFERENCES funder.published_reports(report_id) ON DELETE CASCADE;


--
-- Name: published_report_photos published_report_photos_file_id_fkey; Type: FK CONSTRAINT; Schema: funder; Owner: -
--

ALTER TABLE ONLY funder.published_report_photos
    ADD CONSTRAINT published_report_photos_file_id_fkey FOREIGN KEY (file_id) REFERENCES public.files(id) ON DELETE CASCADE;


--
-- Name: published_report_photos published_report_photos_report_id_file_id_fkey; Type: FK CONSTRAINT; Schema: funder; Owner: -
--

ALTER TABLE ONLY funder.published_report_photos
    ADD CONSTRAINT published_report_photos_report_id_file_id_fkey FOREIGN KEY (report_id, file_id) REFERENCES accelerator.report_photos(report_id, file_id);


--
-- Name: published_report_photos published_report_photos_report_id_fkey; Type: FK CONSTRAINT; Schema: funder; Owner: -
--

ALTER TABLE ONLY funder.published_report_photos
    ADD CONSTRAINT published_report_photos_report_id_fkey FOREIGN KEY (report_id) REFERENCES funder.published_reports(report_id);


--
-- Name: published_report_project_metrics published_report_project_metrics_project_metric_id_fkey; Type: FK CONSTRAINT; Schema: funder; Owner: -
--

ALTER TABLE ONLY funder.published_report_project_metrics
    ADD CONSTRAINT published_report_project_metrics_project_metric_id_fkey FOREIGN KEY (project_metric_id) REFERENCES accelerator.project_metrics(id);


--
-- Name: published_report_project_metrics published_report_project_metrics_report_id_fkey; Type: FK CONSTRAINT; Schema: funder; Owner: -
--

ALTER TABLE ONLY funder.published_report_project_metrics
    ADD CONSTRAINT published_report_project_metrics_report_id_fkey FOREIGN KEY (report_id) REFERENCES funder.published_reports(report_id) ON DELETE CASCADE;


--
-- Name: published_report_project_metrics published_report_project_metrics_status_id_fkey; Type: FK CONSTRAINT; Schema: funder; Owner: -
--

ALTER TABLE ONLY funder.published_report_project_metrics
    ADD CONSTRAINT published_report_project_metrics_status_id_fkey FOREIGN KEY (status_id) REFERENCES accelerator.report_metric_statuses(id);


--
-- Name: published_report_standard_metrics published_report_standard_metrics_report_id_fkey; Type: FK CONSTRAINT; Schema: funder; Owner: -
--

ALTER TABLE ONLY funder.published_report_standard_metrics
    ADD CONSTRAINT published_report_standard_metrics_report_id_fkey FOREIGN KEY (report_id) REFERENCES funder.published_reports(report_id) ON DELETE CASCADE;


--
-- Name: published_report_standard_metrics published_report_standard_metrics_standard_metric_id_fkey; Type: FK CONSTRAINT; Schema: funder; Owner: -
--

ALTER TABLE ONLY funder.published_report_standard_metrics
    ADD CONSTRAINT published_report_standard_metrics_standard_metric_id_fkey FOREIGN KEY (standard_metric_id) REFERENCES accelerator.standard_metrics(id);


--
-- Name: published_report_standard_metrics published_report_standard_metrics_status_id_fkey; Type: FK CONSTRAINT; Schema: funder; Owner: -
--

ALTER TABLE ONLY funder.published_report_standard_metrics
    ADD CONSTRAINT published_report_standard_metrics_status_id_fkey FOREIGN KEY (status_id) REFERENCES accelerator.report_metric_statuses(id);


--
-- Name: published_report_system_metrics published_report_system_metrics_report_id_fkey; Type: FK CONSTRAINT; Schema: funder; Owner: -
--

ALTER TABLE ONLY funder.published_report_system_metrics
    ADD CONSTRAINT published_report_system_metrics_report_id_fkey FOREIGN KEY (report_id) REFERENCES funder.published_reports(report_id) ON DELETE CASCADE;


--
-- Name: published_report_system_metrics published_report_system_metrics_status_id_fkey; Type: FK CONSTRAINT; Schema: funder; Owner: -
--

ALTER TABLE ONLY funder.published_report_system_metrics
    ADD CONSTRAINT published_report_system_metrics_status_id_fkey FOREIGN KEY (status_id) REFERENCES accelerator.report_metric_statuses(id);


--
-- Name: published_report_system_metrics published_report_system_metrics_system_metric_id_fkey; Type: FK CONSTRAINT; Schema: funder; Owner: -
--

ALTER TABLE ONLY funder.published_report_system_metrics
    ADD CONSTRAINT published_report_system_metrics_system_metric_id_fkey FOREIGN KEY (system_metric_id) REFERENCES accelerator.system_metrics(id);


--
-- Name: published_reports published_reports_project_id_fkey; Type: FK CONSTRAINT; Schema: funder; Owner: -
--

ALTER TABLE ONLY funder.published_reports
    ADD CONSTRAINT published_reports_project_id_fkey FOREIGN KEY (project_id) REFERENCES public.projects(id) ON DELETE CASCADE;


--
-- Name: published_reports published_reports_published_by_fkey; Type: FK CONSTRAINT; Schema: funder; Owner: -
--

ALTER TABLE ONLY funder.published_reports
    ADD CONSTRAINT published_reports_published_by_fkey FOREIGN KEY (published_by) REFERENCES public.users(id);


--
-- Name: published_reports published_reports_report_frequency_id_fkey; Type: FK CONSTRAINT; Schema: funder; Owner: -
--

ALTER TABLE ONLY funder.published_reports
    ADD CONSTRAINT published_reports_report_frequency_id_fkey FOREIGN KEY (report_frequency_id) REFERENCES accelerator.report_frequencies(id);


--
-- Name: published_reports published_reports_report_id_fkey; Type: FK CONSTRAINT; Schema: funder; Owner: -
--

ALTER TABLE ONLY funder.published_reports
    ADD CONSTRAINT published_reports_report_id_fkey FOREIGN KEY (report_id) REFERENCES accelerator.reports(id) ON DELETE CASCADE;


--
-- Name: published_reports published_reports_report_quarter_id_fkey; Type: FK CONSTRAINT; Schema: funder; Owner: -
--

ALTER TABLE ONLY funder.published_reports
    ADD CONSTRAINT published_reports_report_quarter_id_fkey FOREIGN KEY (report_quarter_id) REFERENCES accelerator.report_quarters(id);


--
-- Name: batch_details_history batch_details_history_batch_id_fkey; Type: FK CONSTRAINT; Schema: nursery; Owner: -
--

ALTER TABLE ONLY nursery.batch_details_history
    ADD CONSTRAINT batch_details_history_batch_id_fkey FOREIGN KEY (batch_id) REFERENCES nursery.batches(id) ON DELETE CASCADE;


--
-- Name: batch_details_history batch_details_history_created_by_fkey; Type: FK CONSTRAINT; Schema: nursery; Owner: -
--

ALTER TABLE ONLY nursery.batch_details_history
    ADD CONSTRAINT batch_details_history_created_by_fkey FOREIGN KEY (created_by) REFERENCES public.users(id);


--
-- Name: batch_details_history batch_details_history_project_id_fkey; Type: FK CONSTRAINT; Schema: nursery; Owner: -
--

ALTER TABLE ONLY nursery.batch_details_history
    ADD CONSTRAINT batch_details_history_project_id_fkey FOREIGN KEY (project_id) REFERENCES public.projects(id) ON DELETE SET NULL;


--
-- Name: batch_details_history_sub_locations batch_details_history_sub_locatio_batch_details_history_id_fkey; Type: FK CONSTRAINT; Schema: nursery; Owner: -
--

ALTER TABLE ONLY nursery.batch_details_history_sub_locations
    ADD CONSTRAINT batch_details_history_sub_locatio_batch_details_history_id_fkey FOREIGN KEY (batch_details_history_id) REFERENCES nursery.batch_details_history(id) ON DELETE CASCADE;


--
-- Name: batch_details_history_sub_locations batch_details_history_sub_locations_sub_location_id_fkey; Type: FK CONSTRAINT; Schema: nursery; Owner: -
--

ALTER TABLE ONLY nursery.batch_details_history_sub_locations
    ADD CONSTRAINT batch_details_history_sub_locations_sub_location_id_fkey FOREIGN KEY (sub_location_id) REFERENCES public.sub_locations(id) ON DELETE SET NULL;


--
-- Name: batch_details_history batch_details_history_substrate_id_fkey; Type: FK CONSTRAINT; Schema: nursery; Owner: -
--

ALTER TABLE ONLY nursery.batch_details_history
    ADD CONSTRAINT batch_details_history_substrate_id_fkey FOREIGN KEY (substrate_id) REFERENCES nursery.batch_substrates(id);


--
-- Name: batch_details_history batch_details_history_treatment_id_fkey; Type: FK CONSTRAINT; Schema: nursery; Owner: -
--

ALTER TABLE ONLY nursery.batch_details_history
    ADD CONSTRAINT batch_details_history_treatment_id_fkey FOREIGN KEY (treatment_id) REFERENCES public.seed_treatments(id);


--
-- Name: batch_photos batch_photos_batch_id_fkey; Type: FK CONSTRAINT; Schema: nursery; Owner: -
--

ALTER TABLE ONLY nursery.batch_photos
    ADD CONSTRAINT batch_photos_batch_id_fkey FOREIGN KEY (batch_id) REFERENCES nursery.batches(id);


--
-- Name: batch_photos batch_photos_created_by_fkey; Type: FK CONSTRAINT; Schema: nursery; Owner: -
--

ALTER TABLE ONLY nursery.batch_photos
    ADD CONSTRAINT batch_photos_created_by_fkey FOREIGN KEY (created_by) REFERENCES public.users(id);


--
-- Name: batch_photos batch_photos_deleted_by_fkey; Type: FK CONSTRAINT; Schema: nursery; Owner: -
--

ALTER TABLE ONLY nursery.batch_photos
    ADD CONSTRAINT batch_photos_deleted_by_fkey FOREIGN KEY (deleted_by) REFERENCES public.users(id);


--
-- Name: batch_photos batch_photos_file_id_fkey; Type: FK CONSTRAINT; Schema: nursery; Owner: -
--

ALTER TABLE ONLY nursery.batch_photos
    ADD CONSTRAINT batch_photos_file_id_fkey FOREIGN KEY (file_id) REFERENCES public.files(id) ON DELETE SET NULL;


--
-- Name: batch_quantity_history batch_quantity_history_batch_id_fkey; Type: FK CONSTRAINT; Schema: nursery; Owner: -
--

ALTER TABLE ONLY nursery.batch_quantity_history
    ADD CONSTRAINT batch_quantity_history_batch_id_fkey FOREIGN KEY (batch_id) REFERENCES nursery.batches(id) ON DELETE CASCADE;


--
-- Name: batch_quantity_history batch_quantity_history_created_by_fkey; Type: FK CONSTRAINT; Schema: nursery; Owner: -
--

ALTER TABLE ONLY nursery.batch_quantity_history
    ADD CONSTRAINT batch_quantity_history_created_by_fkey FOREIGN KEY (created_by) REFERENCES public.users(id);


--
-- Name: batch_quantity_history batch_quantity_history_history_type_id_fkey; Type: FK CONSTRAINT; Schema: nursery; Owner: -
--

ALTER TABLE ONLY nursery.batch_quantity_history
    ADD CONSTRAINT batch_quantity_history_history_type_id_fkey FOREIGN KEY (history_type_id) REFERENCES nursery.batch_quantity_history_types(id);


--
-- Name: batch_quantity_history batch_quantity_history_withdrawal_id_fkey; Type: FK CONSTRAINT; Schema: nursery; Owner: -
--

ALTER TABLE ONLY nursery.batch_quantity_history
    ADD CONSTRAINT batch_quantity_history_withdrawal_id_fkey FOREIGN KEY (withdrawal_id) REFERENCES nursery.withdrawals(id) ON DELETE CASCADE;


--
-- Name: batch_sub_locations batch_sub_locations_batch_id_fkey; Type: FK CONSTRAINT; Schema: nursery; Owner: -
--

ALTER TABLE ONLY nursery.batch_sub_locations
    ADD CONSTRAINT batch_sub_locations_batch_id_fkey FOREIGN KEY (batch_id) REFERENCES nursery.batches(id) ON DELETE CASCADE;


--
-- Name: batch_sub_locations batch_sub_locations_facility_id_batch_id_fkey; Type: FK CONSTRAINT; Schema: nursery; Owner: -
--

ALTER TABLE ONLY nursery.batch_sub_locations
    ADD CONSTRAINT batch_sub_locations_facility_id_batch_id_fkey FOREIGN KEY (facility_id, batch_id) REFERENCES nursery.batches(facility_id, id);


--
-- Name: batch_sub_locations batch_sub_locations_facility_id_fkey; Type: FK CONSTRAINT; Schema: nursery; Owner: -
--

ALTER TABLE ONLY nursery.batch_sub_locations
    ADD CONSTRAINT batch_sub_locations_facility_id_fkey FOREIGN KEY (facility_id) REFERENCES public.facilities(id) ON DELETE CASCADE;


--
-- Name: batch_sub_locations batch_sub_locations_facility_id_sub_location_id_fkey; Type: FK CONSTRAINT; Schema: nursery; Owner: -
--

ALTER TABLE ONLY nursery.batch_sub_locations
    ADD CONSTRAINT batch_sub_locations_facility_id_sub_location_id_fkey FOREIGN KEY (facility_id, sub_location_id) REFERENCES public.sub_locations(facility_id, id);


--
-- Name: batch_sub_locations batch_sub_locations_sub_location_id_fkey; Type: FK CONSTRAINT; Schema: nursery; Owner: -
--

ALTER TABLE ONLY nursery.batch_sub_locations
    ADD CONSTRAINT batch_sub_locations_sub_location_id_fkey FOREIGN KEY (sub_location_id) REFERENCES public.sub_locations(id) ON DELETE CASCADE;


--
-- Name: batch_withdrawals batch_withdrawals_batch_id_fkey; Type: FK CONSTRAINT; Schema: nursery; Owner: -
--

ALTER TABLE ONLY nursery.batch_withdrawals
    ADD CONSTRAINT batch_withdrawals_batch_id_fkey FOREIGN KEY (batch_id) REFERENCES nursery.batches(id) ON DELETE CASCADE;


--
-- Name: batch_withdrawals batch_withdrawals_destination_batch_id_fkey; Type: FK CONSTRAINT; Schema: nursery; Owner: -
--

ALTER TABLE ONLY nursery.batch_withdrawals
    ADD CONSTRAINT batch_withdrawals_destination_batch_id_fkey FOREIGN KEY (destination_batch_id) REFERENCES nursery.batches(id) ON DELETE SET NULL;


--
-- Name: batch_withdrawals batch_withdrawals_withdrawal_id_fkey; Type: FK CONSTRAINT; Schema: nursery; Owner: -
--

ALTER TABLE ONLY nursery.batch_withdrawals
    ADD CONSTRAINT batch_withdrawals_withdrawal_id_fkey FOREIGN KEY (withdrawal_id) REFERENCES nursery.withdrawals(id) ON DELETE CASCADE;


--
-- Name: batches batches_accession_id_fkey; Type: FK CONSTRAINT; Schema: nursery; Owner: -
--

ALTER TABLE ONLY nursery.batches
    ADD CONSTRAINT batches_accession_id_fkey FOREIGN KEY (accession_id) REFERENCES seedbank.accessions(id) ON DELETE SET NULL;


--
-- Name: batches batches_created_by_fkey; Type: FK CONSTRAINT; Schema: nursery; Owner: -
--

ALTER TABLE ONLY nursery.batches
    ADD CONSTRAINT batches_created_by_fkey FOREIGN KEY (created_by) REFERENCES public.users(id);


--
-- Name: batches batches_facility_id_fkey; Type: FK CONSTRAINT; Schema: nursery; Owner: -
--

ALTER TABLE ONLY nursery.batches
    ADD CONSTRAINT batches_facility_id_fkey FOREIGN KEY (facility_id) REFERENCES public.facilities(id) ON DELETE CASCADE;


--
-- Name: batches batches_initial_batch_id_fkey; Type: FK CONSTRAINT; Schema: nursery; Owner: -
--

ALTER TABLE ONLY nursery.batches
    ADD CONSTRAINT batches_initial_batch_id_fkey FOREIGN KEY (initial_batch_id) REFERENCES nursery.batches(id) ON DELETE SET NULL;


--
-- Name: batches batches_modified_by_fkey; Type: FK CONSTRAINT; Schema: nursery; Owner: -
--

ALTER TABLE ONLY nursery.batches
    ADD CONSTRAINT batches_modified_by_fkey FOREIGN KEY (modified_by) REFERENCES public.users(id);


--
-- Name: batches batches_organization_id_fkey; Type: FK CONSTRAINT; Schema: nursery; Owner: -
--

ALTER TABLE ONLY nursery.batches
    ADD CONSTRAINT batches_organization_id_fkey FOREIGN KEY (organization_id) REFERENCES public.organizations(id) ON DELETE CASCADE;


--
-- Name: batches batches_project_id_fkey; Type: FK CONSTRAINT; Schema: nursery; Owner: -
--

ALTER TABLE ONLY nursery.batches
    ADD CONSTRAINT batches_project_id_fkey FOREIGN KEY (project_id) REFERENCES public.projects(id) ON DELETE SET NULL;


--
-- Name: batches batches_species_id_fkey; Type: FK CONSTRAINT; Schema: nursery; Owner: -
--

ALTER TABLE ONLY nursery.batches
    ADD CONSTRAINT batches_species_id_fkey FOREIGN KEY (species_id) REFERENCES public.species(id);


--
-- Name: batches batches_substrate_id_fkey; Type: FK CONSTRAINT; Schema: nursery; Owner: -
--

ALTER TABLE ONLY nursery.batches
    ADD CONSTRAINT batches_substrate_id_fkey FOREIGN KEY (substrate_id) REFERENCES nursery.batch_substrates(id);


--
-- Name: batches batches_treatment_id_fkey; Type: FK CONSTRAINT; Schema: nursery; Owner: -
--

ALTER TABLE ONLY nursery.batches
    ADD CONSTRAINT batches_treatment_id_fkey FOREIGN KEY (treatment_id) REFERENCES public.seed_treatments(id);


--
-- Name: withdrawal_photos withdrawal_photos_photo_id_fkey; Type: FK CONSTRAINT; Schema: nursery; Owner: -
--

ALTER TABLE ONLY nursery.withdrawal_photos
    ADD CONSTRAINT withdrawal_photos_photo_id_fkey FOREIGN KEY (file_id) REFERENCES public.files(id);


--
-- Name: withdrawal_photos withdrawal_photos_withdrawal_id_fkey; Type: FK CONSTRAINT; Schema: nursery; Owner: -
--

ALTER TABLE ONLY nursery.withdrawal_photos
    ADD CONSTRAINT withdrawal_photos_withdrawal_id_fkey FOREIGN KEY (withdrawal_id) REFERENCES nursery.withdrawals(id);


--
-- Name: withdrawals withdrawals_created_by_fkey; Type: FK CONSTRAINT; Schema: nursery; Owner: -
--

ALTER TABLE ONLY nursery.withdrawals
    ADD CONSTRAINT withdrawals_created_by_fkey FOREIGN KEY (created_by) REFERENCES public.users(id);


--
-- Name: withdrawals withdrawals_destination_facility_id_fkey; Type: FK CONSTRAINT; Schema: nursery; Owner: -
--

ALTER TABLE ONLY nursery.withdrawals
    ADD CONSTRAINT withdrawals_destination_facility_id_fkey FOREIGN KEY (destination_facility_id) REFERENCES public.facilities(id) ON DELETE SET NULL;


--
-- Name: withdrawals withdrawals_facility_id_fkey; Type: FK CONSTRAINT; Schema: nursery; Owner: -
--

ALTER TABLE ONLY nursery.withdrawals
    ADD CONSTRAINT withdrawals_facility_id_fkey FOREIGN KEY (facility_id) REFERENCES public.facilities(id) ON DELETE CASCADE;


--
-- Name: withdrawals withdrawals_modified_by_fkey; Type: FK CONSTRAINT; Schema: nursery; Owner: -
--

ALTER TABLE ONLY nursery.withdrawals
    ADD CONSTRAINT withdrawals_modified_by_fkey FOREIGN KEY (modified_by) REFERENCES public.users(id);


--
-- Name: withdrawals withdrawals_purpose_id_fkey; Type: FK CONSTRAINT; Schema: nursery; Owner: -
--

ALTER TABLE ONLY nursery.withdrawals
    ADD CONSTRAINT withdrawals_purpose_id_fkey FOREIGN KEY (purpose_id) REFERENCES nursery.withdrawal_purposes(id);


--
-- Name: withdrawals withdrawals_undoes_withdrawal_id_fkey; Type: FK CONSTRAINT; Schema: nursery; Owner: -
--

ALTER TABLE ONLY nursery.withdrawals
    ADD CONSTRAINT withdrawals_undoes_withdrawal_id_fkey FOREIGN KEY (undoes_withdrawal_id) REFERENCES nursery.withdrawals(id) ON DELETE CASCADE;


--
-- Name: automations automations_created_by_fkey; Type: FK CONSTRAINT; Schema: public; Owner: -
--

ALTER TABLE ONLY public.automations
    ADD CONSTRAINT automations_created_by_fkey FOREIGN KEY (created_by) REFERENCES public.users(id);


--
-- Name: automations automations_device_id_fkey; Type: FK CONSTRAINT; Schema: public; Owner: -
--

ALTER TABLE ONLY public.automations
    ADD CONSTRAINT automations_device_id_fkey FOREIGN KEY (device_id) REFERENCES public.devices(id) ON DELETE CASCADE;


--
-- Name: automations automations_facility_id_fkey; Type: FK CONSTRAINT; Schema: public; Owner: -
--

ALTER TABLE ONLY public.automations
    ADD CONSTRAINT automations_facility_id_fkey FOREIGN KEY (facility_id) REFERENCES public.facilities(id) ON DELETE CASCADE;


--
-- Name: automations automations_modified_by_fkey; Type: FK CONSTRAINT; Schema: public; Owner: -
--

ALTER TABLE ONLY public.automations
    ADD CONSTRAINT automations_modified_by_fkey FOREIGN KEY (modified_by) REFERENCES public.users(id);


--
-- Name: chat_memory_conversations chat_memory_conversations_created_by_fkey; Type: FK CONSTRAINT; Schema: public; Owner: -
--

ALTER TABLE ONLY public.chat_memory_conversations
    ADD CONSTRAINT chat_memory_conversations_created_by_fkey FOREIGN KEY (created_by) REFERENCES public.users(id);


--
-- Name: chat_memory_messages chat_memory_messages_conversation_id_fkey; Type: FK CONSTRAINT; Schema: public; Owner: -
--

ALTER TABLE ONLY public.chat_memory_messages
    ADD CONSTRAINT chat_memory_messages_conversation_id_fkey FOREIGN KEY (conversation_id) REFERENCES public.chat_memory_conversations(id) ON DELETE CASCADE;


--
-- Name: chat_memory_messages chat_memory_messages_message_type_id_fkey; Type: FK CONSTRAINT; Schema: public; Owner: -
--

ALTER TABLE ONLY public.chat_memory_messages
    ADD CONSTRAINT chat_memory_messages_message_type_id_fkey FOREIGN KEY (message_type_id) REFERENCES public.chat_memory_message_types(id);


--
-- Name: countries countries_region_id_fkey; Type: FK CONSTRAINT; Schema: public; Owner: -
--

ALTER TABLE ONLY public.countries
    ADD CONSTRAINT countries_region_id_fkey FOREIGN KEY (region_id) REFERENCES public.regions(id);


--
-- Name: country_subdivisions country_subdivisions_country_code_fkey; Type: FK CONSTRAINT; Schema: public; Owner: -
--

ALTER TABLE ONLY public.country_subdivisions
    ADD CONSTRAINT country_subdivisions_country_code_fkey FOREIGN KEY (country_code) REFERENCES public.countries(code);


--
-- Name: device_managers device_managers_facility_id_fkey; Type: FK CONSTRAINT; Schema: public; Owner: -
--

ALTER TABLE ONLY public.device_managers
    ADD CONSTRAINT device_managers_facility_id_fkey FOREIGN KEY (facility_id) REFERENCES public.facilities(id);


--
-- Name: device_managers device_managers_user_id_fkey; Type: FK CONSTRAINT; Schema: public; Owner: -
--

ALTER TABLE ONLY public.device_managers
    ADD CONSTRAINT device_managers_user_id_fkey FOREIGN KEY (user_id) REFERENCES public.users(id);


--
-- Name: device_templates device_templates_category_id_fkey; Type: FK CONSTRAINT; Schema: public; Owner: -
--

ALTER TABLE ONLY public.device_templates
    ADD CONSTRAINT device_templates_category_id_fkey FOREIGN KEY (category_id) REFERENCES public.device_template_categories(id);


--
-- Name: devices devices_created_by_fkey; Type: FK CONSTRAINT; Schema: public; Owner: -
--

ALTER TABLE ONLY public.devices
    ADD CONSTRAINT devices_created_by_fkey FOREIGN KEY (created_by) REFERENCES public.users(id);


--
-- Name: devices devices_facility_id_fkey; Type: FK CONSTRAINT; Schema: public; Owner: -
--

ALTER TABLE ONLY public.devices
    ADD CONSTRAINT devices_facility_id_fkey FOREIGN KEY (facility_id) REFERENCES public.facilities(id) ON DELETE CASCADE;


--
-- Name: devices devices_modified_by_fkey; Type: FK CONSTRAINT; Schema: public; Owner: -
--

ALTER TABLE ONLY public.devices
    ADD CONSTRAINT devices_modified_by_fkey FOREIGN KEY (modified_by) REFERENCES public.users(id);


--
-- Name: devices devices_parent_id_fkey; Type: FK CONSTRAINT; Schema: public; Owner: -
--

ALTER TABLE ONLY public.devices
    ADD CONSTRAINT devices_parent_id_fkey FOREIGN KEY (parent_id) REFERENCES public.devices(id);


--
-- Name: event_log event_log_created_by_fkey; Type: FK CONSTRAINT; Schema: public; Owner: -
--

ALTER TABLE ONLY public.event_log
    ADD CONSTRAINT event_log_created_by_fkey FOREIGN KEY (created_by) REFERENCES public.users(id);


--
-- Name: facilities facilities_connection_state_id_fkey; Type: FK CONSTRAINT; Schema: public; Owner: -
--

ALTER TABLE ONLY public.facilities
    ADD CONSTRAINT facilities_connection_state_id_fkey FOREIGN KEY (connection_state_id) REFERENCES public.facility_connection_states(id);


--
-- Name: facilities facilities_created_by_fkey; Type: FK CONSTRAINT; Schema: public; Owner: -
--

ALTER TABLE ONLY public.facilities
    ADD CONSTRAINT facilities_created_by_fkey FOREIGN KEY (created_by) REFERENCES public.users(id);


--
-- Name: facilities facilities_modified_by_fkey; Type: FK CONSTRAINT; Schema: public; Owner: -
--

ALTER TABLE ONLY public.facilities
    ADD CONSTRAINT facilities_modified_by_fkey FOREIGN KEY (modified_by) REFERENCES public.users(id);


--
-- Name: facilities facilities_organization_id_fkey; Type: FK CONSTRAINT; Schema: public; Owner: -
--

ALTER TABLE ONLY public.facilities
    ADD CONSTRAINT facilities_organization_id_fkey FOREIGN KEY (organization_id) REFERENCES public.organizations(id) ON DELETE CASCADE;


--
-- Name: facilities facilities_time_zone_fkey; Type: FK CONSTRAINT; Schema: public; Owner: -
--

ALTER TABLE ONLY public.facilities
    ADD CONSTRAINT facilities_time_zone_fkey FOREIGN KEY (time_zone) REFERENCES public.time_zones(time_zone) ON DELETE SET NULL;


--
-- Name: file_access_tokens file_access_tokens_created_by_fkey; Type: FK CONSTRAINT; Schema: public; Owner: -
--

ALTER TABLE ONLY public.file_access_tokens
    ADD CONSTRAINT file_access_tokens_created_by_fkey FOREIGN KEY (created_by) REFERENCES public.users(id);


--
-- Name: file_access_tokens file_access_tokens_file_id_fkey; Type: FK CONSTRAINT; Schema: public; Owner: -
--

ALTER TABLE ONLY public.file_access_tokens
    ADD CONSTRAINT file_access_tokens_file_id_fkey FOREIGN KEY (file_id) REFERENCES public.files(id) ON DELETE CASCADE;


--
-- Name: gbif_name_words gbif_name_words_gbif_name_id_fkey; Type: FK CONSTRAINT; Schema: public; Owner: -
--

ALTER TABLE ONLY public.gbif_name_words
    ADD CONSTRAINT gbif_name_words_gbif_name_id_fkey FOREIGN KEY (gbif_name_id) REFERENCES public.gbif_names(id);


--
-- Name: gbif_names gbif_names_taxon_id_fkey; Type: FK CONSTRAINT; Schema: public; Owner: -
--

ALTER TABLE ONLY public.gbif_names
    ADD CONSTRAINT gbif_names_taxon_id_fkey FOREIGN KEY (taxon_id) REFERENCES public.gbif_taxa(taxon_id);


--
-- Name: identifier_sequences identifier_sequences_organization_id_fkey; Type: FK CONSTRAINT; Schema: public; Owner: -
--

ALTER TABLE ONLY public.identifier_sequences
    ADD CONSTRAINT identifier_sequences_organization_id_fkey FOREIGN KEY (organization_id) REFERENCES public.organizations(id) ON DELETE CASCADE;


--
-- Name: internal_tags internal_tags_created_by_fkey; Type: FK CONSTRAINT; Schema: public; Owner: -
--

ALTER TABLE ONLY public.internal_tags
    ADD CONSTRAINT internal_tags_created_by_fkey FOREIGN KEY (created_by) REFERENCES public.users(id);


--
-- Name: internal_tags internal_tags_modified_by_fkey; Type: FK CONSTRAINT; Schema: public; Owner: -
--

ALTER TABLE ONLY public.internal_tags
    ADD CONSTRAINT internal_tags_modified_by_fkey FOREIGN KEY (modified_by) REFERENCES public.users(id);


--
-- Name: mux_assets mux_assets_file_id_fkey; Type: FK CONSTRAINT; Schema: public; Owner: -
--

ALTER TABLE ONLY public.mux_assets
    ADD CONSTRAINT mux_assets_file_id_fkey FOREIGN KEY (file_id) REFERENCES public.files(id);


--
-- Name: mux_assets mux_assets_mux_asset_status_id_fkey; Type: FK CONSTRAINT; Schema: public; Owner: -
--

ALTER TABLE ONLY public.mux_assets
    ADD CONSTRAINT mux_assets_mux_asset_status_id_fkey FOREIGN KEY (asset_status_id) REFERENCES public.asset_statuses(id);


--
-- Name: notification_types notification_types_notification_criticality_id_fkey; Type: FK CONSTRAINT; Schema: public; Owner: -
--

ALTER TABLE ONLY public.notification_types
    ADD CONSTRAINT notification_types_notification_criticality_id_fkey FOREIGN KEY (notification_criticality_id) REFERENCES public.notification_criticalities(id);


--
-- Name: notifications notifications_notification_type_id_fkey; Type: FK CONSTRAINT; Schema: public; Owner: -
--

ALTER TABLE ONLY public.notifications
    ADD CONSTRAINT notifications_notification_type_id_fkey FOREIGN KEY (notification_type_id) REFERENCES public.notification_types(id);


--
-- Name: notifications notifications_organization_id_fkey; Type: FK CONSTRAINT; Schema: public; Owner: -
--

ALTER TABLE ONLY public.notifications
    ADD CONSTRAINT notifications_organization_id_fkey FOREIGN KEY (organization_id) REFERENCES public.organizations(id) ON DELETE CASCADE;


--
-- Name: notifications notifications_user_id_fkey; Type: FK CONSTRAINT; Schema: public; Owner: -
--

ALTER TABLE ONLY public.notifications
    ADD CONSTRAINT notifications_user_id_fkey FOREIGN KEY (user_id) REFERENCES public.users(id);


--
-- Name: organization_internal_tags organization_internal_tags_created_by_fkey; Type: FK CONSTRAINT; Schema: public; Owner: -
--

ALTER TABLE ONLY public.organization_internal_tags
    ADD CONSTRAINT organization_internal_tags_created_by_fkey FOREIGN KEY (created_by) REFERENCES public.users(id);


--
-- Name: organization_internal_tags organization_internal_tags_internal_tag_id_fkey; Type: FK CONSTRAINT; Schema: public; Owner: -
--

ALTER TABLE ONLY public.organization_internal_tags
    ADD CONSTRAINT organization_internal_tags_internal_tag_id_fkey FOREIGN KEY (internal_tag_id) REFERENCES public.internal_tags(id) ON DELETE CASCADE;


--
-- Name: organization_internal_tags organization_internal_tags_organization_id_fkey; Type: FK CONSTRAINT; Schema: public; Owner: -
--

ALTER TABLE ONLY public.organization_internal_tags
    ADD CONSTRAINT organization_internal_tags_organization_id_fkey FOREIGN KEY (organization_id) REFERENCES public.organizations(id) ON DELETE CASCADE;


--
-- Name: organization_managed_location_types organization_managed_location_typ_managed_location_type_id_fkey; Type: FK CONSTRAINT; Schema: public; Owner: -
--

ALTER TABLE ONLY public.organization_managed_location_types
    ADD CONSTRAINT organization_managed_location_typ_managed_location_type_id_fkey FOREIGN KEY (managed_location_type_id) REFERENCES public.managed_location_types(id);


--
-- Name: organization_managed_location_types organization_managed_location_types_organization_id_fkey; Type: FK CONSTRAINT; Schema: public; Owner: -
--

ALTER TABLE ONLY public.organization_managed_location_types
    ADD CONSTRAINT organization_managed_location_types_organization_id_fkey FOREIGN KEY (organization_id) REFERENCES public.organizations(id) ON DELETE CASCADE;


--
-- Name: organization_report_settings organization_report_settings_organization_id_fkey; Type: FK CONSTRAINT; Schema: public; Owner: -
--

ALTER TABLE ONLY public.organization_report_settings
    ADD CONSTRAINT organization_report_settings_organization_id_fkey FOREIGN KEY (organization_id) REFERENCES public.organizations(id) ON DELETE CASCADE;


--
-- Name: organization_users organization_users_created_by_fkey; Type: FK CONSTRAINT; Schema: public; Owner: -
--

ALTER TABLE ONLY public.organization_users
    ADD CONSTRAINT organization_users_created_by_fkey FOREIGN KEY (created_by) REFERENCES public.users(id);


--
-- Name: organization_users organization_users_modified_by_fkey; Type: FK CONSTRAINT; Schema: public; Owner: -
--

ALTER TABLE ONLY public.organization_users
    ADD CONSTRAINT organization_users_modified_by_fkey FOREIGN KEY (modified_by) REFERENCES public.users(id);


--
-- Name: organization_users organization_users_organization_id_fkey; Type: FK CONSTRAINT; Schema: public; Owner: -
--

ALTER TABLE ONLY public.organization_users
    ADD CONSTRAINT organization_users_organization_id_fkey FOREIGN KEY (organization_id) REFERENCES public.organizations(id) ON DELETE CASCADE;


--
-- Name: organization_users organization_users_role_id_fkey; Type: FK CONSTRAINT; Schema: public; Owner: -
--

ALTER TABLE ONLY public.organization_users
    ADD CONSTRAINT organization_users_role_id_fkey FOREIGN KEY (role_id) REFERENCES public.roles(id);


--
-- Name: organization_users organization_users_user_id_fkey; Type: FK CONSTRAINT; Schema: public; Owner: -
--

ALTER TABLE ONLY public.organization_users
    ADD CONSTRAINT organization_users_user_id_fkey FOREIGN KEY (user_id) REFERENCES public.users(id);


--
-- Name: organizations organizations_country_code_fkey; Type: FK CONSTRAINT; Schema: public; Owner: -
--

ALTER TABLE ONLY public.organizations
    ADD CONSTRAINT organizations_country_code_fkey FOREIGN KEY (country_code) REFERENCES public.countries(code);


--
-- Name: organizations organizations_country_subdivision_code_fkey; Type: FK CONSTRAINT; Schema: public; Owner: -
--

ALTER TABLE ONLY public.organizations
    ADD CONSTRAINT organizations_country_subdivision_code_fkey FOREIGN KEY (country_subdivision_code) REFERENCES public.country_subdivisions(code);


--
-- Name: organizations organizations_created_by_fkey; Type: FK CONSTRAINT; Schema: public; Owner: -
--

ALTER TABLE ONLY public.organizations
    ADD CONSTRAINT organizations_created_by_fkey FOREIGN KEY (created_by) REFERENCES public.users(id);


--
-- Name: organizations organizations_modified_by_fkey; Type: FK CONSTRAINT; Schema: public; Owner: -
--

ALTER TABLE ONLY public.organizations
    ADD CONSTRAINT organizations_modified_by_fkey FOREIGN KEY (modified_by) REFERENCES public.users(id);


--
-- Name: organizations organizations_organization_type_id_fkey; Type: FK CONSTRAINT; Schema: public; Owner: -
--

ALTER TABLE ONLY public.organizations
    ADD CONSTRAINT organizations_organization_type_id_fkey FOREIGN KEY (organization_type_id) REFERENCES public.organization_types(id);


--
-- Name: organizations organizations_time_zone_fkey; Type: FK CONSTRAINT; Schema: public; Owner: -
--

ALTER TABLE ONLY public.organizations
    ADD CONSTRAINT organizations_time_zone_fkey FOREIGN KEY (time_zone) REFERENCES public.time_zones(time_zone) ON DELETE SET NULL;


--
-- Name: files photos_modified_by_fkey; Type: FK CONSTRAINT; Schema: public; Owner: -
--

ALTER TABLE ONLY public.files
    ADD CONSTRAINT photos_modified_by_fkey FOREIGN KEY (modified_by) REFERENCES public.users(id);


--
-- Name: files photos_user_id_fkey; Type: FK CONSTRAINT; Schema: public; Owner: -
--

ALTER TABLE ONLY public.files
    ADD CONSTRAINT photos_user_id_fkey FOREIGN KEY (created_by) REFERENCES public.users(id);


--
-- Name: project_internal_users project_internal_users_created_by_fkey; Type: FK CONSTRAINT; Schema: public; Owner: -
--

ALTER TABLE ONLY public.project_internal_users
    ADD CONSTRAINT project_internal_users_created_by_fkey FOREIGN KEY (created_by) REFERENCES public.users(id);


--
-- Name: project_internal_users project_internal_users_modified_by_fkey; Type: FK CONSTRAINT; Schema: public; Owner: -
--

ALTER TABLE ONLY public.project_internal_users
    ADD CONSTRAINT project_internal_users_modified_by_fkey FOREIGN KEY (modified_by) REFERENCES public.users(id);


--
-- Name: project_internal_users project_internal_users_project_id_fkey; Type: FK CONSTRAINT; Schema: public; Owner: -
--

ALTER TABLE ONLY public.project_internal_users
    ADD CONSTRAINT project_internal_users_project_id_fkey FOREIGN KEY (project_id) REFERENCES public.projects(id) ON DELETE CASCADE;


--
-- Name: project_internal_users project_internal_users_project_user_role_id_fkey; Type: FK CONSTRAINT; Schema: public; Owner: -
--

ALTER TABLE ONLY public.project_internal_users
    ADD CONSTRAINT project_internal_users_project_user_role_id_fkey FOREIGN KEY (project_internal_role_id) REFERENCES public.project_internal_roles(id);


--
-- Name: project_internal_users project_internal_users_user_id_fkey; Type: FK CONSTRAINT; Schema: public; Owner: -
--

ALTER TABLE ONLY public.project_internal_users
    ADD CONSTRAINT project_internal_users_user_id_fkey FOREIGN KEY (user_id) REFERENCES public.users(id);


--
-- Name: project_land_use_model_types project_land_use_model_types_land_use_model_type_id_fkey; Type: FK CONSTRAINT; Schema: public; Owner: -
--

ALTER TABLE ONLY public.project_land_use_model_types
    ADD CONSTRAINT project_land_use_model_types_land_use_model_type_id_fkey FOREIGN KEY (land_use_model_type_id) REFERENCES public.land_use_model_types(id);


--
-- Name: project_land_use_model_types project_land_use_model_types_project_id_fkey; Type: FK CONSTRAINT; Schema: public; Owner: -
--

ALTER TABLE ONLY public.project_land_use_model_types
    ADD CONSTRAINT project_land_use_model_types_project_id_fkey FOREIGN KEY (project_id) REFERENCES public.projects(id) ON DELETE CASCADE;


--
-- Name: project_report_settings project_report_settings_project_id_fkey; Type: FK CONSTRAINT; Schema: public; Owner: -
--

ALTER TABLE ONLY public.project_report_settings
    ADD CONSTRAINT project_report_settings_project_id_fkey FOREIGN KEY (project_id) REFERENCES public.projects(id) ON DELETE CASCADE;


--
-- Name: projects projects_cohort_id_fkey; Type: FK CONSTRAINT; Schema: public; Owner: -
--

ALTER TABLE ONLY public.projects
    ADD CONSTRAINT projects_cohort_id_fkey FOREIGN KEY (cohort_id) REFERENCES accelerator.cohorts(id);


--
-- Name: projects projects_country_code_fkey; Type: FK CONSTRAINT; Schema: public; Owner: -
--

ALTER TABLE ONLY public.projects
    ADD CONSTRAINT projects_country_code_fkey FOREIGN KEY (country_code) REFERENCES public.countries(code);


--
-- Name: projects projects_created_by_fkey; Type: FK CONSTRAINT; Schema: public; Owner: -
--

ALTER TABLE ONLY public.projects
    ADD CONSTRAINT projects_created_by_fkey FOREIGN KEY (created_by) REFERENCES public.users(id) ON DELETE SET DEFAULT;


--
-- Name: projects projects_modified_by_fkey; Type: FK CONSTRAINT; Schema: public; Owner: -
--

ALTER TABLE ONLY public.projects
    ADD CONSTRAINT projects_modified_by_fkey FOREIGN KEY (modified_by) REFERENCES public.users(id) ON DELETE SET DEFAULT;


--
-- Name: projects projects_organization_id_fkey; Type: FK CONSTRAINT; Schema: public; Owner: -
--

ALTER TABLE ONLY public.projects
    ADD CONSTRAINT projects_organization_id_fkey FOREIGN KEY (organization_id) REFERENCES public.organizations(id) ON DELETE CASCADE;


--
-- Name: projects projects_phase_id_fkey; Type: FK CONSTRAINT; Schema: public; Owner: -
--

ALTER TABLE ONLY public.projects
    ADD CONSTRAINT projects_phase_id_fkey FOREIGN KEY (phase_id) REFERENCES accelerator.cohort_phases(id);


--
-- Name: seed_fund_report_files report_files_file_id_fkey; Type: FK CONSTRAINT; Schema: public; Owner: -
--

ALTER TABLE ONLY public.seed_fund_report_files
    ADD CONSTRAINT report_files_file_id_fkey FOREIGN KEY (file_id) REFERENCES public.files(id) ON DELETE CASCADE;


--
-- Name: seed_fund_report_files report_files_report_id_fkey; Type: FK CONSTRAINT; Schema: public; Owner: -
--

ALTER TABLE ONLY public.seed_fund_report_files
    ADD CONSTRAINT report_files_report_id_fkey FOREIGN KEY (report_id) REFERENCES public.seed_fund_reports(id);


--
-- Name: seed_fund_report_photos report_photos_photo_id_fkey; Type: FK CONSTRAINT; Schema: public; Owner: -
--

ALTER TABLE ONLY public.seed_fund_report_photos
    ADD CONSTRAINT report_photos_photo_id_fkey FOREIGN KEY (file_id) REFERENCES public.files(id) ON DELETE CASCADE;


--
-- Name: seed_fund_report_photos report_photos_report_id_fkey; Type: FK CONSTRAINT; Schema: public; Owner: -
--

ALTER TABLE ONLY public.seed_fund_report_photos
    ADD CONSTRAINT report_photos_report_id_fkey FOREIGN KEY (report_id) REFERENCES public.seed_fund_reports(id);


--
-- Name: seed_fund_reports reports_locked_by_fkey; Type: FK CONSTRAINT; Schema: public; Owner: -
--

ALTER TABLE ONLY public.seed_fund_reports
    ADD CONSTRAINT reports_locked_by_fkey FOREIGN KEY (locked_by) REFERENCES public.users(id);


--
-- Name: seed_fund_reports reports_modified_by_fkey; Type: FK CONSTRAINT; Schema: public; Owner: -
--

ALTER TABLE ONLY public.seed_fund_reports
    ADD CONSTRAINT reports_modified_by_fkey FOREIGN KEY (modified_by) REFERENCES public.users(id);


--
-- Name: seed_fund_reports reports_organization_id_fkey; Type: FK CONSTRAINT; Schema: public; Owner: -
--

ALTER TABLE ONLY public.seed_fund_reports
    ADD CONSTRAINT reports_organization_id_fkey FOREIGN KEY (organization_id) REFERENCES public.organizations(id);


--
-- Name: seed_fund_reports reports_project_id_fkey; Type: FK CONSTRAINT; Schema: public; Owner: -
--

ALTER TABLE ONLY public.seed_fund_reports
    ADD CONSTRAINT reports_project_id_fkey FOREIGN KEY (project_id) REFERENCES public.projects(id) ON DELETE SET NULL;


--
-- Name: seed_fund_reports reports_status_id_fkey; Type: FK CONSTRAINT; Schema: public; Owner: -
--

ALTER TABLE ONLY public.seed_fund_reports
    ADD CONSTRAINT reports_status_id_fkey FOREIGN KEY (status_id) REFERENCES public.seed_fund_report_statuses(id);


--
-- Name: seed_fund_reports reports_submitted_by_fkey; Type: FK CONSTRAINT; Schema: public; Owner: -
--

ALTER TABLE ONLY public.seed_fund_reports
    ADD CONSTRAINT reports_submitted_by_fkey FOREIGN KEY (submitted_by) REFERENCES public.users(id);


--
-- Name: facilities site_module_type_id_fkey; Type: FK CONSTRAINT; Schema: public; Owner: -
--

ALTER TABLE ONLY public.facilities
    ADD CONSTRAINT site_module_type_id_fkey FOREIGN KEY (type_id) REFERENCES public.facility_types(id);


--
-- Name: species species_conservation_category_id_fkey; Type: FK CONSTRAINT; Schema: public; Owner: -
--

ALTER TABLE ONLY public.species
    ADD CONSTRAINT species_conservation_category_id_fkey FOREIGN KEY (conservation_category_id) REFERENCES public.conservation_categories(id);


--
-- Name: species species_created_by_fkey; Type: FK CONSTRAINT; Schema: public; Owner: -
--

ALTER TABLE ONLY public.species
    ADD CONSTRAINT species_created_by_fkey FOREIGN KEY (created_by) REFERENCES public.users(id);


--
-- Name: species species_deleted_by_fkey; Type: FK CONSTRAINT; Schema: public; Owner: -
--

ALTER TABLE ONLY public.species
    ADD CONSTRAINT species_deleted_by_fkey FOREIGN KEY (deleted_by) REFERENCES public.users(id);


--
-- Name: species_ecosystem_types species_ecosystem_types_ecosystem_type_id_fkey; Type: FK CONSTRAINT; Schema: public; Owner: -
--

ALTER TABLE ONLY public.species_ecosystem_types
    ADD CONSTRAINT species_ecosystem_types_ecosystem_type_id_fkey FOREIGN KEY (ecosystem_type_id) REFERENCES public.ecosystem_types(id);


--
-- Name: species_ecosystem_types species_ecosystem_types_species_id_fkey; Type: FK CONSTRAINT; Schema: public; Owner: -
--

ALTER TABLE ONLY public.species_ecosystem_types
    ADD CONSTRAINT species_ecosystem_types_species_id_fkey FOREIGN KEY (species_id) REFERENCES public.species(id) ON DELETE CASCADE;


--
-- Name: species_growth_forms species_growth_forms_growth_form_id_fkey; Type: FK CONSTRAINT; Schema: public; Owner: -
--

ALTER TABLE ONLY public.species_growth_forms
    ADD CONSTRAINT species_growth_forms_growth_form_id_fkey FOREIGN KEY (growth_form_id) REFERENCES public.growth_forms(id);


--
-- Name: species_growth_forms species_growth_forms_species_id_fkey; Type: FK CONSTRAINT; Schema: public; Owner: -
--

ALTER TABLE ONLY public.species_growth_forms
    ADD CONSTRAINT species_growth_forms_species_id_fkey FOREIGN KEY (species_id) REFERENCES public.species(id) ON DELETE CASCADE;


--
-- Name: species species_modified_by_fkey; Type: FK CONSTRAINT; Schema: public; Owner: -
--

ALTER TABLE ONLY public.species
    ADD CONSTRAINT species_modified_by_fkey FOREIGN KEY (modified_by) REFERENCES public.users(id);


--
-- Name: species species_organization_id_fkey; Type: FK CONSTRAINT; Schema: public; Owner: -
--

ALTER TABLE ONLY public.species
    ADD CONSTRAINT species_organization_id_fkey FOREIGN KEY (organization_id) REFERENCES public.organizations(id) ON DELETE CASCADE;


--
-- Name: species_plant_material_sourcing_methods species_plant_material_sourci_plant_material_sourcing_meth_fkey; Type: FK CONSTRAINT; Schema: public; Owner: -
--

ALTER TABLE ONLY public.species_plant_material_sourcing_methods
    ADD CONSTRAINT species_plant_material_sourci_plant_material_sourcing_meth_fkey FOREIGN KEY (plant_material_sourcing_method_id) REFERENCES public.plant_material_sourcing_methods(id);


--
-- Name: species_plant_material_sourcing_methods species_plant_material_sourcing_methods_species_id_fkey; Type: FK CONSTRAINT; Schema: public; Owner: -
--

ALTER TABLE ONLY public.species_plant_material_sourcing_methods
    ADD CONSTRAINT species_plant_material_sourcing_methods_species_id_fkey FOREIGN KEY (species_id) REFERENCES public.species(id) ON DELETE CASCADE;


--
-- Name: species_problems species_problems_field_id_fkey; Type: FK CONSTRAINT; Schema: public; Owner: -
--

ALTER TABLE ONLY public.species_problems
    ADD CONSTRAINT species_problems_field_id_fkey FOREIGN KEY (field_id) REFERENCES public.species_problem_fields(id);


--
-- Name: species_problems species_problems_species_id_fkey; Type: FK CONSTRAINT; Schema: public; Owner: -
--

ALTER TABLE ONLY public.species_problems
    ADD CONSTRAINT species_problems_species_id_fkey FOREIGN KEY (species_id) REFERENCES public.species(id) ON DELETE CASCADE;


--
-- Name: species_problems species_problems_type_id_fkey; Type: FK CONSTRAINT; Schema: public; Owner: -
--

ALTER TABLE ONLY public.species_problems
    ADD CONSTRAINT species_problems_type_id_fkey FOREIGN KEY (type_id) REFERENCES public.species_problem_types(id);


--
-- Name: species species_seed_storage_behavior_id_fkey; Type: FK CONSTRAINT; Schema: public; Owner: -
--

ALTER TABLE ONLY public.species
    ADD CONSTRAINT species_seed_storage_behavior_id_fkey FOREIGN KEY (seed_storage_behavior_id) REFERENCES public.seed_storage_behaviors(id);


--
-- Name: species_successional_groups species_successional_groups_species_id_fkey; Type: FK CONSTRAINT; Schema: public; Owner: -
--

ALTER TABLE ONLY public.species_successional_groups
    ADD CONSTRAINT species_successional_groups_species_id_fkey FOREIGN KEY (species_id) REFERENCES public.species(id) ON DELETE CASCADE;


--
-- Name: species_successional_groups species_successional_groups_successional_group_id_fkey; Type: FK CONSTRAINT; Schema: public; Owner: -
--

ALTER TABLE ONLY public.species_successional_groups
    ADD CONSTRAINT species_successional_groups_successional_group_id_fkey FOREIGN KEY (successional_group_id) REFERENCES public.successional_groups(id);


--
-- Name: species species_wood_density_level_id_fkey; Type: FK CONSTRAINT; Schema: public; Owner: -
--

ALTER TABLE ONLY public.species
    ADD CONSTRAINT species_wood_density_level_id_fkey FOREIGN KEY (wood_density_level_id) REFERENCES public.wood_density_levels(id);


--
-- Name: splat_annotations splat_annotations_created_by_fkey; Type: FK CONSTRAINT; Schema: public; Owner: -
--

ALTER TABLE ONLY public.splat_annotations
    ADD CONSTRAINT splat_annotations_created_by_fkey FOREIGN KEY (created_by) REFERENCES public.users(id);


--
-- Name: splat_annotations splat_annotations_file_id_fkey; Type: FK CONSTRAINT; Schema: public; Owner: -
--

ALTER TABLE ONLY public.splat_annotations
    ADD CONSTRAINT splat_annotations_file_id_fkey FOREIGN KEY (file_id) REFERENCES public.files(id);


--
-- Name: splat_annotations splat_annotations_modified_by_fkey; Type: FK CONSTRAINT; Schema: public; Owner: -
--

ALTER TABLE ONLY public.splat_annotations
    ADD CONSTRAINT splat_annotations_modified_by_fkey FOREIGN KEY (modified_by) REFERENCES public.users(id);


--
-- Name: splats splats_asset_status_id_fkey; Type: FK CONSTRAINT; Schema: public; Owner: -
--

ALTER TABLE ONLY public.splats
    ADD CONSTRAINT splats_asset_status_id_fkey FOREIGN KEY (asset_status_id) REFERENCES public.asset_statuses(id);


--
-- Name: splats splats_created_by_fkey; Type: FK CONSTRAINT; Schema: public; Owner: -
--

ALTER TABLE ONLY public.splats
    ADD CONSTRAINT splats_created_by_fkey FOREIGN KEY (created_by) REFERENCES public.users(id);


--
-- Name: splats splats_file_id_fkey; Type: FK CONSTRAINT; Schema: public; Owner: -
--

ALTER TABLE ONLY public.splats
    ADD CONSTRAINT splats_file_id_fkey FOREIGN KEY (file_id) REFERENCES public.files(id);


--
-- Name: spring_session_attributes spring_session_attributes_fk; Type: FK CONSTRAINT; Schema: public; Owner: -
--

ALTER TABLE ONLY public.spring_session_attributes
    ADD CONSTRAINT spring_session_attributes_fk FOREIGN KEY (session_primary_id) REFERENCES public.spring_session(primary_id) ON DELETE CASCADE;


--
-- Name: sub_locations storage_locations_created_by_fkey; Type: FK CONSTRAINT; Schema: public; Owner: -
--

ALTER TABLE ONLY public.sub_locations
    ADD CONSTRAINT storage_locations_created_by_fkey FOREIGN KEY (created_by) REFERENCES public.users(id);


--
-- Name: sub_locations storage_locations_facility_id_fkey; Type: FK CONSTRAINT; Schema: public; Owner: -
--

ALTER TABLE ONLY public.sub_locations
    ADD CONSTRAINT storage_locations_facility_id_fkey FOREIGN KEY (facility_id) REFERENCES public.facilities(id) ON DELETE CASCADE;


--
-- Name: sub_locations storage_locations_modified_by_fkey; Type: FK CONSTRAINT; Schema: public; Owner: -
--

ALTER TABLE ONLY public.sub_locations
    ADD CONSTRAINT storage_locations_modified_by_fkey FOREIGN KEY (modified_by) REFERENCES public.users(id);


--
-- Name: thumbnails thumbnail_photo_id_fkey; Type: FK CONSTRAINT; Schema: public; Owner: -
--

ALTER TABLE ONLY public.thumbnails
    ADD CONSTRAINT thumbnail_photo_id_fkey FOREIGN KEY (file_id) REFERENCES public.files(id);


--
-- Name: timeseries timeseries_created_by_fkey; Type: FK CONSTRAINT; Schema: public; Owner: -
--

ALTER TABLE ONLY public.timeseries
    ADD CONSTRAINT timeseries_created_by_fkey FOREIGN KEY (created_by) REFERENCES public.users(id);


--
-- Name: timeseries timeseries_device_id_fkey; Type: FK CONSTRAINT; Schema: public; Owner: -
--

ALTER TABLE ONLY public.timeseries
    ADD CONSTRAINT timeseries_device_id_fkey FOREIGN KEY (device_id) REFERENCES public.devices(id) ON DELETE CASCADE;


--
-- Name: timeseries timeseries_modified_by_fkey; Type: FK CONSTRAINT; Schema: public; Owner: -
--

ALTER TABLE ONLY public.timeseries
    ADD CONSTRAINT timeseries_modified_by_fkey FOREIGN KEY (modified_by) REFERENCES public.users(id);


--
-- Name: timeseries timeseries_type_id_fkey; Type: FK CONSTRAINT; Schema: public; Owner: -
--

ALTER TABLE ONLY public.timeseries
    ADD CONSTRAINT timeseries_type_id_fkey FOREIGN KEY (type_id) REFERENCES public.timeseries_types(id);


--
-- Name: timeseries_values timeseries_values_timeseries_id_fkey; Type: FK CONSTRAINT; Schema: public; Owner: -
--

ALTER TABLE ONLY public.timeseries_values
    ADD CONSTRAINT timeseries_values_timeseries_id_fkey FOREIGN KEY (timeseries_id) REFERENCES public.timeseries(id) ON DELETE CASCADE;


--
-- Name: upload_problems upload_problems_type_id_fkey; Type: FK CONSTRAINT; Schema: public; Owner: -
--

ALTER TABLE ONLY public.upload_problems
    ADD CONSTRAINT upload_problems_type_id_fkey FOREIGN KEY (type_id) REFERENCES public.upload_problem_types(id);


--
-- Name: upload_problems upload_problems_upload_id_fkey; Type: FK CONSTRAINT; Schema: public; Owner: -
--

ALTER TABLE ONLY public.upload_problems
    ADD CONSTRAINT upload_problems_upload_id_fkey FOREIGN KEY (upload_id) REFERENCES public.uploads(id) ON DELETE CASCADE;


--
-- Name: uploads uploads_created_by_fkey; Type: FK CONSTRAINT; Schema: public; Owner: -
--

ALTER TABLE ONLY public.uploads
    ADD CONSTRAINT uploads_created_by_fkey FOREIGN KEY (created_by) REFERENCES public.users(id);


--
-- Name: uploads uploads_facility_id_fkey; Type: FK CONSTRAINT; Schema: public; Owner: -
--

ALTER TABLE ONLY public.uploads
    ADD CONSTRAINT uploads_facility_id_fkey FOREIGN KEY (facility_id) REFERENCES public.facilities(id);


--
-- Name: uploads uploads_organization_id_fkey; Type: FK CONSTRAINT; Schema: public; Owner: -
--

ALTER TABLE ONLY public.uploads
    ADD CONSTRAINT uploads_organization_id_fkey FOREIGN KEY (organization_id) REFERENCES public.organizations(id);


--
-- Name: uploads uploads_status_id_fkey; Type: FK CONSTRAINT; Schema: public; Owner: -
--

ALTER TABLE ONLY public.uploads
    ADD CONSTRAINT uploads_status_id_fkey FOREIGN KEY (status_id) REFERENCES public.upload_statuses(id);


--
-- Name: uploads uploads_type_id_fkey; Type: FK CONSTRAINT; Schema: public; Owner: -
--

ALTER TABLE ONLY public.uploads
    ADD CONSTRAINT uploads_type_id_fkey FOREIGN KEY (type_id) REFERENCES public.upload_types(id);


--
-- Name: user_disclaimers user_disclaimers_disclaimer_id_fkey; Type: FK CONSTRAINT; Schema: public; Owner: -
--

ALTER TABLE ONLY public.user_disclaimers
    ADD CONSTRAINT user_disclaimers_disclaimer_id_fkey FOREIGN KEY (disclaimer_id) REFERENCES public.disclaimers(id) ON DELETE CASCADE;


--
-- Name: user_disclaimers user_disclaimers_user_id_fkey; Type: FK CONSTRAINT; Schema: public; Owner: -
--

ALTER TABLE ONLY public.user_disclaimers
    ADD CONSTRAINT user_disclaimers_user_id_fkey FOREIGN KEY (user_id) REFERENCES public.users(id) ON DELETE CASCADE;


--
-- Name: user_global_roles user_global_roles_global_role_id_fkey; Type: FK CONSTRAINT; Schema: public; Owner: -
--

ALTER TABLE ONLY public.user_global_roles
    ADD CONSTRAINT user_global_roles_global_role_id_fkey FOREIGN KEY (global_role_id) REFERENCES public.global_roles(id) ON DELETE CASCADE;


--
-- Name: user_global_roles user_global_roles_user_id_fkey; Type: FK CONSTRAINT; Schema: public; Owner: -
--

ALTER TABLE ONLY public.user_global_roles
    ADD CONSTRAINT user_global_roles_user_id_fkey FOREIGN KEY (user_id) REFERENCES public.users(id) ON DELETE CASCADE;


--
-- Name: user_preferences user_preferences_organization_id_fkey; Type: FK CONSTRAINT; Schema: public; Owner: -
--

ALTER TABLE ONLY public.user_preferences
    ADD CONSTRAINT user_preferences_organization_id_fkey FOREIGN KEY (organization_id) REFERENCES public.organizations(id) ON DELETE CASCADE;


--
-- Name: user_preferences user_preferences_user_id_fkey; Type: FK CONSTRAINT; Schema: public; Owner: -
--

ALTER TABLE ONLY public.user_preferences
    ADD CONSTRAINT user_preferences_user_id_fkey FOREIGN KEY (user_id) REFERENCES public.users(id);


--
-- Name: users users_country_code_fkey; Type: FK CONSTRAINT; Schema: public; Owner: -
--

ALTER TABLE ONLY public.users
    ADD CONSTRAINT users_country_code_fkey FOREIGN KEY (country_code) REFERENCES public.countries(code);


--
-- Name: users users_time_zone_fkey; Type: FK CONSTRAINT; Schema: public; Owner: -
--

ALTER TABLE ONLY public.users
    ADD CONSTRAINT users_time_zone_fkey FOREIGN KEY (time_zone) REFERENCES public.time_zones(time_zone) ON DELETE SET NULL;


--
-- Name: users users_user_type_id_fkey; Type: FK CONSTRAINT; Schema: public; Owner: -
--

ALTER TABLE ONLY public.users
    ADD CONSTRAINT users_user_type_id_fkey FOREIGN KEY (user_type_id) REFERENCES public.user_types(id);


--
-- Name: accession_collectors accession_collectors_accession_id_fkey; Type: FK CONSTRAINT; Schema: seedbank; Owner: -
--

ALTER TABLE ONLY seedbank.accession_collectors
    ADD CONSTRAINT accession_collectors_accession_id_fkey FOREIGN KEY (accession_id) REFERENCES seedbank.accessions(id) ON DELETE CASCADE;


--
-- Name: accession_photos accession_photo_accession_id_fkey; Type: FK CONSTRAINT; Schema: seedbank; Owner: -
--

ALTER TABLE ONLY seedbank.accession_photos
    ADD CONSTRAINT accession_photo_accession_id_fkey FOREIGN KEY (accession_id) REFERENCES seedbank.accessions(id);


--
-- Name: accession_photos accession_photos_photo_id_fkey; Type: FK CONSTRAINT; Schema: seedbank; Owner: -
--

ALTER TABLE ONLY seedbank.accession_photos
    ADD CONSTRAINT accession_photos_photo_id_fkey FOREIGN KEY (file_id) REFERENCES public.files(id);


--
-- Name: accession_quantity_history accession_quantity_history_accession_id_fkey; Type: FK CONSTRAINT; Schema: seedbank; Owner: -
--

ALTER TABLE ONLY seedbank.accession_quantity_history
    ADD CONSTRAINT accession_quantity_history_accession_id_fkey FOREIGN KEY (accession_id) REFERENCES seedbank.accessions(id) ON DELETE CASCADE;


--
-- Name: accession_quantity_history accession_quantity_history_created_by_fkey; Type: FK CONSTRAINT; Schema: seedbank; Owner: -
--

ALTER TABLE ONLY seedbank.accession_quantity_history
    ADD CONSTRAINT accession_quantity_history_created_by_fkey FOREIGN KEY (created_by) REFERENCES public.users(id);


--
-- Name: accession_quantity_history accession_quantity_history_history_type_id_fkey; Type: FK CONSTRAINT; Schema: seedbank; Owner: -
--

ALTER TABLE ONLY seedbank.accession_quantity_history
    ADD CONSTRAINT accession_quantity_history_history_type_id_fkey FOREIGN KEY (history_type_id) REFERENCES seedbank.accession_quantity_history_types(id);


--
-- Name: accession_quantity_history accession_quantity_history_remaining_units_id_fkey; Type: FK CONSTRAINT; Schema: seedbank; Owner: -
--

ALTER TABLE ONLY seedbank.accession_quantity_history
    ADD CONSTRAINT accession_quantity_history_remaining_units_id_fkey FOREIGN KEY (remaining_units_id) REFERENCES seedbank.seed_quantity_units(id);


--
-- Name: accessions accession_remaining_units_id_fkey; Type: FK CONSTRAINT; Schema: seedbank; Owner: -
--

ALTER TABLE ONLY seedbank.accessions
    ADD CONSTRAINT accession_remaining_units_id_fkey FOREIGN KEY (remaining_units_id) REFERENCES seedbank.seed_quantity_units(id);


--
-- Name: accession_state_history accession_state_history_accession_id_fkey; Type: FK CONSTRAINT; Schema: seedbank; Owner: -
--

ALTER TABLE ONLY seedbank.accession_state_history
    ADD CONSTRAINT accession_state_history_accession_id_fkey FOREIGN KEY (accession_id) REFERENCES seedbank.accessions(id) ON DELETE CASCADE;


--
-- Name: accession_state_history accession_state_history_new_state_id_fkey; Type: FK CONSTRAINT; Schema: seedbank; Owner: -
--

ALTER TABLE ONLY seedbank.accession_state_history
    ADD CONSTRAINT accession_state_history_new_state_id_fkey FOREIGN KEY (new_state_id) REFERENCES seedbank.accession_states(id);


--
-- Name: accession_state_history accession_state_history_old_state_id_fkey; Type: FK CONSTRAINT; Schema: seedbank; Owner: -
--

ALTER TABLE ONLY seedbank.accession_state_history
    ADD CONSTRAINT accession_state_history_old_state_id_fkey FOREIGN KEY (old_state_id) REFERENCES seedbank.accession_states(id);


--
-- Name: accession_state_history accession_state_history_updated_by_fkey; Type: FK CONSTRAINT; Schema: seedbank; Owner: -
--

ALTER TABLE ONLY seedbank.accession_state_history
    ADD CONSTRAINT accession_state_history_updated_by_fkey FOREIGN KEY (updated_by) REFERENCES public.users(id);


--
-- Name: accessions accession_state_id_fkey; Type: FK CONSTRAINT; Schema: seedbank; Owner: -
--

ALTER TABLE ONLY seedbank.accessions
    ADD CONSTRAINT accession_state_id_fkey FOREIGN KEY (state_id) REFERENCES seedbank.accession_states(id);


--
-- Name: accessions accession_storage_location_id_fkey; Type: FK CONSTRAINT; Schema: seedbank; Owner: -
--

ALTER TABLE ONLY seedbank.accessions
    ADD CONSTRAINT accession_storage_location_id_fkey FOREIGN KEY (sub_location_id) REFERENCES public.sub_locations(id);


--
-- Name: accessions accession_subset_weight_units_id_fkey; Type: FK CONSTRAINT; Schema: seedbank; Owner: -
--

ALTER TABLE ONLY seedbank.accessions
    ADD CONSTRAINT accession_subset_weight_units_id_fkey FOREIGN KEY (subset_weight_units_id) REFERENCES seedbank.seed_quantity_units(id);


--
-- Name: accessions accessions_collection_site_country_code_fkey; Type: FK CONSTRAINT; Schema: seedbank; Owner: -
--

ALTER TABLE ONLY seedbank.accessions
    ADD CONSTRAINT accessions_collection_site_country_code_fkey FOREIGN KEY (collection_site_country_code) REFERENCES public.countries(code);


--
-- Name: accessions accessions_collection_source_id_fkey; Type: FK CONSTRAINT; Schema: seedbank; Owner: -
--

ALTER TABLE ONLY seedbank.accessions
    ADD CONSTRAINT accessions_collection_source_id_fkey FOREIGN KEY (collection_source_id) REFERENCES seedbank.collection_sources(id);


--
-- Name: accessions accessions_created_by_fkey; Type: FK CONSTRAINT; Schema: seedbank; Owner: -
--

ALTER TABLE ONLY seedbank.accessions
    ADD CONSTRAINT accessions_created_by_fkey FOREIGN KEY (created_by) REFERENCES public.users(id);


--
-- Name: accessions accessions_data_source_id_fkey; Type: FK CONSTRAINT; Schema: seedbank; Owner: -
--

ALTER TABLE ONLY seedbank.accessions
    ADD CONSTRAINT accessions_data_source_id_fkey FOREIGN KEY (data_source_id) REFERENCES seedbank.data_sources(id);


--
-- Name: accessions accessions_est_weight_units_id_fkey; Type: FK CONSTRAINT; Schema: seedbank; Owner: -
--

ALTER TABLE ONLY seedbank.accessions
    ADD CONSTRAINT accessions_est_weight_units_id_fkey FOREIGN KEY (est_weight_units_id) REFERENCES seedbank.seed_quantity_units(id);


--
-- Name: accessions accessions_facility_id_fkey; Type: FK CONSTRAINT; Schema: seedbank; Owner: -
--

ALTER TABLE ONLY seedbank.accessions
    ADD CONSTRAINT accessions_facility_id_fkey FOREIGN KEY (facility_id) REFERENCES public.facilities(id) ON DELETE CASCADE;


--
-- Name: accessions accessions_latest_observed_units_id_fkey; Type: FK CONSTRAINT; Schema: seedbank; Owner: -
--

ALTER TABLE ONLY seedbank.accessions
    ADD CONSTRAINT accessions_latest_observed_units_id_fkey FOREIGN KEY (latest_observed_units_id) REFERENCES seedbank.seed_quantity_units(id);


--
-- Name: accessions accessions_modified_by_fkey; Type: FK CONSTRAINT; Schema: seedbank; Owner: -
--

ALTER TABLE ONLY seedbank.accessions
    ADD CONSTRAINT accessions_modified_by_fkey FOREIGN KEY (modified_by) REFERENCES public.users(id);


--
-- Name: accessions accessions_project_id_fkey; Type: FK CONSTRAINT; Schema: seedbank; Owner: -
--

ALTER TABLE ONLY seedbank.accessions
    ADD CONSTRAINT accessions_project_id_fkey FOREIGN KEY (project_id) REFERENCES public.projects(id) ON DELETE SET NULL;


--
-- Name: accessions accessions_species_id_fkey; Type: FK CONSTRAINT; Schema: seedbank; Owner: -
--

ALTER TABLE ONLY seedbank.accessions
    ADD CONSTRAINT accessions_species_id_fkey FOREIGN KEY (species_id) REFERENCES public.species(id);


--
-- Name: accessions accessions_total_withdrawn_weight_units_id_fkey; Type: FK CONSTRAINT; Schema: seedbank; Owner: -
--

ALTER TABLE ONLY seedbank.accessions
    ADD CONSTRAINT accessions_total_withdrawn_weight_units_id_fkey FOREIGN KEY (total_withdrawn_weight_units_id) REFERENCES seedbank.seed_quantity_units(id);


--
-- Name: bags bags_accession_id_fkey; Type: FK CONSTRAINT; Schema: seedbank; Owner: -
--

ALTER TABLE ONLY seedbank.bags
    ADD CONSTRAINT bags_accession_id_fkey FOREIGN KEY (accession_id) REFERENCES seedbank.accessions(id) ON DELETE CASCADE;


--
-- Name: geolocations geolocations_accession_id_fkey; Type: FK CONSTRAINT; Schema: seedbank; Owner: -
--

ALTER TABLE ONLY seedbank.geolocations
    ADD CONSTRAINT geolocations_accession_id_fkey FOREIGN KEY (accession_id) REFERENCES seedbank.accessions(id) ON DELETE CASCADE;


--
-- Name: viability_tests germination_test_seed_type_id_fkey; Type: FK CONSTRAINT; Schema: seedbank; Owner: -
--

ALTER TABLE ONLY seedbank.viability_tests
    ADD CONSTRAINT germination_test_seed_type_id_fkey FOREIGN KEY (seed_type_id) REFERENCES seedbank.viability_test_seed_types(id);


--
-- Name: viability_tests germination_test_substrate_id_fkey; Type: FK CONSTRAINT; Schema: seedbank; Owner: -
--

ALTER TABLE ONLY seedbank.viability_tests
    ADD CONSTRAINT germination_test_substrate_id_fkey FOREIGN KEY (substrate_id) REFERENCES seedbank.viability_test_substrates(id);


--
-- Name: viability_tests germination_test_test_type_fkey; Type: FK CONSTRAINT; Schema: seedbank; Owner: -
--

ALTER TABLE ONLY seedbank.viability_tests
    ADD CONSTRAINT germination_test_test_type_fkey FOREIGN KEY (test_type) REFERENCES seedbank.viability_test_types(id);


--
-- Name: viability_tests germination_test_treatment_id_fkey; Type: FK CONSTRAINT; Schema: seedbank; Owner: -
--

ALTER TABLE ONLY seedbank.viability_tests
    ADD CONSTRAINT germination_test_treatment_id_fkey FOREIGN KEY (treatment_id) REFERENCES public.seed_treatments(id);


--
-- Name: viability_test_results viability_test_results_test_id_fkey; Type: FK CONSTRAINT; Schema: seedbank; Owner: -
--

ALTER TABLE ONLY seedbank.viability_test_results
    ADD CONSTRAINT viability_test_results_test_id_fkey FOREIGN KEY (test_id) REFERENCES seedbank.viability_tests(id) ON DELETE CASCADE;


--
-- Name: viability_tests viability_tests_accession_id_fkey; Type: FK CONSTRAINT; Schema: seedbank; Owner: -
--

ALTER TABLE ONLY seedbank.viability_tests
    ADD CONSTRAINT viability_tests_accession_id_fkey FOREIGN KEY (accession_id) REFERENCES seedbank.accessions(id) ON DELETE CASCADE;


--
-- Name: withdrawals withdrawal_purpose_id_fkey; Type: FK CONSTRAINT; Schema: seedbank; Owner: -
--

ALTER TABLE ONLY seedbank.withdrawals
    ADD CONSTRAINT withdrawal_purpose_id_fkey FOREIGN KEY (purpose_id) REFERENCES seedbank.withdrawal_purposes(id);


--
-- Name: withdrawals withdrawal_withdrawn_units_id_fkey; Type: FK CONSTRAINT; Schema: seedbank; Owner: -
--

ALTER TABLE ONLY seedbank.withdrawals
    ADD CONSTRAINT withdrawal_withdrawn_units_id_fkey FOREIGN KEY (withdrawn_units_id) REFERENCES seedbank.seed_quantity_units(id);


--
-- Name: withdrawals withdrawals_accession_id_fkey; Type: FK CONSTRAINT; Schema: seedbank; Owner: -
--

ALTER TABLE ONLY seedbank.withdrawals
    ADD CONSTRAINT withdrawals_accession_id_fkey FOREIGN KEY (accession_id) REFERENCES seedbank.accessions(id) ON DELETE CASCADE;


--
-- Name: withdrawals withdrawals_batch_id_fkey; Type: FK CONSTRAINT; Schema: seedbank; Owner: -
--

ALTER TABLE ONLY seedbank.withdrawals
    ADD CONSTRAINT withdrawals_batch_id_fkey FOREIGN KEY (batch_id) REFERENCES nursery.batches(id) ON DELETE SET NULL;


--
-- Name: withdrawals withdrawals_created_by_fkey; Type: FK CONSTRAINT; Schema: seedbank; Owner: -
--

ALTER TABLE ONLY seedbank.withdrawals
    ADD CONSTRAINT withdrawals_created_by_fkey FOREIGN KEY (created_by) REFERENCES public.users(id);


--
-- Name: withdrawals withdrawals_estimated_weight_units_id_fkey; Type: FK CONSTRAINT; Schema: seedbank; Owner: -
--

ALTER TABLE ONLY seedbank.withdrawals
    ADD CONSTRAINT withdrawals_estimated_weight_units_id_fkey FOREIGN KEY (estimated_weight_units_id) REFERENCES seedbank.seed_quantity_units(id);


--
-- Name: withdrawals withdrawals_viability_test_id_fkey; Type: FK CONSTRAINT; Schema: seedbank; Owner: -
--

ALTER TABLE ONLY seedbank.withdrawals
    ADD CONSTRAINT withdrawals_viability_test_id_fkey FOREIGN KEY (viability_test_id) REFERENCES seedbank.viability_tests(id) ON DELETE CASCADE;


--
-- Name: withdrawals withdrawals_withdrawn_by_fkey; Type: FK CONSTRAINT; Schema: seedbank; Owner: -
--

ALTER TABLE ONLY seedbank.withdrawals
    ADD CONSTRAINT withdrawals_withdrawn_by_fkey FOREIGN KEY (withdrawn_by) REFERENCES public.users(id);


--
-- Name: deliveries deliveries_created_by_fkey; Type: FK CONSTRAINT; Schema: tracking; Owner: -
--

ALTER TABLE ONLY tracking.deliveries
    ADD CONSTRAINT deliveries_created_by_fkey FOREIGN KEY (created_by) REFERENCES public.users(id);


--
-- Name: deliveries deliveries_modified_by_fkey; Type: FK CONSTRAINT; Schema: tracking; Owner: -
--

ALTER TABLE ONLY tracking.deliveries
    ADD CONSTRAINT deliveries_modified_by_fkey FOREIGN KEY (modified_by) REFERENCES public.users(id);


--
-- Name: deliveries deliveries_planting_site_id_fkey; Type: FK CONSTRAINT; Schema: tracking; Owner: -
--

ALTER TABLE ONLY tracking.deliveries
    ADD CONSTRAINT deliveries_planting_site_id_fkey FOREIGN KEY (planting_site_id) REFERENCES tracking.planting_sites(id) ON DELETE CASCADE;


--
-- Name: deliveries deliveries_reassigned_by_fkey; Type: FK CONSTRAINT; Schema: tracking; Owner: -
--

ALTER TABLE ONLY tracking.deliveries
    ADD CONSTRAINT deliveries_reassigned_by_fkey FOREIGN KEY (reassigned_by) REFERENCES public.users(id);


--
-- Name: deliveries deliveries_withdrawal_id_fkey; Type: FK CONSTRAINT; Schema: tracking; Owner: -
--

ALTER TABLE ONLY tracking.deliveries
    ADD CONSTRAINT deliveries_withdrawal_id_fkey FOREIGN KEY (withdrawal_id) REFERENCES nursery.withdrawals(id) ON DELETE CASCADE;


--
-- Name: draft_planting_sites draft_planting_sites_created_by_fkey; Type: FK CONSTRAINT; Schema: tracking; Owner: -
--

ALTER TABLE ONLY tracking.draft_planting_sites
    ADD CONSTRAINT draft_planting_sites_created_by_fkey FOREIGN KEY (created_by) REFERENCES public.users(id);


--
-- Name: draft_planting_sites draft_planting_sites_modified_by_fkey; Type: FK CONSTRAINT; Schema: tracking; Owner: -
--

ALTER TABLE ONLY tracking.draft_planting_sites
    ADD CONSTRAINT draft_planting_sites_modified_by_fkey FOREIGN KEY (modified_by) REFERENCES public.users(id);


--
-- Name: draft_planting_sites draft_planting_sites_organization_id_fkey; Type: FK CONSTRAINT; Schema: tracking; Owner: -
--

ALTER TABLE ONLY tracking.draft_planting_sites
    ADD CONSTRAINT draft_planting_sites_organization_id_fkey FOREIGN KEY (organization_id) REFERENCES public.organizations(id) ON DELETE CASCADE;


--
-- Name: draft_planting_sites draft_planting_sites_organization_id_project_id_fkey; Type: FK CONSTRAINT; Schema: tracking; Owner: -
--

ALTER TABLE ONLY tracking.draft_planting_sites
    ADD CONSTRAINT draft_planting_sites_organization_id_project_id_fkey FOREIGN KEY (organization_id, project_id) REFERENCES public.projects(organization_id, id);


--
-- Name: draft_planting_sites draft_planting_sites_project_id_fkey; Type: FK CONSTRAINT; Schema: tracking; Owner: -
--

ALTER TABLE ONLY tracking.draft_planting_sites
    ADD CONSTRAINT draft_planting_sites_project_id_fkey FOREIGN KEY (project_id) REFERENCES public.projects(id) ON DELETE SET NULL;


--
-- Name: draft_planting_sites draft_planting_sites_time_zone_fkey; Type: FK CONSTRAINT; Schema: tracking; Owner: -
--

ALTER TABLE ONLY tracking.draft_planting_sites
    ADD CONSTRAINT draft_planting_sites_time_zone_fkey FOREIGN KEY (time_zone) REFERENCES public.time_zones(time_zone);


--
-- Name: monitoring_plot_histories monitoring_plot_histories_created_by_fkey; Type: FK CONSTRAINT; Schema: tracking; Owner: -
--

ALTER TABLE ONLY tracking.monitoring_plot_histories
    ADD CONSTRAINT monitoring_plot_histories_created_by_fkey FOREIGN KEY (created_by) REFERENCES public.users(id);


--
-- Name: monitoring_plot_histories monitoring_plot_histories_monitoring_plot_id_fkey; Type: FK CONSTRAINT; Schema: tracking; Owner: -
--

ALTER TABLE ONLY tracking.monitoring_plot_histories
    ADD CONSTRAINT monitoring_plot_histories_monitoring_plot_id_fkey FOREIGN KEY (monitoring_plot_id) REFERENCES tracking.monitoring_plots(id) ON DELETE CASCADE;


--
-- Name: monitoring_plot_histories monitoring_plot_histories_planting_site_history_id_fkey; Type: FK CONSTRAINT; Schema: tracking; Owner: -
--

ALTER TABLE ONLY tracking.monitoring_plot_histories
    ADD CONSTRAINT monitoring_plot_histories_planting_site_history_id_fkey FOREIGN KEY (planting_site_history_id) REFERENCES tracking.planting_site_histories(id) ON DELETE CASCADE DEFERRABLE;


--
-- Name: monitoring_plot_histories monitoring_plot_histories_planting_site_id_fkey; Type: FK CONSTRAINT; Schema: tracking; Owner: -
--

ALTER TABLE ONLY tracking.monitoring_plot_histories
    ADD CONSTRAINT monitoring_plot_histories_planting_site_id_fkey FOREIGN KEY (planting_site_id) REFERENCES tracking.planting_sites(id) ON DELETE CASCADE;


--
-- Name: monitoring_plot_histories monitoring_plot_histories_substratum_history_id_fkey; Type: FK CONSTRAINT; Schema: tracking; Owner: -
--

ALTER TABLE ONLY tracking.monitoring_plot_histories
    ADD CONSTRAINT monitoring_plot_histories_substratum_history_id_fkey FOREIGN KEY (substratum_history_id) REFERENCES tracking.substratum_histories(id) ON DELETE CASCADE DEFERRABLE;


--
-- Name: monitoring_plot_histories monitoring_plot_histories_substratum_id_fkey; Type: FK CONSTRAINT; Schema: tracking; Owner: -
--

ALTER TABLE ONLY tracking.monitoring_plot_histories
    ADD CONSTRAINT monitoring_plot_histories_substratum_id_fkey FOREIGN KEY (substratum_id) REFERENCES tracking.substrata(id) ON DELETE SET NULL;


--
-- Name: monitoring_plot_overlaps monitoring_plot_overlaps_monitoring_plot_id_fkey; Type: FK CONSTRAINT; Schema: tracking; Owner: -
--

ALTER TABLE ONLY tracking.monitoring_plot_overlaps
    ADD CONSTRAINT monitoring_plot_overlaps_monitoring_plot_id_fkey FOREIGN KEY (monitoring_plot_id) REFERENCES tracking.monitoring_plots(id) ON DELETE CASCADE;


--
-- Name: monitoring_plot_overlaps monitoring_plot_overlaps_overlaps_plot_id_fkey; Type: FK CONSTRAINT; Schema: tracking; Owner: -
--

ALTER TABLE ONLY tracking.monitoring_plot_overlaps
    ADD CONSTRAINT monitoring_plot_overlaps_overlaps_plot_id_fkey FOREIGN KEY (overlaps_plot_id) REFERENCES tracking.monitoring_plots(id) ON DELETE CASCADE;


--
-- Name: monitoring_plots monitoring_plots_created_by_fkey; Type: FK CONSTRAINT; Schema: tracking; Owner: -
--

ALTER TABLE ONLY tracking.monitoring_plots
    ADD CONSTRAINT monitoring_plots_created_by_fkey FOREIGN KEY (created_by) REFERENCES public.users(id);


--
-- Name: monitoring_plots monitoring_plots_modified_by_fkey; Type: FK CONSTRAINT; Schema: tracking; Owner: -
--

ALTER TABLE ONLY tracking.monitoring_plots
    ADD CONSTRAINT monitoring_plots_modified_by_fkey FOREIGN KEY (modified_by) REFERENCES public.users(id);


--
-- Name: monitoring_plots monitoring_plots_organization_id_fkey; Type: FK CONSTRAINT; Schema: tracking; Owner: -
--

ALTER TABLE ONLY tracking.monitoring_plots
    ADD CONSTRAINT monitoring_plots_organization_id_fkey FOREIGN KEY (organization_id) REFERENCES public.organizations(id) ON DELETE CASCADE;


--
-- Name: monitoring_plots monitoring_plots_planting_site_id_fkey; Type: FK CONSTRAINT; Schema: tracking; Owner: -
--

ALTER TABLE ONLY tracking.monitoring_plots
    ADD CONSTRAINT monitoring_plots_planting_site_id_fkey FOREIGN KEY (planting_site_id) REFERENCES tracking.planting_sites(id) ON DELETE CASCADE;


--
-- Name: monitoring_plots monitoring_plots_substratum_id_fkey; Type: FK CONSTRAINT; Schema: tracking; Owner: -
--

ALTER TABLE ONLY tracking.monitoring_plots
    ADD CONSTRAINT monitoring_plots_substratum_id_fkey FOREIGN KEY (substratum_id) REFERENCES tracking.substrata(id) ON DELETE SET NULL;


--
-- Name: observation_biomass_details observation_biomass_details_forest_type_id_fkey; Type: FK CONSTRAINT; Schema: tracking; Owner: -
--

ALTER TABLE ONLY tracking.observation_biomass_details
    ADD CONSTRAINT observation_biomass_details_forest_type_id_fkey FOREIGN KEY (forest_type_id) REFERENCES tracking.biomass_forest_types(id);


--
-- Name: observation_biomass_details observation_biomass_details_monitoring_plot_id_fkey; Type: FK CONSTRAINT; Schema: tracking; Owner: -
--

ALTER TABLE ONLY tracking.observation_biomass_details
    ADD CONSTRAINT observation_biomass_details_monitoring_plot_id_fkey FOREIGN KEY (monitoring_plot_id) REFERENCES tracking.monitoring_plots(id) ON DELETE CASCADE;


--
-- Name: observation_biomass_details observation_biomass_details_observation_id_fkey; Type: FK CONSTRAINT; Schema: tracking; Owner: -
--

ALTER TABLE ONLY tracking.observation_biomass_details
    ADD CONSTRAINT observation_biomass_details_observation_id_fkey FOREIGN KEY (observation_id) REFERENCES tracking.observations(id) ON DELETE CASCADE;


--
-- Name: observation_biomass_details observation_biomass_details_observation_id_monitoring_plot_fkey; Type: FK CONSTRAINT; Schema: tracking; Owner: -
--

ALTER TABLE ONLY tracking.observation_biomass_details
    ADD CONSTRAINT observation_biomass_details_observation_id_monitoring_plot_fkey FOREIGN KEY (observation_id, monitoring_plot_id) REFERENCES tracking.observation_plots(observation_id, monitoring_plot_id);


--
-- Name: observation_biomass_details observation_biomass_details_tide_id_fkey; Type: FK CONSTRAINT; Schema: tracking; Owner: -
--

ALTER TABLE ONLY tracking.observation_biomass_details
    ADD CONSTRAINT observation_biomass_details_tide_id_fkey FOREIGN KEY (tide_id) REFERENCES tracking.mangrove_tides(id);


--
-- Name: observation_biomass_quadrat_details observation_biomass_quadrat_d_observation_id_monitoring_pl_fkey; Type: FK CONSTRAINT; Schema: tracking; Owner: -
--

ALTER TABLE ONLY tracking.observation_biomass_quadrat_details
    ADD CONSTRAINT observation_biomass_quadrat_d_observation_id_monitoring_pl_fkey FOREIGN KEY (observation_id, monitoring_plot_id) REFERENCES tracking.observation_biomass_details(observation_id, monitoring_plot_id) ON DELETE CASCADE;


--
-- Name: observation_biomass_quadrat_details observation_biomass_quadrat_details_monitoring_plot_id_fkey; Type: FK CONSTRAINT; Schema: tracking; Owner: -
--

ALTER TABLE ONLY tracking.observation_biomass_quadrat_details
    ADD CONSTRAINT observation_biomass_quadrat_details_monitoring_plot_id_fkey FOREIGN KEY (monitoring_plot_id) REFERENCES tracking.monitoring_plots(id) ON DELETE CASCADE;


--
-- Name: observation_biomass_quadrat_details observation_biomass_quadrat_details_observation_id_fkey; Type: FK CONSTRAINT; Schema: tracking; Owner: -
--

ALTER TABLE ONLY tracking.observation_biomass_quadrat_details
    ADD CONSTRAINT observation_biomass_quadrat_details_observation_id_fkey FOREIGN KEY (observation_id) REFERENCES tracking.observations(id) ON DELETE CASCADE;


--
-- Name: observation_biomass_quadrat_details observation_biomass_quadrat_details_position_id_fkey; Type: FK CONSTRAINT; Schema: tracking; Owner: -
--

ALTER TABLE ONLY tracking.observation_biomass_quadrat_details
    ADD CONSTRAINT observation_biomass_quadrat_details_position_id_fkey FOREIGN KEY (position_id) REFERENCES tracking.observation_plot_positions(id);


--
-- Name: observation_biomass_quadrat_species observation_biomass_quadrat_s_observation_id_monitoring_pl_fkey; Type: FK CONSTRAINT; Schema: tracking; Owner: -
--

ALTER TABLE ONLY tracking.observation_biomass_quadrat_species
    ADD CONSTRAINT observation_biomass_quadrat_s_observation_id_monitoring_pl_fkey FOREIGN KEY (observation_id, monitoring_plot_id, biomass_species_id) REFERENCES tracking.observation_biomass_species(observation_id, monitoring_plot_id, id) ON DELETE CASCADE;


--
-- Name: observation_biomass_quadrat_species observation_biomass_quadrat_species_biomass_species_id_fkey; Type: FK CONSTRAINT; Schema: tracking; Owner: -
--

ALTER TABLE ONLY tracking.observation_biomass_quadrat_species
    ADD CONSTRAINT observation_biomass_quadrat_species_biomass_species_id_fkey FOREIGN KEY (biomass_species_id) REFERENCES tracking.observation_biomass_species(id) ON DELETE CASCADE;


--
-- Name: observation_biomass_quadrat_species observation_biomass_quadrat_species_monitoring_plot_id_fkey; Type: FK CONSTRAINT; Schema: tracking; Owner: -
--

ALTER TABLE ONLY tracking.observation_biomass_quadrat_species
    ADD CONSTRAINT observation_biomass_quadrat_species_monitoring_plot_id_fkey FOREIGN KEY (monitoring_plot_id) REFERENCES tracking.monitoring_plots(id) ON DELETE CASCADE;


--
-- Name: observation_biomass_quadrat_species observation_biomass_quadrat_species_observation_id_fkey; Type: FK CONSTRAINT; Schema: tracking; Owner: -
--

ALTER TABLE ONLY tracking.observation_biomass_quadrat_species
    ADD CONSTRAINT observation_biomass_quadrat_species_observation_id_fkey FOREIGN KEY (observation_id) REFERENCES tracking.observations(id) ON DELETE CASCADE;


--
-- Name: observation_biomass_quadrat_species observation_biomass_quadrat_species_position_id_fkey; Type: FK CONSTRAINT; Schema: tracking; Owner: -
--

ALTER TABLE ONLY tracking.observation_biomass_quadrat_species
    ADD CONSTRAINT observation_biomass_quadrat_species_position_id_fkey FOREIGN KEY (position_id) REFERENCES tracking.observation_plot_positions(id);


--
-- Name: observation_biomass_species observation_biomass_species_monitoring_plot_id_fkey; Type: FK CONSTRAINT; Schema: tracking; Owner: -
--

ALTER TABLE ONLY tracking.observation_biomass_species
    ADD CONSTRAINT observation_biomass_species_monitoring_plot_id_fkey FOREIGN KEY (monitoring_plot_id) REFERENCES tracking.monitoring_plots(id) ON DELETE CASCADE;


--
-- Name: observation_biomass_species observation_biomass_species_observation_id_fkey; Type: FK CONSTRAINT; Schema: tracking; Owner: -
--

ALTER TABLE ONLY tracking.observation_biomass_species
    ADD CONSTRAINT observation_biomass_species_observation_id_fkey FOREIGN KEY (observation_id) REFERENCES tracking.observations(id) ON DELETE CASCADE;


--
-- Name: observation_biomass_species observation_biomass_species_observation_id_monitoring_plot_fkey; Type: FK CONSTRAINT; Schema: tracking; Owner: -
--

ALTER TABLE ONLY tracking.observation_biomass_species
    ADD CONSTRAINT observation_biomass_species_observation_id_monitoring_plot_fkey FOREIGN KEY (observation_id, monitoring_plot_id) REFERENCES tracking.observation_biomass_details(observation_id, monitoring_plot_id) ON DELETE CASCADE;


--
-- Name: observation_biomass_species observation_biomass_species_species_id_fkey; Type: FK CONSTRAINT; Schema: tracking; Owner: -
--

ALTER TABLE ONLY tracking.observation_biomass_species
    ADD CONSTRAINT observation_biomass_species_species_id_fkey FOREIGN KEY (species_id) REFERENCES public.species(id);


--
-- Name: observation_media_files observation_photos_file_id_fkey; Type: FK CONSTRAINT; Schema: tracking; Owner: -
--

ALTER TABLE ONLY tracking.observation_media_files
    ADD CONSTRAINT observation_photos_file_id_fkey FOREIGN KEY (file_id) REFERENCES public.files(id) ON DELETE CASCADE;


--
-- Name: observation_media_files observation_photos_monitoring_plot_id_fkey; Type: FK CONSTRAINT; Schema: tracking; Owner: -
--

ALTER TABLE ONLY tracking.observation_media_files
    ADD CONSTRAINT observation_photos_monitoring_plot_id_fkey FOREIGN KEY (monitoring_plot_id) REFERENCES tracking.monitoring_plots(id);


--
-- Name: observation_media_files observation_photos_observation_id_fkey; Type: FK CONSTRAINT; Schema: tracking; Owner: -
--

ALTER TABLE ONLY tracking.observation_media_files
    ADD CONSTRAINT observation_photos_observation_id_fkey FOREIGN KEY (observation_id) REFERENCES tracking.observations(id);


--
-- Name: observation_media_files observation_photos_observation_id_monitoring_plot_id_fkey; Type: FK CONSTRAINT; Schema: tracking; Owner: -
--

ALTER TABLE ONLY tracking.observation_media_files
    ADD CONSTRAINT observation_photos_observation_id_monitoring_plot_id_fkey FOREIGN KEY (observation_id, monitoring_plot_id) REFERENCES tracking.observation_plots(observation_id, monitoring_plot_id);


--
-- Name: observation_media_files observation_photos_position_id_fkey; Type: FK CONSTRAINT; Schema: tracking; Owner: -
--

ALTER TABLE ONLY tracking.observation_media_files
    ADD CONSTRAINT observation_photos_position_id_fkey FOREIGN KEY (position_id) REFERENCES tracking.observation_plot_positions(id);


--
-- Name: observation_media_files observation_photos_type_id_fkey; Type: FK CONSTRAINT; Schema: tracking; Owner: -
--

ALTER TABLE ONLY tracking.observation_media_files
    ADD CONSTRAINT observation_photos_type_id_fkey FOREIGN KEY (type_id) REFERENCES tracking.observation_media_types(id);


--
-- Name: observation_plot_conditions observation_plot_conditions_condition_id_fkey; Type: FK CONSTRAINT; Schema: tracking; Owner: -
--

ALTER TABLE ONLY tracking.observation_plot_conditions
    ADD CONSTRAINT observation_plot_conditions_condition_id_fkey FOREIGN KEY (condition_id) REFERENCES tracking.observable_conditions(id);


--
-- Name: observation_plot_conditions observation_plot_conditions_monitoring_plot_id_fkey; Type: FK CONSTRAINT; Schema: tracking; Owner: -
--

ALTER TABLE ONLY tracking.observation_plot_conditions
    ADD CONSTRAINT observation_plot_conditions_monitoring_plot_id_fkey FOREIGN KEY (monitoring_plot_id) REFERENCES tracking.monitoring_plots(id) ON DELETE CASCADE;


--
-- Name: observation_plot_conditions observation_plot_conditions_observation_id_fkey; Type: FK CONSTRAINT; Schema: tracking; Owner: -
--

ALTER TABLE ONLY tracking.observation_plot_conditions
    ADD CONSTRAINT observation_plot_conditions_observation_id_fkey FOREIGN KEY (observation_id) REFERENCES tracking.observations(id) ON DELETE CASCADE;


--
-- Name: observation_plots observation_plots_claimed_by_fkey; Type: FK CONSTRAINT; Schema: tracking; Owner: -
--

ALTER TABLE ONLY tracking.observation_plots
    ADD CONSTRAINT observation_plots_claimed_by_fkey FOREIGN KEY (claimed_by) REFERENCES public.users(id);


--
-- Name: observation_plots observation_plots_completed_by_fkey; Type: FK CONSTRAINT; Schema: tracking; Owner: -
--

ALTER TABLE ONLY tracking.observation_plots
    ADD CONSTRAINT observation_plots_completed_by_fkey FOREIGN KEY (completed_by) REFERENCES public.users(id);


--
-- Name: observation_plots observation_plots_created_by_fkey; Type: FK CONSTRAINT; Schema: tracking; Owner: -
--

ALTER TABLE ONLY tracking.observation_plots
    ADD CONSTRAINT observation_plots_created_by_fkey FOREIGN KEY (created_by) REFERENCES public.users(id);


--
-- Name: observation_plots observation_plots_modified_by_fkey; Type: FK CONSTRAINT; Schema: tracking; Owner: -
--

ALTER TABLE ONLY tracking.observation_plots
    ADD CONSTRAINT observation_plots_modified_by_fkey FOREIGN KEY (modified_by) REFERENCES public.users(id);


--
-- Name: observation_plots observation_plots_monitoring_plot_history_id_fkey; Type: FK CONSTRAINT; Schema: tracking; Owner: -
--

ALTER TABLE ONLY tracking.observation_plots
    ADD CONSTRAINT observation_plots_monitoring_plot_history_id_fkey FOREIGN KEY (monitoring_plot_history_id) REFERENCES tracking.monitoring_plot_histories(id) ON DELETE CASCADE;


--
-- Name: observation_plots observation_plots_monitoring_plot_id_fkey; Type: FK CONSTRAINT; Schema: tracking; Owner: -
--

ALTER TABLE ONLY tracking.observation_plots
    ADD CONSTRAINT observation_plots_monitoring_plot_id_fkey FOREIGN KEY (monitoring_plot_id) REFERENCES tracking.monitoring_plots(id) ON DELETE CASCADE;


--
-- Name: observation_plots observation_plots_observation_id_fkey; Type: FK CONSTRAINT; Schema: tracking; Owner: -
--

ALTER TABLE ONLY tracking.observation_plots
    ADD CONSTRAINT observation_plots_observation_id_fkey FOREIGN KEY (observation_id) REFERENCES tracking.observations(id) ON DELETE CASCADE;


--
-- Name: observation_plots observation_plots_status_id_fkey; Type: FK CONSTRAINT; Schema: tracking; Owner: -
--

ALTER TABLE ONLY tracking.observation_plots
    ADD CONSTRAINT observation_plots_status_id_fkey FOREIGN KEY (status_id) REFERENCES tracking.observation_plot_statuses(id);


--
-- Name: observation_requested_substrata observation_requested_substrata_observation_id_fkey; Type: FK CONSTRAINT; Schema: tracking; Owner: -
--

ALTER TABLE ONLY tracking.observation_requested_substrata
    ADD CONSTRAINT observation_requested_substrata_observation_id_fkey FOREIGN KEY (observation_id) REFERENCES tracking.observations(id) ON DELETE CASCADE;


--
-- Name: observation_requested_substrata observation_requested_substrata_substratum_id_fkey; Type: FK CONSTRAINT; Schema: tracking; Owner: -
--

ALTER TABLE ONLY tracking.observation_requested_substrata
    ADD CONSTRAINT observation_requested_substrata_substratum_id_fkey FOREIGN KEY (substratum_id) REFERENCES tracking.substrata(id) ON DELETE CASCADE;


--
-- Name: observations observations_observation_type_id_fkey; Type: FK CONSTRAINT; Schema: tracking; Owner: -
--

ALTER TABLE ONLY tracking.observations
    ADD CONSTRAINT observations_observation_type_id_fkey FOREIGN KEY (observation_type_id) REFERENCES tracking.observation_types(id);


--
-- Name: observations observations_planting_site_history_id_fkey; Type: FK CONSTRAINT; Schema: tracking; Owner: -
--

ALTER TABLE ONLY tracking.observations
    ADD CONSTRAINT observations_planting_site_history_id_fkey FOREIGN KEY (planting_site_history_id) REFERENCES tracking.planting_site_histories(id) ON DELETE CASCADE;


--
-- Name: observations observations_planting_site_id_fkey; Type: FK CONSTRAINT; Schema: tracking; Owner: -
--

ALTER TABLE ONLY tracking.observations
    ADD CONSTRAINT observations_planting_site_id_fkey FOREIGN KEY (planting_site_id) REFERENCES tracking.planting_sites(id) ON DELETE CASCADE;


--
-- Name: observations observations_state_id_fkey; Type: FK CONSTRAINT; Schema: tracking; Owner: -
--

ALTER TABLE ONLY tracking.observations
    ADD CONSTRAINT observations_state_id_fkey FOREIGN KEY (state_id) REFERENCES tracking.observation_states(id);


--
-- Name: observed_plot_coordinates observed_plot_coordinates_monitoring_plot_id_fkey; Type: FK CONSTRAINT; Schema: tracking; Owner: -
--

ALTER TABLE ONLY tracking.observed_plot_coordinates
    ADD CONSTRAINT observed_plot_coordinates_monitoring_plot_id_fkey FOREIGN KEY (monitoring_plot_id) REFERENCES tracking.monitoring_plots(id) ON DELETE CASCADE;


--
-- Name: observed_plot_coordinates observed_plot_coordinates_observation_id_fkey; Type: FK CONSTRAINT; Schema: tracking; Owner: -
--

ALTER TABLE ONLY tracking.observed_plot_coordinates
    ADD CONSTRAINT observed_plot_coordinates_observation_id_fkey FOREIGN KEY (observation_id) REFERENCES tracking.observations(id) ON DELETE CASCADE;


--
-- Name: observed_plot_coordinates observed_plot_coordinates_observation_id_monitoring_plot_i_fkey; Type: FK CONSTRAINT; Schema: tracking; Owner: -
--

ALTER TABLE ONLY tracking.observed_plot_coordinates
    ADD CONSTRAINT observed_plot_coordinates_observation_id_monitoring_plot_i_fkey FOREIGN KEY (observation_id, monitoring_plot_id) REFERENCES tracking.observation_plots(observation_id, monitoring_plot_id);


--
-- Name: observed_plot_coordinates observed_plot_coordinates_position_id_fkey; Type: FK CONSTRAINT; Schema: tracking; Owner: -
--

ALTER TABLE ONLY tracking.observed_plot_coordinates
    ADD CONSTRAINT observed_plot_coordinates_position_id_fkey FOREIGN KEY (position_id) REFERENCES tracking.observation_plot_positions(id);


--
-- Name: observed_plot_species_totals observed_plot_species_totals_certainty_id_fkey; Type: FK CONSTRAINT; Schema: tracking; Owner: -
--

ALTER TABLE ONLY tracking.observed_plot_species_totals
    ADD CONSTRAINT observed_plot_species_totals_certainty_id_fkey FOREIGN KEY (certainty_id) REFERENCES tracking.recorded_species_certainties(id);


--
-- Name: observed_plot_species_totals observed_plot_species_totals_monitoring_plot_id_fkey; Type: FK CONSTRAINT; Schema: tracking; Owner: -
--

ALTER TABLE ONLY tracking.observed_plot_species_totals
    ADD CONSTRAINT observed_plot_species_totals_monitoring_plot_id_fkey FOREIGN KEY (monitoring_plot_id) REFERENCES tracking.monitoring_plots(id) ON DELETE CASCADE;


--
-- Name: observed_plot_species_totals observed_plot_species_totals_observation_id_fkey; Type: FK CONSTRAINT; Schema: tracking; Owner: -
--

ALTER TABLE ONLY tracking.observed_plot_species_totals
    ADD CONSTRAINT observed_plot_species_totals_observation_id_fkey FOREIGN KEY (observation_id) REFERENCES tracking.observations(id) ON DELETE CASCADE;


--
-- Name: observed_plot_species_totals observed_plot_species_totals_species_id_fkey; Type: FK CONSTRAINT; Schema: tracking; Owner: -
--

ALTER TABLE ONLY tracking.observed_plot_species_totals
    ADD CONSTRAINT observed_plot_species_totals_species_id_fkey FOREIGN KEY (species_id) REFERENCES public.species(id);


--
-- Name: observed_site_species_totals observed_site_species_totals_certainty_id_fkey; Type: FK CONSTRAINT; Schema: tracking; Owner: -
--

ALTER TABLE ONLY tracking.observed_site_species_totals
    ADD CONSTRAINT observed_site_species_totals_certainty_id_fkey FOREIGN KEY (certainty_id) REFERENCES tracking.recorded_species_certainties(id);


--
-- Name: observed_site_species_totals observed_site_species_totals_observation_id_fkey; Type: FK CONSTRAINT; Schema: tracking; Owner: -
--

ALTER TABLE ONLY tracking.observed_site_species_totals
    ADD CONSTRAINT observed_site_species_totals_observation_id_fkey FOREIGN KEY (observation_id) REFERENCES tracking.observations(id) ON DELETE CASCADE;


--
-- Name: observed_site_species_totals observed_site_species_totals_planting_site_id_fkey; Type: FK CONSTRAINT; Schema: tracking; Owner: -
--

ALTER TABLE ONLY tracking.observed_site_species_totals
    ADD CONSTRAINT observed_site_species_totals_planting_site_id_fkey FOREIGN KEY (planting_site_id) REFERENCES tracking.planting_sites(id) ON DELETE CASCADE;


--
-- Name: observed_site_species_totals observed_site_species_totals_species_id_fkey; Type: FK CONSTRAINT; Schema: tracking; Owner: -
--

ALTER TABLE ONLY tracking.observed_site_species_totals
    ADD CONSTRAINT observed_site_species_totals_species_id_fkey FOREIGN KEY (species_id) REFERENCES public.species(id);


--
-- Name: observed_stratum_species_totals observed_stratum_species_totals_certainty_id_fkey; Type: FK CONSTRAINT; Schema: tracking; Owner: -
--

ALTER TABLE ONLY tracking.observed_stratum_species_totals
    ADD CONSTRAINT observed_stratum_species_totals_certainty_id_fkey FOREIGN KEY (certainty_id) REFERENCES tracking.recorded_species_certainties(id);


--
-- Name: observed_stratum_species_totals observed_stratum_species_totals_observation_id_fkey; Type: FK CONSTRAINT; Schema: tracking; Owner: -
--

ALTER TABLE ONLY tracking.observed_stratum_species_totals
    ADD CONSTRAINT observed_stratum_species_totals_observation_id_fkey FOREIGN KEY (observation_id) REFERENCES tracking.observations(id) ON DELETE CASCADE;


--
-- Name: observed_stratum_species_totals observed_stratum_species_totals_species_id_fkey; Type: FK CONSTRAINT; Schema: tracking; Owner: -
--

ALTER TABLE ONLY tracking.observed_stratum_species_totals
    ADD CONSTRAINT observed_stratum_species_totals_species_id_fkey FOREIGN KEY (species_id) REFERENCES public.species(id);


--
-- Name: observed_stratum_species_totals observed_stratum_species_totals_stratum_id_fkey; Type: FK CONSTRAINT; Schema: tracking; Owner: -
--

ALTER TABLE ONLY tracking.observed_stratum_species_totals
    ADD CONSTRAINT observed_stratum_species_totals_stratum_id_fkey FOREIGN KEY (stratum_id) REFERENCES tracking.strata(id) ON DELETE CASCADE;


--
-- Name: observed_substratum_species_totals observed_substratum_species_totals_certainty_id_fkey; Type: FK CONSTRAINT; Schema: tracking; Owner: -
--

ALTER TABLE ONLY tracking.observed_substratum_species_totals
    ADD CONSTRAINT observed_substratum_species_totals_certainty_id_fkey FOREIGN KEY (certainty_id) REFERENCES tracking.recorded_species_certainties(id);


--
-- Name: observed_substratum_species_totals observed_substratum_species_totals_observation_id_fkey; Type: FK CONSTRAINT; Schema: tracking; Owner: -
--

ALTER TABLE ONLY tracking.observed_substratum_species_totals
    ADD CONSTRAINT observed_substratum_species_totals_observation_id_fkey FOREIGN KEY (observation_id) REFERENCES tracking.observations(id) ON DELETE CASCADE;


--
-- Name: observed_substratum_species_totals observed_substratum_species_totals_species_id_fkey; Type: FK CONSTRAINT; Schema: tracking; Owner: -
--

ALTER TABLE ONLY tracking.observed_substratum_species_totals
    ADD CONSTRAINT observed_substratum_species_totals_species_id_fkey FOREIGN KEY (species_id) REFERENCES public.species(id);


--
-- Name: observed_substratum_species_totals observed_substratum_species_totals_substratum_id_fkey; Type: FK CONSTRAINT; Schema: tracking; Owner: -
--

ALTER TABLE ONLY tracking.observed_substratum_species_totals
    ADD CONSTRAINT observed_substratum_species_totals_substratum_id_fkey FOREIGN KEY (substratum_id) REFERENCES tracking.substrata(id) ON DELETE CASCADE;


--
-- Name: planting_seasons planting_seasons_planting_site_id_fkey; Type: FK CONSTRAINT; Schema: tracking; Owner: -
--

ALTER TABLE ONLY tracking.planting_seasons
    ADD CONSTRAINT planting_seasons_planting_site_id_fkey FOREIGN KEY (planting_site_id) REFERENCES tracking.planting_sites(id) ON DELETE CASCADE;


--
-- Name: planting_site_histories planting_site_histories_created_by_fkey; Type: FK CONSTRAINT; Schema: tracking; Owner: -
--

ALTER TABLE ONLY tracking.planting_site_histories
    ADD CONSTRAINT planting_site_histories_created_by_fkey FOREIGN KEY (created_by) REFERENCES public.users(id);


--
-- Name: planting_site_histories planting_site_histories_planting_site_id_fkey; Type: FK CONSTRAINT; Schema: tracking; Owner: -
--

ALTER TABLE ONLY tracking.planting_site_histories
    ADD CONSTRAINT planting_site_histories_planting_site_id_fkey FOREIGN KEY (planting_site_id) REFERENCES tracking.planting_sites(id) ON DELETE CASCADE;


--
-- Name: planting_site_notifications planting_site_notifications_notification_type_id_fkey; Type: FK CONSTRAINT; Schema: tracking; Owner: -
--

ALTER TABLE ONLY tracking.planting_site_notifications
    ADD CONSTRAINT planting_site_notifications_notification_type_id_fkey FOREIGN KEY (notification_type_id) REFERENCES public.notification_types(id);


--
-- Name: planting_site_notifications planting_site_notifications_planting_site_id_fkey; Type: FK CONSTRAINT; Schema: tracking; Owner: -
--

ALTER TABLE ONLY tracking.planting_site_notifications
    ADD CONSTRAINT planting_site_notifications_planting_site_id_fkey FOREIGN KEY (planting_site_id) REFERENCES tracking.planting_sites(id) ON DELETE CASCADE;


--
-- Name: planting_site_populations planting_site_populations_planting_site_id_fkey; Type: FK CONSTRAINT; Schema: tracking; Owner: -
--

ALTER TABLE ONLY tracking.planting_site_populations
    ADD CONSTRAINT planting_site_populations_planting_site_id_fkey FOREIGN KEY (planting_site_id) REFERENCES tracking.planting_sites(id) ON DELETE CASCADE;


--
-- Name: planting_site_populations planting_site_populations_species_id_fkey; Type: FK CONSTRAINT; Schema: tracking; Owner: -
--

ALTER TABLE ONLY tracking.planting_site_populations
    ADD CONSTRAINT planting_site_populations_species_id_fkey FOREIGN KEY (species_id) REFERENCES public.species(id) ON DELETE CASCADE;


--
-- Name: planting_sites planting_sites_country_code_fkey; Type: FK CONSTRAINT; Schema: tracking; Owner: -
--

ALTER TABLE ONLY tracking.planting_sites
    ADD CONSTRAINT planting_sites_country_code_fkey FOREIGN KEY (country_code) REFERENCES public.countries(code) ON DELETE SET NULL;


--
-- Name: planting_sites planting_sites_created_by_fkey; Type: FK CONSTRAINT; Schema: tracking; Owner: -
--

ALTER TABLE ONLY tracking.planting_sites
    ADD CONSTRAINT planting_sites_created_by_fkey FOREIGN KEY (created_by) REFERENCES public.users(id);


--
-- Name: planting_sites planting_sites_modified_by_fkey; Type: FK CONSTRAINT; Schema: tracking; Owner: -
--

ALTER TABLE ONLY tracking.planting_sites
    ADD CONSTRAINT planting_sites_modified_by_fkey FOREIGN KEY (modified_by) REFERENCES public.users(id);


--
-- Name: planting_sites planting_sites_organization_id_fkey; Type: FK CONSTRAINT; Schema: tracking; Owner: -
--

ALTER TABLE ONLY tracking.planting_sites
    ADD CONSTRAINT planting_sites_organization_id_fkey FOREIGN KEY (organization_id) REFERENCES public.organizations(id) ON DELETE CASCADE;


--
-- Name: planting_sites planting_sites_project_id_fkey; Type: FK CONSTRAINT; Schema: tracking; Owner: -
--

ALTER TABLE ONLY tracking.planting_sites
    ADD CONSTRAINT planting_sites_project_id_fkey FOREIGN KEY (project_id) REFERENCES public.projects(id) ON DELETE SET NULL;


--
-- Name: planting_sites planting_sites_time_zone_fkey; Type: FK CONSTRAINT; Schema: tracking; Owner: -
--

ALTER TABLE ONLY tracking.planting_sites
    ADD CONSTRAINT planting_sites_time_zone_fkey FOREIGN KEY (time_zone) REFERENCES public.time_zones(time_zone) ON DELETE SET NULL;


--
-- Name: plantings plantings_created_by_fkey; Type: FK CONSTRAINT; Schema: tracking; Owner: -
--

ALTER TABLE ONLY tracking.plantings
    ADD CONSTRAINT plantings_created_by_fkey FOREIGN KEY (created_by) REFERENCES public.users(id);


--
-- Name: plantings plantings_delivery_id_fkey; Type: FK CONSTRAINT; Schema: tracking; Owner: -
--

ALTER TABLE ONLY tracking.plantings
    ADD CONSTRAINT plantings_delivery_id_fkey FOREIGN KEY (delivery_id) REFERENCES tracking.deliveries(id) ON DELETE CASCADE;


--
-- Name: plantings plantings_planting_site_id_delivery_id_fkey; Type: FK CONSTRAINT; Schema: tracking; Owner: -
--

ALTER TABLE ONLY tracking.plantings
    ADD CONSTRAINT plantings_planting_site_id_delivery_id_fkey FOREIGN KEY (planting_site_id, delivery_id) REFERENCES tracking.deliveries(planting_site_id, id);


--
-- Name: plantings plantings_planting_site_id_fkey; Type: FK CONSTRAINT; Schema: tracking; Owner: -
--

ALTER TABLE ONLY tracking.plantings
    ADD CONSTRAINT plantings_planting_site_id_fkey FOREIGN KEY (planting_site_id) REFERENCES tracking.planting_sites(id) ON DELETE CASCADE;


--
-- Name: plantings plantings_planting_site_id_substratum_id_fkey; Type: FK CONSTRAINT; Schema: tracking; Owner: -
--

ALTER TABLE ONLY tracking.plantings
    ADD CONSTRAINT plantings_planting_site_id_substratum_id_fkey FOREIGN KEY (planting_site_id, substratum_id) REFERENCES tracking.substrata(planting_site_id, id);


--
-- Name: plantings plantings_planting_type_id_fkey; Type: FK CONSTRAINT; Schema: tracking; Owner: -
--

ALTER TABLE ONLY tracking.plantings
    ADD CONSTRAINT plantings_planting_type_id_fkey FOREIGN KEY (planting_type_id) REFERENCES tracking.planting_types(id);


--
-- Name: plantings plantings_species_id_fkey; Type: FK CONSTRAINT; Schema: tracking; Owner: -
--

ALTER TABLE ONLY tracking.plantings
    ADD CONSTRAINT plantings_species_id_fkey FOREIGN KEY (species_id) REFERENCES public.species(id);


--
-- Name: plantings plantings_substratum_id_fkey; Type: FK CONSTRAINT; Schema: tracking; Owner: -
--

ALTER TABLE ONLY tracking.plantings
    ADD CONSTRAINT plantings_substratum_id_fkey FOREIGN KEY (substratum_id) REFERENCES tracking.substrata(id) ON DELETE CASCADE;


--
-- Name: plot_t0_densities plot_t0_densities_created_by_fkey; Type: FK CONSTRAINT; Schema: tracking; Owner: -
--

ALTER TABLE ONLY tracking.plot_t0_densities
    ADD CONSTRAINT plot_t0_densities_created_by_fkey FOREIGN KEY (created_by) REFERENCES public.users(id);


--
-- Name: plot_t0_densities plot_t0_densities_modified_by_fkey; Type: FK CONSTRAINT; Schema: tracking; Owner: -
--

ALTER TABLE ONLY tracking.plot_t0_densities
    ADD CONSTRAINT plot_t0_densities_modified_by_fkey FOREIGN KEY (modified_by) REFERENCES public.users(id);


--
-- Name: plot_t0_densities plot_t0_densities_monitoring_plot_id_fkey; Type: FK CONSTRAINT; Schema: tracking; Owner: -
--

ALTER TABLE ONLY tracking.plot_t0_densities
    ADD CONSTRAINT plot_t0_densities_monitoring_plot_id_fkey FOREIGN KEY (monitoring_plot_id) REFERENCES tracking.monitoring_plots(id) ON DELETE CASCADE;


--
-- Name: plot_t0_densities plot_t0_densities_species_id_fkey; Type: FK CONSTRAINT; Schema: tracking; Owner: -
--

ALTER TABLE ONLY tracking.plot_t0_densities
    ADD CONSTRAINT plot_t0_densities_species_id_fkey FOREIGN KEY (species_id) REFERENCES public.species(id) ON DELETE CASCADE;


--
-- Name: plot_t0_observations plot_t0_observations_created_by_fkey; Type: FK CONSTRAINT; Schema: tracking; Owner: -
--

ALTER TABLE ONLY tracking.plot_t0_observations
    ADD CONSTRAINT plot_t0_observations_created_by_fkey FOREIGN KEY (created_by) REFERENCES public.users(id);


--
-- Name: plot_t0_observations plot_t0_observations_modified_by_fkey; Type: FK CONSTRAINT; Schema: tracking; Owner: -
--

ALTER TABLE ONLY tracking.plot_t0_observations
    ADD CONSTRAINT plot_t0_observations_modified_by_fkey FOREIGN KEY (modified_by) REFERENCES public.users(id);


--
-- Name: plot_t0_observations plot_t0_observations_monitoring_plot_id_fkey; Type: FK CONSTRAINT; Schema: tracking; Owner: -
--

ALTER TABLE ONLY tracking.plot_t0_observations
    ADD CONSTRAINT plot_t0_observations_monitoring_plot_id_fkey FOREIGN KEY (monitoring_plot_id) REFERENCES tracking.monitoring_plots(id) ON DELETE CASCADE;


--
-- Name: plot_t0_observations plot_t0_observations_observation_id_fkey; Type: FK CONSTRAINT; Schema: tracking; Owner: -
--

ALTER TABLE ONLY tracking.plot_t0_observations
    ADD CONSTRAINT plot_t0_observations_observation_id_fkey FOREIGN KEY (observation_id) REFERENCES tracking.observations(id) ON DELETE CASCADE;


--
-- Name: plot_t0_observations plot_t0_observations_observation_id_monitoring_plot_id_fkey; Type: FK CONSTRAINT; Schema: tracking; Owner: -
--

ALTER TABLE ONLY tracking.plot_t0_observations
    ADD CONSTRAINT plot_t0_observations_observation_id_monitoring_plot_id_fkey FOREIGN KEY (observation_id, monitoring_plot_id) REFERENCES tracking.observation_plots(observation_id, monitoring_plot_id) ON DELETE CASCADE;


--
-- Name: observation_biomass_quadrat_species quadrat_species_requires_quadrat_details; Type: FK CONSTRAINT; Schema: tracking; Owner: -
--

ALTER TABLE ONLY tracking.observation_biomass_quadrat_species
    ADD CONSTRAINT quadrat_species_requires_quadrat_details FOREIGN KEY (observation_id, monitoring_plot_id, position_id) REFERENCES tracking.observation_biomass_quadrat_details(observation_id, monitoring_plot_id, position_id) ON DELETE CASCADE;


--
-- Name: recorded_plants recorded_plants_certainty_id_fkey; Type: FK CONSTRAINT; Schema: tracking; Owner: -
--

ALTER TABLE ONLY tracking.recorded_plants
    ADD CONSTRAINT recorded_plants_certainty_id_fkey FOREIGN KEY (certainty_id) REFERENCES tracking.recorded_species_certainties(id);


--
-- Name: recorded_plants recorded_plants_monitoring_plot_id_fkey; Type: FK CONSTRAINT; Schema: tracking; Owner: -
--

ALTER TABLE ONLY tracking.recorded_plants
    ADD CONSTRAINT recorded_plants_monitoring_plot_id_fkey FOREIGN KEY (monitoring_plot_id) REFERENCES tracking.monitoring_plots(id) ON DELETE CASCADE;


--
-- Name: recorded_plants recorded_plants_observation_id_fkey; Type: FK CONSTRAINT; Schema: tracking; Owner: -
--

ALTER TABLE ONLY tracking.recorded_plants
    ADD CONSTRAINT recorded_plants_observation_id_fkey FOREIGN KEY (observation_id) REFERENCES tracking.observations(id) ON DELETE CASCADE;


--
-- Name: recorded_plants recorded_plants_observation_id_monitoring_plot_id_fkey; Type: FK CONSTRAINT; Schema: tracking; Owner: -
--

ALTER TABLE ONLY tracking.recorded_plants
    ADD CONSTRAINT recorded_plants_observation_id_monitoring_plot_id_fkey FOREIGN KEY (observation_id, monitoring_plot_id) REFERENCES tracking.observation_plots(observation_id, monitoring_plot_id) ON DELETE CASCADE;


--
-- Name: recorded_plants recorded_plants_species_id_fkey; Type: FK CONSTRAINT; Schema: tracking; Owner: -
--

ALTER TABLE ONLY tracking.recorded_plants
    ADD CONSTRAINT recorded_plants_species_id_fkey FOREIGN KEY (species_id) REFERENCES public.species(id);


--
-- Name: recorded_plants recorded_plants_status_id_fkey; Type: FK CONSTRAINT; Schema: tracking; Owner: -
--

ALTER TABLE ONLY tracking.recorded_plants
    ADD CONSTRAINT recorded_plants_status_id_fkey FOREIGN KEY (status_id) REFERENCES tracking.recorded_plant_statuses(id);


--
-- Name: recorded_trees recorded_trees_biomass_species_id_fkey; Type: FK CONSTRAINT; Schema: tracking; Owner: -
--

ALTER TABLE ONLY tracking.recorded_trees
    ADD CONSTRAINT recorded_trees_biomass_species_id_fkey FOREIGN KEY (biomass_species_id) REFERENCES tracking.observation_biomass_species(id) ON DELETE CASCADE;


--
-- Name: recorded_trees recorded_trees_monitoring_plot_id_fkey; Type: FK CONSTRAINT; Schema: tracking; Owner: -
--

ALTER TABLE ONLY tracking.recorded_trees
    ADD CONSTRAINT recorded_trees_monitoring_plot_id_fkey FOREIGN KEY (monitoring_plot_id) REFERENCES tracking.monitoring_plots(id) ON DELETE CASCADE;


--
-- Name: recorded_trees recorded_trees_observation_id_fkey; Type: FK CONSTRAINT; Schema: tracking; Owner: -
--

ALTER TABLE ONLY tracking.recorded_trees
    ADD CONSTRAINT recorded_trees_observation_id_fkey FOREIGN KEY (observation_id) REFERENCES tracking.observations(id) ON DELETE CASCADE;


--
-- Name: recorded_trees recorded_trees_observation_id_monitoring_plot_id_biomass_s_fkey; Type: FK CONSTRAINT; Schema: tracking; Owner: -
--

ALTER TABLE ONLY tracking.recorded_trees
    ADD CONSTRAINT recorded_trees_observation_id_monitoring_plot_id_biomass_s_fkey FOREIGN KEY (observation_id, monitoring_plot_id, biomass_species_id) REFERENCES tracking.observation_biomass_species(observation_id, monitoring_plot_id, id) ON DELETE CASCADE;


--
-- Name: recorded_trees recorded_trees_tree_growth_form_id_fkey; Type: FK CONSTRAINT; Schema: tracking; Owner: -
--

ALTER TABLE ONLY tracking.recorded_trees
    ADD CONSTRAINT recorded_trees_tree_growth_form_id_fkey FOREIGN KEY (tree_growth_form_id) REFERENCES tracking.tree_growth_forms(id);


--
-- Name: strata strata_boundary_modified_by_fkey; Type: FK CONSTRAINT; Schema: tracking; Owner: -
--

ALTER TABLE ONLY tracking.strata
    ADD CONSTRAINT strata_boundary_modified_by_fkey FOREIGN KEY (boundary_modified_by) REFERENCES public.users(id);


--
-- Name: strata strata_created_by_fkey; Type: FK CONSTRAINT; Schema: tracking; Owner: -
--

ALTER TABLE ONLY tracking.strata
    ADD CONSTRAINT strata_created_by_fkey FOREIGN KEY (created_by) REFERENCES public.users(id);


--
-- Name: strata strata_modified_by_fkey; Type: FK CONSTRAINT; Schema: tracking; Owner: -
--

ALTER TABLE ONLY tracking.strata
    ADD CONSTRAINT strata_modified_by_fkey FOREIGN KEY (modified_by) REFERENCES public.users(id);


--
-- Name: strata strata_planting_site_id_fkey; Type: FK CONSTRAINT; Schema: tracking; Owner: -
--

ALTER TABLE ONLY tracking.strata
    ADD CONSTRAINT strata_planting_site_id_fkey FOREIGN KEY (planting_site_id) REFERENCES tracking.planting_sites(id) ON DELETE CASCADE;


--
-- Name: stratum_histories stratum_histories_planting_site_history_id_fkey; Type: FK CONSTRAINT; Schema: tracking; Owner: -
--

ALTER TABLE ONLY tracking.stratum_histories
    ADD CONSTRAINT stratum_histories_planting_site_history_id_fkey FOREIGN KEY (planting_site_history_id) REFERENCES tracking.planting_site_histories(id) ON DELETE CASCADE DEFERRABLE;


--
-- Name: stratum_histories stratum_histories_stratum_id_fkey; Type: FK CONSTRAINT; Schema: tracking; Owner: -
--

ALTER TABLE ONLY tracking.stratum_histories
    ADD CONSTRAINT stratum_histories_stratum_id_fkey FOREIGN KEY (stratum_id) REFERENCES tracking.strata(id) ON DELETE SET NULL;


--
-- Name: stratum_populations stratum_populations_species_id_fkey; Type: FK CONSTRAINT; Schema: tracking; Owner: -
--

ALTER TABLE ONLY tracking.stratum_populations
    ADD CONSTRAINT stratum_populations_species_id_fkey FOREIGN KEY (species_id) REFERENCES public.species(id) ON DELETE CASCADE;


--
-- Name: stratum_populations stratum_populations_stratum_id_fkey; Type: FK CONSTRAINT; Schema: tracking; Owner: -
--

ALTER TABLE ONLY tracking.stratum_populations
    ADD CONSTRAINT stratum_populations_stratum_id_fkey FOREIGN KEY (stratum_id) REFERENCES tracking.strata(id) ON DELETE CASCADE;


--
-- Name: stratum_t0_temp_densities stratum_t0_temp_densities_created_by_fkey; Type: FK CONSTRAINT; Schema: tracking; Owner: -
--

ALTER TABLE ONLY tracking.stratum_t0_temp_densities
    ADD CONSTRAINT stratum_t0_temp_densities_created_by_fkey FOREIGN KEY (created_by) REFERENCES public.users(id);


--
-- Name: stratum_t0_temp_densities stratum_t0_temp_densities_modified_by_fkey; Type: FK CONSTRAINT; Schema: tracking; Owner: -
--

ALTER TABLE ONLY tracking.stratum_t0_temp_densities
    ADD CONSTRAINT stratum_t0_temp_densities_modified_by_fkey FOREIGN KEY (modified_by) REFERENCES public.users(id);


--
-- Name: stratum_t0_temp_densities stratum_t0_temp_densities_species_id_fkey; Type: FK CONSTRAINT; Schema: tracking; Owner: -
--

ALTER TABLE ONLY tracking.stratum_t0_temp_densities
    ADD CONSTRAINT stratum_t0_temp_densities_species_id_fkey FOREIGN KEY (species_id) REFERENCES public.species(id) ON DELETE CASCADE;


--
-- Name: stratum_t0_temp_densities stratum_t0_temp_densities_stratum_id_fkey; Type: FK CONSTRAINT; Schema: tracking; Owner: -
--

ALTER TABLE ONLY tracking.stratum_t0_temp_densities
    ADD CONSTRAINT stratum_t0_temp_densities_stratum_id_fkey FOREIGN KEY (stratum_id) REFERENCES tracking.strata(id) ON DELETE CASCADE;


--
-- Name: substrata substrata_created_by_fkey; Type: FK CONSTRAINT; Schema: tracking; Owner: -
--

ALTER TABLE ONLY tracking.substrata
    ADD CONSTRAINT substrata_created_by_fkey FOREIGN KEY (created_by) REFERENCES public.users(id);


--
-- Name: substrata substrata_modified_by_fkey; Type: FK CONSTRAINT; Schema: tracking; Owner: -
--

ALTER TABLE ONLY tracking.substrata
    ADD CONSTRAINT substrata_modified_by_fkey FOREIGN KEY (modified_by) REFERENCES public.users(id);


--
-- Name: substrata substrata_planting_site_id_fkey; Type: FK CONSTRAINT; Schema: tracking; Owner: -
--

ALTER TABLE ONLY tracking.substrata
    ADD CONSTRAINT substrata_planting_site_id_fkey FOREIGN KEY (planting_site_id) REFERENCES tracking.planting_sites(id) ON DELETE CASCADE;


--
-- Name: substrata substrata_planting_site_id_stratum_id_fkey; Type: FK CONSTRAINT; Schema: tracking; Owner: -
--

ALTER TABLE ONLY tracking.substrata
    ADD CONSTRAINT substrata_planting_site_id_stratum_id_fkey FOREIGN KEY (planting_site_id, stratum_id) REFERENCES tracking.strata(planting_site_id, id);


--
-- Name: substrata substrata_stratum_id_fkey; Type: FK CONSTRAINT; Schema: tracking; Owner: -
--

ALTER TABLE ONLY tracking.substrata
    ADD CONSTRAINT substrata_stratum_id_fkey FOREIGN KEY (stratum_id) REFERENCES tracking.strata(id) ON DELETE CASCADE;


--
-- Name: substratum_histories substratum_histories_stratum_history_id_fkey; Type: FK CONSTRAINT; Schema: tracking; Owner: -
--

ALTER TABLE ONLY tracking.substratum_histories
    ADD CONSTRAINT substratum_histories_stratum_history_id_fkey FOREIGN KEY (stratum_history_id) REFERENCES tracking.stratum_histories(id) ON DELETE CASCADE DEFERRABLE;


--
-- Name: substratum_histories substratum_histories_substratum_id_fkey; Type: FK CONSTRAINT; Schema: tracking; Owner: -
--

ALTER TABLE ONLY tracking.substratum_histories
    ADD CONSTRAINT substratum_histories_substratum_id_fkey FOREIGN KEY (substratum_id) REFERENCES tracking.substrata(id) ON DELETE SET NULL;


--
-- Name: substratum_populations substratum_populations_species_id_fkey; Type: FK CONSTRAINT; Schema: tracking; Owner: -
--

ALTER TABLE ONLY tracking.substratum_populations
    ADD CONSTRAINT substratum_populations_species_id_fkey FOREIGN KEY (species_id) REFERENCES public.species(id) ON DELETE CASCADE;


--
-- Name: substratum_populations substratum_populations_substratum_id_fkey; Type: FK CONSTRAINT; Schema: tracking; Owner: -
--

ALTER TABLE ONLY tracking.substratum_populations
    ADD CONSTRAINT substratum_populations_substratum_id_fkey FOREIGN KEY (substratum_id) REFERENCES tracking.substrata(id) ON DELETE CASCADE;


--
-- PostgreSQL database dump complete
--

